# Blender 4.2.1 LTS
# www.blender.org
mtllib ;0.mtl
o Hendidor
v 0.161579 2.317627 0.257902
v 0.079778 1.751824 0.167318
v -0.142355 2.512266 0.334262
v -0.144443 1.820020 0.184637
v -0.234681 1.822901 0.000000
v -0.095099 2.154927 0.148742
v 0.079956 2.122566 0.191959
v 0.020937 2.462795 0.364370
v 0.260006 2.322300 0.000000
v -0.024537 1.789569 0.253148
v -0.159723 2.628003 0.000000
v 0.149233 1.739090 0.000000
v 0.033148 2.647230 0.000000
v -0.001020 2.104619 0.222205
v -0.145528 2.174651 -0.000000
v 0.126660 2.103494 0.000000
v -0.151061 2.345340 0.264488
v 0.144274 2.199359 0.222047
v -0.011761 2.292036 0.318325
v -0.198106 2.403671 -0.000000
v 0.219095 2.160939 0.000000
v -0.103683 1.978220 0.138524
v 0.070357 1.923989 0.150446
v -0.008437 1.922514 0.200988
v -0.157727 1.990058 -0.000000
v 0.113416 1.917061 0.000000
v -0.217508 1.819292 0.082638
v 0.224321 2.342911 0.137306
v -0.152448 2.582644 0.157102
v 0.136075 1.739848 0.067865
v 0.056206 2.573586 0.158753
v -0.132308 2.173222 0.069135
v 0.113843 2.109854 0.094637
v 0.204411 2.164880 0.113150
v -0.184032 2.387236 0.116215
v 0.102974 1.920643 0.073842
v -0.145464 1.990794 0.069232
v -0.208751 1.655630 0.076939
v -0.161629 1.684888 0.212889
v -0.036969 1.674490 0.296445
v 0.106385 1.637767 0.182152
v 0.137357 1.626501 0.055308
v 0.133632 1.645906 -0.000000
v -0.051702 1.628385 0.000000
v -0.048713 1.628219 0.040146
v -0.218484 1.670452 -0.000000
v 0.200981 2.622587 0.063044
v 0.184348 2.662146 0.000000
v 0.308358 2.482020 -0.000000
v 0.285198 2.500906 0.062783
v -0.176301 2.168333 0.628529
v -0.160265 2.225065 0.679877
v -0.087803 2.233188 0.705681
v -0.100424 2.181116 0.661261
v -0.191538 1.823962 0.972212
v -0.183566 1.876932 1.020738
v -0.147542 1.887722 1.047114
v -0.153816 1.844944 1.007416
v -0.199367 1.797516 1.012250
v -0.188710 1.841538 1.054160
v -0.148071 1.849661 1.075370
v -0.157570 1.814981 1.039946
v -0.227182 1.706269 1.096535
v -0.196512 1.787436 1.220749
v -0.140912 1.792065 1.260683
v -0.179635 1.733003 1.126994
v -0.208997 2.071223 0.702569
v -0.185038 2.160525 0.780505
v -0.095634 2.073853 0.740635
v -0.076778 2.167111 0.815212
v -0.185009 1.570212 1.213759
v -0.171809 1.575717 1.215988
v -0.193574 1.562154 1.192488
v -0.173984 1.572906 1.199493
v -0.205067 1.691349 1.173878
v -0.186203 1.737924 1.221872
v -0.154848 1.741210 1.232744
v -0.177483 1.699636 1.179183
v -0.195960 1.626858 1.267198
v -0.188062 1.642620 1.283142
v -0.168773 1.644735 1.285411
v -0.176087 1.630674 1.270022
v -0.178178 1.475534 1.386214
v -0.175726 1.480013 1.390807
v -0.167242 1.480829 1.391242
v -0.169268 1.476992 1.387115
v -0.159729 1.380404 1.296097
v -0.157254 1.384339 1.300677
v -0.152111 1.383183 1.297282
v -0.151738 1.385994 1.301046
v -0.148569 1.687477 1.353041
v -0.172283 1.685933 1.342243
v -0.170711 1.674457 1.332640
v -0.154667 1.675785 1.338184
v -0.148925 1.548676 1.443652
v -0.157041 1.547809 1.441497
v -0.156974 1.545292 1.439525
v -0.151098 1.545892 1.440976
v -0.195819 1.893874 0.908124
v -0.139991 1.906004 0.936889
v -0.184020 1.945163 0.954141
v -0.130704 1.952709 0.977240
v -0.075250 2.284526 0.634732
v -0.090829 2.222276 0.589427
v -0.147239 2.278089 0.607375
v -0.164008 2.214823 0.553096
v -0.051443 2.297208 0.413293
v -0.018314 2.424711 0.485194
v -0.134868 2.429438 0.448344
v -0.160248 2.312017 0.371618
v -0.168968 1.494113 0.094714
v -0.155663 1.494295 0.220523
v -0.039763 1.511598 0.307884
v 0.106506 1.486970 0.190883
v 0.108583 1.480376 0.074599
v -0.046756 1.498852 0.041233
v -0.088024 0.974287 0.141329
v -0.084547 0.976678 0.186888
v -0.020314 0.980626 0.232637
v 0.039231 0.970922 0.184571
v 0.030518 0.968531 0.132484
v -0.026184 0.975230 0.114427
v -0.072212 0.199672 0.154141
v -0.069148 0.202191 0.190824
v -0.007711 0.213482 0.215701
v 0.064803 0.209103 0.187265
v 0.052073 0.206275 0.148369
v -0.013984 0.207913 0.129030
v -0.148938 0.687743 0.223050
v -0.053403 0.691573 0.265346
v -0.059270 0.686339 0.085221
v -0.141464 0.685424 0.132827
v 0.047286 0.682161 0.204630
v 0.028088 0.679841 0.130819
v -0.075272 0.397000 0.198359
v -0.024028 0.395596 0.123112
v 0.034253 0.389098 0.146630
v -0.017945 0.400830 0.221882
v -0.075530 0.394681 0.153064
v 0.048300 0.391417 0.189644
v -0.125128 1.268134 0.212842
v -0.032436 1.278121 0.286702
v 0.066668 1.254800 0.121336
v -0.039855 1.268111 0.098433
v 0.074867 1.259551 0.201727
v -0.131768 1.265523 0.132944
v -0.093954 1.061647 0.193578
v 0.034300 1.051415 0.134230
v -0.098517 1.058644 0.141620
v -0.023831 1.066606 0.246666
v -0.030243 1.059828 0.114472
v 0.043136 1.054418 0.191426
v -0.036322 0.893132 0.245530
v -0.108705 0.886983 0.138371
v 0.035234 0.883719 0.189584
v -0.110076 0.889302 0.198817
v -0.042072 0.887897 0.102966
v 0.022356 0.881400 0.127727
v -0.058523 0.282208 0.195398
v -0.013901 0.280803 0.129942
v 0.042378 0.274306 0.149335
v -0.009679 0.286037 0.219329
v -0.061456 0.279889 0.156937
v 0.048359 0.276625 0.189344
v -0.161338 1.611960 0.218421
v -0.039906 1.613688 0.306882
v -0.047160 1.594683 0.041236
v -0.183457 1.595196 0.088780
v 0.112860 1.582117 0.183946
v 0.123488 1.575143 0.058432
v -0.085526 0.085779 0.142385
v -0.082884 0.090797 0.189128
v 0.008635 0.130933 0.228111
v 0.100203 0.147563 0.189302
v 0.073545 0.142404 0.136827
v -0.000752 0.123643 0.110466
v 0.006822 0.037778 0.130248
v 0.007972 0.049564 0.184981
v 0.085427 0.087969 0.231840
v 0.151658 0.112697 0.192032
v 0.132462 0.105941 0.130568
v 0.079892 0.079122 0.103641
v 0.145329 0.025921 0.127698
v 0.144875 0.036802 0.190743
v 0.193449 0.054169 0.237658
v 0.230380 0.075944 0.196344
v 0.220266 0.069249 0.125748
v 0.190526 0.046191 0.097469
v 0.261241 0.020719 0.145256
v 0.259368 0.025195 0.200699
v 0.279507 0.036536 0.231756
v 0.298743 0.048267 0.195085
v 0.295324 0.043469 0.134237
v 0.278449 0.030467 0.112039
v 0.320208 2.676924 0.066594
v 0.301622 2.705847 0.000000
v 0.355717 2.521376 0.000000
v 0.357023 2.541142 0.066735
v 0.414025 2.652573 0.085910
v 0.418716 2.568136 0.082625
v 0.475810 2.936768 0.082515
v 0.482628 2.965693 0.000000
v 0.527634 2.865227 0.094385
v 0.560107 2.891530 -0.000000
v 0.349475 2.805327 0.000000
v 0.430072 2.730953 0.095772
v 0.369982 2.785094 0.077294
v 0.382363 2.916205 0.000000
v 0.460964 2.809920 0.107646
v 0.403236 2.883328 0.090152
v 0.377210 2.395293 0.000000
v 0.388413 2.403350 0.052089
v 0.404092 2.354015 0.000000
v 0.411827 2.378313 0.054977
v 0.370649 2.443142 0.000000
v 0.428570 2.462435 0.080005
v 0.385605 2.452179 0.066360
v 0.514339 2.367674 0.000000
v 0.500968 2.384712 0.053842
v 0.489235 2.410278 0.074472
v 0.461849 2.370629 0.055935
v 0.462121 2.424388 0.079644
v 0.469761 2.347882 0.000000
v 0.545835 2.764869 0.061611
v 0.564168 2.785612 0.000000
v 0.488603 2.640181 0.063086
v 0.484333 2.590217 0.060840
v 0.497260 2.694803 0.070060
v 0.512767 2.743967 0.075283
v 0.480067 2.523928 0.061253
v 0.524361 2.408302 0.000000
v 0.514888 2.412836 0.042766
v 0.500094 2.428127 0.061685
v 0.486330 2.467690 0.063273
v 0.503208 2.767786 0.045448
v 0.501322 2.789355 0.000000
v 0.457087 2.642822 0.043529
v 0.422374 2.644845 -0.000000
v 0.417819 2.602734 0.000000
v 0.452312 2.599541 0.042039
v 0.430058 2.694056 -0.000000
v 0.464803 2.691890 0.049614
v 0.449311 2.750864 0.000000
v 0.477159 2.739045 0.053370
v 0.412846 2.543457 0.000000
v 0.446708 2.539619 0.043282
v 0.458399 2.403965 0.000000
v 0.467590 2.409858 0.035900
v 0.424538 2.429783 -0.000000
v 0.455598 2.429410 0.046252
v 0.449176 2.479280 0.044872
v 0.415348 2.481786 -0.000000
v -0.141162 1.834433 1.151844
v -0.165924 1.783718 1.076911
v -0.221743 1.757047 1.039816
v -0.198866 1.825176 1.119191
v 0.161579 2.317627 -0.257902
v 0.079778 1.751824 -0.167318
v -0.142355 2.512266 -0.334262
v -0.144443 1.820020 -0.184637
v -0.095099 2.154927 -0.148742
v 0.079956 2.122566 -0.191959
v 0.020937 2.462796 -0.364370
v -0.024537 1.789569 -0.253148
v -0.001020 2.104619 -0.222205
v -0.151061 2.345340 -0.264488
v 0.144274 2.199359 -0.222047
v -0.011761 2.292036 -0.318325
v -0.103683 1.978220 -0.138524
v 0.070357 1.923989 -0.150446
v -0.008437 1.922514 -0.200988
v -0.217508 1.819292 -0.082638
v 0.224321 2.342911 -0.137306
v -0.152448 2.582644 -0.157102
v 0.136075 1.739848 -0.067865
v 0.056206 2.573586 -0.158753
v -0.132308 2.173222 -0.069135
v 0.113843 2.109854 -0.094637
v 0.204411 2.164880 -0.113150
v -0.184032 2.387236 -0.116215
v 0.102974 1.920643 -0.073842
v -0.145464 1.990794 -0.069232
v -0.208751 1.655630 -0.076939
v -0.161630 1.684888 -0.212889
v -0.036969 1.674490 -0.296445
v 0.106385 1.637767 -0.182152
v 0.137357 1.626501 -0.055308
v -0.048713 1.628219 -0.040146
v 0.200981 2.622587 -0.063044
v 0.285198 2.500906 -0.062783
v -0.176301 2.168333 -0.628529
v -0.160265 2.225065 -0.679877
v -0.087803 2.233188 -0.705681
v -0.100424 2.181116 -0.661261
v -0.191538 1.823962 -0.972212
v -0.183566 1.876932 -1.020738
v -0.147542 1.887722 -1.047114
v -0.153816 1.844944 -1.007415
v -0.199367 1.797516 -1.012250
v -0.188710 1.841538 -1.054160
v -0.148071 1.849661 -1.075370
v -0.157570 1.814981 -1.039946
v -0.227182 1.706269 -1.096535
v -0.196512 1.787436 -1.220749
v -0.140912 1.792065 -1.260683
v -0.179635 1.733003 -1.126994
v -0.208997 2.071223 -0.702569
v -0.185038 2.160525 -0.780505
v -0.095634 2.073853 -0.740634
v -0.076778 2.167111 -0.815212
v -0.185009 1.570212 -1.213759
v -0.171809 1.575717 -1.215988
v -0.193574 1.562154 -1.192488
v -0.173984 1.572906 -1.199493
v -0.205067 1.691349 -1.173878
v -0.186203 1.737924 -1.221872
v -0.154848 1.741210 -1.232744
v -0.177483 1.699636 -1.179183
v -0.195960 1.626858 -1.267197
v -0.188062 1.642620 -1.283142
v -0.168773 1.644735 -1.285411
v -0.176087 1.630674 -1.270022
v -0.178178 1.475534 -1.386214
v -0.175726 1.480013 -1.390807
v -0.167242 1.480829 -1.391242
v -0.169268 1.476992 -1.387116
v -0.159729 1.380404 -1.296097
v -0.157254 1.384339 -1.300677
v -0.152111 1.383183 -1.297282
v -0.151737 1.385994 -1.301046
v -0.148569 1.687477 -1.353041
v -0.172283 1.685933 -1.342243
v -0.170712 1.674457 -1.332640
v -0.154667 1.675785 -1.338184
v -0.148925 1.548676 -1.443652
v -0.157041 1.547809 -1.441497
v -0.156974 1.545291 -1.439525
v -0.151098 1.545892 -1.440976
v -0.195819 1.893874 -0.908124
v -0.139991 1.906004 -0.936889
v -0.184020 1.945163 -0.954141
v -0.130704 1.952709 -0.977240
v -0.075250 2.284526 -0.634732
v -0.090829 2.222276 -0.589427
v -0.147239 2.278089 -0.607375
v -0.164008 2.214824 -0.553096
v -0.051443 2.297208 -0.413293
v -0.018314 2.424711 -0.485194
v -0.134868 2.429438 -0.448344
v -0.160248 2.312016 -0.371618
v -0.168968 1.494113 -0.094714
v -0.155663 1.494295 -0.220523
v -0.039763 1.511598 -0.307884
v 0.106506 1.486970 -0.190883
v 0.108583 1.480376 -0.074599
v -0.046756 1.498852 -0.041233
v -0.088024 0.974287 -0.141329
v -0.084547 0.976678 -0.186888
v -0.020314 0.980626 -0.232637
v 0.039231 0.970922 -0.184571
v 0.030518 0.968531 -0.132484
v -0.026184 0.975230 -0.114427
v -0.072212 0.199672 -0.154141
v -0.069148 0.202191 -0.190824
v -0.007711 0.213482 -0.215702
v 0.064803 0.209103 -0.187265
v 0.052073 0.206275 -0.148369
v -0.013984 0.207912 -0.129030
v -0.148938 0.687743 -0.223050
v -0.053403 0.691573 -0.265346
v -0.059270 0.686339 -0.085221
v -0.141464 0.685424 -0.132827
v 0.047286 0.682161 -0.204630
v 0.028088 0.679841 -0.130819
v -0.075272 0.397000 -0.198359
v -0.024028 0.395596 -0.123112
v 0.034253 0.389098 -0.146630
v -0.017945 0.400830 -0.221882
v -0.075530 0.394681 -0.153064
v 0.048300 0.391417 -0.189644
v -0.125128 1.268134 -0.212842
v -0.032436 1.278121 -0.286702
v 0.066668 1.254800 -0.121336
v -0.039855 1.268111 -0.098433
v 0.074867 1.259551 -0.201727
v -0.131768 1.265523 -0.132944
v -0.093954 1.061647 -0.193578
v 0.034300 1.051415 -0.134230
v -0.098517 1.058644 -0.141620
v -0.023831 1.066606 -0.246666
v -0.030243 1.059828 -0.114472
v 0.043136 1.054418 -0.191426
v -0.036322 0.893132 -0.245530
v -0.108705 0.886983 -0.138371
v 0.035234 0.883719 -0.189584
v -0.110076 0.889302 -0.198817
v -0.042072 0.887897 -0.102966
v 0.022356 0.881400 -0.127727
v -0.058523 0.282208 -0.195398
v -0.013901 0.280803 -0.129942
v 0.042378 0.274306 -0.149335
v -0.009679 0.286037 -0.219329
v -0.061456 0.279889 -0.156937
v 0.048359 0.276625 -0.189344
v -0.161338 1.611960 -0.218421
v -0.039906 1.613688 -0.306882
v -0.047160 1.594683 -0.041236
v -0.183457 1.595196 -0.088780
v 0.112860 1.582117 -0.183945
v 0.123488 1.575143 -0.058432
v -0.085526 0.085779 -0.142385
v -0.082884 0.090797 -0.189128
v 0.008635 0.130932 -0.228111
v 0.100203 0.147563 -0.189302
v 0.073545 0.142404 -0.136827
v -0.000752 0.123643 -0.110466
v 0.006822 0.037778 -0.130248
v 0.007972 0.049564 -0.184981
v 0.085427 0.087969 -0.231840
v 0.151658 0.112697 -0.192032
v 0.132462 0.105941 -0.130567
v 0.079892 0.079122 -0.103641
v 0.145329 0.025921 -0.127698
v 0.144875 0.036802 -0.190743
v 0.193449 0.054169 -0.237658
v 0.230380 0.075944 -0.196344
v 0.220266 0.069249 -0.125748
v 0.190526 0.046191 -0.097469
v 0.261241 0.020719 -0.145256
v 0.259368 0.025195 -0.200699
v 0.279507 0.036536 -0.231756
v 0.298743 0.048267 -0.195085
v 0.295324 0.043469 -0.134237
v 0.278449 0.030466 -0.112039
v 0.320208 2.676924 -0.066594
v 0.357023 2.541142 -0.066735
v 0.414025 2.652573 -0.085910
v 0.418716 2.568136 -0.082625
v 0.475810 2.936768 -0.082515
v 0.527634 2.865227 -0.094385
v 0.430072 2.730953 -0.095772
v 0.369982 2.785094 -0.077294
v 0.460964 2.809920 -0.107646
v 0.403236 2.883328 -0.090152
v 0.388413 2.403350 -0.052089
v 0.411827 2.378313 -0.054977
v 0.428570 2.462435 -0.080005
v 0.385605 2.452179 -0.066360
v 0.500968 2.384712 -0.053842
v 0.489235 2.410278 -0.074472
v 0.461849 2.370629 -0.055935
v 0.462121 2.424388 -0.079644
v 0.545835 2.764869 -0.061611
v 0.488603 2.640181 -0.063086
v 0.484333 2.590217 -0.060840
v 0.497260 2.694803 -0.070060
v 0.512767 2.743967 -0.075283
v 0.480067 2.523928 -0.061253
v 0.514888 2.412836 -0.042766
v 0.500094 2.428127 -0.061685
v 0.486330 2.467690 -0.063273
v 0.503208 2.767786 -0.045448
v 0.457087 2.642822 -0.043529
v 0.452312 2.599541 -0.042039
v 0.464803 2.691890 -0.049614
v 0.477159 2.739045 -0.053370
v 0.446708 2.539619 -0.043282
v 0.467590 2.409858 -0.035900
v 0.455598 2.429410 -0.046252
v 0.449176 2.479280 -0.044872
v -0.141162 1.834433 -1.151844
v -0.165924 1.783718 -1.076912
v -0.221743 1.757047 -1.039816
v -0.198866 1.825176 -1.119191
v -0.188748 1.821279 0.131703
v -0.091547 2.063798 0.131151
v -0.171153 2.446445 0.299043
v 0.110125 2.166467 0.207247
v 0.073118 1.829569 0.153746
v 0.108330 2.381973 0.303279
v -0.069686 2.521376 0.360222
v 0.188997 2.322596 0.213090
v -0.086711 1.808478 0.233703
v 0.032558 1.768766 0.223362
v -0.157355 2.614154 0.074345
v 0.146598 1.739092 0.031431
v -0.070426 2.654216 -0.000000
v 0.035130 2.632908 0.073642
v -0.182190 2.194739 0.648715
v 0.045028 2.110119 0.220465
v -0.006434 2.198770 0.261359
v -0.052071 2.125879 0.192958
v -0.002270 2.009194 0.200896
v -0.141515 2.174324 0.033968
v -0.172102 2.282141 -0.000000
v -0.139154 2.078259 0.000000
v -0.031828 1.727173 0.279199
v 0.171885 2.134462 -0.000000
v 0.122886 2.104506 0.045974
v 0.108601 2.023330 -0.000000
v -0.117741 2.250107 0.196762
v 0.163391 2.257740 0.244140
v 0.026663 2.370812 0.359051
v -0.200069 2.533110 0.000000
v 0.244583 2.228990 -0.000000
v 0.184627 2.174685 0.167689
v -0.193891 2.398993 0.054727
v -0.089799 2.294876 0.292311
v 0.075183 2.243538 0.275640
v -0.124316 1.897621 0.160140
v 0.069228 2.032927 0.168023
v -0.016363 1.852065 0.222594
v -0.197240 1.906684 0.000000
v 0.129971 1.818820 0.000000
v 0.091089 1.924274 0.111640
v -0.154398 1.990168 0.035190
v -0.059365 1.948874 0.178694
v 0.036551 1.918227 0.186646
v -0.231308 1.820988 0.039544
v 0.254689 2.321958 0.064358
v -0.147567 2.546704 0.250778
v 0.114252 1.742945 0.113250
v 0.033010 2.514536 0.269759
v -0.119632 2.169533 0.106812
v -0.156641 1.745637 0.202579
v 0.101241 2.119899 0.146325
v 0.215307 2.161515 0.057076
v -0.171377 2.370715 0.188109
v 0.110540 1.917941 0.036744
v -0.130826 1.990237 0.102134
v -0.182782 1.905178 0.076865
v 0.118082 1.821939 0.069696
v -0.157849 2.275757 0.089422
v 0.157761 2.141090 0.103356
v 0.097517 2.028185 0.083488
v 0.227554 2.229026 0.127123
v 0.149375 1.675117 0.063985
v 0.093227 1.686801 0.177325
v -0.188283 2.500861 0.139392
v -0.127039 2.079107 0.064094
v 0.153722 2.464017 0.167300
v -0.066882 2.603029 0.167645
v -0.199654 1.673376 0.143822
v -0.106202 1.685210 0.274381
v 0.040307 1.655795 0.255704
v 0.133350 1.641676 0.024623
v 0.054318 1.630217 0.000000
v -0.050639 1.629847 0.023483
v -0.149543 1.637410 0.000000
v -0.215521 1.667471 0.034398
v 0.142050 1.628242 0.112519
v -0.160580 1.566236 0.219884
v -0.142228 1.632510 0.049754
v 0.054324 1.622423 0.038469
v -0.245561 1.737900 0.000000
v -0.228474 1.733019 0.083468
v 0.159165 1.681502 0.000000
v 0.185264 2.654976 0.036289
v 0.551516 2.883858 0.054665
v 0.304994 2.481437 0.036061
v 0.242274 2.559162 0.072350
v 0.116153 2.649549 0.000000
v 0.281576 2.412082 -0.000000
v 0.251099 2.437354 0.090069
v 0.139353 2.595145 0.094950
v -0.121347 2.239327 0.701757
v -0.080207 2.209112 0.688959
v -0.141049 2.164524 0.635917
v -0.089576 2.247177 0.676033
v -0.040280 2.320504 0.362249
v -0.152632 2.239311 0.651693
v -0.166692 2.188748 0.605137
v -0.194466 1.847468 0.990702
v -0.164218 1.891303 1.042197
v -0.143765 1.869312 1.033038
v -0.174013 1.825477 0.981543
v -0.191314 1.845288 0.955493
v -0.173660 2.211091 0.717931
v -0.151234 1.863677 0.987397
v -0.077066 2.218511 0.749605
v -0.201767 1.817128 1.028620
v -0.166501 1.852978 1.072015
v -0.145092 1.834720 1.062243
v -0.180358 1.798871 1.018848
v -0.155391 1.830068 1.023312
v -0.193575 1.811219 0.991887
v -0.185277 1.858796 1.035671
v -0.148721 1.868383 1.059273
v -0.220759 1.755065 1.142049
v -0.163966 1.800139 1.259126
v -0.152788 1.775720 1.188546
v -0.208101 1.708947 1.091979
v -0.141181 1.820013 1.204996
v -0.160678 1.799551 1.057244
v -0.227832 1.738021 1.062839
v -0.194203 1.832413 1.081546
v -0.195037 2.133390 0.649489
v -0.186879 2.052804 0.870372
v -0.093890 2.140445 0.685875
v -0.101074 2.059293 0.899607
v -0.065429 2.121346 0.784746
v -0.126894 2.180933 0.812156
v -0.156329 2.055423 0.707303
v -0.217794 2.115010 0.734714
v -0.212820 1.643972 1.135276
v -0.192366 1.564659 1.202258
v -0.184786 1.566511 1.192450
v -0.183558 1.662180 1.149952
v -0.196741 1.758190 1.219611
v -0.178991 1.654747 1.181692
v -0.177402 1.573984 1.218414
v -0.173187 1.717259 1.160512
v -0.201778 1.720901 1.190691
v -0.168457 1.734770 1.235163
v -0.162737 1.728642 1.202256
v -0.191695 1.683754 1.181985
v -0.218149 1.696749 1.139439
v -0.144424 1.763277 1.250455
v -0.198604 1.646636 1.177758
v -0.169823 1.575836 1.208606
v -0.195682 1.634182 1.274693
v -0.176991 1.646473 1.287214
v -0.168759 1.638261 1.278194
v -0.187449 1.625970 1.265672
v -0.177963 1.683656 1.215385
v -0.200686 1.679059 1.212828
v -0.187887 1.705006 1.236666
v -0.164443 1.707689 1.240572
v -0.176505 1.463884 1.397884
v -0.170356 1.466737 1.400452
v -0.166694 1.465121 1.398501
v -0.172843 1.462268 1.395933
v -0.168358 1.550236 1.347719
v -0.172027 1.542858 1.339314
v -0.186520 1.540218 1.337335
v -0.182089 1.548852 1.346573
v -0.156882 1.366552 1.305966
v -0.153904 1.365931 1.304108
v -0.152341 1.369555 1.308586
v -0.149362 1.368935 1.306729
v -0.160008 1.465153 1.265881
v -0.160615 1.460731 1.258307
v -0.173271 1.455194 1.255432
v -0.168494 1.462103 1.264941
v -0.160002 1.688877 1.349935
v -0.175225 1.679926 1.335910
v -0.163114 1.672949 1.333119
v -0.147891 1.681900 1.347145
v -0.177339 1.725199 1.270383
v -0.181343 1.750167 1.287531
v -0.144844 1.751253 1.310488
v -0.153268 1.726841 1.280144
v -0.152168 1.537125 1.450624
v -0.156679 1.535249 1.448344
v -0.153342 1.534186 1.448048
v -0.148830 1.536062 1.450328
v -0.153122 1.600205 1.400705
v -0.162813 1.599235 1.398036
v -0.163370 1.604141 1.401902
v -0.149109 1.605570 1.406367
v -0.205869 1.980004 0.806463
v -0.116019 1.985306 0.839548
v -0.182843 1.894295 1.000267
v -0.144567 1.903915 1.024365
v -0.125115 1.931201 0.961927
v -0.155385 1.958123 0.973788
v -0.169882 1.890752 0.914410
v -0.200152 1.917674 0.926271
v -0.045295 2.355188 0.562497
v -0.100939 2.201983 0.638191
v -0.139874 2.351980 0.529753
v -0.162740 2.261097 0.461408
v -0.130451 2.206783 0.561926
v -0.169233 2.245154 0.574265
v -0.108212 2.293075 0.630389
v -0.069430 2.254703 0.618050
v -0.070591 2.257756 0.501332
v -0.007358 2.458314 0.428320
v -0.136759 2.479077 0.391255
v -0.155527 2.346262 0.320311
v -0.013751 2.359128 0.456605
v -0.071106 2.450036 0.480703
v -0.168686 2.372559 0.402620
v -0.111331 2.281651 0.378522
v -0.178586 1.490923 0.152140
v -0.107902 1.505382 0.284240
v 0.040537 1.502132 0.265769
v 0.131752 1.478812 0.123531
v -0.095987 0.974583 0.161474
v -0.121881 1.498909 0.057147
v 0.040019 1.490048 0.047010
v -0.039197 1.640438 0.304171
v -0.047382 1.561450 0.035220
v -0.190719 1.621345 0.088460
v 0.112014 1.548970 0.186070
v 0.127225 1.598688 0.060054
v -0.056709 0.979826 0.217150
v 0.015249 0.976516 0.216797
v 0.043347 0.967964 0.155056
v -0.061299 0.975348 0.123962
v 0.006078 0.972038 0.117897
v -0.085883 1.008999 0.188146
v -0.036775 1.404908 0.300935
v 0.031128 1.000224 0.133974
v -0.044072 1.393792 0.068435
v 0.093184 1.383352 0.197861
v -0.090097 1.006423 0.141372
v -0.079182 0.198828 0.172279
v -0.044237 0.208662 0.208175
v 0.034234 0.212683 0.206460
v 0.069303 0.206599 0.166913
v -0.048156 0.204057 0.137578
v 0.021858 0.207807 0.133927
v -0.061301 0.247331 0.193683
v -0.025530 0.945579 0.235442
v -0.013747 0.246817 0.130771
v -0.093000 0.939406 0.140924
v 0.036313 0.936130 0.184813
v 0.046890 0.240927 0.149753
v -0.139090 0.807429 0.214622
v -0.037737 0.538093 0.245299
v -0.055593 0.806025 0.089300
v -0.112687 0.531945 0.142068
v 0.049380 0.528681 0.198452
v 0.023893 0.799527 0.127326
v 0.052048 0.679291 0.166346
v -0.011995 0.683243 0.099652
v 0.006417 0.687586 0.243204
v -0.158273 0.685712 0.178092
v -0.105487 0.686453 0.098345
v -0.110412 0.690796 0.256257
v -0.117049 0.534264 0.212982
v -0.043939 0.532859 0.102103
v 0.031352 0.526362 0.138923
v -0.010057 0.324422 0.216484
v -0.060881 0.318273 0.157202
v 0.047116 0.315010 0.187876
v 0.051008 0.388548 0.167426
v 0.007208 0.392500 0.129513
v 0.020851 0.396843 0.210696
v -0.083170 0.394969 0.176137
v -0.053849 0.395710 0.132870
v -0.052271 0.400053 0.216050
v -0.142694 1.389454 0.218595
v -0.028002 1.158614 0.266079
v 0.089461 1.377558 0.098445
v -0.035011 1.150214 0.112044
v 0.056194 1.143437 0.198164
v -0.152184 1.389545 0.113584
v 0.087535 1.253673 0.154341
v -0.094606 1.268256 0.109265
v -0.141563 1.264774 0.167406
v 0.028475 1.270577 0.257070
v -0.086756 1.275191 0.263387
v 0.019261 1.261768 0.102516
v -0.107828 1.152135 0.203161
v 0.046771 1.139675 0.132054
v -0.112978 1.148641 0.140980
v -0.020495 1.013252 0.235751
v -0.026534 1.007439 0.114946
v 0.039515 1.002799 0.186732
v 0.048409 1.050703 0.158632
v -0.069317 1.059976 0.123631
v -0.106787 1.059016 0.164118
v 0.015821 1.061444 0.228282
v -0.063647 1.065600 0.228734
v 0.006412 1.055820 0.118596
v -0.049869 0.811259 0.261211
v -0.133498 0.805110 0.133376
v 0.040624 0.801847 0.199220
v -0.091233 0.941735 0.189553
v -0.031325 0.940325 0.111430
v 0.026197 0.933802 0.129985
v -0.079148 0.892355 0.231381
v -0.079528 0.888012 0.114862
v -0.120030 0.887270 0.166684
v 0.006543 0.889145 0.226284
v -0.006306 0.884802 0.108530
v 0.038884 0.880850 0.155255
v -0.058393 0.320593 0.194281
v -0.015129 0.319188 0.130360
v 0.038023 0.312691 0.149281
v -0.009091 0.252094 0.217378
v -0.064331 0.244987 0.156249
v 0.054062 0.243310 0.188622
v 0.054390 0.273756 0.168357
v 0.017018 0.277707 0.134650
v 0.023342 0.282051 0.209284
v -0.066772 0.280176 0.176209
v -0.042229 0.280918 0.139253
v -0.038572 0.285261 0.212533
v -0.162206 1.645213 0.217050
v -0.040438 1.577232 0.308810
v -0.047480 1.616362 0.045106
v -0.178149 1.558866 0.088001
v 0.112094 1.606561 0.183477
v 0.118958 1.542042 0.061561
v -0.190085 1.602179 0.146865
v 0.049590 1.585372 0.038843
v 0.042738 1.598842 0.263140
v 0.144072 1.573488 0.109592
v -0.110014 1.617470 0.283583
v -0.131815 1.595434 0.055674
v -0.097688 0.081372 0.164739
v -0.044564 0.110521 0.215065
v 0.064314 0.143183 0.216024
v 0.099054 0.146573 0.161643
v -0.047878 0.103466 0.121402
v 0.039985 0.136004 0.117346
v 0.080537 0.175591 0.187758
v 0.059440 0.171707 0.143042
v -0.083227 0.143703 0.189814
v -0.004739 0.169794 0.220966
v -0.013150 0.163506 0.120300
v -0.086220 0.140573 0.149084
v -0.004685 0.036985 0.155267
v 0.041538 0.068337 0.215663
v 0.126865 0.103884 0.220727
v 0.150177 0.112480 0.159505
v 0.040401 0.055719 0.111487
v 0.109938 0.095667 0.110660
v 0.032230 0.097373 0.105778
v -0.051113 0.053100 0.135825
v 0.040172 0.105675 0.231113
v 0.123184 0.128408 0.190650
v -0.049203 0.061665 0.186972
v 0.098360 0.122228 0.133008
v 0.137392 0.028719 0.157226
v 0.166301 0.044735 0.222116
v 0.217051 0.066614 0.226469
v 0.229646 0.076139 0.159325
v 0.166466 0.033264 0.106389
v 0.207969 0.058805 0.104135
v 0.173436 0.087815 0.127952
v 0.133827 0.061713 0.100456
v 0.187728 0.094656 0.193929
v 0.074134 0.043047 0.185560
v 0.137697 0.070305 0.233608
v 0.073539 0.030453 0.126667
v 0.268123 0.021879 0.173674
v 0.275920 0.029578 0.217654
v 0.295752 0.041309 0.215268
v 0.303614 0.044600 0.164446
v 0.277227 0.024630 0.129552
v 0.292887 0.035620 0.122709
v 0.244703 0.035327 0.099034
v 0.216291 0.021633 0.135197
v 0.246823 0.042642 0.241068
v 0.273961 0.059676 0.198054
v 0.214245 0.029070 0.199431
v 0.267890 0.053387 0.126351
v 0.303100 2.702033 0.035390
v 0.480705 2.956683 0.050357
v 0.356031 2.521433 0.035819
v 0.334073 2.606297 0.072683
v 0.335010 2.520391 0.000000
v 0.320020 2.536760 0.057009
v 0.260408 2.647076 0.056010
v 0.248855 2.678776 0.000000
v 0.572454 2.829332 0.000000
v 0.414276 2.612204 0.083701
v 0.385341 2.556059 0.081581
v 0.369518 2.665509 0.083596
v 0.333422 2.749895 0.000000
v 0.501046 2.913260 0.093673
v 0.528970 2.942176 0.000000
v 0.427844 2.954207 0.000000
v 0.420244 2.691453 0.090089
v 0.350822 2.734254 0.070793
v 0.441486 2.771875 0.102064
v 0.382695 2.836100 0.084854
v 0.354686 2.800532 0.043278
v 0.395016 2.759304 0.094699
v 0.545555 2.806685 0.079717
v 0.360200 2.863561 0.000000
v 0.493247 2.840781 0.109021
v 0.441355 2.920156 0.089569
v 0.387620 2.907217 0.050903
v 0.428524 2.849233 0.108664
v 0.461827 2.500027 0.072119
v 0.381524 2.398227 0.031956
v 0.406587 2.359778 0.029688
v 0.396466 2.391725 0.055090
v 0.385584 2.372848 0.000000
v 0.435821 2.371361 0.055189
v 0.366431 2.486798 0.000000
v 0.417667 2.411098 0.072175
v 0.388362 2.421706 0.060900
v 0.373264 2.415070 0.000000
v 0.424074 2.518865 0.081650
v 0.377887 2.494000 0.067347
v 0.374781 2.446279 0.037885
v 0.401830 2.456915 0.078878
v 0.477170 2.449662 0.073624
v 0.509925 2.372829 0.029392
v 0.493160 2.398514 0.069125
v 0.483118 2.374605 0.056044
v 0.447124 2.438556 0.079142
v 0.435695 2.346676 0.000000
v 0.477176 2.414809 0.078304
v 0.495407 2.353774 0.000000
v 0.467197 2.353812 0.030093
v 0.457889 2.396037 0.073495
v 0.559012 2.778132 0.035134
v 0.502000 2.735137 0.065115
v 0.486338 2.616338 0.061417
v 0.492400 2.666503 0.066238
v 0.503052 2.722503 0.073443
v 0.490422 2.690758 0.060923
v 0.528524 2.755580 0.073437
v 0.536497 2.781662 0.000000
v 0.481601 2.557881 0.060796
v 0.524864 2.759357 0.051443
v 0.521432 2.409551 0.023341
v 0.507557 2.418139 0.055294
v 0.474107 2.476279 0.055494
v 0.481773 2.493788 0.062211
v 0.492752 2.445160 0.063688
v 0.482495 2.430365 0.055932
v 0.458647 2.580162 0.073091
v 0.460141 2.643877 0.076155
v 0.471247 2.708402 0.084253
v 0.528021 2.390744 0.000000
v 0.515646 2.400717 0.048461
v 0.498291 2.419465 0.069510
v 0.494750 2.771463 0.092521
v 0.500977 2.781690 0.027825
v 0.432809 2.644354 0.024478
v 0.420116 2.624660 -0.000000
v 0.428214 2.601805 0.023621
v 0.454710 2.622007 0.042195
v 0.425563 2.667964 0.000000
v 0.460535 2.666555 0.046269
v 0.436766 2.722027 0.000000
v 0.469765 2.716393 0.052440
v 0.440513 2.693435 0.028091
v 0.471022 2.777349 0.000000
v 0.488982 2.758039 0.050983
v 0.457068 2.746746 0.030355
v 0.414893 2.574877 0.000000
v 0.449083 2.571148 0.042571
v 0.423170 2.542286 0.024388
v 0.460527 2.405805 0.021723
v 0.435605 2.411550 0.000000
v 0.459497 2.415215 0.042135
v 0.433471 2.429401 0.026324
v 0.446924 2.508749 0.043869
v 0.418695 2.453919 -0.000000
v 0.452376 2.451813 0.046432
v 0.413191 2.511960 0.000000
v 0.425668 2.481031 0.025271
v 0.494792 2.408164 0.000000
v 0.491081 2.413087 0.039217
v 0.477640 2.596236 0.052348
v 0.482614 2.640645 0.054156
v 0.471215 2.535357 0.053519
v -0.144418 1.840922 1.106819
v -0.173655 1.765707 1.100161
v -0.210434 1.777953 1.025780
v -0.199776 1.811739 1.166374
v -0.165548 1.840946 1.149984
v -0.198300 1.759241 1.043898
v -0.220948 1.787744 1.072965
v -0.142900 1.812444 1.120917
v -0.188748 1.821279 -0.131703
v -0.091547 2.063798 -0.131151
v -0.171153 2.446445 -0.299043
v 0.110125 2.166467 -0.207247
v 0.073118 1.829569 -0.153746
v 0.108330 2.381973 -0.303279
v -0.069686 2.521377 -0.360222
v 0.188997 2.322596 -0.213090
v -0.086711 1.808478 -0.233703
v 0.032558 1.768766 -0.223362
v -0.157355 2.614154 -0.074345
v 0.146598 1.739092 -0.031431
v 0.035130 2.632908 -0.073642
v -0.182190 2.194739 -0.648715
v 0.045028 2.110119 -0.220465
v -0.006434 2.198770 -0.261359
v -0.052071 2.125879 -0.192958
v -0.002270 2.009194 -0.200896
v -0.141515 2.174324 -0.033968
v -0.031828 1.727173 -0.279200
v 0.122886 2.104506 -0.045974
v -0.117741 2.250107 -0.196762
v 0.163391 2.257740 -0.244140
v 0.026663 2.370812 -0.359051
v 0.184627 2.174685 -0.167689
v -0.193891 2.398993 -0.054727
v -0.089799 2.294876 -0.292311
v 0.075183 2.243538 -0.275640
v -0.124316 1.897621 -0.160140
v 0.069228 2.032927 -0.168023
v -0.016363 1.852065 -0.222594
v 0.091089 1.924274 -0.111640
v -0.154398 1.990168 -0.035190
v -0.059365 1.948874 -0.178694
v 0.036551 1.918227 -0.186646
v -0.231308 1.820988 -0.039544
v 0.254689 2.321958 -0.064358
v -0.147567 2.546704 -0.250778
v 0.114252 1.742945 -0.113250
v 0.033010 2.514536 -0.269759
v -0.119632 2.169533 -0.106812
v -0.156641 1.745637 -0.202579
v 0.101241 2.119899 -0.146325
v 0.215307 2.161515 -0.057076
v -0.171377 2.370715 -0.188109
v 0.110540 1.917941 -0.036744
v -0.130826 1.990237 -0.102134
v -0.182782 1.905178 -0.076865
v 0.118082 1.821939 -0.069696
v -0.157849 2.275757 -0.089422
v 0.157761 2.141090 -0.103356
v 0.097517 2.028185 -0.083488
v 0.227554 2.229026 -0.127123
v 0.149375 1.675117 -0.063985
v 0.093227 1.686801 -0.177325
v -0.188283 2.500861 -0.139392
v -0.127039 2.079107 -0.064094
v 0.153722 2.464017 -0.167300
v -0.066882 2.603029 -0.167645
v -0.199654 1.673376 -0.143822
v -0.106202 1.685210 -0.274381
v 0.040307 1.655795 -0.255704
v 0.133350 1.641676 -0.024623
v -0.050639 1.629847 -0.023483
v -0.215521 1.667471 -0.034398
v 0.142050 1.628242 -0.112519
v -0.160580 1.566236 -0.219884
v -0.142228 1.632510 -0.049754
v 0.054324 1.622423 -0.038469
v -0.228474 1.733019 -0.083468
v 0.185264 2.654976 -0.036289
v 0.551516 2.883858 -0.054665
v 0.304994 2.481437 -0.036061
v 0.242274 2.559162 -0.072350
v 0.251099 2.437354 -0.090069
v 0.139353 2.595145 -0.094950
v -0.121347 2.239327 -0.701757
v -0.080207 2.209112 -0.688959
v -0.141049 2.164524 -0.635917
v -0.089576 2.247177 -0.676033
v -0.040280 2.320504 -0.362249
v -0.152632 2.239311 -0.651693
v -0.166692 2.188748 -0.605137
v -0.194466 1.847468 -0.990702
v -0.164218 1.891303 -1.042197
v -0.143765 1.869312 -1.033038
v -0.174013 1.825477 -0.981543
v -0.191314 1.845288 -0.955493
v -0.173660 2.211091 -0.717931
v -0.151234 1.863677 -0.987397
v -0.077066 2.218511 -0.749606
v -0.201767 1.817128 -1.028620
v -0.166501 1.852978 -1.072015
v -0.145092 1.834720 -1.062243
v -0.180358 1.798871 -1.018848
v -0.155391 1.830068 -1.023312
v -0.193575 1.811219 -0.991887
v -0.185277 1.858796 -1.035671
v -0.148721 1.868383 -1.059273
v -0.220759 1.755065 -1.142049
v -0.163966 1.800139 -1.259126
v -0.152788 1.775720 -1.188547
v -0.208101 1.708947 -1.091979
v -0.141181 1.820013 -1.204996
v -0.160678 1.799551 -1.057244
v -0.227832 1.738021 -1.062839
v -0.194203 1.832413 -1.081546
v -0.195037 2.133390 -0.649489
v -0.186879 2.052804 -0.870372
v -0.093890 2.140445 -0.685875
v -0.101074 2.059293 -0.899607
v -0.065429 2.121346 -0.784746
v -0.126894 2.180933 -0.812156
v -0.156329 2.055423 -0.707303
v -0.217794 2.115010 -0.734714
v -0.212820 1.643972 -1.135276
v -0.192366 1.564659 -1.202258
v -0.184786 1.566511 -1.192450
v -0.183558 1.662180 -1.149952
v -0.196741 1.758190 -1.219611
v -0.178991 1.654747 -1.181692
v -0.177403 1.573984 -1.218414
v -0.173187 1.717259 -1.160512
v -0.201778 1.720901 -1.190691
v -0.168457 1.734770 -1.235163
v -0.162737 1.728642 -1.202256
v -0.191695 1.683754 -1.181985
v -0.218149 1.696749 -1.139439
v -0.144424 1.763277 -1.250455
v -0.198604 1.646636 -1.177758
v -0.169823 1.575836 -1.208606
v -0.195682 1.634182 -1.274693
v -0.176991 1.646474 -1.287214
v -0.168759 1.638261 -1.278194
v -0.187449 1.625970 -1.265672
v -0.177963 1.683656 -1.215385
v -0.200686 1.679059 -1.212828
v -0.187887 1.705006 -1.236666
v -0.164443 1.707689 -1.240572
v -0.176505 1.463884 -1.397884
v -0.170356 1.466737 -1.400452
v -0.166694 1.465121 -1.398501
v -0.172843 1.462268 -1.395933
v -0.168358 1.550236 -1.347719
v -0.172027 1.542858 -1.339314
v -0.186520 1.540218 -1.337335
v -0.182089 1.548852 -1.346573
v -0.156882 1.366552 -1.305965
v -0.153904 1.365931 -1.304108
v -0.152341 1.369555 -1.308586
v -0.149362 1.368935 -1.306729
v -0.160008 1.465153 -1.265881
v -0.160615 1.460731 -1.258307
v -0.173271 1.455194 -1.255432
v -0.168494 1.462103 -1.264941
v -0.160002 1.688877 -1.349935
v -0.175225 1.679926 -1.335910
v -0.163114 1.672949 -1.333119
v -0.147891 1.681900 -1.347145
v -0.177339 1.725199 -1.270383
v -0.181343 1.750167 -1.287531
v -0.144844 1.751253 -1.310488
v -0.153268 1.726841 -1.280145
v -0.152168 1.537125 -1.450624
v -0.156679 1.535249 -1.448344
v -0.153342 1.534186 -1.448048
v -0.148830 1.536062 -1.450328
v -0.153122 1.600205 -1.400705
v -0.162813 1.599235 -1.398036
v -0.163370 1.604141 -1.401902
v -0.149109 1.605570 -1.406367
v -0.205869 1.980004 -0.806463
v -0.116019 1.985306 -0.839548
v -0.182843 1.894295 -1.000267
v -0.144567 1.903915 -1.024365
v -0.125115 1.931201 -0.961927
v -0.155385 1.958123 -0.973787
v -0.169882 1.890752 -0.914410
v -0.200152 1.917674 -0.926271
v -0.045295 2.355188 -0.562497
v -0.100939 2.201983 -0.638191
v -0.139874 2.351980 -0.529753
v -0.162740 2.261097 -0.461408
v -0.130451 2.206783 -0.561926
v -0.169233 2.245154 -0.574265
v -0.108212 2.293075 -0.630389
v -0.069430 2.254703 -0.618050
v -0.070591 2.257757 -0.501332
v -0.007358 2.458314 -0.428320
v -0.136759 2.479077 -0.391255
v -0.155527 2.346262 -0.320311
v -0.013751 2.359128 -0.456605
v -0.071106 2.450036 -0.480703
v -0.168686 2.372559 -0.402620
v -0.111331 2.281651 -0.378522
v -0.178586 1.490923 -0.152140
v -0.107902 1.505382 -0.284240
v 0.040537 1.502132 -0.265769
v 0.131752 1.478812 -0.123531
v -0.095987 0.974583 -0.161474
v -0.121881 1.498909 -0.057147
v 0.040019 1.490048 -0.047010
v -0.039197 1.640438 -0.304171
v -0.047381 1.561450 -0.035220
v -0.190719 1.621345 -0.088460
v 0.112014 1.548970 -0.186070
v 0.127225 1.598688 -0.060054
v -0.056709 0.979825 -0.217150
v 0.015249 0.976516 -0.216797
v 0.043347 0.967964 -0.155056
v -0.061299 0.975348 -0.123962
v 0.006078 0.972038 -0.117897
v -0.085883 1.008999 -0.188146
v -0.036775 1.404908 -0.300935
v 0.031128 1.000224 -0.133974
v -0.044072 1.393792 -0.068435
v 0.093184 1.383352 -0.197861
v -0.090097 1.006423 -0.141372
v -0.079182 0.198828 -0.172279
v -0.044237 0.208662 -0.208175
v 0.034234 0.212683 -0.206460
v 0.069303 0.206599 -0.166913
v -0.048156 0.204057 -0.137578
v 0.021858 0.207807 -0.133927
v -0.061301 0.247331 -0.193683
v -0.025530 0.945579 -0.235442
v -0.013747 0.246817 -0.130771
v -0.093000 0.939406 -0.140924
v 0.036313 0.936130 -0.184813
v 0.046890 0.240927 -0.149753
v -0.139090 0.807429 -0.214622
v -0.037737 0.538093 -0.245299
v -0.055593 0.806025 -0.089300
v -0.112687 0.531944 -0.142068
v 0.049380 0.528681 -0.198452
v 0.023893 0.799527 -0.127326
v 0.052048 0.679292 -0.166346
v -0.011995 0.683243 -0.099652
v 0.006417 0.687586 -0.243204
v -0.158273 0.685712 -0.178092
v -0.105487 0.686453 -0.098345
v -0.110412 0.690796 -0.256257
v -0.117049 0.534264 -0.212982
v -0.043939 0.532859 -0.102103
v 0.031352 0.526362 -0.138923
v -0.010057 0.324422 -0.216484
v -0.060881 0.318273 -0.157202
v 0.047116 0.315010 -0.187876
v 0.051008 0.388548 -0.167426
v 0.007208 0.392500 -0.129513
v 0.020851 0.396843 -0.210696
v -0.083170 0.394968 -0.176137
v -0.053849 0.395710 -0.132870
v -0.052271 0.400053 -0.216050
v -0.142694 1.389454 -0.218595
v -0.028002 1.158614 -0.266079
v 0.089461 1.377558 -0.098445
v -0.035011 1.150214 -0.112044
v 0.056194 1.143437 -0.198164
v -0.152184 1.389545 -0.113584
v 0.087535 1.253673 -0.154341
v -0.094606 1.268256 -0.109265
v -0.141563 1.264774 -0.167406
v 0.028475 1.270577 -0.257070
v -0.086756 1.275191 -0.263387
v 0.019261 1.261768 -0.102516
v -0.107828 1.152135 -0.203161
v 0.046771 1.139675 -0.132054
v -0.112978 1.148641 -0.140980
v -0.020495 1.013252 -0.235751
v -0.026534 1.007439 -0.114946
v 0.039515 1.002799 -0.186732
v 0.048409 1.050703 -0.158632
v -0.069317 1.059976 -0.123631
v -0.106787 1.059016 -0.164118
v 0.015821 1.061444 -0.228282
v -0.063647 1.065600 -0.228734
v 0.006412 1.055820 -0.118596
v -0.049869 0.811259 -0.261211
v -0.133498 0.805110 -0.133376
v 0.040624 0.801847 -0.199220
v -0.091233 0.941735 -0.189553
v -0.031325 0.940325 -0.111430
v 0.026197 0.933802 -0.129985
v -0.079148 0.892355 -0.231381
v -0.079528 0.888012 -0.114862
v -0.120030 0.887270 -0.166684
v 0.006543 0.889145 -0.226284
v -0.006306 0.884802 -0.108530
v 0.038884 0.880850 -0.155255
v -0.058393 0.320593 -0.194281
v -0.015129 0.319188 -0.130360
v 0.038023 0.312690 -0.149281
v -0.009091 0.252093 -0.217378
v -0.064331 0.244987 -0.156249
v 0.054062 0.243310 -0.188622
v 0.054390 0.273756 -0.168357
v 0.017018 0.277707 -0.134650
v 0.023342 0.282051 -0.209284
v -0.066772 0.280176 -0.176209
v -0.042229 0.280918 -0.139253
v -0.038572 0.285261 -0.212533
v -0.162206 1.645213 -0.217050
v -0.040438 1.577232 -0.308810
v -0.047480 1.616362 -0.045106
v -0.178149 1.558866 -0.088001
v 0.112094 1.606561 -0.183477
v 0.118958 1.542042 -0.061561
v -0.190085 1.602179 -0.146865
v 0.049590 1.585372 -0.038843
v 0.042738 1.598842 -0.263140
v 0.144072 1.573488 -0.109592
v -0.110014 1.617470 -0.283583
v -0.131815 1.595434 -0.055674
v -0.097688 0.081373 -0.164739
v -0.044564 0.110521 -0.215065
v 0.064314 0.143183 -0.216024
v 0.099054 0.146573 -0.161643
v -0.047878 0.103466 -0.121402
v 0.039985 0.136004 -0.117346
v 0.080537 0.175591 -0.187758
v 0.059440 0.171707 -0.143042
v -0.083227 0.143703 -0.189814
v -0.004739 0.169794 -0.220966
v -0.013150 0.163506 -0.120300
v -0.086220 0.140573 -0.149084
v -0.004685 0.036985 -0.155267
v 0.041538 0.068337 -0.215663
v 0.126865 0.103884 -0.220727
v 0.150177 0.112480 -0.159505
v 0.040401 0.055719 -0.111487
v 0.109938 0.095667 -0.110660
v 0.032230 0.097373 -0.105778
v -0.051113 0.053100 -0.135825
v 0.040172 0.105675 -0.231113
v 0.123184 0.128408 -0.190650
v -0.049203 0.061665 -0.186972
v 0.098360 0.122228 -0.133008
v 0.137392 0.028719 -0.157226
v 0.166301 0.044735 -0.222116
v 0.217051 0.066614 -0.226469
v 0.229646 0.076139 -0.159325
v 0.166466 0.033264 -0.106389
v 0.207969 0.058805 -0.104135
v 0.173436 0.087815 -0.127952
v 0.133827 0.061713 -0.100456
v 0.187728 0.094657 -0.193929
v 0.074134 0.043047 -0.185560
v 0.137697 0.070305 -0.233608
v 0.073539 0.030453 -0.126667
v 0.268123 0.021879 -0.173674
v 0.275920 0.029578 -0.217654
v 0.295752 0.041309 -0.215268
v 0.303614 0.044600 -0.164446
v 0.277227 0.024630 -0.129552
v 0.292887 0.035620 -0.122709
v 0.244703 0.035327 -0.099034
v 0.216291 0.021633 -0.135197
v 0.246823 0.042642 -0.241068
v 0.273961 0.059676 -0.198054
v 0.214245 0.029070 -0.199431
v 0.267890 0.053387 -0.126351
v 0.303100 2.702033 -0.035390
v 0.480705 2.956683 -0.050357
v 0.356031 2.521433 -0.035819
v 0.334073 2.606296 -0.072683
v 0.320020 2.536760 -0.057009
v 0.260408 2.647076 -0.056010
v 0.414276 2.612204 -0.083701
v 0.385341 2.556059 -0.081581
v 0.369518 2.665509 -0.083596
v 0.501046 2.913260 -0.093673
v 0.420244 2.691453 -0.090089
v 0.350822 2.734254 -0.070793
v 0.441486 2.771875 -0.102064
v 0.382695 2.836100 -0.084854
v 0.354686 2.800532 -0.043278
v 0.395016 2.759304 -0.094699
v 0.545555 2.806685 -0.079717
v 0.493247 2.840781 -0.109021
v 0.441355 2.920155 -0.089569
v 0.387620 2.907217 -0.050903
v 0.428524 2.849233 -0.108664
v 0.461827 2.500027 -0.072119
v 0.381524 2.398227 -0.031956
v 0.406587 2.359778 -0.029688
v 0.396466 2.391725 -0.055090
v 0.435821 2.371361 -0.055189
v 0.417667 2.411098 -0.072175
v 0.388362 2.421706 -0.060900
v 0.424074 2.518865 -0.081650
v 0.377887 2.494000 -0.067347
v 0.374781 2.446279 -0.037885
v 0.401830 2.456915 -0.078878
v 0.477170 2.449662 -0.073624
v 0.509925 2.372829 -0.029392
v 0.493160 2.398514 -0.069125
v 0.483118 2.374605 -0.056044
v 0.447124 2.438556 -0.079142
v 0.477176 2.414809 -0.078304
v 0.467197 2.353812 -0.030093
v 0.457889 2.396037 -0.073495
v 0.559012 2.778132 -0.035134
v 0.502000 2.735137 -0.065115
v 0.486338 2.616338 -0.061417
v 0.492400 2.666503 -0.066238
v 0.503052 2.722503 -0.073443
v 0.490422 2.690758 -0.060923
v 0.528524 2.755580 -0.073437
v 0.481601 2.557881 -0.060796
v 0.524864 2.759357 -0.051443
v 0.521432 2.409551 -0.023341
v 0.507557 2.418139 -0.055294
v 0.474107 2.476279 -0.055494
v 0.481773 2.493788 -0.062211
v 0.492752 2.445160 -0.063688
v 0.482495 2.430365 -0.055932
v 0.458647 2.580162 -0.073091
v 0.460141 2.643877 -0.076155
v 0.471247 2.708402 -0.084253
v 0.515646 2.400717 -0.048461
v 0.498291 2.419465 -0.069510
v 0.494750 2.771463 -0.092521
v 0.500977 2.781690 -0.027825
v 0.432809 2.644354 -0.024478
v 0.428214 2.601805 -0.023621
v 0.454710 2.622007 -0.042195
v 0.460535 2.666555 -0.046269
v 0.469765 2.716393 -0.052440
v 0.440513 2.693435 -0.028091
v 0.488982 2.758039 -0.050983
v 0.457068 2.746746 -0.030355
v 0.449083 2.571148 -0.042571
v 0.423170 2.542286 -0.024388
v 0.460527 2.405805 -0.021723
v 0.459497 2.415215 -0.042135
v 0.433471 2.429401 -0.026324
v 0.446924 2.508749 -0.043869
v 0.452376 2.451813 -0.046432
v 0.425668 2.481031 -0.025271
v 0.491081 2.413087 -0.039217
v 0.477640 2.596236 -0.052348
v 0.482614 2.640645 -0.054156
v 0.471215 2.535357 -0.053519
v -0.144418 1.840922 -1.106819
v -0.173655 1.765707 -1.100161
v -0.210435 1.777953 -1.025780
v -0.199776 1.811739 -1.166374
v -0.165548 1.840946 -1.149984
v -0.198300 1.759241 -1.043898
v -0.220948 1.787744 -1.072965
v -0.142900 1.812444 -1.120917
v -0.068948 2.559344 0.269084
v 0.126460 2.424754 0.246339
v 0.039104 2.016332 0.196735
v 0.094654 2.314677 0.303782
v -0.083181 2.226558 0.662493
v -0.050241 2.032455 0.172912
v -0.135507 2.078517 0.032462
v -0.196476 2.523336 0.065724
v -0.241921 1.735216 0.038413
v 0.205068 2.233224 0.186994
v 0.087077 2.034811 0.127620
v 0.141239 2.152425 0.157107
v -0.167820 2.280493 0.042625
v -0.068771 2.222384 0.239723
v 0.057839 2.180679 0.246410
v 0.100761 1.825033 0.109182
v -0.194050 1.905850 0.038139
v -0.072765 1.876222 0.203153
v 0.033599 1.837097 0.199593
v -0.160698 1.905205 0.116981
v 0.127259 1.819717 0.033900
v -0.144088 2.267267 0.142799
v 0.167995 2.135646 0.051009
v 0.105271 2.024186 0.040992
v 0.240543 2.228207 0.064052
v -0.098449 1.741430 0.258532
v 0.130528 1.676787 0.114496
v -0.178957 2.474285 0.223649
v -0.115092 2.077703 0.095267
v -0.194424 1.867165 0.972630
v -0.069205 2.639610 0.079110
v -0.128326 1.561809 0.051124
v -0.110555 1.575189 0.285377
v -0.147253 1.637357 0.027940
v 0.054366 1.629040 0.022227
v -0.200719 1.739830 0.140326
v 0.157153 1.679053 0.028220
v 0.035854 1.706123 0.243186
v 0.333049 2.519583 0.032736
v 0.276819 2.412147 0.050001
v 0.117975 2.638716 0.053585
v 0.195333 2.513424 0.106565
v -0.118721 2.252221 0.671776
v -0.171738 2.212051 0.623034
v -0.136198 2.186388 0.613752
v -0.175886 1.812591 1.000124
v -0.172693 1.846115 0.963782
v -0.162286 1.907472 1.019979
v -0.140555 1.886422 1.011131
v -0.147105 1.796944 1.158676
v -0.165596 1.871642 1.054948
v -0.145049 1.851891 1.046451
v -0.196433 1.832342 1.008621
v -0.158171 1.462163 1.263179
v -0.224197 1.772367 1.106830
v -0.206161 1.739764 1.062852
v -0.164986 1.827263 1.204812
v -0.066940 2.180835 0.724121
v -0.121782 2.229404 0.746159
v -0.148045 2.122314 0.655291
v -0.202887 2.170883 0.677329
v -0.184858 1.736928 1.275816
v -0.187302 1.649562 1.186099
v -0.211413 1.738596 1.167464
v -0.176739 1.660958 1.168192
v -0.191457 1.676124 1.210826
v -0.209772 1.643247 1.155675
v -0.200099 1.652400 1.135032
v -0.157482 1.752759 1.197134
v -0.167527 1.545545 1.344710
v -0.173838 1.709759 1.243411
v -0.167069 1.697078 1.228121
v -0.198686 1.692070 1.223569
v -0.169492 1.435459 1.417810
v -0.186773 1.542808 1.342603
v -0.179910 1.538734 1.337674
v -0.174390 1.549619 1.349639
v -0.148745 1.334719 1.322237
v -0.167225 1.455399 1.256077
v -0.172611 1.456325 1.260594
v -0.163558 1.463089 1.267696
v -0.158206 1.597676 1.399284
v -0.143920 1.738839 1.297883
v -0.165525 1.721732 1.271907
v -0.162333 1.755449 1.304342
v -0.151171 1.512023 1.465964
v -0.155852 1.604678 1.405783
v -0.148863 1.601994 1.404964
v -0.165195 1.600361 1.400103
v -0.092079 2.023405 0.875420
v -0.140795 2.069810 0.896611
v -0.164125 1.968894 0.811384
v -0.212841 2.015299 0.832575
v -0.121181 2.241772 0.469228
v -0.168813 2.306551 0.488768
v -0.088069 2.371238 0.558267
v -0.040437 2.306460 0.538727
v -0.001041 2.384987 0.403092
v -0.068184 2.494177 0.422343
v -0.168644 2.417578 0.348827
v -0.102998 2.308346 0.329025
v -0.040123 0.250811 0.210541
v 0.006420 1.004001 0.118936
v 0.141092 1.540400 0.113272
v 0.042510 1.565194 0.264827
v 0.046187 1.552202 0.037027
v -0.186486 1.560001 0.147918
v -0.057389 1.012389 0.219548
v 0.015341 1.008824 0.219633
v -0.097943 1.006742 0.161891
v -0.062658 1.007566 0.124087
v 0.043865 0.999613 0.156825
v 0.081986 0.173823 0.164294
v -0.043921 0.246435 0.139432
v -0.070001 0.245133 0.174900
v 0.026832 0.248505 0.207846
v 0.019410 0.244095 0.135482
v 0.060285 0.240487 0.168254
v 0.045078 0.798977 0.160813
v -0.012134 0.802929 0.100296
v 0.004125 0.807272 0.239082
v -0.148758 0.805397 0.173149
v -0.099286 0.806139 0.102372
v -0.102559 0.810482 0.249341
v 0.052905 0.525812 0.167876
v -0.003509 0.529763 0.113508
v 0.013782 0.534106 0.228367
v -0.125613 0.532232 0.178039
v -0.082972 0.532973 0.113609
v -0.085273 0.537316 0.238429
v 0.112321 1.376184 0.139917
v -0.109689 1.393832 0.082051
v -0.162255 1.386584 0.160544
v 0.035593 1.396663 0.264198
v -0.099172 1.399289 0.276959
v 0.030121 1.386057 0.074186
v 0.064135 1.138783 0.159469
v -0.080457 1.150388 0.121519
v -0.122033 1.148940 0.167475
v 0.020847 1.152226 0.242969
v -0.074106 1.157187 0.245253
v 0.010758 1.145192 0.115797
v -0.063100 0.944799 0.220316
v -0.066196 0.940439 0.121977
v -0.101870 0.939695 0.162797
v 0.011491 0.941577 0.218520
v 0.001090 0.937217 0.114757
v 0.040007 0.933250 0.153782
v 0.051250 0.312141 0.167726
v 0.013746 0.316092 0.134919
v 0.022881 0.320435 0.206860
v -0.066288 0.318561 0.175963
v -0.042134 0.319302 0.139701
v -0.038777 0.323645 0.210315
v -0.194473 1.633229 0.146192
v 0.052081 1.607558 0.042178
v 0.042382 1.623657 0.261201
v 0.145093 1.597775 0.110471
v -0.109236 1.648205 0.281245
v -0.136116 1.617884 0.057723
v -0.013391 0.073149 0.115508
v -0.050912 0.156958 0.210947
v -0.054754 0.151656 0.130242
v 0.045968 0.175407 0.210362
v -0.095932 0.137586 0.168951
v 0.026285 0.169445 0.126170
v 0.156995 0.076912 0.107450
v 0.091397 0.121225 0.219101
v -0.063702 0.049744 0.159658
v 0.069119 0.113256 0.112914
v 0.121368 0.127869 0.160153
v -0.011163 0.083206 0.216011
v 0.230125 0.026450 0.111188
v 0.186450 0.094818 0.159176
v 0.102122 0.056111 0.217136
v 0.101609 0.043066 0.107773
v 0.169493 0.084923 0.223011
v 0.063692 0.032160 0.153625
v 0.301705 0.030163 0.172218
v 0.264207 0.052358 0.228388
v 0.211479 0.023466 0.166495
v 0.258286 0.044697 0.104894
v 0.274952 0.059085 0.160543
v 0.228895 0.034986 0.228045
v 0.373619 2.611412 0.082262
v 0.249240 2.673832 0.031858
v 0.289418 2.589865 0.064691
v 0.524061 2.393769 0.026502
v 0.464651 2.675161 0.079728
v 0.522377 2.933990 0.054346
v 0.336676 2.746666 0.039189
v 0.464514 2.885674 0.109028
v 0.430602 2.944775 0.050702
v 0.380316 2.713639 0.087946
v 0.458517 2.613739 0.074145
v 0.366197 2.856383 0.047879
v 0.407859 2.805607 0.102469
v 0.396041 2.504153 0.081288
v 0.389427 2.377312 0.030487
v 0.476411 2.394302 0.072770
v 0.401152 2.418476 0.070875
v 0.377938 2.418166 0.035408
v 0.565037 2.821908 0.046022
v 0.435685 2.352722 0.029645
v 0.468267 2.470944 0.072829
v 0.491370 2.359692 0.030375
v 0.437490 2.402094 0.072763
v 0.369019 2.488047 0.037884
v 0.493583 2.409532 0.021641
v 0.495069 2.715297 0.064016
v 0.533092 2.773857 0.029328
v 0.478137 2.450418 0.056791
v 0.487791 2.432616 0.072918
v 0.507034 2.409141 0.062402
v 0.519127 2.791277 0.092719
v 0.459373 2.539897 0.072319
v 0.479794 2.742373 0.088815
v 0.474926 2.771067 0.029237
v 0.430512 2.623933 0.023695
v 0.436096 2.667694 0.026099
v 0.446562 2.720005 0.029791
v 0.425257 2.573747 0.023965
v 0.441531 2.412451 0.024218
v 0.428867 2.453136 0.026286
v 0.423499 2.511014 0.024690
v 0.486675 2.418740 0.050448
v 0.512804 2.748255 0.062283
v 0.480196 2.619294 0.052627
v 0.471424 2.504786 0.054345
v 0.486167 2.664904 0.057223
v 0.473982 2.567217 0.052776
v -0.166265 1.845651 1.104058
v -0.188602 1.779768 1.031636
v -0.211651 1.802360 1.048344
v -0.143216 1.823059 1.087350
v -0.068948 2.559344 -0.269084
v 0.126460 2.424754 -0.246339
v 0.039104 2.016332 -0.196735
v 0.094654 2.314677 -0.303782
v -0.083181 2.226558 -0.662493
v -0.050241 2.032455 -0.172912
v -0.135507 2.078517 -0.032462
v -0.196476 2.523336 -0.065724
v -0.241921 1.735216 -0.038413
v 0.205068 2.233224 -0.186994
v 0.087077 2.034811 -0.127620
v 0.141239 2.152425 -0.157107
v -0.167820 2.280493 -0.042625
v -0.068771 2.222384 -0.239723
v 0.057839 2.180679 -0.246410
v 0.100761 1.825033 -0.109182
v -0.194050 1.905850 -0.038139
v -0.072765 1.876222 -0.203153
v 0.033599 1.837097 -0.199593
v -0.160698 1.905205 -0.116981
v 0.127259 1.819717 -0.033900
v -0.144088 2.267267 -0.142799
v 0.167995 2.135646 -0.051009
v 0.105271 2.024186 -0.040992
v 0.240544 2.228207 -0.064052
v -0.098449 1.741430 -0.258532
v 0.130528 1.676787 -0.114496
v -0.178957 2.474285 -0.223649
v -0.115092 2.077703 -0.095267
v -0.194424 1.867165 -0.972630
v -0.069205 2.639610 -0.079110
v -0.128326 1.561809 -0.051124
v -0.110555 1.575189 -0.285377
v -0.147253 1.637357 -0.027940
v 0.054366 1.629040 -0.022227
v -0.200719 1.739830 -0.140326
v 0.157153 1.679053 -0.028220
v 0.035854 1.706123 -0.243186
v 0.333049 2.519583 -0.032736
v 0.276819 2.412147 -0.050001
v 0.117975 2.638716 -0.053585
v 0.195333 2.513424 -0.106565
v -0.118721 2.252221 -0.671776
v -0.171738 2.212051 -0.623034
v -0.136198 2.186388 -0.613752
v -0.175886 1.812591 -1.000124
v -0.172693 1.846115 -0.963782
v -0.162286 1.907472 -1.019979
v -0.140555 1.886422 -1.011131
v -0.147105 1.796944 -1.158676
v -0.165596 1.871642 -1.054948
v -0.145049 1.851891 -1.046451
v -0.196433 1.832342 -1.008621
v -0.158171 1.462163 -1.263179
v -0.224197 1.772367 -1.106829
v -0.206161 1.739764 -1.062852
v -0.164986 1.827263 -1.204812
v -0.066940 2.180835 -0.724121
v -0.121782 2.229404 -0.746159
v -0.148045 2.122314 -0.655291
v -0.202887 2.170883 -0.677329
v -0.184858 1.736928 -1.275816
v -0.187302 1.649562 -1.186099
v -0.211413 1.738596 -1.167464
v -0.176739 1.660958 -1.168192
v -0.191457 1.676124 -1.210826
v -0.209772 1.643247 -1.155675
v -0.200099 1.652400 -1.135032
v -0.157482 1.752759 -1.197134
v -0.167527 1.545545 -1.344710
v -0.173838 1.709759 -1.243411
v -0.167069 1.697078 -1.228121
v -0.198686 1.692070 -1.223569
v -0.169492 1.435459 -1.417810
v -0.186773 1.542808 -1.342604
v -0.179910 1.538734 -1.337674
v -0.174390 1.549619 -1.349639
v -0.148745 1.334719 -1.322237
v -0.167225 1.455399 -1.256077
v -0.172611 1.456325 -1.260594
v -0.163558 1.463089 -1.267696
v -0.158206 1.597676 -1.399284
v -0.143920 1.738839 -1.297883
v -0.165525 1.721732 -1.271907
v -0.162333 1.755449 -1.304342
v -0.151171 1.512023 -1.465964
v -0.155852 1.604678 -1.405783
v -0.148863 1.601994 -1.404964
v -0.165195 1.600361 -1.400103
v -0.092079 2.023405 -0.875420
v -0.140795 2.069810 -0.896611
v -0.164125 1.968894 -0.811384
v -0.212841 2.015299 -0.832575
v -0.121181 2.241772 -0.469228
v -0.168813 2.306551 -0.488768
v -0.088069 2.371238 -0.558267
v -0.040437 2.306460 -0.538727
v -0.001041 2.384987 -0.403092
v -0.068184 2.494177 -0.422343
v -0.168644 2.417577 -0.348827
v -0.102998 2.308346 -0.329025
v -0.040123 0.250811 -0.210541
v 0.006420 1.004001 -0.118936
v 0.141092 1.540400 -0.113272
v 0.042510 1.565194 -0.264828
v 0.046187 1.552202 -0.037027
v -0.186486 1.560001 -0.147918
v -0.057389 1.012389 -0.219548
v 0.015341 1.008824 -0.219633
v -0.097943 1.006742 -0.161891
v -0.062658 1.007566 -0.124087
v 0.043865 0.999613 -0.156825
v 0.081986 0.173823 -0.164294
v -0.043921 0.246435 -0.139432
v -0.070001 0.245133 -0.174900
v 0.026832 0.248505 -0.207846
v 0.019410 0.244095 -0.135482
v 0.060285 0.240487 -0.168254
v 0.045078 0.798977 -0.160813
v -0.012134 0.802929 -0.100296
v 0.004125 0.807272 -0.239082
v -0.148758 0.805398 -0.173149
v -0.099286 0.806139 -0.102372
v -0.102559 0.810482 -0.249341
v 0.052905 0.525812 -0.167876
v -0.003509 0.529763 -0.113508
v 0.013782 0.534106 -0.228367
v -0.125613 0.532232 -0.178039
v -0.082972 0.532973 -0.113609
v -0.085273 0.537316 -0.238429
v 0.112321 1.376184 -0.139917
v -0.109689 1.393832 -0.082051
v -0.162255 1.386584 -0.160544
v 0.035593 1.396663 -0.264198
v -0.099172 1.399289 -0.276959
v 0.030121 1.386057 -0.074186
v 0.064135 1.138783 -0.159469
v -0.080457 1.150388 -0.121519
v -0.122033 1.148940 -0.167475
v 0.020847 1.152226 -0.242969
v -0.074106 1.157187 -0.245253
v 0.010758 1.145192 -0.115797
v -0.063100 0.944799 -0.220316
v -0.066196 0.940439 -0.121977
v -0.101870 0.939695 -0.162797
v 0.011491 0.941577 -0.218520
v 0.001090 0.937217 -0.114757
v 0.040007 0.933250 -0.153782
v 0.051250 0.312141 -0.167726
v 0.013746 0.316092 -0.134919
v 0.022881 0.320435 -0.206860
v -0.066288 0.318561 -0.175963
v -0.042134 0.319302 -0.139701
v -0.038777 0.323645 -0.210315
v -0.194473 1.633229 -0.146192
v 0.052081 1.607558 -0.042178
v 0.042382 1.623657 -0.261201
v 0.145093 1.597775 -0.110471
v -0.109236 1.648205 -0.281245
v -0.136116 1.617884 -0.057723
v -0.013391 0.073150 -0.115508
v -0.050912 0.156958 -0.210947
v -0.054754 0.151656 -0.130242
v 0.045968 0.175407 -0.210362
v -0.095932 0.137586 -0.168951
v 0.026285 0.169444 -0.126170
v 0.156995 0.076912 -0.107450
v 0.091397 0.121225 -0.219100
v -0.063702 0.049744 -0.159658
v 0.069119 0.113256 -0.112914
v 0.121368 0.127869 -0.160153
v -0.011163 0.083206 -0.216011
v 0.230125 0.026450 -0.111188
v 0.186450 0.094818 -0.159176
v 0.102122 0.056111 -0.217136
v 0.101609 0.043066 -0.107773
v 0.169493 0.084923 -0.223011
v 0.063692 0.032160 -0.153625
v 0.301705 0.030163 -0.172218
v 0.264207 0.052358 -0.228388
v 0.211479 0.023466 -0.166495
v 0.258286 0.044697 -0.104894
v 0.274952 0.059085 -0.160543
v 0.228895 0.034986 -0.228045
v 0.373619 2.611412 -0.082262
v 0.249240 2.673832 -0.031858
v 0.289418 2.589865 -0.064691
v 0.524061 2.393769 -0.026502
v 0.464651 2.675161 -0.079728
v 0.522377 2.933990 -0.054346
v 0.336676 2.746666 -0.039189
v 0.464514 2.885674 -0.109028
v 0.430602 2.944776 -0.050702
v 0.380316 2.713639 -0.087946
v 0.458517 2.613739 -0.074145
v 0.366197 2.856383 -0.047879
v 0.407859 2.805607 -0.102469
v 0.396041 2.504153 -0.081288
v 0.389427 2.377312 -0.030487
v 0.476411 2.394302 -0.072770
v 0.401152 2.418477 -0.070875
v 0.377938 2.418166 -0.035408
v 0.565037 2.821908 -0.046022
v 0.435685 2.352722 -0.029645
v 0.468267 2.470944 -0.072829
v 0.491370 2.359692 -0.030375
v 0.437490 2.402094 -0.072763
v 0.369019 2.488047 -0.037884
v 0.493583 2.409532 -0.021641
v 0.495069 2.715297 -0.064016
v 0.533092 2.773857 -0.029328
v 0.478137 2.450418 -0.056791
v 0.487791 2.432616 -0.072918
v 0.507034 2.409141 -0.062402
v 0.519127 2.791277 -0.092719
v 0.459373 2.539897 -0.072319
v 0.479794 2.742373 -0.088815
v 0.474926 2.771067 -0.029237
v 0.430512 2.623933 -0.023695
v 0.436096 2.667694 -0.026099
v 0.446562 2.720005 -0.029791
v 0.425257 2.573747 -0.023965
v 0.441531 2.412451 -0.024218
v 0.428867 2.453136 -0.026286
v 0.423499 2.511014 -0.024690
v 0.486675 2.418739 -0.050448
v 0.512804 2.748255 -0.062283
v 0.480196 2.619294 -0.052627
v 0.471424 2.504786 -0.054345
v 0.486167 2.664904 -0.057223
v 0.473982 2.567217 -0.052776
v -0.166265 1.845651 -1.104058
v -0.188602 1.779768 -1.031636
v -0.211651 1.802360 -1.048344
v -0.143216 1.823059 -1.087350
vn 0.3683 0.7436 0.5581
vn -0.0100 0.9056 0.4239
vn 0.0570 0.9044 0.4229
vn 0.5302 0.7107 0.4624
vn -0.6487 0.6933 0.3140
vn -0.6524 0.6873 0.3194
vn -0.6618 0.6626 0.3507
vn 0.0834 0.9012 0.4254
vn 0.7018 0.4833 0.5233
vn 0.8743 0.0935 0.4764
vn 0.6659 0.4231 0.6145
vn 0.7478 0.4557 0.4829
vn 0.8553 0.1527 0.4950
vn 0.7013 0.1912 0.6868
vn 0.7404 0.0504 0.6703
vn 0.8208 -0.0077 0.5712
vn 0.8145 -0.1635 0.5567
vn 0.4602 -0.1661 0.8721
vn 0.5524 0.0251 0.8332
vn 0.6815 -0.4347 0.5888
vn 0.3772 -0.3407 0.8612
vn -0.2276 -0.3060 0.9244
vn -0.1667 -0.0908 0.9818
vn 0.0122 0.1546 0.9879
vn 0.4491 -0.5523 0.7023
vn 0.6213 -0.2748 0.7338
vn 0.4281 -0.2919 0.8553
vn 0.2554 -0.4781 0.8403
vn 0.5841 -0.3099 0.7502
vn 0.0526 -0.6509 0.7573
vn 0.6948 -0.7033 -0.1504
vn 0.9469 -0.2828 0.1530
vn 0.9883 -0.1526 -0.0009
vn 0.7511 -0.5895 -0.2973
vn 0.6397 0.4192 0.6442
vn 0.6437 0.6077 0.4652
vn 0.6490 0.7412 0.1715
vn 0.9743 0.0438 -0.2211
vn 0.7654 -0.3716 -0.5254
vn -0.6039 -0.0249 0.7967
vn -0.4548 0.2261 0.8614
vn -0.6537 -0.2906 0.6988
vn -0.8234 -0.2718 0.4981
vn -0.7775 0.0041 0.6289
vn -0.6627 0.2500 0.7059
vn -0.8950 0.3041 0.3264
vn -0.9497 0.0653 0.3062
vn -0.9807 0.0738 0.1811
vn -0.9320 0.3195 0.1709
vn -0.9503 -0.1791 0.2545
vn -0.9726 -0.1613 0.1676
vn -0.9876 -0.1569 -0.0000
vn -0.9973 0.0741 -0.0000
vn -0.9464 0.3231 -0.0000
vn -0.9778 -0.1639 0.1303
vn -0.9755 0.1489 0.1622
vn -0.9747 0.1843 0.1266
vn -0.9869 -0.1280 0.0984
vn -0.6467 0.7256 0.2351
vn -0.6474 0.7622 -0.0000
vn -0.9786 0.2058 -0.0000
vn -0.9936 -0.1128 -0.0000
vn -0.8924 0.2497 0.3759
vn -0.9465 0.2582 0.1936
vn -0.9808 -0.1132 0.1586
vn -0.9491 -0.0562 0.3101
vn -0.9629 0.2699 -0.0000
vn -0.9935 -0.1140 -0.0000
vn -0.7451 -0.6669 -0.0000
vn -0.7482 -0.6630 0.0251
vn -0.8657 -0.4995 -0.0309
vn 0.8845 -0.3820 0.2677
vn 0.9223 -0.2113 0.3236
vn 0.8258 -0.2364 0.5120
vn 0.7693 -0.4208 0.4808
vn 0.9645 0.0760 0.2530
vn 0.9683 -0.0975 0.2298
vn 0.9295 -0.1291 0.3454
vn 0.9228 0.0318 0.3839
vn 0.7971 -0.5458 0.2584
vn 0.7612 -0.5251 0.3806
vn 0.4753 -0.8466 0.2396
vn 0.4649 -0.7884 0.4028
vn 0.4117 -0.8822 0.2285
vn 0.3774 -0.8295 0.4117
vn 0.4571 -0.6229 0.6348
vn -0.9460 -0.2708 0.1779
vn -0.9624 -0.2404 0.1268
vn -0.9734 -0.2292 -0.0000
vn -0.1763 -0.4771 0.8610
vn -0.5863 -0.4969 0.6398
vn -0.4934 -0.7449 0.4490
vn -0.8926 -0.4276 0.1430
vn -0.8150 -0.4384 0.3790
vn 0.2661 -0.4724 0.8403
vn 0.9284 0.1902 0.3193
vn 0.9390 0.1618 0.3035
vn 0.8895 0.1277 0.4387
vn 0.8748 0.1952 0.4434
vn 0.8120 0.1183 0.5716
vn 0.8088 0.2066 0.5506
vn -0.8533 0.3844 0.3523
vn -0.8958 0.4078 0.1765
vn -0.9090 0.4168 -0.0000
vn 0.1832 0.3716 0.9101
vn 0.1547 0.3353 0.9293
vn -0.3495 0.3857 0.8539
vn -0.3721 0.3969 0.8390
vn -0.6056 0.3665 0.7063
vn -0.6562 0.3304 0.6784
vn 0.6231 0.1883 0.7591
vn 0.6477 0.2556 0.7177
vn -0.7620 0.3637 0.5358
vn -0.8003 0.2732 0.5337
vn -0.8108 0.2754 0.5166
vn 0.9796 0.2009 -0.0000
vn 0.9797 0.2004 -0.0000
vn 0.9695 0.1904 0.1544
vn 0.9667 0.1955 0.1654
vn 0.9942 0.1073 -0.0000
vn 0.9852 0.1006 0.1386
vn -0.9160 -0.3323 0.2250
vn -0.9119 -0.2234 0.3443
vn -0.9620 -0.2315 0.1449
vn 0.8236 -0.5671 -0.0000
vn 0.5223 -0.8527 -0.0000
vn 0.5081 -0.8536 0.1152
vn 0.8167 -0.5583 0.1459
vn 0.4821 -0.8761 -0.0000
vn 0.4616 -0.8810 0.1038
vn 0.9963 -0.0864 -0.0000
vn 0.9865 -0.0874 0.1382
vn 0.9349 -0.3550 -0.0000
vn 0.9669 -0.2553 -0.0000
vn 0.9572 -0.2386 0.1636
vn 0.9241 -0.3615 0.1242
vn 0.9811 -0.1935 -0.0000
vn 0.9612 -0.1293 0.2436
vn -0.4467 0.3206 0.8352
vn 0.1584 0.3226 0.9332
vn -0.7409 0.2170 0.6357
vn -0.8056 0.1094 0.5823
vn -0.5097 0.2287 0.8294
vn 0.1254 0.2490 0.9604
vn 0.9145 0.1685 0.3678
vn 0.9843 -0.0130 0.1762
vn 0.8107 0.2370 0.5354
vn 0.8247 0.1899 0.5327
vn 0.9765 0.0513 0.2093
vn 0.8370 -0.4114 -0.3607
vn -0.9870 0.0828 0.1376
vn -0.9809 0.1068 0.1626
vn -0.8908 0.0343 0.4531
vn -0.8076 0.3679 0.4609
vn -0.9887 0.0342 0.1461
vn -0.9950 0.0484 0.0877
vn -0.8633 0.3658 0.3476
vn -0.6527 -0.6033 -0.4582
vn -0.5594 -0.5860 -0.5863
vn -0.4720 -0.6252 -0.6216
vn -0.9963 0.0832 0.0213
vn -0.8801 0.3656 0.3027
vn 0.0238 0.9997 -0.0000
vn -0.1080 0.9941 -0.0000
vn -0.0787 0.9486 0.3067
vn 0.1037 0.9216 0.3741
vn -0.8453 -0.1149 -0.5217
vn -0.3591 0.0445 -0.9322
vn -0.3905 -0.0260 -0.9202
vn -0.8443 -0.1097 -0.5245
vn -0.0834 0.1365 -0.9871
vn -0.0861 0.0106 -0.9962
vn -0.0826 -0.1825 -0.9797
vn -0.3998 -0.1885 -0.8970
vn -0.8337 -0.1906 -0.5183
vn 0.0876 0.0700 0.9937
vn -0.5714 0.0517 0.8190
vn -0.5812 0.0016 0.8138
vn 0.0787 0.0182 0.9967
vn -0.8627 -0.0109 0.5056
vn -0.8748 -0.0343 0.4832
vn -0.8765 -0.0888 0.4732
vn -0.5844 -0.0657 0.8088
vn 0.0699 -0.0387 0.9968
vn -0.2636 -0.9646 -0.0000
vn -0.2572 -0.9635 -0.0737
vn -0.0408 -0.9992 -0.0000
vn -0.0470 -0.9951 -0.0870
vn -0.0779 -0.7808 -0.6198
vn -0.3095 -0.8015 -0.5116
vn 0.0916 -0.9958 -0.0000
vn 0.0747 -0.9774 -0.1975
vn 0.5679 -0.8231 -0.0000
vn 0.5938 -0.7845 -0.1785
vn 0.0824 -0.6869 -0.7220
vn -0.8759 0.0790 0.4759
vn -0.9296 -0.0883 0.3579
vn 0.9853 -0.1574 0.0672
vn 0.9823 -0.1871 -0.0000
vn 0.6445 0.2514 0.7221
vn 0.6342 0.2042 0.7457
vn 0.5329 -0.1024 0.8399
vn 0.8334 -0.3950 0.3866
vn 0.4151 -0.8259 0.3816
vn 0.1503 -0.3751 0.9147
vn 0.8785 -0.4778 -0.0000
vn 0.4715 -0.8819 -0.0000
vn -0.5504 -0.8349 -0.0000
vn -0.5935 -0.7495 0.2933
vn -0.3970 -0.3538 0.8469
vn 0.9214 -0.2056 0.3299
vn 0.7190 0.0534 0.6930
vn 0.9551 -0.2964 -0.0000
vn 0.0129 0.8917 0.4524
vn -0.1039 0.9946 -0.0000
vn 0.2724 0.5948 0.7563
vn 0.0733 0.4823 0.8729
vn -0.1401 0.8599 0.4909
vn -0.2227 0.9749 -0.0000
vn 0.4832 0.3110 0.8184
vn 0.2557 0.1726 0.9512
vn -0.2422 0.7107 0.6604
vn -0.2474 0.8264 0.5058
vn -0.7533 0.5259 0.3949
vn -0.7264 0.6292 0.2765
vn -0.6529 0.7476 0.1218
vn -0.1682 0.9403 0.2959
vn -0.9880 0.1356 0.0740
vn -0.9702 0.2372 -0.0484
vn -0.7121 -0.6289 -0.3122
vn -0.6283 -0.5884 -0.5089
vn -0.5487 -0.3064 -0.7779
vn -0.8998 0.3807 -0.2134
vn 0.1931 -0.9172 -0.3486
vn 0.3252 -0.8141 -0.4811
vn 0.3557 -0.5765 -0.7356
vn 0.6036 -0.6235 -0.4969
vn 0.5764 -0.6966 -0.4273
vn -0.5266 -0.6508 -0.5469
vn 0.8965 -0.3695 -0.2443
vn 0.8798 -0.4000 -0.2570
vn 0.8475 -0.4498 -0.2818
vn 0.5578 -0.6714 -0.4879
vn -0.5346 -0.4488 -0.7160
vn 0.3830 -0.7247 -0.5729
vn 0.5666 -0.6017 -0.5630
vn 0.8000 -0.5335 -0.2746
vn 0.8690 -0.4281 -0.2480
vn 0.6189 0.3868 0.6836
vn -0.3279 0.6031 0.7271
vn -0.4039 0.6877 0.6033
vn 0.6376 0.5094 0.5779
vn -0.4299 0.6527 0.6238
vn 0.5664 0.5142 0.6441
vn 0.9699 -0.2183 0.1075
vn 0.9849 -0.1597 0.0663
vn 0.9954 -0.0896 0.0348
vn 0.8117 -0.5440 -0.2127
vn 0.9621 -0.2615 -0.0773
vn 0.9511 -0.2966 -0.0861
vn 0.8411 -0.4898 -0.2296
vn 0.8140 0.5696 0.1140
vn 0.8358 0.5068 0.2109
vn 0.7938 0.4894 0.3610
vn 0.9596 -0.2397 -0.1474
vn 0.8895 -0.3137 -0.3323
vn -0.4598 0.5746 0.6771
vn 0.6187 0.4690 0.6303
vn -0.8731 0.3911 0.2911
vn -0.8097 0.5611 0.1720
vn -0.3406 0.8270 0.4473
vn 0.7396 0.6076 0.2895
vn 0.9955 -0.0905 -0.0293
vn 0.9860 -0.1297 -0.1047
vn -0.9870 0.1568 -0.0347
vn -0.9461 0.2969 -0.1294
vn 0.8093 -0.2091 -0.5490
vn 0.9962 0.0580 -0.0645
vn 0.9960 0.0705 -0.0550
vn 0.7633 -0.2258 -0.6053
vn 0.6643 0.3577 0.6563
vn 0.6430 0.3692 0.6710
vn 0.6159 0.3700 0.6955
vn 0.9987 0.0270 0.0436
vn 0.7272 -0.2457 -0.6409
vn -0.7365 0.6683 0.1046
vn -0.9410 0.3327 -0.0626
vn -0.9718 0.2215 0.0811
vn -0.7992 0.5603 0.2176
vn -0.6250 -0.3839 -0.6797
vn -0.7423 -0.4510 -0.4956
vn -0.7757 -0.4658 -0.4258
vn -0.9757 0.0850 0.2021
vn -0.8692 0.3664 0.3321
vn 0.4809 -0.6790 -0.5547
vn 0.4470 -0.6989 -0.5583
vn 0.4577 -0.5636 -0.6877
vn -0.1673 0.9675 0.1897
vn -0.2088 0.9105 0.3570
vn -0.2701 0.7895 0.5512
vn 0.9831 0.0184 -0.1823
vn 0.7482 -0.3661 -0.5533
vn 0.6767 0.6745 0.2951
vn 0.6684 0.4839 0.5649
vn 0.9913 -0.1312 -0.0043
vn 0.7441 -0.5107 -0.4307
vn -0.1497 0.8971 0.4158
vn -0.6786 0.7004 0.2213
vn -0.7354 0.5227 0.4313
vn -0.2006 0.7117 0.6732
vn 0.2679 -0.5441 -0.7951
vn -0.6097 -0.2926 -0.7367
vn 0.2058 -0.6974 -0.6865
vn -0.6896 -0.4684 -0.5522
vn -0.9327 0.3266 -0.1526
vn -0.9864 0.1578 0.0457
vn -0.9559 -0.1358 0.2605
vn -0.9773 -0.1944 0.0840
vn -0.8481 0.3125 0.4278
vn -0.9141 -0.2058 0.3495
vn -0.5670 -0.7638 -0.3084
vn -0.5092 -0.6455 -0.5692
vn -0.9851 -0.1716 -0.0128
vn -0.7968 0.3069 0.5205
vn 0.9552 -0.2918 0.0493
vn -0.0633 -0.7156 0.6956
vn -0.2007 0.2366 0.9507
vn 0.7208 0.1839 0.6683
vn -0.9244 -0.1583 0.3471
vn -0.7806 0.0649 0.6216
vn -0.7399 0.1852 0.6467
vn -0.1948 0.3726 0.9073
vn -0.9472 -0.0753 0.3117
vn -0.9620 -0.0793 0.2612
vn -0.9449 -0.0278 0.3263
vn 0.9632 -0.1896 -0.1904
vn 0.9939 -0.0506 -0.0976
vn 0.8564 -0.2063 -0.4733
vn 0.1491 -0.8525 -0.5011
vn -0.8762 -0.4493 -0.1745
vn 0.7668 -0.5254 -0.3687
vn 0.6887 -0.4694 -0.5525
vn 0.1469 -0.6701 -0.7276
vn -0.8065 -0.4407 -0.3940
vn -0.9570 -0.0704 0.2814
vn -0.6412 -0.5329 -0.5522
vn -0.6399 -0.5029 -0.5811
vn -0.9441 -0.0069 0.3296
vn 0.4854 -0.4339 -0.7591
vn 0.4626 -0.4087 -0.7867
vn 0.9559 -0.2281 -0.1850
vn 0.9722 -0.2000 -0.1217
vn 0.9161 -0.3970 -0.0567
vn 0.9405 -0.3020 -0.1557
vn 0.9577 -0.1879 -0.2180
vn 0.9669 -0.1393 -0.2136
vn 0.6423 -0.4458 -0.6235
vn 0.8017 0.3206 0.5044
vn 0.7488 0.3639 0.5541
vn 0.7134 0.3766 0.5910
vn 0.9950 -0.0953 0.0297
vn 0.6084 -0.4512 -0.6529
vn 0.0425 -0.7448 0.6659
vn -0.1548 0.4493 0.8798
vn 0.8541 0.1032 0.5097
vn -0.7264 0.3764 0.5751
vn -0.6685 0.4171 0.6158
vn -0.0938 0.5581 0.8245
vn 0.9435 -0.2734 -0.1872
vn -0.9506 0.1682 0.2607
vn -0.9488 0.1492 0.2785
vn 0.0599 -0.8206 0.5684
vn -0.0171 -0.6478 -0.7616
vn 0.0308 0.4734 0.8803
vn -0.5834 0.3959 0.7092
vn -0.9738 -0.1540 0.1674
vn -0.7164 -0.4801 -0.5062
vn -0.9509 0.0991 0.2931
vn -0.6198 0.3988 0.6758
vn -0.7467 -0.4636 -0.4770
vn 0.1633 -0.5999 -0.7833
vn -0.0829 0.5297 0.8441
vn -0.6960 -0.4370 -0.5697
vn 0.0729 -0.5095 -0.8574
vn 0.1306 -0.8861 0.4448
vn -0.9694 -0.2282 0.0903
vn -0.0318 0.3559 0.9340
vn -0.6465 0.2366 0.7253
vn 0.3459 -0.4113 -0.8433
vn -0.6799 -0.4520 -0.5774
vn -0.9310 0.0217 0.3644
vn -0.6899 0.2190 0.6900
vn -0.1694 0.3815 0.9087
vn 0.2496 -0.6902 -0.6792
vn 0.2436 -0.5992 -0.7626
vn -0.4246 -0.6030 -0.6754
vn 0.7265 -0.4735 -0.4980
vn 0.6443 -0.4604 -0.6107
vn 0.5884 -0.4676 -0.6597
vn 0.1565 -0.6159 -0.7722
vn -0.3748 -0.5913 -0.7140
vn 0.9801 -0.1766 -0.0911
vn 0.7741 -0.5388 -0.3323
vn 0.6508 0.4577 0.6058
vn 0.6128 0.4197 0.6696
vn 0.9733 -0.1685 -0.1559
vn 0.2174 -0.8591 -0.4634
vn -0.3431 0.6200 0.7056
vn -0.3657 0.5147 0.7755
vn -0.6693 0.3725 0.6428
vn -0.9673 -0.2535 -0.0068
vn 0.0310 -0.8169 0.5759
vn -0.1757 0.4970 0.8498
vn 0.9816 -0.0012 0.1911
vn 0.6280 0.4254 0.6517
vn -0.3029 0.5178 0.8001
vn 0.6207 0.4271 0.6576
vn -0.7232 0.3474 0.5969
vn 0.9508 -0.1828 -0.2501
vn -0.9858 -0.1629 -0.0406
vn 0.9720 -0.2144 0.0959
vn 0.7490 -0.5742 -0.3307
vn 0.6265 0.3621 0.6902
vn -0.2548 0.5884 0.7674
vn -0.7598 0.4075 0.5066
vn 0.2312 -0.7694 -0.5955
vn -0.6960 -0.5703 -0.4363
vn -0.9873 0.0618 0.1464
vn -0.7971 -0.5036 -0.3333
vn -0.0027 -0.8985 -0.4390
vn 0.0790 -0.9213 -0.3806
vn -0.7735 -0.5603 -0.2962
vn 0.6727 -0.7144 -0.1926
vn 0.6828 -0.7124 -0.1622
vn -0.7285 0.5255 0.4394
vn -0.9903 0.1114 0.0826
vn -0.9878 0.1257 0.0921
vn -0.7476 0.5131 0.4216
vn 0.7379 0.4200 0.5283
vn -0.0857 0.7595 0.6449
vn -0.1829 0.7046 0.6856
vn 0.6856 0.3778 0.6223
vn 0.9569 -0.2667 0.1146
vn 0.9454 -0.2912 0.1462
vn 0.9058 -0.2611 0.3335
vn 0.4873 -0.8466 0.2142
vn 0.7376 0.5089 0.4438
vn 0.0284 0.8605 0.5086
vn -0.6880 0.5967 0.4131
vn -0.9907 0.0944 0.0977
vn -0.8765 -0.4547 -0.1584
vn -0.2745 -0.9546 -0.1154
vn 0.0311 0.0142 0.9994
vn -0.4370 0.0101 0.8994
vn -0.4247 -0.0175 0.9052
vn 0.0198 -0.0364 0.9991
vn -0.7957 0.0252 0.6051
vn -0.7806 0.0584 0.6222
vn -0.7581 0.1326 0.6385
vn -0.4154 0.0535 0.9081
vn -0.0004 0.0435 0.9991
vn -0.0638 -0.0280 -0.9976
vn 0.2889 -0.0298 -0.9569
vn 0.3212 0.0074 -0.9470
vn -0.0625 -0.0023 -0.9980
vn 0.6876 -0.0710 -0.7226
vn 0.7145 -0.0085 -0.6996
vn 0.7211 -0.0098 -0.6927
vn 0.3321 0.0306 -0.9428
vn -0.0673 0.0512 -0.9964
vn 0.6519 -0.0535 -0.7564
vn 0.9976 -0.0692 -0.0065
vn 0.9921 -0.1240 -0.0180
vn 0.6522 -0.1716 -0.7383
vn 0.8486 0.0109 0.5290
vn 0.8518 -0.0197 0.5235
vn 0.8535 -0.0607 0.5175
vn 0.9838 -0.1751 -0.0376
vn 0.6436 -0.2557 -0.7214
vn 0.6228 0.0481 0.7809
vn 0.6198 0.0120 0.7847
vn 0.6141 -0.0269 0.7888
vn 0.1331 0.0758 -0.9882
vn 0.1582 -0.0685 -0.9850
vn 0.1789 -0.2179 -0.9594
vn -0.9825 -0.1070 0.1525
vn -0.9900 -0.0933 0.1057
vn -0.9881 -0.1325 0.0776
vn -0.0011 -0.2016 0.9795
vn -0.5791 -0.2025 0.7897
vn -0.5738 -0.1401 0.8069
vn 0.0082 -0.1470 0.9891
vn -0.8262 -0.1843 0.5323
vn -0.8257 -0.1227 0.5506
vn -0.8376 0.0671 0.5421
vn -0.5740 0.0465 0.8175
vn 0.0285 -0.0108 0.9995
vn 0.9019 -0.1333 0.4109
vn 0.6030 -0.1527 0.7830
vn 0.6179 -0.1033 0.7794
vn 0.9185 -0.0697 0.3892
vn 0.6324 -0.0479 0.7732
vn 0.9253 -0.0564 0.3749
vn -0.9842 -0.1730 0.0367
vn -0.9926 -0.1173 0.0313
vn -0.7682 -0.1213 -0.6286
vn -0.7665 -0.0795 -0.6373
vn -0.7684 0.0445 -0.6384
vn -0.9981 0.0611 0.0094
vn -0.3776 -0.0607 -0.9240
vn -0.3897 -0.0334 -0.9203
vn -0.4059 0.0483 -0.9127
vn 0.9775 -0.1191 -0.1742
vn 0.9829 -0.0400 -0.1800
vn 0.9811 -0.0461 -0.1880
vn 0.5890 0.2007 -0.7829
vn 0.9044 0.3165 -0.2862
vn 0.8104 0.4592 -0.3638
vn 0.5258 0.3352 -0.7818
vn 0.7991 0.2837 0.5301
vn 0.7671 0.4532 0.4541
vn 0.6543 0.6571 0.3743
vn 0.6642 0.6543 -0.3614
vn 0.4513 0.5143 -0.7293
vn -0.8460 0.0438 -0.5315
vn -0.4962 0.0147 -0.8681
vn -0.4641 0.0551 -0.8841
vn -0.8201 0.1186 -0.5597
vn -0.0782 -0.0000 -0.9969
vn -0.0691 0.0190 -0.9974
vn -0.0700 0.1213 -0.9902
vn -0.4351 0.1398 -0.8895
vn -0.7797 0.2001 -0.5933
vn -0.9963 0.0486 0.0706
vn -0.9890 0.1318 0.0666
vn -0.9741 0.2198 0.0539
vn 0.8270 0.0852 0.5557
vn 0.4506 0.0340 0.8921
vn 0.4223 0.0289 0.9060
vn 0.8084 0.1572 0.5672
vn 0.3882 0.1277 0.9127
vn 0.3294 0.0213 -0.9439
vn 0.3110 0.0378 -0.9497
vn 0.6773 0.0724 -0.7322
vn 0.6468 0.1110 -0.7546
vn 0.2903 0.1426 -0.9463
vn 0.9784 0.1203 -0.1679
vn 0.9582 0.2082 -0.1961
vn 0.7216 0.0070 -0.6923
vn 0.9749 0.0148 -0.2221
vn 0.9734 0.0487 -0.2241
vn 0.7309 0.0176 -0.6823
vn 0.9235 0.0512 0.3801
vn 0.9068 0.0775 0.4144
vn 0.8912 0.0236 0.4529
vn 0.9723 0.0211 -0.2328
vn 0.7250 -0.0058 -0.6887
vn -0.0598 0.1631 -0.9848
vn 0.3728 0.0669 -0.9255
vn 0.4210 0.0385 -0.9062
vn -0.0324 0.0989 -0.9946
vn 0.4422 -0.0244 -0.8966
vn -0.0136 -0.0383 -0.9992
vn 0.6096 0.0876 0.7879
vn 0.5690 0.0780 0.8187
vn 0.0536 0.1974 0.9788
vn 0.0678 0.1232 0.9901
vn 0.0805 -0.0348 0.9961
vn 0.5246 -0.0079 0.8513
vn -0.8144 0.3600 0.4551
vn -0.9409 0.3343 -0.0538
vn -0.9771 0.2023 -0.0663
vn -0.8497 0.2267 0.4760
vn -0.7767 0.2727 -0.5677
vn -0.8161 0.1662 -0.5535
vn -0.8352 -0.0644 -0.5462
vn -0.9959 -0.0659 -0.0613
vn -0.8579 -0.0537 0.5110
vn -0.4596 0.2288 -0.8582
vn -0.4904 0.1430 -0.8597
vn -0.5021 -0.0519 -0.8632
vn -0.5081 0.3153 0.8015
vn -0.4761 0.1967 0.8571
vn -0.4367 -0.0425 0.8986
vn 0.9673 -0.0077 -0.2534
vn 0.7014 -0.0249 -0.7123
vn 0.8784 -0.0271 0.4771
vn 0.8683 -0.0286 0.4953
vn 0.9670 -0.0069 -0.2549
vn 0.6767 -0.0140 -0.7361
vn 0.4235 -0.0661 -0.9035
vn -0.0171 -0.1307 -0.9913
vn 0.3792 -0.0563 -0.9236
vn -0.0486 -0.1267 -0.9908
vn 0.4834 -0.0737 0.8723
vn 0.0797 -0.1356 0.9876
vn 0.0621 -0.1148 0.9914
vn 0.4591 -0.0609 0.8863
vn -0.9667 -0.2532 -0.0360
vn -0.8076 -0.2481 0.5349
vn -0.8167 -0.2249 -0.5315
vn -0.8187 -0.2278 -0.5271
vn -0.9655 -0.2601 0.0129
vn -0.7793 -0.2462 0.5763
vn -0.4917 -0.1872 -0.8504
vn -0.4941 -0.1864 -0.8492
vn -0.3895 -0.1998 0.8991
vn -0.3856 -0.1873 0.9034
vn 0.9767 -0.2006 -0.0761
vn 0.6294 -0.2632 -0.7311
vn 0.8589 -0.0979 0.5027
vn 0.8683 -0.1359 0.4770
vn 0.9718 -0.2024 -0.1208
vn 0.6260 -0.2123 -0.7504
vn -0.3869 -0.2432 -0.8895
vn -0.8133 -0.2224 -0.5376
vn -0.0766 -0.2430 -0.9670
vn -0.0722 -0.1787 -0.9812
vn -0.3704 -0.1874 -0.9098
vn -0.7927 -0.1937 -0.5780
vn -0.9848 -0.1634 0.0586
vn -0.8705 -0.1314 0.4744
vn -0.9839 -0.1722 0.0472
vn -0.8591 -0.1573 0.4871
vn 0.6071 -0.0641 0.7921
vn 0.0522 -0.0877 0.9948
vn 0.0272 -0.1394 0.9899
vn 0.5997 -0.1107 0.7925
vn -0.5886 -0.1184 0.7997
vn -0.5931 -0.1586 0.7893
vn 0.1904 -0.2497 -0.9494
vn 0.2049 -0.1830 -0.9615
vn 0.9709 -0.1811 -0.1569
vn 0.6489 -0.1406 -0.7478
vn 0.8824 -0.1598 0.4425
vn -0.3667 -0.1021 -0.9247
vn -0.7760 -0.1462 -0.6136
vn -0.0672 -0.0800 -0.9945
vn -0.9841 -0.1732 0.0395
vn -0.8428 -0.1765 0.5085
vn 0.5973 -0.1516 0.7876
vn 0.0073 -0.1864 0.9824
vn -0.5899 -0.1908 0.7846
vn 0.2417 -0.0894 -0.9662
vn -0.5514 0.2458 0.7972
vn 0.0371 0.1354 0.9901
vn -0.8248 0.2783 0.4922
vn -0.4328 0.1660 -0.8861
vn -0.7687 0.2013 -0.6071
vn -0.0764 0.1255 -0.9892
vn -0.9648 0.2618 -0.0246
vn 0.6295 0.0156 0.7769
vn 0.9276 -0.0358 0.3720
vn 0.3349 0.0497 -0.9409
vn 0.7134 -0.0234 -0.7004
vn 0.9765 -0.0544 -0.2083
vn 0.9765 0.0403 -0.2117
vn 0.6760 0.0338 -0.7361
vn 0.8544 0.0227 0.5190
vn 0.3476 -0.0001 -0.9376
vn -0.0734 -0.0444 -0.9963
vn 0.4625 0.0142 0.8865
vn 0.0488 -0.0033 0.9988
vn -0.9933 -0.1015 0.0559
vn -0.7919 -0.0869 0.6044
vn -0.8434 -0.0886 -0.5299
vn -0.5041 -0.0727 -0.8606
vn -0.4181 -0.0467 0.9072
vn -0.9604 -0.1441 0.2385
vn -0.8424 0.0236 0.5384
vn -0.8466 -0.3322 -0.4157
vn 0.1021 -0.0855 -0.9911
vn -0.0860 -0.1323 -0.9875
vn 0.6858 -0.1164 -0.7184
vn 0.6267 0.1154 0.7707
vn 0.8416 0.0807 0.5340
vn 0.0983 0.1483 0.9840
vn 0.9974 -0.0282 0.0658
vn -0.5505 0.1238 0.8256
vn -0.3315 -0.2631 -0.9060
vn -0.6956 -0.2284 -0.6812
vn -0.3707 -0.0281 -0.9283
vn -0.2306 -0.2609 -0.9374
vn -0.4076 -0.6620 -0.6290
vn -0.1046 0.1352 -0.9853
vn -0.0463 0.0596 -0.9972
vn -0.0240 0.0595 -0.9979
vn -0.1422 -0.3985 -0.9061
vn -0.1904 -0.8412 -0.5060
vn -0.4250 0.0744 0.9021
vn -0.0450 0.1358 0.9897
vn -0.7436 0.0829 0.6635
vn -0.6406 -0.3010 0.7064
vn -0.3739 -0.1584 0.9139
vn -0.0659 0.0726 0.9952
vn -0.4261 0.1529 -0.8916
vn -0.7592 0.1516 -0.6329
vn -0.1006 0.1988 -0.9749
vn 0.3485 0.2644 0.8992
vn 0.3045 0.3778 0.8744
vn -0.9914 0.1215 0.0482
vn -0.9170 -0.3948 0.0574
vn 0.2540 0.2718 -0.9282
vn 0.2095 0.3558 -0.9108
vn 0.1680 0.5228 -0.8357
vn 0.1657 0.5703 -0.8045
vn -0.0238 0.0279 -0.9993
vn 0.3253 0.7739 -0.5433
vn 0.3174 0.8175 -0.4806
vn 0.3040 0.8582 -0.4136
vn 0.1826 0.6052 -0.7748
vn 0.0031 -0.1196 -0.9928
vn 0.2693 0.4956 0.8258
vn 0.5006 0.8112 0.3023
vn -0.0234 -0.0360 0.9991
vn -0.0182 -0.0641 0.9978
vn 0.2430 0.5920 0.7684
vn 0.4222 0.8676 0.2629
vn -0.5054 -0.8598 0.0735
vn -0.3191 -0.6922 0.6474
vn -0.1668 -0.9755 0.1432
vn -0.1327 -0.8384 0.5287
vn 0.1873 0.4411 -0.8777
vn 0.3679 0.6852 -0.6286
vn 0.5046 0.8141 -0.2873
vn 0.4280 0.8756 -0.2241
vn -0.2153 -0.4585 0.8622
vn -0.1428 -0.6235 0.7687
vn -0.0754 -0.9735 -0.2160
vn -0.0830 -0.7124 -0.6969
vn -0.0059 -0.8798 -0.4753
vn -0.0361 -0.9936 -0.1066
vn 0.1463 -0.3129 -0.9384
vn 0.4243 -0.5044 -0.7520
vn 0.2784 -0.9380 -0.2063
vn 0.0792 -0.9954 -0.0538
vn 0.3991 0.8989 -0.1809
vn 0.3859 0.8919 0.2356
vn 0.3437 0.9178 0.1988
vn 0.3617 0.9211 -0.1437
vn -0.1576 -0.7186 0.6773
vn -0.0450 -0.0862 0.9953
vn -0.1076 -0.8995 0.4234
vn -0.1266 -0.9394 0.3185
vn -0.1796 -0.7929 0.5823
vn -0.0538 -0.1006 0.9935
vn -0.1107 -0.5401 -0.8343
vn -0.1103 -0.9208 -0.3741
vn 0.2273 0.6630 0.7133
vn 0.2138 0.7460 0.6306
vn -0.0785 -0.9809 0.1781
vn -0.0796 -0.9836 0.1619
vn 0.8027 -0.1413 -0.5794
vn 0.7773 -0.6273 0.0484
vn 0.8019 0.4916 -0.3396
vn 0.8913 0.4405 -0.1078
vn 0.8108 0.5590 0.1736
vn 0.8362 0.0124 0.5483
vn 0.4530 -0.3016 0.8389
vn 0.2268 -0.9238 0.3086
vn 0.0220 -0.9822 0.1867
vn 0.1085 -0.9910 0.0788
vn 0.3411 0.7319 0.5899
vn 0.3868 0.9045 0.1797
vn 0.0983 -0.1668 0.9811
vn -0.0733 -0.9901 0.1201
vn -0.1090 -0.9651 0.2382
vn 0.3568 0.5238 -0.7736
vn 0.3750 0.8420 -0.3878
vn 0.3899 0.9132 -0.1184
vn -0.1233 -0.8632 0.4895
vn -0.4115 0.2370 0.8800
vn -0.2358 -0.0646 0.9697
vn -0.1738 -0.0531 0.9834
vn -0.2129 -0.0121 0.9770
vn -0.1988 -0.0812 0.9767
vn 0.1061 -0.0135 0.9943
vn 0.0840 -0.0349 0.9959
vn 0.0565 -0.0793 0.9952
vn -0.3310 0.8091 0.4856
vn -0.3674 0.9301 -0.0000
vn -0.1757 0.3718 0.9115
vn -0.6314 0.6448 0.4307
vn -0.6566 0.7542 -0.0000
vn -0.0327 0.0105 0.9994
vn 0.5674 -0.5467 0.6158
vn 0.6772 -0.6382 0.3662
vn 0.9411 -0.1757 0.2889
vn 0.8623 -0.1306 0.4893
vn 0.7319 -0.6814 -0.0000
vn 0.9809 -0.1946 -0.0000
vn 0.6724 0.7402 -0.0000
vn 0.6611 0.7471 0.0692
vn 0.6646 0.7432 0.0779
vn 0.0268 -0.1503 0.9883
vn 0.0343 -0.1252 0.9915
vn 0.2817 -0.1669 0.9449
vn 0.2822 -0.1919 0.9400
vn 0.2971 -0.1128 0.9482
vn 0.9568 -0.1350 0.2576
vn 0.9478 -0.1813 0.2624
vn 0.9420 -0.2190 0.2545
vn 0.1313 0.9913 -0.0000
vn 0.1134 0.9227 0.3685
vn 0.6331 0.6661 0.3942
vn 0.6825 0.7309 -0.0000
vn 0.0550 0.7215 0.6902
vn 0.3752 0.4692 0.7994
vn 0.5935 0.1658 0.7875
vn 0.8623 0.3182 0.3939
vn 0.9308 0.3654 -0.0000
vn -0.8544 0.3902 0.3430
vn -0.8957 0.4447 -0.0000
vn -0.6294 0.2014 0.7505
vn -0.7180 0.1194 0.6857
vn -0.9254 0.2175 0.3104
vn -0.9715 0.2372 -0.0000
vn -0.5711 0.3555 0.7399
vn -0.2458 0.0828 0.9658
vn -0.0134 0.2404 0.9706
vn -0.2991 0.5798 0.7578
vn 0.0476 -0.1363 0.9895
vn 0.2246 -0.0293 0.9740
vn -0.8016 0.5978 -0.0000
vn -0.7561 0.5409 0.3683
vn -0.4292 0.8239 0.3702
vn -0.4417 0.8972 -0.0000
vn -0.2750 -0.0141 0.9613
vn -0.3280 -0.0408 0.9438
vn 0.3184 -0.0512 0.9466
vn 0.3404 -0.0189 0.9401
vn 0.9786 -0.0874 0.1864
vn 0.9675 -0.0960 0.2338
vn -0.9071 0.2634 0.3283
vn -0.9561 0.2930 -0.0000
vn -0.7072 0.1520 0.6905
vn -0.3361 -0.0255 0.9415
vn 0.0233 -0.1602 0.9868
vn -0.7485 -0.2060 0.6304
vn -0.2633 -0.0837 0.9611
vn -0.7740 -0.1542 0.6141
vn -0.3101 -0.1291 0.9419
vn 0.0478 -0.0400 0.9981
vn 0.1169 -0.0130 0.9931
vn -0.8031 -0.2996 0.5151
vn -0.9156 -0.2909 0.2774
vn -0.7731 -0.5355 0.3398
vn -0.5888 -0.4552 0.6679
vn -0.9597 -0.2810 -0.0000
vn -0.8374 -0.5466 -0.0000
vn -0.4871 -0.8734 -0.0000
vn -0.4446 -0.8077 0.3873
vn -0.3376 -0.6000 0.7253
vn 0.0366 -0.0390 0.9986
vn -0.0571 -0.3951 0.9169
vn 0.1465 -0.4441 0.8839
vn 0.1771 -0.0848 0.9805
vn 0.0279 -0.7141 0.6995
vn 0.2701 -0.6905 0.6710
vn 0.4528 -0.3742 0.8093
vn 0.3804 -0.1253 0.9163
vn -0.3912 -0.2665 0.8809
vn -0.1721 -0.2956 0.9397
vn -0.7769 -0.2123 0.5927
vn -0.9607 -0.1316 0.2445
vn -0.9503 -0.1647 0.2641
vn -0.9937 -0.1117 -0.0000
vn -0.9879 -0.1553 -0.0000
vn 0.9460 -0.0059 0.3241
vn 0.9997 0.0258 -0.0000
vn 0.7277 -0.1083 0.6773
vn 0.7093 -0.6673 0.2272
vn 0.7648 -0.6438 0.0248
vn 0.7686 -0.6397 -0.0000
vn -0.1035 -0.9138 0.3927
vn -0.1285 -0.6742 0.7272
vn -0.0977 -0.9952 -0.0000
vn 0.1353 -0.9908 -0.0000
vn 0.1098 -0.9161 0.3856
vn 0.0097 -0.0259 0.9996
vn 0.3132 0.1194 0.9422
vn 0.3425 0.0437 0.9385
vn 0.3497 0.1746 0.9205
vn 0.9700 0.2430 0.0036
vn 0.9886 0.1313 0.0731
vn 0.9955 0.0100 0.0939
vn 0.3774 -0.8409 0.3880
vn 0.4214 -0.9069 -0.0000
vn -0.1364 -0.3309 0.9337
vn -0.9492 -0.2404 0.2032
vn -0.9750 -0.2223 -0.0000
vn -0.0484 0.9904 -0.1296
vn 0.0064 0.9449 -0.3274
vn -0.0555 0.9985 -0.0000
vn 0.1157 0.9933 -0.0000
vn 0.1127 0.9719 -0.2067
vn 0.0451 0.9212 -0.3865
vn 0.6594 -0.6074 0.4430
vn 0.8915 -0.3546 0.2820
vn 0.6266 -0.0927 -0.7738
vn 0.5911 -0.3475 -0.7280
vn 0.6331 -0.0129 -0.7740
vn 0.5420 -0.0065 -0.8403
vn 0.5564 -0.0939 -0.8256
vn 0.5203 -0.2856 -0.8048
vn 0.0426 -0.9300 -0.3651
vn -0.0089 -1.0000 -0.0000
vn 0.1939 -0.8538 -0.4831
vn 0.0488 -0.7409 -0.6699
vn 0.0755 -0.8989 -0.4315
vn 0.0721 -0.9974 -0.0000
vn 0.9244 0.3694 -0.0946
vn 0.4204 0.0850 -0.9034
vn 0.4806 0.0282 -0.8765
vn 0.8222 0.5585 -0.1099
vn 0.3276 0.3103 -0.8924
vn 0.4874 0.2500 -0.8367
vn 0.5187 0.0607 -0.8528
vn 0.5233 0.0176 -0.8520
vn 0.4673 0.1972 0.8618
vn 0.6319 0.1334 0.7635
vn 0.7665 -0.0302 0.6415
vn 0.7226 0.6911 0.0113
vn 0.3922 -0.2331 0.8899
vn 0.2477 -0.2716 0.9300
vn 0.5763 -0.6844 0.4466
vn 0.3585 -0.0014 0.9335
vn 0.9895 -0.0670 0.1279
vn 0.2740 -0.2266 0.9347
vn 0.7601 -0.4252 -0.4913
vn 0.5358 -0.7120 -0.4539
vn 0.3399 -0.5567 -0.7580
vn 0.8640 -0.5035 -0.0000
vn 0.5946 -0.8040 -0.0000
vn 0.9945 -0.1052 -0.0000
vn 0.9947 -0.1031 -0.0000
vn 0.7857 -0.0720 -0.6144
vn 0.7823 -0.0854 -0.6171
vn 0.9935 -0.1134 -0.0000
vn 0.7940 -0.0669 -0.6042
vn 0.5099 0.0061 -0.8602
vn 0.4987 -0.0255 -0.8664
vn 0.4927 -0.0579 -0.8683
vn 0.8051 -0.0801 -0.5877
vn 0.5240 0.0156 -0.8516
vn 0.9903 -0.1391 -0.0000
vn 0.9826 -0.1855 -0.0000
vn 0.8176 -0.1193 -0.5632
vn 0.8174 -0.2255 -0.5301
vn 0.9544 -0.2985 -0.0000
vn 0.4972 -0.0626 -0.8654
vn 0.7876 -0.0768 -0.6114
vn 0.5093 -0.0338 -0.8599
vn 0.7976 -0.0306 -0.6025
vn 0.9995 -0.0307 -0.0000
vn 0.9961 -0.0880 -0.0000
vn 0.9387 0.3446 -0.0000
vn 0.7971 0.2988 -0.5248
vn 0.5872 0.7067 -0.3947
vn 0.6630 0.7486 -0.0000
vn 0.3392 0.6532 -0.6769
vn 0.9961 0.0879 -0.0000
vn 0.8094 0.0601 -0.5841
vn 0.8147 0.1176 -0.5678
vn 0.9873 0.1588 -0.0000
vn 0.8044 0.0239 -0.5936
vn 0.9993 0.0374 -0.0000
vn 0.5196 0.0008 -0.8544
vn 0.1645 0.7128 -0.6818
vn 0.4149 -0.7216 -0.5543
vn 0.6127 -0.0301 -0.7898
vn 0.6275 -0.0046 -0.7786
vn 0.5836 -0.0589 -0.8099
vn 0.5068 0.0002 -0.8620
vn 0.5165 -0.0387 -0.8554
vn 0.6343 0.0018 -0.7731
vn 0.5434 -0.0651 -0.8369
vn -0.1775 0.9706 0.1623
vn 0.7663 0.6383 0.0739
vn -0.7224 0.6884 0.0650
vn 0.5283 -0.6307 -0.5684
vn -0.5262 -0.2805 -0.8028
vn 0.8240 -0.5003 -0.2660
vn -0.9101 0.3799 -0.1655
vn 0.9784 -0.1743 -0.1115
vn 0.3683 0.7436 -0.5581
vn 0.5302 0.7107 -0.4624
vn 0.0570 0.9044 -0.4229
vn -0.0100 0.9056 -0.4239
vn 0.7018 0.4833 -0.5233
vn 0.0834 0.9012 -0.4254
vn -0.6618 0.6626 -0.3507
vn -0.6524 0.6873 -0.3194
vn -0.6487 0.6933 -0.3140
vn 0.8743 0.0935 -0.4764
vn 0.8553 0.1527 -0.4950
vn 0.7478 0.4557 -0.4829
vn 0.6659 0.4231 -0.6145
vn 0.7404 0.0504 -0.6703
vn 0.7013 0.1912 -0.6868
vn 0.8208 -0.0077 -0.5712
vn 0.5524 0.0251 -0.8332
vn 0.4602 -0.1661 -0.8721
vn 0.8145 -0.1635 -0.5567
vn 0.0122 0.1546 -0.9879
vn -0.1667 -0.0908 -0.9818
vn -0.2276 -0.3060 -0.9244
vn 0.3772 -0.3407 -0.8612
vn 0.6815 -0.4347 -0.5888
vn 0.4491 -0.5523 -0.7023
vn 0.2554 -0.4781 -0.8403
vn 0.4281 -0.2919 -0.8553
vn 0.6213 -0.2748 -0.7338
vn 0.0526 -0.6509 -0.7573
vn 0.5841 -0.3099 -0.7502
vn 0.6948 -0.7033 0.1504
vn 0.7511 -0.5895 0.2973
vn 0.9883 -0.1526 0.0009
vn 0.9469 -0.2828 -0.1530
vn 0.7654 -0.3716 0.5254
vn 0.9743 0.0438 0.2211
vn 0.6490 0.7412 -0.1715
vn 0.6437 0.6077 -0.4652
vn 0.6397 0.4192 -0.6442
vn -0.4548 0.2261 -0.8614
vn -0.6039 -0.0249 -0.7967
vn -0.6627 0.2500 -0.7059
vn -0.7775 0.0041 -0.6289
vn -0.8234 -0.2718 -0.4981
vn -0.6537 -0.2906 -0.6988
vn -0.8950 0.3041 -0.3264
vn -0.9320 0.3195 -0.1709
vn -0.9807 0.0738 -0.1811
vn -0.9497 0.0653 -0.3062
vn -0.9726 -0.1613 -0.1676
vn -0.9503 -0.1791 -0.2545
vn -0.9778 -0.1639 -0.1303
vn -0.9869 -0.1280 -0.0984
vn -0.9747 0.1843 -0.1266
vn -0.9755 0.1489 -0.1622
vn -0.6467 0.7256 -0.2351
vn -0.8924 0.2497 -0.3759
vn -0.9491 -0.0562 -0.3101
vn -0.9808 -0.1132 -0.1586
vn -0.9465 0.2582 -0.1936
vn -0.8657 -0.4995 0.0309
vn -0.7482 -0.6630 -0.0251
vn 0.8845 -0.3820 -0.2677
vn 0.7693 -0.4208 -0.4808
vn 0.8258 -0.2364 -0.5120
vn 0.9223 -0.2113 -0.3236
vn 0.9645 0.0760 -0.2530
vn 0.9228 0.0318 -0.3839
vn 0.9295 -0.1291 -0.3454
vn 0.9683 -0.0975 -0.2298
vn 0.7612 -0.5251 -0.3806
vn 0.7971 -0.5458 -0.2584
vn 0.4649 -0.7884 -0.4028
vn 0.4753 -0.8466 -0.2396
vn 0.4571 -0.6229 -0.6348
vn 0.3774 -0.8295 -0.4117
vn 0.4117 -0.8822 -0.2285
vn -0.9624 -0.2404 -0.1268
vn -0.9460 -0.2708 -0.1779
vn -0.5863 -0.4969 -0.6398
vn -0.1763 -0.4771 -0.8610
vn -0.8150 -0.4384 -0.3790
vn -0.8926 -0.4276 -0.1430
vn -0.4934 -0.7449 -0.4490
vn 0.2661 -0.4724 -0.8403
vn 0.9284 0.1902 -0.3193
vn 0.8748 0.1952 -0.4434
vn 0.8895 0.1277 -0.4387
vn 0.9390 0.1618 -0.3035
vn 0.8088 0.2066 -0.5506
vn 0.8120 0.1183 -0.5716
vn -0.8958 0.4078 -0.1765
vn -0.8533 0.3844 -0.3523
vn 0.1832 0.3716 -0.9101
vn -0.3721 0.3969 -0.8390
vn -0.3495 0.3857 -0.8539
vn 0.1547 0.3353 -0.9293
vn -0.6562 0.3304 -0.6784
vn -0.6056 0.3665 -0.7063
vn 0.6477 0.2556 -0.7177
vn 0.6231 0.1883 -0.7591
vn -0.8003 0.2732 -0.5337
vn -0.7620 0.3637 -0.5358
vn -0.8108 0.2754 -0.5166
vn 0.9667 0.1955 -0.1654
vn 0.9695 0.1904 -0.1544
vn 0.9852 0.1006 -0.1386
vn -0.9119 -0.2234 -0.3443
vn -0.9160 -0.3323 -0.2250
vn -0.9620 -0.2315 -0.1449
vn 0.8167 -0.5583 -0.1459
vn 0.5081 -0.8536 -0.1152
vn 0.4616 -0.8810 -0.1038
vn 0.9865 -0.0874 -0.1382
vn 0.9241 -0.3615 -0.1242
vn 0.9572 -0.2386 -0.1636
vn 0.9612 -0.1293 -0.2436
vn 0.1584 0.3226 -0.9332
vn -0.4467 0.3206 -0.8352
vn 0.1254 0.2490 -0.9604
vn -0.5097 0.2287 -0.8294
vn -0.8056 0.1094 -0.5823
vn -0.7409 0.2170 -0.6357
vn 0.9843 -0.0130 -0.1762
vn 0.9145 0.1685 -0.3678
vn 0.8370 -0.4114 0.3607
vn 0.9765 0.0513 -0.2093
vn 0.8247 0.1899 -0.5327
vn 0.8107 0.2370 -0.5354
vn -0.9809 0.1068 -0.1626
vn -0.9870 0.0828 -0.1376
vn -0.8908 0.0343 -0.4531
vn -0.8076 0.3679 -0.4609
vn -0.8633 0.3658 -0.3476
vn -0.9950 0.0484 -0.0877
vn -0.9887 0.0342 -0.1461
vn -0.8801 0.3656 -0.3027
vn -0.9963 0.0832 -0.0213
vn -0.4720 -0.6252 0.6216
vn -0.5594 -0.5860 0.5863
vn -0.6527 -0.6033 0.4582
vn 0.1037 0.9216 -0.3741
vn -0.0787 0.9486 -0.3067
vn -0.8453 -0.1149 0.5217
vn -0.8443 -0.1097 0.5245
vn -0.3905 -0.0260 0.9202
vn -0.3591 0.0445 0.9322
vn -0.8337 -0.1906 0.5183
vn -0.3998 -0.1885 0.8970
vn -0.0826 -0.1825 0.9797
vn -0.0861 0.0106 0.9962
vn -0.0834 0.1365 0.9871
vn 0.0876 0.0700 -0.9937
vn 0.0787 0.0182 -0.9967
vn -0.5812 0.0016 -0.8138
vn -0.5714 0.0517 -0.8190
vn 0.0699 -0.0387 -0.9968
vn -0.5844 -0.0657 -0.8088
vn -0.8765 -0.0888 -0.4732
vn -0.8748 -0.0343 -0.4832
vn -0.8627 -0.0109 -0.5056
vn -0.2572 -0.9635 0.0737
vn -0.3095 -0.8015 0.5116
vn -0.0779 -0.7808 0.6198
vn -0.0470 -0.9951 0.0870
vn 0.0747 -0.9774 0.1975
vn 0.0824 -0.6869 0.7220
vn 0.5938 -0.7845 0.1785
vn -0.8759 0.0790 -0.4759
vn -0.9296 -0.0883 -0.3579
vn 0.9853 -0.1574 -0.0672
vn 0.6445 0.2514 -0.7221
vn 0.6342 0.2042 -0.7457
vn 0.5329 -0.1024 -0.8399
vn 0.1503 -0.3751 -0.9147
vn 0.4151 -0.8259 -0.3816
vn 0.8334 -0.3950 -0.3866
vn -0.3970 -0.3538 -0.8469
vn -0.5935 -0.7495 -0.2933
vn 0.7190 0.0534 -0.6930
vn 0.9214 -0.2056 -0.3299
vn 0.0129 0.8917 -0.4524
vn -0.1401 0.8599 -0.4909
vn 0.0733 0.4823 -0.8729
vn 0.2724 0.5948 -0.7563
vn 0.4832 0.3110 -0.8184
vn 0.2557 0.1726 -0.9512
vn -0.2474 0.8264 -0.5058
vn -0.2422 0.7108 -0.6604
vn -0.1682 0.9403 -0.2959
vn -0.6529 0.7476 -0.1218
vn -0.7264 0.6292 -0.2765
vn -0.7533 0.5259 -0.3949
vn -0.9702 0.2372 0.0484
vn -0.9880 0.1356 -0.0740
vn -0.8998 0.3807 0.2134
vn -0.5487 -0.3064 0.7779
vn -0.6283 -0.5884 0.5089
vn -0.7121 -0.6289 0.3122
vn 0.3252 -0.8141 0.4811
vn 0.1931 -0.9172 0.3486
vn 0.3557 -0.5765 0.7356
vn -0.5266 -0.6508 0.5469
vn 0.5764 -0.6966 0.4273
vn 0.6036 -0.6235 0.4969
vn -0.5346 -0.4488 0.7160
vn 0.5578 -0.6714 0.4879
vn 0.8475 -0.4498 0.2818
vn 0.8798 -0.4000 0.2570
vn 0.8965 -0.3695 0.2443
vn 0.5666 -0.6017 0.5630
vn 0.3830 -0.7247 0.5729
vn 0.8690 -0.4281 0.2480
vn 0.8000 -0.5335 0.2746
vn 0.6189 0.3868 -0.6836
vn 0.6376 0.5094 -0.5779
vn -0.4039 0.6877 -0.6033
vn -0.3279 0.6031 -0.7271
vn 0.5664 0.5142 -0.6441
vn -0.4299 0.6527 -0.6238
vn 0.9849 -0.1597 -0.0663
vn 0.9699 -0.2183 -0.1075
vn 0.9954 -0.0896 -0.0348
vn 0.8117 -0.5440 0.2127
vn 0.8411 -0.4898 0.2296
vn 0.9511 -0.2966 0.0861
vn 0.9621 -0.2615 0.0773
vn 0.8895 -0.3137 0.3323
vn 0.9596 -0.2397 0.1474
vn 0.7938 0.4894 -0.3610
vn 0.8358 0.5068 -0.2109
vn 0.8140 0.5696 -0.1140
vn 0.6187 0.4690 -0.6303
vn -0.4598 0.5746 -0.6771
vn 0.7396 0.6076 -0.2895
vn -0.3406 0.8270 -0.4473
vn -0.8097 0.5611 -0.1720
vn -0.8731 0.3911 -0.2911
vn 0.9955 -0.0905 0.0293
vn 0.9860 -0.1297 0.1047
vn -0.9870 0.1568 0.0347
vn -0.9461 0.2969 0.1294
vn 0.8093 -0.2091 0.5490
vn 0.7633 -0.2258 0.6053
vn 0.9960 0.0705 0.0550
vn 0.9962 0.0580 0.0645
vn 0.7272 -0.2457 0.6409
vn 0.9987 0.0270 -0.0435
vn 0.6159 0.3700 -0.6955
vn 0.6430 0.3692 -0.6710
vn 0.6643 0.3577 -0.6563
vn -0.7365 0.6683 -0.1046
vn -0.7992 0.5603 -0.2176
vn -0.9718 0.2215 -0.0811
vn -0.9410 0.3327 0.0626
vn -0.8692 0.3664 -0.3321
vn -0.9757 0.0850 -0.2021
vn -0.7757 -0.4658 0.4258
vn -0.7423 -0.4510 0.4956
vn -0.6250 -0.3839 0.6797
vn 0.4470 -0.6989 0.5583
vn 0.4809 -0.6790 0.5547
vn 0.4577 -0.5636 0.6877
vn -0.2088 0.9105 -0.3570
vn -0.1673 0.9675 -0.1897
vn -0.2701 0.7895 -0.5512
vn 0.7482 -0.3661 0.5533
vn 0.9831 0.0184 0.1823
vn 0.7441 -0.5107 0.4307
vn 0.9913 -0.1312 0.0043
vn 0.6684 0.4839 -0.5649
vn 0.6767 0.6745 -0.2951
vn -0.1497 0.8971 -0.4158
vn -0.2006 0.7117 -0.6732
vn -0.7354 0.5227 -0.4313
vn -0.6786 0.7004 -0.2213
vn -0.6097 -0.2926 0.7367
vn 0.2679 -0.5441 0.7951
vn -0.6896 -0.4684 0.5522
vn 0.2058 -0.6974 0.6865
vn -0.9327 0.3266 0.1526
vn -0.9864 0.1578 -0.0457
vn -0.8481 0.3125 -0.4278
vn -0.9773 -0.1944 -0.0840
vn -0.9559 -0.1358 -0.2605
vn -0.7968 0.3069 -0.5205
vn -0.9851 -0.1716 0.0128
vn -0.5092 -0.6455 0.5692
vn -0.5670 -0.7638 0.3084
vn -0.9141 -0.2058 -0.3495
vn 0.9552 -0.2918 -0.0493
vn 0.7208 0.1839 -0.6683
vn -0.2007 0.2366 -0.9507
vn -0.0633 -0.7156 -0.6956
vn -0.1948 0.3726 -0.9073
vn -0.7399 0.1852 -0.6467
vn -0.7806 0.0649 -0.6216
vn -0.9244 -0.1583 -0.3471
vn -0.9472 -0.0753 -0.3117
vn -0.9449 -0.0278 -0.3263
vn -0.9620 -0.0793 -0.2612
vn 0.8564 -0.2063 0.4733
vn 0.9939 -0.0506 0.0976
vn 0.9632 -0.1896 0.1904
vn -0.8762 -0.4493 0.1745
vn 0.1491 -0.8525 0.5011
vn -0.8065 -0.4407 0.3940
vn 0.1469 -0.6701 0.7276
vn 0.6887 -0.4694 0.5525
vn 0.7668 -0.5254 0.3687
vn -0.9570 -0.0704 -0.2814
vn -0.9441 -0.0069 -0.3296
vn -0.6399 -0.5029 0.5811
vn -0.6412 -0.5329 0.5522
vn 0.4854 -0.4339 0.7591
vn 0.4626 -0.4087 0.7867
vn 0.9559 -0.2281 0.1850
vn 0.9405 -0.3020 0.1557
vn 0.9161 -0.3970 0.0567
vn 0.9722 -0.2000 0.1217
vn 0.6423 -0.4458 0.6235
vn 0.9669 -0.1393 0.2136
vn 0.9577 -0.1879 0.2180
vn 0.6084 -0.4512 0.6529
vn 0.9950 -0.0953 -0.0297
vn 0.7134 0.3766 -0.5910
vn 0.7488 0.3639 -0.5541
vn 0.8017 0.3206 -0.5044
vn 0.8541 0.1032 -0.5097
vn -0.1548 0.4493 -0.8798
vn 0.0425 -0.7448 -0.6659
vn -0.0938 0.5581 -0.8245
vn -0.6685 0.4171 -0.6158
vn -0.7264 0.3764 -0.5751
vn 0.9435 -0.2734 0.1872
vn -0.9506 0.1682 -0.2607
vn -0.9488 0.1492 -0.2785
vn -0.0171 -0.6478 0.7617
vn 0.0599 -0.8206 -0.5684
vn -0.7164 -0.4801 0.5062
vn -0.9738 -0.1540 -0.1674
vn -0.5834 0.3959 -0.7092
vn 0.0308 0.4734 -0.8803
vn -0.6198 0.3988 -0.6758
vn -0.9509 0.0991 -0.2931
vn -0.7467 -0.4636 0.4770
vn 0.1633 -0.5999 0.7833
vn -0.0829 0.5297 -0.8441
vn -0.6960 -0.4370 0.5697
vn -0.9694 -0.2282 -0.0903
vn 0.1306 -0.8861 -0.4448
vn 0.0729 -0.5095 0.8574
vn -0.6465 0.2366 -0.7253
vn -0.0318 0.3559 -0.9340
vn -0.6799 -0.4520 0.5774
vn 0.3459 -0.4113 0.8433
vn -0.6899 0.2190 -0.6900
vn -0.9310 0.0217 -0.3644
vn -0.1694 0.3815 -0.9087
vn -0.4246 -0.6030 0.6754
vn 0.2436 -0.5992 0.7626
vn 0.2496 -0.6902 0.6792
vn -0.3749 -0.5913 0.7140
vn 0.1565 -0.6159 0.7722
vn 0.5884 -0.4676 0.6597
vn 0.6443 -0.4604 0.6107
vn 0.7265 -0.4735 0.4980
vn 0.7741 -0.5388 0.3323
vn 0.9801 -0.1766 0.0911
vn 0.9733 -0.1685 0.1559
vn 0.6128 0.4197 -0.6696
vn 0.6508 0.4577 -0.6058
vn 0.2174 -0.8591 0.4634
vn -0.3431 0.6200 -0.7056
vn -0.3657 0.5147 -0.7755
vn -0.6693 0.3725 -0.6428
vn -0.1757 0.4970 -0.8498
vn 0.0310 -0.8169 -0.5760
vn -0.9673 -0.2535 0.0068
vn 0.6280 0.4254 -0.6517
vn 0.9816 -0.0012 -0.1911
vn 0.6207 0.4271 -0.6576
vn -0.3028 0.5178 -0.8001
vn -0.7232 0.3474 -0.5969
vn 0.9508 -0.1828 0.2501
vn -0.9858 -0.1629 0.0406
vn 0.7490 -0.5742 0.3307
vn 0.9720 -0.2144 -0.0959
vn 0.6265 0.3621 -0.6902
vn -0.2548 0.5884 -0.7674
vn -0.7598 0.4075 -0.5066
vn -0.6960 -0.5703 0.4363
vn 0.2312 -0.7694 0.5955
vn -0.9873 0.0618 -0.1464
vn -0.7971 -0.5036 0.3333
vn -0.7735 -0.5603 0.2962
vn 0.0790 -0.9213 0.3806
vn -0.0027 -0.8985 0.4390
vn 0.6828 -0.7124 0.1622
vn 0.6727 -0.7144 0.1926
vn -0.7285 0.5255 -0.4394
vn -0.7476 0.5131 -0.4216
vn -0.9878 0.1257 -0.0921
vn -0.9903 0.1114 -0.0826
vn 0.7379 0.4200 -0.5283
vn 0.6856 0.3778 -0.6223
vn -0.1829 0.7046 -0.6856
vn -0.0857 0.7595 -0.6449
vn 0.9454 -0.2912 -0.1462
vn 0.9569 -0.2667 -0.1146
vn 0.4873 -0.8466 -0.2142
vn 0.9058 -0.2611 -0.3335
vn 0.7376 0.5089 -0.4438
vn 0.0284 0.8605 -0.5086
vn -0.6880 0.5967 -0.4131
vn -0.9907 0.0944 -0.0977
vn -0.8765 -0.4547 0.1584
vn -0.2745 -0.9546 0.1154
vn 0.0311 0.0142 -0.9994
vn 0.0198 -0.0364 -0.9991
vn -0.4247 -0.0175 -0.9052
vn -0.4370 0.0101 -0.8994
vn -0.0004 0.0435 -0.9991
vn -0.4154 0.0535 -0.9081
vn -0.7581 0.1326 -0.6385
vn -0.7806 0.0584 -0.6223
vn -0.7957 0.0252 -0.6051
vn -0.0638 -0.0280 0.9976
vn -0.0625 -0.0023 0.9980
vn 0.3212 0.0074 0.9470
vn 0.2889 -0.0298 0.9569
vn -0.0673 0.0512 0.9964
vn 0.3321 0.0306 0.9428
vn 0.7211 -0.0098 0.6927
vn 0.7145 -0.0085 0.6996
vn 0.6876 -0.0710 0.7226
vn 0.6519 -0.0535 0.7564
vn 0.6522 -0.1716 0.7383
vn 0.9921 -0.1240 0.0180
vn 0.9976 -0.0692 0.0065
vn 0.6436 -0.2557 0.7214
vn 0.9838 -0.1751 0.0376
vn 0.8535 -0.0607 -0.5175
vn 0.8518 -0.0197 -0.5235
vn 0.8486 0.0109 -0.5290
vn 0.6198 0.0120 -0.7847
vn 0.6228 0.0481 -0.7809
vn 0.6141 -0.0269 -0.7888
vn 0.1582 -0.0685 0.9850
vn 0.1331 0.0758 0.9882
vn 0.1789 -0.2179 0.9594
vn -0.9900 -0.0933 -0.1057
vn -0.9825 -0.1070 -0.1525
vn -0.9881 -0.1325 -0.0776
vn -0.0011 -0.2016 -0.9795
vn 0.0082 -0.1470 -0.9891
vn -0.5738 -0.1401 -0.8069
vn -0.5791 -0.2025 -0.7897
vn 0.0285 -0.0107 -0.9995
vn -0.5740 0.0465 -0.8175
vn -0.8376 0.0671 -0.5421
vn -0.8257 -0.1227 -0.5506
vn -0.8262 -0.1843 -0.5323
vn 0.9019 -0.1333 -0.4109
vn 0.9185 -0.0697 -0.3892
vn 0.6179 -0.1033 -0.7794
vn 0.6030 -0.1527 -0.7830
vn 0.9253 -0.0564 -0.3749
vn 0.6324 -0.0479 -0.7732
vn -0.9926 -0.1173 -0.0313
vn -0.9842 -0.1730 -0.0367
vn -0.9981 0.0611 -0.0094
vn -0.7684 0.0445 0.6384
vn -0.7665 -0.0795 0.6373
vn -0.7682 -0.1213 0.6286
vn -0.3897 -0.0334 0.9203
vn -0.3776 -0.0607 0.9240
vn -0.4059 0.0483 0.9127
vn 0.9829 -0.0400 0.1800
vn 0.9775 -0.1191 0.1742
vn 0.9811 -0.0461 0.1880
vn 0.5890 0.2007 0.7829
vn 0.5258 0.3352 0.7818
vn 0.8104 0.4592 0.3638
vn 0.9044 0.3165 0.2862
vn 0.4513 0.5143 0.7293
vn 0.6642 0.6543 0.3614
vn 0.6543 0.6571 -0.3743
vn 0.7671 0.4532 -0.4541
vn 0.7991 0.2837 -0.5301
vn -0.8460 0.0438 0.5315
vn -0.8201 0.1186 0.5597
vn -0.4641 0.0551 0.8841
vn -0.4962 0.0147 0.8681
vn -0.7797 0.2001 0.5933
vn -0.4351 0.1398 0.8895
vn -0.0700 0.1213 0.9902
vn -0.0691 0.0190 0.9974
vn -0.0782 -0.0000 0.9969
vn -0.9890 0.1318 -0.0666
vn -0.9963 0.0486 -0.0706
vn -0.9741 0.2198 -0.0539
vn 0.8270 0.0852 -0.5557
vn 0.8084 0.1572 -0.5672
vn 0.4223 0.0289 -0.9060
vn 0.4506 0.0340 -0.8921
vn 0.3882 0.1277 -0.9127
vn 0.3109 0.0378 0.9497
vn 0.3294 0.0213 0.9439
vn 0.2903 0.1426 0.9463
vn 0.6468 0.1110 0.7546
vn 0.6773 0.0724 0.7322
vn 0.9582 0.2082 0.1961
vn 0.9784 0.1203 0.1679
vn 0.7216 0.0070 0.6923
vn 0.7309 0.0176 0.6822
vn 0.9734 0.0487 0.2241
vn 0.9749 0.0148 0.2221
vn 0.7250 -0.0058 0.6887
vn 0.9723 0.0211 0.2328
vn 0.8912 0.0236 -0.4529
vn 0.9068 0.0775 -0.4144
vn 0.9235 0.0512 -0.3801
vn -0.0598 0.1631 0.9848
vn -0.0324 0.0989 0.9946
vn 0.4210 0.0385 0.9062
vn 0.3728 0.0669 0.9255
vn -0.0136 -0.0383 0.9992
vn 0.4422 -0.0244 0.8966
vn 0.5690 0.0780 -0.8187
vn 0.6096 0.0876 -0.7879
vn 0.5246 -0.0079 -0.8513
vn 0.0805 -0.0348 -0.9961
vn 0.0678 0.1232 -0.9901
vn 0.0536 0.1974 -0.9788
vn -0.8144 0.3600 -0.4551
vn -0.8497 0.2267 -0.4760
vn -0.9771 0.2023 0.0663
vn -0.9409 0.3343 0.0538
vn -0.8579 -0.0537 -0.5110
vn -0.9959 -0.0659 0.0613
vn -0.8352 -0.0644 0.5462
vn -0.8161 0.1662 0.5535
vn -0.7767 0.2727 0.5677
vn -0.4904 0.1430 0.8597
vn -0.4596 0.2288 0.8582
vn -0.5021 -0.0519 0.8632
vn -0.4761 0.1967 -0.8571
vn -0.5081 0.3153 -0.8015
vn -0.4367 -0.0425 -0.8986
vn 0.7014 -0.0249 0.7123
vn 0.9673 -0.0077 0.2534
vn 0.6767 -0.0140 0.7361
vn 0.9670 -0.0069 0.2549
vn 0.8683 -0.0286 -0.4953
vn 0.8784 -0.0271 -0.4771
vn -0.0171 -0.1307 0.9913
vn 0.4235 -0.0661 0.9035
vn -0.0486 -0.1267 0.9908
vn 0.3792 -0.0563 0.9236
vn 0.4834 -0.0737 -0.8723
vn 0.4591 -0.0609 -0.8863
vn 0.0621 -0.1148 -0.9914
vn 0.0797 -0.1356 -0.9876
vn -0.8076 -0.2481 -0.5349
vn -0.9667 -0.2532 0.0360
vn -0.7793 -0.2462 -0.5763
vn -0.9655 -0.2601 -0.0129
vn -0.8187 -0.2278 0.5271
vn -0.8167 -0.2249 0.5315
vn -0.4917 -0.1872 0.8504
vn -0.4941 -0.1864 0.8492
vn -0.3895 -0.1998 -0.8991
vn -0.3856 -0.1873 -0.9034
vn 0.6294 -0.2632 0.7311
vn 0.9767 -0.2006 0.0761
vn 0.6260 -0.2123 0.7504
vn 0.9718 -0.2024 0.1208
vn 0.8683 -0.1359 -0.4770
vn 0.8589 -0.0979 -0.5027
vn -0.8133 -0.2224 0.5376
vn -0.3869 -0.2432 0.8895
vn -0.7927 -0.1937 0.5780
vn -0.3704 -0.1874 0.9098
vn -0.0722 -0.1787 0.9812
vn -0.0766 -0.2430 0.9670
vn -0.8705 -0.1314 -0.4744
vn -0.9848 -0.1634 -0.0586
vn -0.8591 -0.1573 -0.4871
vn -0.9839 -0.1722 -0.0472
vn 0.6071 -0.0641 -0.7921
vn 0.5997 -0.1107 -0.7925
vn 0.0272 -0.1394 -0.9899
vn 0.0522 -0.0877 -0.9948
vn -0.5886 -0.1184 -0.7997
vn -0.5931 -0.1586 -0.7893
vn 0.1904 -0.2497 0.9494
vn 0.2049 -0.1830 0.9615
vn 0.6489 -0.1406 0.7478
vn 0.9709 -0.1811 0.1569
vn 0.8824 -0.1598 -0.4425
vn -0.7760 -0.1462 0.6136
vn -0.3667 -0.1021 0.9247
vn -0.0672 -0.0800 0.9945
vn -0.8428 -0.1765 -0.5085
vn -0.9841 -0.1732 -0.0395
vn 0.5973 -0.1516 -0.7876
vn 0.0073 -0.1864 -0.9824
vn -0.5899 -0.1908 -0.7846
vn 0.2417 -0.0894 0.9662
vn 0.0371 0.1354 -0.9901
vn -0.5514 0.2458 -0.7972
vn -0.8248 0.2783 -0.4922
vn -0.7687 0.2013 0.6071
vn -0.4328 0.1660 0.8861
vn -0.0764 0.1255 0.9892
vn -0.9648 0.2617 0.0246
vn 0.9276 -0.0358 -0.3720
vn 0.6295 0.0156 -0.7769
vn 0.3349 0.0497 0.9409
vn 0.7134 -0.0234 0.7004
vn 0.9765 -0.0544 0.2083
vn 0.6760 0.0338 0.7361
vn 0.9765 0.0403 0.2117
vn 0.8544 0.0227 -0.5190
vn -0.0734 -0.0444 0.9963
vn 0.3476 -0.0001 0.9376
vn 0.4625 0.0142 -0.8865
vn 0.0488 -0.0033 -0.9988
vn -0.7919 -0.0869 -0.6044
vn -0.9933 -0.1015 -0.0559
vn -0.8434 -0.0886 0.5299
vn -0.5041 -0.0727 0.8606
vn -0.4181 -0.0467 -0.9072
vn -0.8424 0.0236 -0.5384
vn -0.9604 -0.1441 -0.2385
vn -0.8466 -0.3322 0.4157
vn -0.0860 -0.1323 0.9875
vn 0.1021 -0.0855 0.9911
vn 0.6858 -0.1164 0.7184
vn 0.8416 0.0807 -0.5340
vn 0.6267 0.1154 -0.7707
vn 0.0983 0.1483 -0.9840
vn 0.9974 -0.0282 -0.0658
vn -0.5505 0.1238 -0.8256
vn -0.3315 -0.2631 0.9060
vn -0.6956 -0.2284 0.6812
vn -0.4076 -0.6620 0.6290
vn -0.2306 -0.2609 0.9374
vn -0.3707 -0.0281 0.9283
vn -0.1904 -0.8412 0.5060
vn -0.1422 -0.3985 0.9061
vn -0.0240 0.0595 0.9979
vn -0.0463 0.0596 0.9972
vn -0.1046 0.1352 0.9853
vn -0.0450 0.1358 -0.9897
vn -0.4250 0.0744 -0.9021
vn -0.0659 0.0726 -0.9952
vn -0.3739 -0.1584 -0.9139
vn -0.6406 -0.3010 -0.7064
vn -0.7436 0.0829 -0.6635
vn -0.7592 0.1516 0.6329
vn -0.4261 0.1529 0.8916
vn -0.1006 0.1988 0.9749
vn 0.3485 0.2644 -0.8992
vn 0.3045 0.3778 -0.8744
vn -0.9914 0.1215 -0.0482
vn -0.9170 -0.3948 -0.0574
vn 0.2540 0.2718 0.9282
vn 0.2095 0.3558 0.9108
vn -0.0238 0.0279 0.9993
vn 0.1657 0.5703 0.8045
vn 0.1680 0.5228 0.8357
vn 0.0031 -0.1196 0.9928
vn 0.1826 0.6052 0.7748
vn 0.3040 0.8582 0.4136
vn 0.3174 0.8175 0.4806
vn 0.3253 0.7739 0.5433
vn 0.5006 0.8112 -0.3023
vn 0.2693 0.4956 -0.8257
vn 0.4222 0.8676 -0.2629
vn 0.2430 0.5920 -0.7684
vn -0.0182 -0.0641 -0.9978
vn -0.0234 -0.0360 -0.9991
vn -0.3191 -0.6922 -0.6474
vn -0.5054 -0.8598 -0.0735
vn -0.1327 -0.8384 -0.5287
vn -0.1668 -0.9755 -0.1432
vn 0.1873 0.4411 0.8777
vn 0.3679 0.6852 0.6286
vn 0.5046 0.8141 0.2873
vn 0.4280 0.8756 0.2241
vn -0.2153 -0.4585 -0.8622
vn -0.1428 -0.6235 -0.7687
vn -0.0754 -0.9735 0.2160
vn -0.0361 -0.9936 0.1066
vn -0.0059 -0.8798 0.4753
vn -0.0830 -0.7124 0.6969
vn 0.0792 -0.9954 0.0538
vn 0.2784 -0.9380 0.2063
vn 0.4244 -0.5045 0.7520
vn 0.1463 -0.3129 0.9384
vn 0.3991 0.8989 0.1809
vn 0.3617 0.9211 0.1437
vn 0.3437 0.9178 -0.1988
vn 0.3859 0.8919 -0.2356
vn -0.0450 -0.0862 -0.9953
vn -0.1576 -0.7186 -0.6773
vn -0.0538 -0.1006 -0.9935
vn -0.1796 -0.7929 -0.5823
vn -0.1266 -0.9394 -0.3185
vn -0.1076 -0.8995 -0.4234
vn -0.1103 -0.9208 0.3741
vn -0.1107 -0.5401 0.8343
vn 0.2273 0.6630 -0.7133
vn 0.2138 0.7460 -0.6306
vn -0.0785 -0.9809 -0.1781
vn -0.0796 -0.9836 -0.1619
vn 0.7773 -0.6273 -0.0484
vn 0.8027 -0.1413 0.5794
vn 0.1085 -0.9910 -0.0788
vn 0.0220 -0.9822 -0.1867
vn 0.2268 -0.9238 -0.3086
vn 0.4530 -0.3016 -0.8389
vn 0.8362 0.0124 -0.5483
vn 0.8108 0.5590 -0.1736
vn 0.8913 0.4405 0.1078
vn 0.8019 0.4916 0.3396
vn 0.3868 0.9045 -0.1797
vn 0.3411 0.7319 -0.5899
vn 0.0983 -0.1668 -0.9811
vn -0.1090 -0.9651 -0.2382
vn -0.0733 -0.9901 -0.1201
vn 0.3568 0.5238 0.7736
vn 0.3750 0.8420 0.3878
vn 0.3899 0.9132 0.1184
vn -0.1233 -0.8632 -0.4895
vn -0.4115 0.2370 -0.8800
vn -0.2129 -0.0121 -0.9770
vn -0.1738 -0.0531 -0.9834
vn -0.2358 -0.0646 -0.9697
vn 0.0565 -0.0793 -0.9952
vn 0.0840 -0.0349 -0.9959
vn 0.1061 -0.0135 -0.9943
vn -0.1988 -0.0812 -0.9767
vn -0.3310 0.8091 -0.4856
vn -0.6314 0.6448 -0.4307
vn -0.1757 0.3718 -0.9115
vn -0.0327 0.0105 -0.9994
vn 0.5674 -0.5467 -0.6158
vn 0.8623 -0.1306 -0.4893
vn 0.9411 -0.1757 -0.2889
vn 0.6772 -0.6382 -0.3662
vn 0.6646 0.7432 -0.0779
vn 0.6611 0.7471 -0.0692
vn 0.0268 -0.1503 -0.9883
vn 0.2822 -0.1919 -0.9400
vn 0.2817 -0.1669 -0.9449
vn 0.0343 -0.1252 -0.9915
vn 0.9420 -0.2190 -0.2545
vn 0.9478 -0.1813 -0.2624
vn 0.9568 -0.1350 -0.2576
vn 0.2971 -0.1128 -0.9482
vn 0.6331 0.6661 -0.3942
vn 0.1134 0.9227 -0.3685
vn 0.8623 0.3182 -0.3939
vn 0.5935 0.1658 -0.7875
vn 0.3752 0.4692 -0.7994
vn 0.0550 0.7215 -0.6902
vn -0.8544 0.3902 -0.3430
vn -0.9254 0.2175 -0.3104
vn -0.7180 0.1194 -0.6857
vn -0.6294 0.2014 -0.7505
vn -0.5710 0.3555 -0.7399
vn -0.2991 0.5798 -0.7578
vn -0.0134 0.2404 -0.9706
vn -0.2458 0.0828 -0.9658
vn 0.2246 -0.0293 -0.9740
vn 0.0476 -0.1363 -0.9895
vn -0.4292 0.8239 -0.3702
vn -0.7561 0.5409 -0.3683
vn -0.2750 -0.0141 -0.9613
vn -0.3280 -0.0408 -0.9438
vn 0.3184 -0.0512 -0.9466
vn 0.9675 -0.0960 -0.2338
vn 0.9786 -0.0874 -0.1864
vn 0.3404 -0.0189 -0.9401
vn -0.9071 0.2634 -0.3283
vn -0.7072 0.1520 -0.6905
vn -0.3361 -0.0255 -0.9415
vn 0.0233 -0.1602 -0.9868
vn -0.2633 -0.0837 -0.9611
vn -0.7485 -0.2060 -0.6304
vn 0.1169 -0.0130 -0.9931
vn 0.0478 -0.0400 -0.9981
vn -0.3101 -0.1291 -0.9419
vn -0.7740 -0.1542 -0.6141
vn -0.8031 -0.2996 -0.5151
vn -0.5888 -0.4552 -0.6679
vn -0.7731 -0.5355 -0.3398
vn -0.9156 -0.2909 -0.2774
vn -0.3376 -0.6000 -0.7253
vn -0.4446 -0.8077 -0.3873
vn 0.0366 -0.0390 -0.9986
vn 0.1771 -0.0848 -0.9805
vn 0.1465 -0.4441 -0.8839
vn -0.0571 -0.3951 -0.9169
vn 0.3804 -0.1253 -0.9163
vn 0.4528 -0.3742 -0.8093
vn 0.2701 -0.6905 -0.6710
vn 0.0279 -0.7141 -0.6995
vn -0.1721 -0.2956 -0.9397
vn -0.3912 -0.2665 -0.8809
vn -0.7769 -0.2123 -0.5927
vn -0.9503 -0.1647 -0.2641
vn -0.9607 -0.1316 -0.2445
vn 0.9460 -0.0059 -0.3241
vn 0.7648 -0.6438 -0.0248
vn 0.7093 -0.6673 -0.2272
vn 0.7277 -0.1083 -0.6773
vn -0.1285 -0.6742 -0.7272
vn -0.1035 -0.9138 -0.3927
vn 0.1098 -0.9161 -0.3856
vn 0.3425 0.0437 -0.9385
vn 0.3132 0.1194 -0.9422
vn 0.0097 -0.0259 -0.9996
vn 0.9955 0.0100 -0.0939
vn 0.9886 0.1313 -0.0731
vn 0.9700 0.2430 -0.0036
vn 0.3497 0.1746 -0.9205
vn 0.3774 -0.8409 -0.3880
vn -0.1364 -0.3309 -0.9337
vn -0.9492 -0.2404 -0.2032
vn 0.0064 0.9449 0.3274
vn -0.0484 0.9904 0.1296
vn 0.0451 0.9212 0.3865
vn 0.1127 0.9719 0.2067
vn 0.6594 -0.6074 -0.4430
vn 0.5911 -0.3475 0.7280
vn 0.6266 -0.0927 0.7738
vn 0.8915 -0.3546 -0.2820
vn 0.5203 -0.2856 0.8048
vn 0.5564 -0.0939 0.8256
vn 0.5420 -0.0065 0.8403
vn 0.6331 -0.0129 0.7740
vn 0.0426 -0.9300 0.3651
vn 0.0755 -0.8989 0.4315
vn 0.0488 -0.7409 0.6699
vn 0.1939 -0.8538 0.4831
vn 0.4806 0.0282 0.8765
vn 0.4204 0.0850 0.9034
vn 0.9244 0.3694 0.0946
vn 0.5233 0.0176 0.8520
vn 0.5187 0.0607 0.8528
vn 0.4874 0.2500 0.8367
vn 0.3276 0.3103 0.8924
vn 0.8222 0.5585 0.1099
vn 0.4673 0.1972 -0.8618
vn 0.6319 0.1334 -0.7635
vn 0.7665 -0.0302 -0.6415
vn 0.7226 0.6911 -0.0113
vn 0.3922 -0.2331 -0.8899
vn 0.5763 -0.6844 -0.4466
vn 0.2477 -0.2716 -0.9300
vn 0.3585 -0.0014 -0.9335
vn 0.9895 -0.0670 -0.1279
vn 0.2740 -0.2266 -0.9347
vn 0.3399 -0.5567 0.7580
vn 0.5358 -0.7120 0.4539
vn 0.7601 -0.4252 0.4913
vn 0.7823 -0.0854 0.6171
vn 0.7857 -0.0720 0.6144
vn 0.4927 -0.0579 0.8683
vn 0.4987 -0.0255 0.8664
vn 0.5099 0.0061 0.8602
vn 0.7940 -0.0669 0.6042
vn 0.5240 0.0156 0.8516
vn 0.8051 -0.0801 0.5877
vn 0.8176 -0.1193 0.5632
vn 0.8174 -0.2255 0.5301
vn 0.7876 -0.0768 0.6114
vn 0.4972 -0.0626 0.8654
vn 0.7976 -0.0306 0.6025
vn 0.5093 -0.0338 0.8599
vn 0.5872 0.7067 0.3947
vn 0.7971 0.2988 0.5248
vn 0.3392 0.6532 0.6769
vn 0.8147 0.1176 0.5678
vn 0.8094 0.0601 0.5841
vn 0.8044 0.0239 0.5936
vn 0.5196 0.0008 0.8544
vn 0.1645 0.7128 0.6818
vn 0.4149 -0.7216 0.5543
vn 0.6275 -0.0046 0.7786
vn 0.6127 -0.0301 0.7898
vn 0.5836 -0.0589 0.8099
vn 0.5165 -0.0387 0.8554
vn 0.5068 0.0002 0.8620
vn 0.6343 0.0018 0.7731
vn 0.5434 -0.0651 0.8369
vn 0.7663 0.6383 -0.0739
vn -0.1775 0.9706 -0.1623
vn -0.7224 0.6884 -0.0650
vn -0.5262 -0.2805 0.8028
vn 0.5283 -0.6307 0.5684
vn 0.8240 -0.5003 0.2660
vn -0.9101 0.3799 0.1655
vn 0.9784 -0.1743 0.1115
vt 0.612529 0.418576
vt 0.601726 0.450121
vt 0.572957 0.438375
vt 0.581527 0.409121
vt 0.922053 0.517939
vt 0.915056 0.495117
vt 0.940948 0.488422
vt 0.950824 0.508277
vt 0.964565 0.481833
vt 0.976390 0.499512
vt 0.547957 0.425860
vt 0.555061 0.396102
vt 0.623233 0.356168
vt 0.613737 0.385270
vt 0.593915 0.378625
vt 0.605166 0.352765
vt 0.578454 0.369464
vt 0.593387 0.352495
vt 0.600894 0.225531
vt 0.595740 0.262647
vt 0.581889 0.256826
vt 0.584148 0.223633
vt 0.591260 0.293186
vt 0.576939 0.288555
vt 0.563260 0.283491
vt 0.568697 0.252890
vt 0.568536 0.224768
vt 0.596437 0.322819
vt 0.595498 0.338525
vt 0.573745 0.352663
vt 0.572913 0.331966
vt 0.552150 0.370405
vt 0.545485 0.343837
vt 0.605006 0.882568
vt 0.590690 0.883866
vt 0.588325 0.866367
vt 0.601141 0.866506
vt 0.580507 0.885563
vt 0.579704 0.867036
vt 0.578378 0.856486
vt 0.587558 0.856019
vt 0.601022 0.856981
vt 0.550879 0.256409
vt 0.552143 0.233147
vt 0.544614 0.282622
vt 0.941406 0.338309
vt 0.943756 0.363921
vt 0.926654 0.372395
vt 0.924010 0.345401
vt 0.944741 0.315856
vt 0.926691 0.320350
vt 0.902431 0.320787
vt 0.900652 0.348284
vt 0.890520 0.347608
vt 0.891949 0.319820
vt 0.900516 0.377163
vt 0.889560 0.377243
vt 0.879214 0.377007
vt 0.880322 0.347086
vt 0.881354 0.319262
vt 0.908186 0.440707
vt 0.911715 0.471393
vt 0.892161 0.475237
vt 0.891350 0.442883
vt 0.892825 0.499849
vt 0.874594 0.501657
vt 0.875521 0.476632
vt 0.876749 0.443502
vt 0.904771 0.269359
vt 0.893229 0.268694
vt 0.893804 0.247008
vt 0.905900 0.246927
vt 0.883227 0.268703
vt 0.884018 0.247358
vt 0.884733 0.228080
vt 0.894413 0.227496
vt 0.906935 0.224861
vt 0.626525 0.316960
vt 0.624960 0.332105
vt 0.611280 0.333188
vt 0.613239 0.318898
vt 0.629404 0.224227
vt 0.625775 0.260716
vt 0.610578 0.263060
vt 0.615872 0.225535
vt 0.623568 0.287847
vt 0.607139 0.291564
vt 0.624987 0.303508
vt 0.609825 0.306793
vt 0.593269 0.310225
vt 0.903639 0.408521
vt 0.890082 0.409418
vt 0.878008 0.409530
vt 0.553995 0.313275
vt 0.533663 0.311755
vt 0.523295 0.335948
vt 0.952813 0.391829
vt 0.963709 0.414229
vt 0.950219 0.432533
vt 0.936182 0.402007
vt 0.574085 0.311909
vt 0.633311 0.162147
vt 0.631836 0.190332
vt 0.617437 0.191874
vt 0.616855 0.164446
vt 0.600188 0.193946
vt 0.596743 0.168812
vt 0.903786 0.293925
vt 0.892791 0.293008
vt 0.882342 0.292599
vt 0.556735 0.182697
vt 0.563729 0.201920
vt 0.548492 0.212319
vt 0.541509 0.193309
vt 0.950996 0.295690
vt 0.931771 0.296756
vt 0.957887 0.276237
vt 0.937256 0.274697
vt 0.580697 0.196653
vt 0.574759 0.175124
vt 0.916192 0.295780
vt 0.919229 0.271939
vt 0.913087 0.321694
vt 0.656556 0.161448
vt 0.655852 0.189198
vt 0.644307 0.189369
vt 0.645923 0.161369
vt 0.654999 0.223280
vt 0.642368 0.223355
vt 0.919300 0.406778
vt 0.912386 0.376418
vt 0.928251 0.437807
vt 0.653445 0.286429
vt 0.653045 0.302657
vt 0.639341 0.302386
vt 0.639013 0.286536
vt 0.652717 0.315972
vt 0.639563 0.315988
vt 0.654102 0.259621
vt 0.640271 0.259551
vt 0.652318 0.332047
vt 0.638659 0.331827
vt 0.651797 0.351319
vt 0.638915 0.351301
vt 0.533623 0.175564
vt 0.549823 0.165321
vt 0.942210 0.254606
vt 0.963825 0.257402
vt 0.945962 0.238412
vt 0.968080 0.241952
vt 0.527157 0.161033
vt 0.544366 0.151408
vt 0.616702 0.142490
vt 0.634627 0.139536
vt 0.594680 0.148457
vt 0.593607 0.133644
vt 0.616083 0.126894
vt 0.634695 0.121475
vt 0.956148 0.461571
vt 0.934857 0.466790
vt 0.910875 0.348507
vt 0.800196 0.745900
vt 0.788555 0.747507
vt 0.785856 0.728128
vt 0.797291 0.726906
vt 0.780092 0.747245
vt 0.777866 0.727954
vt 0.776721 0.720769
vt 0.784813 0.720571
vt 0.797103 0.719344
vt 0.650122 0.434890
vt 0.649478 0.460453
vt 0.627385 0.457908
vt 0.633189 0.431914
vt 0.873717 0.525308
vt 0.896215 0.524006
vt 0.028505 0.539422
vt 0.011148 0.536123
vt 0.011398 0.526378
vt 0.028841 0.528852
vt 0.554346 0.520460
vt 0.531412 0.524942
vt 0.529489 0.516068
vt 0.551360 0.511610
vt 0.525801 0.499660
vt 0.546187 0.494719
vt 0.014409 0.508553
vt 0.031385 0.510521
vt 0.394426 0.527058
vt 0.374339 0.525274
vt 0.376032 0.513672
vt 0.395844 0.517344
vt 0.090938 0.545411
vt 0.067395 0.544433
vt 0.067582 0.531520
vt 0.090938 0.533421
vt 0.067951 0.511232
vt 0.090553 0.513574
vt 0.379978 0.494671
vt 0.398947 0.500078
vt 0.885512 0.207061
vt 0.893150 0.206717
vt 0.660024 0.029751
vt 0.659214 0.060152
vt 0.651849 0.060238
vt 0.651438 0.030211
vt 0.646597 0.060648
vt 0.644574 0.031639
vt 0.899079 0.204992
vt 0.658294 0.094729
vt 0.650787 0.094350
vt 0.657504 0.124762
vt 0.647572 0.123812
vt 0.644996 0.093774
vt 0.922328 0.250346
vt 0.925147 0.232650
vt 0.647304 0.140565
vt 0.657068 0.141532
vt 0.570018 0.156660
vt 0.566823 0.142474
vt 0.079008 0.673220
vt 0.088401 0.655745
vt 0.113787 0.667082
vt 0.106290 0.686251
vt 0.097946 0.641872
vt 0.116665 0.648701
vt 0.125581 0.648839
vt 0.128471 0.667784
vt 0.131040 0.690848
vt 0.643150 0.367425
vt 0.635683 0.372771
vt 0.651193 0.367594
vt 0.059057 0.635644
vt 0.073737 0.621080
vt 0.047264 0.654836
vt 0.641632 0.417232
vt 0.650583 0.419249
vt 0.633207 0.408762
vt 0.011573 0.751254
vt 0.017551 0.727073
vt 0.046797 0.740713
vt 0.039912 0.760076
vt 0.009962 0.772539
vt 0.037352 0.775430
vt 0.631713 0.389902
vt 0.034975 0.691132
vt 0.063890 0.707947
vt 0.570285 0.885739
vt 0.570523 0.868591
vt 0.828208 0.874738
vt 0.815073 0.877077
vt 0.813699 0.859576
vt 0.825856 0.858766
vt 0.814478 0.849896
vt 0.827996 0.849810
vt 0.569129 0.859845
vt 0.800224 0.879308
vt 0.799792 0.860753
vt 0.789485 0.880011
vt 0.789878 0.861454
vt 0.789341 0.850778
vt 0.799943 0.850269
vt 0.780134 0.876841
vt 0.780008 0.861345
vt 0.619500 0.882029
vt 0.614515 0.867483
vt 0.615229 0.859138
vt 0.778378 0.852626
vt 0.771678 0.719892
vt 0.771047 0.713928
vt 0.776466 0.714340
vt 0.614034 0.730230
vt 0.603929 0.728818
vt 0.604217 0.722860
vt 0.613588 0.724332
vt 0.604655 0.716698
vt 0.613862 0.718182
vt 0.770218 0.707611
vt 0.776229 0.706525
vt 0.772922 0.745523
vt 0.772185 0.727162
vt 0.615016 0.754929
vt 0.604129 0.754700
vt 0.603684 0.736348
vt 0.613441 0.737320
vt 0.586273 0.755450
vt 0.579318 0.754878
vt 0.582695 0.736580
vt 0.587766 0.736052
vt 0.809919 0.743133
vt 0.805731 0.724900
vt 0.805811 0.717490
vt 0.583257 0.729387
vt 0.587671 0.728489
vt 0.593591 0.755010
vt 0.594056 0.735907
vt 0.593826 0.728101
vt 0.606461 0.703439
vt 0.591966 0.698043
vt 0.590245 0.687184
vt 0.607948 0.695239
vt 0.583028 0.694157
vt 0.577988 0.681345
vt 0.573167 0.666536
vt 0.590374 0.676873
vt 0.611795 0.683854
vt 0.583841 0.723260
vt 0.588756 0.722438
vt 0.795957 0.712750
vt 0.804265 0.711356
vt 0.795483 0.705370
vt 0.804111 0.704627
vt 0.584107 0.716547
vt 0.589397 0.714834
vt 0.594840 0.721956
vt 0.595641 0.715215
vt 0.784417 0.713794
vt 0.784274 0.706051
vt 0.642866 0.646049
vt 0.641138 0.643915
vt 0.663345 0.619340
vt 0.664235 0.620500
vt 0.640343 0.642108
vt 0.662252 0.618949
vt 0.677649 0.602816
vt 0.681263 0.599689
vt 0.678813 0.603470
vt 0.801762 0.687628
vt 0.785251 0.690361
vt 0.787320 0.680804
vt 0.806863 0.675466
vt 0.774481 0.692036
vt 0.773818 0.684894
vt 0.771282 0.672988
vt 0.789484 0.670328
vt 0.812623 0.659630
vt 0.769144 0.694281
vt 0.768451 0.686766
vt 0.620062 0.706639
vt 0.622317 0.699590
vt 0.624710 0.688934
vt 0.766513 0.675546
vt 0.577554 0.697346
vt 0.572351 0.684129
vt 0.814577 0.685944
vt 0.821163 0.672018
vt 0.826860 0.656528
vt 0.567913 0.669534
vt 0.587754 0.842913
vt 0.603322 0.843977
vt 0.576449 0.843637
vt 0.576166 0.824608
vt 0.589073 0.822860
vt 0.606083 0.822424
vt 0.565781 0.847849
vt 0.815869 0.838129
vt 0.832736 0.837569
vt 0.815471 0.817508
vt 0.833583 0.814616
vt 0.563068 0.826325
vt 0.774885 0.839842
vt 0.787704 0.837914
vt 0.620041 0.847369
vt 0.624322 0.825029
vt 0.770217 0.817010
vt 0.784254 0.818144
vt 0.799440 0.838507
vt 0.797633 0.818609
vt 0.806812 0.653281
vt 0.818731 0.638587
vt 0.823468 0.640317
vt 0.803551 0.646566
vt 0.815747 0.635732
vt 0.826795 0.616402
vt 0.828376 0.617709
vt 0.830662 0.618593
vt 0.611689 0.665131
vt 0.615126 0.659433
vt 0.623659 0.655734
vt 0.623948 0.658752
vt 0.778454 0.645108
vt 0.780124 0.650385
vt 0.768010 0.643772
vt 0.770303 0.640489
vt 0.752891 0.625636
vt 0.754989 0.624026
vt 0.639579 0.640622
vt 0.790718 0.661279
vt 0.775648 0.661061
vt 0.791258 0.651887
vt 0.609853 0.673000
vt 0.623879 0.662895
vt 0.625925 0.667934
vt 0.781985 0.637899
vt 0.784846 0.638460
vt 0.607718 0.653368
vt 0.612140 0.652702
vt 0.610189 0.632125
vt 0.613703 0.632704
vt 0.780052 0.617025
vt 0.782467 0.616721
vt 0.764469 0.649586
vt 0.762202 0.654709
vt 0.748187 0.630550
vt 0.749944 0.628382
vt 0.759313 0.657669
vt 0.631483 0.671527
vt 0.646011 0.648166
vt 0.746242 0.632428
vt 0.594050 0.670771
vt 0.579898 0.662199
vt 0.588725 0.660197
vt 0.598682 0.665077
vt 0.606613 0.631443
vt 0.615844 0.601510
vt 0.617688 0.602363
vt 0.603986 0.630911
vt 0.614301 0.601631
vt 0.621834 0.581177
vt 0.623991 0.576914
vt 0.623584 0.581393
vt 0.589562 0.655128
vt 0.594312 0.650062
vt 0.596669 0.651784
vt 0.805731 0.639366
vt 0.796090 0.636729
vt 0.800311 0.634621
vt 0.789200 0.615677
vt 0.792521 0.614772
vt 0.601735 0.630178
vt 0.601483 0.652864
vt 0.789957 0.638200
vt 0.785307 0.616350
vt 0.627443 0.567111
vt 0.625995 0.577241
vt 0.622696 0.576501
vt 0.768533 0.549710
vt 0.773206 0.559708
vt 0.773525 0.564530
vt 0.771178 0.560264
vt 0.769750 0.560358
vt 0.771625 0.564932
vt 0.777797 0.585618
vt 0.780160 0.585632
vt 0.776280 0.586271
vt 0.774377 0.586093
vt 0.620129 0.602450
vt 0.612836 0.600656
vt 0.782174 0.584571
vt 0.716663 0.582978
vt 0.713299 0.579284
vt 0.707903 0.569490
vt 0.714307 0.578699
vt 0.682700 0.600482
vt 0.688354 0.591962
vt 0.680525 0.598986
vt 0.715777 0.577852
vt 0.718117 0.581986
vt 0.727805 0.602203
vt 0.729355 0.601546
vt 0.666378 0.621279
vt 0.730273 0.600392
vt 0.732389 0.599686
vt 0.661926 0.617815
vt 0.733419 0.598548
vt 0.825232 0.615043
vt 0.836054 0.590954
vt 0.836909 0.591961
vt 0.572940 0.632375
vt 0.570539 0.632905
vt 0.563561 0.610090
vt 0.564818 0.609481
vt 0.559387 0.594633
vt 0.559225 0.591293
vt 0.843824 0.571751
vt 0.843083 0.575454
vt 0.572748 0.650888
vt 0.578341 0.650068
vt 0.568779 0.652075
vt 0.565665 0.634250
vt 0.567515 0.633578
vt 0.813945 0.632711
vt 0.581891 0.648907
vt 0.564934 0.654486
vt 0.830514 0.639752
vt 0.834570 0.618826
vt 0.562960 0.635384
vt 0.843950 0.575978
vt 0.844579 0.572338
vt 0.847141 0.564683
vt 0.845994 0.572662
vt 0.556657 0.584316
vt 0.557959 0.591667
vt 0.557045 0.591983
vt 0.558343 0.595164
vt 0.559736 0.611054
vt 0.561415 0.610858
vt 0.838636 0.593010
vt 0.840856 0.593018
vt 0.562065 0.610186
vt 0.837741 0.592222
vt 0.591331 0.789769
vt 0.606096 0.788726
vt 0.580144 0.791063
vt 0.569241 0.790147
vt 0.808913 0.781902
vt 0.823306 0.777994
vt 0.770542 0.780838
vt 0.781677 0.783601
vt 0.621470 0.789060
vt 0.793436 0.783977
vt 0.785073 0.936476
vt 0.770774 0.929977
vt 0.775617 0.903603
vt 0.787122 0.908654
vt 0.642528 0.932435
vt 0.622668 0.936527
vt 0.613580 0.909392
vt 0.630901 0.907419
vt 0.825394 0.936877
vt 0.803593 0.938873
vt 0.801757 0.909166
vt 0.820098 0.906726
vt 0.578302 0.945693
vt 0.562290 0.947531
vt 0.566418 0.916537
vt 0.579488 0.916254
vt 0.844686 0.931612
vt 0.836465 0.902789
vt 0.597956 0.941614
vt 0.594400 0.912799
vt 0.638382 0.969370
vt 0.610690 0.972738
vt 0.601403 0.960065
vt 0.628661 0.953627
vt 0.586274 0.981816
vt 0.578402 0.964031
vt 0.556657 0.986242
vt 0.559028 0.967582
vt 0.846788 0.969111
vt 0.826781 0.974583
vt 0.827663 0.957033
vt 0.847141 0.950980
vt 0.805470 0.973505
vt 0.805765 0.957944
vt 0.776382 0.967831
vt 0.783875 0.953979
vt 0.759095 0.952443
vt 0.767720 0.945052
vt 0.655863 0.955121
vt 0.649639 0.945882
vt 0.439730 0.165450
vt 0.431969 0.166309
vt 0.429941 0.157815
vt 0.438240 0.156233
vt 0.078807 0.167307
vt 0.071605 0.166370
vt 0.071212 0.156603
vt 0.078513 0.158080
vt 0.070416 0.144051
vt 0.078378 0.146703
vt 0.425736 0.148042
vt 0.435575 0.145637
vt 0.494466 0.378233
vt 0.483750 0.378399
vt 0.482351 0.363236
vt 0.491965 0.363555
vt 0.474144 0.378182
vt 0.473721 0.362705
vt 0.473727 0.353279
vt 0.482051 0.353914
vt 0.491405 0.354443
vt 0.485144 0.527940
vt 0.470607 0.527394
vt 0.470292 0.518544
vt 0.484769 0.519224
vt 0.448912 0.527153
vt 0.449516 0.518249
vt 0.450062 0.501647
vt 0.469085 0.502158
vt 0.483219 0.502796
vt 0.419988 0.527321
vt 0.421110 0.518295
vt 0.423243 0.501543
vt 0.505455 0.527467
vt 0.504797 0.518625
vt 0.502746 0.502151
vt 0.045357 0.542042
vt 0.045953 0.530029
vt 0.047707 0.510475
vt 0.429035 0.381325
vt 0.417380 0.378130
vt 0.420933 0.363854
vt 0.432229 0.365800
vt 0.079349 0.387031
vt 0.065936 0.386481
vt 0.065616 0.370575
vt 0.078076 0.371587
vt 0.065850 0.360653
vt 0.077914 0.362358
vt 0.421773 0.355052
vt 0.433161 0.356010
vt 0.455537 0.379666
vt 0.441750 0.381085
vt 0.444119 0.365310
vt 0.456611 0.363885
vt 0.445077 0.355503
vt 0.457285 0.354251
vt 0.056597 0.385761
vt 0.056762 0.369806
vt 0.049718 0.384934
vt 0.050089 0.369269
vt 0.050256 0.359366
vt 0.057108 0.359593
vt 0.040007 0.383644
vt 0.040608 0.368749
vt 0.505538 0.376762
vt 0.502256 0.362852
vt 0.501432 0.354227
vt 0.040690 0.359641
vt 0.465624 0.378577
vt 0.465810 0.362875
vt 0.466120 0.353389
vt 0.475506 0.137201
vt 0.466833 0.135143
vt 0.468027 0.122316
vt 0.478586 0.125360
vt 0.459433 0.136395
vt 0.459454 0.122951
vt 0.459090 0.110565
vt 0.468973 0.110559
vt 0.480703 0.114474
vt 0.060052 0.165597
vt 0.052836 0.165931
vt 0.052860 0.156676
vt 0.060037 0.155743
vt 0.498307 0.166031
vt 0.490576 0.164683
vt 0.492532 0.155419
vt 0.500646 0.157604
vt 0.495996 0.144944
vt 0.505141 0.147786
vt 0.052210 0.145320
vt 0.059800 0.143173
vt 0.065725 0.165681
vt 0.065486 0.155670
vt 0.064895 0.142714
vt 0.458921 0.160122
vt 0.449275 0.162926
vt 0.448674 0.152702
vt 0.458964 0.148922
vt 0.447941 0.141102
vt 0.481875 0.162245
vt 0.483177 0.152142
vt 0.473157 0.159807
vt 0.473756 0.148909
vt 0.485911 0.141101
vt 0.465963 0.158957
vt 0.466158 0.147554
vt 0.475734 0.327796
vt 0.466407 0.327508
vt 0.465452 0.304262
vt 0.476139 0.304865
vt 0.456306 0.328061
vt 0.454949 0.304680
vt 0.454789 0.273068
vt 0.464836 0.272508
vt 0.475994 0.273069
vt 0.495708 0.329606
vt 0.485594 0.328685
vt 0.488246 0.306076
vt 0.500288 0.307122
vt 0.489230 0.274387
vt 0.502222 0.275488
vt 0.442659 0.329129
vt 0.440403 0.306084
vt 0.429207 0.329843
vt 0.424727 0.307041
vt 0.423557 0.275447
vt 0.440234 0.274491
vt 0.068761 0.333482
vt 0.059451 0.331976
vt 0.061757 0.309014
vt 0.072594 0.310294
vt 0.050933 0.332477
vt 0.050855 0.309434
vt 0.051401 0.278765
vt 0.063664 0.279347
vt 0.075188 0.280122
vt 0.040702 0.334493
vt 0.038645 0.311019
vt 0.506532 0.330463
vt 0.512627 0.307902
vt 0.515014 0.275488
vt 0.037985 0.278179
vt 0.416573 0.330488
vt 0.410061 0.307347
vt 0.080679 0.337121
vt 0.085548 0.313630
vt 0.088926 0.280806
vt 0.408206 0.274736
vt 0.465180 0.232166
vt 0.474852 0.232481
vt 0.456936 0.232844
vt 0.459404 0.194931
vt 0.465784 0.194140
vt 0.473396 0.194441
vt 0.486374 0.233634
vt 0.497620 0.234554
vt 0.482399 0.195710
vt 0.491238 0.196794
vt 0.444516 0.234102
vt 0.430026 0.234709
vt 0.438348 0.197271
vt 0.449595 0.196369
vt 0.064602 0.239185
vt 0.074239 0.239447
vt 0.054457 0.238036
vt 0.058367 0.199075
vt 0.065137 0.199793
vt 0.071795 0.199954
vt 0.043515 0.236090
vt 0.508625 0.233941
vt 0.499819 0.196497
vt 0.050260 0.197764
vt 0.417103 0.233374
vt 0.085180 0.238242
vt 0.079865 0.199281
vt 0.428889 0.196464
vt 0.467520 0.474074
vt 0.480404 0.474285
vt 0.450942 0.473763
vt 0.452347 0.439577
vt 0.466197 0.439220
vt 0.477292 0.438842
vt 0.022370 0.478649
vt 0.037353 0.480761
vt 0.518521 0.470970
vt 0.536487 0.465910
vt 0.508764 0.436044
vt 0.523911 0.431980
vt 0.031585 0.442933
vt 0.044003 0.445013
vt 0.050980 0.480843
vt 0.068341 0.481461
vt 0.054263 0.445738
vt 0.068080 0.446562
vt 0.427084 0.473597
vt 0.405219 0.472073
vt 0.413855 0.438746
vt 0.432316 0.439839
vt 0.387876 0.466254
vt 0.089138 0.483238
vt 0.086272 0.447564
vt 0.398619 0.433461
vt 0.498086 0.473509
vt 0.491950 0.438098
vt 0.465614 0.405396
vt 0.475088 0.404811
vt 0.454099 0.406296
vt 0.037363 0.409410
vt 0.048063 0.411158
vt 0.500032 0.403404
vt 0.512779 0.400738
vt 0.056027 0.412107
vt 0.067034 0.412958
vt 0.437702 0.407243
vt 0.422587 0.406816
vt 0.409463 0.402411
vt 0.082502 0.413540
vt 0.486761 0.404478
vt 0.420603 0.345376
vt 0.432224 0.345371
vt 0.066523 0.349762
vt 0.078347 0.352421
vt 0.041143 0.349724
vt 0.050645 0.348497
vt 0.492593 0.344482
vt 0.502673 0.344824
vt 0.057840 0.348364
vt 0.444455 0.344841
vt 0.457175 0.343708
vt 0.483279 0.343775
vt 0.474721 0.343086
vt 0.466591 0.343056
vt 0.466005 0.171309
vt 0.472964 0.171831
vt 0.459676 0.172246
vt 0.481287 0.173607
vt 0.489557 0.175295
vt 0.450440 0.174269
vt 0.440614 0.175947
vt 0.065550 0.176975
vt 0.071413 0.177380
vt 0.059840 0.176708
vt 0.052501 0.176369
vt 0.497291 0.175838
vt 0.432750 0.176147
vt 0.078691 0.177705
vt 0.927730 0.221977
vt 0.948273 0.227869
vt 0.913102 0.215075
vt 0.044940 0.551000
vt 0.028514 0.547225
vt 0.067163 0.553884
vt 0.640136 0.092234
vt 0.642649 0.061160
vt 0.628871 0.113383
vt 0.505734 0.533590
vt 0.484643 0.534327
vt 0.532767 0.530769
vt 0.564939 0.133709
vt 0.592689 0.124784
vt 0.541183 0.142534
vt 0.419153 0.534049
vt 0.393527 0.534327
vt 0.448022 0.533725
vt 0.614299 0.117837
vt 0.469993 0.533911
vt 0.523295 0.151528
vt 0.970490 0.231994
vt 0.090780 0.554154
vt 0.373183 0.533664
vt 0.902500 0.201539
vt 0.639610 0.033799
vt 0.556806 0.526228
vt 0.011227 0.542593
vt 0.059732 0.118059
vt 0.049090 0.117655
vt 0.049124 0.104308
vt 0.058824 0.109739
vt 0.517310 0.124929
vt 0.503977 0.122047
vt 0.501260 0.111107
vt 0.514575 0.113695
vt 0.495465 0.098685
vt 0.507126 0.101757
vt 0.049928 0.088727
vt 0.057503 0.096691
vt 0.418700 0.137047
vt 0.431349 0.133883
vt 0.069419 0.129181
vt 0.079036 0.132498
vt 0.068490 0.118826
vt 0.080038 0.119228
vt 0.414066 0.126111
vt 0.429060 0.122700
vt 0.050643 0.131116
vt 0.059540 0.128339
vt 0.501155 0.133294
vt 0.512475 0.136453
vt 0.446183 0.128456
vt 0.445014 0.116465
vt 0.064185 0.127738
vt 0.063764 0.118361
vt 0.489902 0.129491
vt 0.492353 0.118518
vt 0.486464 0.095611
vt 0.483283 0.082627
vt 0.490088 0.084859
vt 0.477980 0.093134
vt 0.476381 0.081478
vt 0.474657 0.070439
vt 0.480193 0.070614
vt 0.484963 0.071771
vt 0.446403 0.105590
vt 0.459175 0.100325
vt 0.431782 0.112063
vt 0.437409 0.099902
vt 0.448945 0.094031
vt 0.459456 0.090395
vt 0.063415 0.111548
vt 0.069373 0.110854
vt 0.063428 0.099609
vt 0.071586 0.098110
vt 0.490385 0.107704
vt 0.479923 0.104191
vt 0.469054 0.100606
vt 0.468595 0.090760
vt 0.417036 0.115667
vt 0.081262 0.107027
vt 0.082884 0.091736
vt 0.424639 0.104202
vt 0.059144 0.059732
vt 0.053259 0.053469
vt 0.056302 0.035854
vt 0.062775 0.040232
vt 0.491134 0.074029
vt 0.479411 0.062288
vt 0.483466 0.061745
vt 0.475484 0.058354
vt 0.476047 0.054577
vt 0.062564 0.023285
vt 0.066561 0.028133
vt 0.468144 0.080288
vt 0.459806 0.079822
vt 0.460491 0.069585
vt 0.467692 0.070055
vt 0.432805 0.090606
vt 0.442595 0.085766
vt 0.073890 0.080893
vt 0.084276 0.074560
vt 0.076924 0.061488
vt 0.086503 0.056472
vt 0.440451 0.075547
vt 0.447404 0.072053
vt 0.051442 0.071624
vt 0.057480 0.079360
vt 0.498985 0.088301
vt 0.451098 0.081538
vt 0.453569 0.069890
vt 0.064526 0.082543
vt 0.067185 0.062601
vt 0.473165 0.057481
vt 0.465791 0.053004
vt 0.471183 0.057840
vt 0.466775 0.056399
vt 0.462115 0.057405
vt 0.459050 0.057210
vt 0.456041 0.058355
vt 0.454900 0.054991
vt 0.081744 0.029860
vt 0.074482 0.026900
vt 0.074953 0.017349
vt 0.086912 0.025624
vt 0.456370 0.061534
vt 0.461331 0.061414
vt 0.452606 0.062143
vt 0.071314 0.042272
vt 0.080589 0.042290
vt 0.476532 0.061937
vt 0.472719 0.061875
vt 0.467238 0.061544
vt 0.447998 0.062598
vt 0.089034 0.038934
vt 0.108473 0.766868
vt 0.115418 0.728936
vt 0.137048 0.732919
vt 0.134487 0.759846
vt 0.146736 0.704741
vt 0.161947 0.714527
vt 0.157008 0.735099
vt 0.155671 0.753891
vt 0.069245 0.769982
vt 0.063764 0.783251
vt 0.076361 0.752865
vt 0.095255 0.784318
vt 0.084593 0.796932
vt 0.090340 0.721000
vt 0.215370 0.652972
vt 0.222323 0.647090
vt 0.227475 0.653912
vt 0.220394 0.658190
vt 0.230711 0.640484
vt 0.235868 0.649235
vt 0.238167 0.655647
vt 0.230041 0.659082
vt 0.222912 0.662347
vt 0.163145 0.788223
vt 0.158366 0.771483
vt 0.177884 0.764371
vt 0.180188 0.778358
vt 0.176760 0.750852
vt 0.190009 0.749808
vt 0.190627 0.760718
vt 0.191975 0.772352
vt 0.189058 0.880939
vt 0.185276 0.864413
vt 0.197112 0.857293
vt 0.207708 0.873178
vt 0.182585 0.854194
vt 0.188574 0.846939
vt 0.196307 0.834355
vt 0.208134 0.843612
vt 0.224506 0.855983
vt 0.113574 0.804060
vt 0.099541 0.814820
vt 0.126595 0.793382
vt 0.139621 0.813350
vt 0.127686 0.824665
vt 0.112844 0.835838
vt 0.160813 0.842278
vt 0.167102 0.830180
vt 0.178381 0.839341
vt 0.173105 0.850404
vt 0.175989 0.817019
vt 0.186031 0.826539
vt 0.145060 0.872575
vt 0.154246 0.855643
vt 0.170159 0.863425
vt 0.167322 0.881319
vt 0.141001 0.782122
vt 0.149930 0.800911
vt 0.177298 0.737780
vt 0.179274 0.723365
vt 0.190415 0.729294
vt 0.189982 0.739941
vt 0.140627 0.842626
vt 0.127292 0.856576
vt 0.150177 0.829997
vt 0.157975 0.817389
vt 0.168545 0.804021
vt 0.154292 0.672214
vt 0.161176 0.682135
vt 0.167897 0.658960
vt 0.173295 0.665341
vt 0.181703 0.672048
vt 0.170636 0.693266
vt 0.178356 0.643638
vt 0.175809 0.636551
vt 0.182797 0.633119
vt 0.183038 0.642751
vt 0.171378 0.624950
vt 0.180651 0.621686
vt 0.191321 0.620443
vt 0.190834 0.631541
vt 0.189395 0.641572
vt 0.198359 0.663462
vt 0.200169 0.654129
vt 0.205722 0.655434
vt 0.204006 0.661767
vt 0.204707 0.645622
vt 0.210465 0.648928
vt 0.210544 0.657705
vt 0.208231 0.661226
vt 0.180022 0.652682
vt 0.186222 0.653314
vt 0.175100 0.649820
vt 0.161576 0.648269
vt 0.170001 0.641259
vt 0.154164 0.634592
vt 0.164015 0.628606
vt 0.217988 0.824406
vt 0.235104 0.831785
vt 0.205516 0.817213
vt 0.211658 0.801495
vt 0.223645 0.807549
vt 0.238167 0.812893
vt 0.200584 0.633144
vt 0.197140 0.642740
vt 0.203934 0.622669
vt 0.216210 0.627926
vt 0.210214 0.637288
vt 0.191717 0.666394
vt 0.195491 0.680767
vt 0.189235 0.691085
vt 0.201190 0.673844
vt 0.203565 0.682368
vt 0.198611 0.691693
vt 0.194431 0.702982
vt 0.217019 0.641854
vt 0.224655 0.633804
vt 0.193432 0.653407
vt 0.146509 0.659093
vt 0.139164 0.644289
vt 0.674933 0.679737
vt 0.684658 0.674529
vt 0.687184 0.687853
vt 0.679531 0.690809
vt 0.696798 0.672507
vt 0.696611 0.686485
vt 0.696423 0.700504
vt 0.689463 0.700316
vt 0.684076 0.699255
vt 0.652508 0.867328
vt 0.651086 0.854082
vt 0.655731 0.847808
vt 0.657907 0.859265
vt 0.648511 0.838511
vt 0.653680 0.834440
vt 0.667374 0.830723
vt 0.668569 0.842432
vt 0.670435 0.852926
vt 0.693681 0.904761
vt 0.673817 0.900156
vt 0.678237 0.886204
vt 0.693883 0.889746
vt 0.659042 0.889629
vt 0.665713 0.878255
vt 0.673970 0.869977
vt 0.683274 0.871862
vt 0.694106 0.873140
vt 0.656879 0.713323
vt 0.660781 0.701077
vt 0.665975 0.708150
vt 0.661942 0.720520
vt 0.665155 0.691876
vt 0.670683 0.699505
vt 0.679568 0.707263
vt 0.676184 0.715043
vt 0.673411 0.726235
vt 0.206540 0.668623
vt 0.211151 0.664668
vt 0.213100 0.668580
vt 0.208582 0.674493
vt 0.215157 0.661459
vt 0.217463 0.665064
vt 0.196222 0.811173
vt 0.188441 0.803443
vt 0.197489 0.792476
vt 0.203413 0.797535
vt 0.183322 0.706672
vt 0.191662 0.716304
vt 0.183350 0.792113
vt 0.193973 0.783662
vt 0.682843 0.850416
vt 0.683808 0.861368
vt 0.672477 0.862254
vt 0.694417 0.849969
vt 0.694256 0.861965
vt 0.695298 0.784318
vt 0.695156 0.794910
vt 0.682662 0.795016
vt 0.682828 0.784163
vt 0.695027 0.804530
vt 0.682441 0.804957
vt 0.667260 0.806052
vt 0.667426 0.795372
vt 0.667609 0.783844
vt 0.682081 0.816060
vt 0.667050 0.818131
vt 0.694883 0.815254
vt 0.694728 0.826790
vt 0.681929 0.827814
vt 0.682227 0.839277
vt 0.694573 0.838351
vt 0.668472 0.769422
vt 0.683230 0.770603
vt 0.669859 0.753920
vt 0.683879 0.756024
vt 0.695666 0.756884
vt 0.695475 0.771107
vt 0.696245 0.713751
vt 0.688174 0.711921
vt 0.689436 0.706448
vt 0.696326 0.707702
vt 0.682484 0.702851
vt 0.696008 0.731380
vt 0.685548 0.730012
vt 0.686727 0.719681
vt 0.696142 0.721429
vt 0.684631 0.742305
vt 0.695847 0.743405
vt 0.671425 0.739387
vt 0.669080 0.685514
vt 0.674723 0.694687
vt 0.653254 0.878243
vt 0.660062 0.868825
vt 0.646880 0.807647
vt 0.646848 0.794264
vt 0.652830 0.795417
vt 0.652781 0.807019
vt 0.647238 0.779728
vt 0.653172 0.782956
vt 0.651369 0.743604
vt 0.653935 0.727439
vt 0.659063 0.734822
vt 0.656722 0.750549
vt 0.647166 0.822558
vt 0.652788 0.820312
vt 0.648856 0.761947
vt 0.654543 0.767341
vt 0.582147 0.708106
vt 0.587278 0.705243
vt 0.797666 0.697267
vt 0.808129 0.696710
vt 0.769794 0.701035
vt 0.775339 0.698690
vt 0.605418 0.710381
vt 0.616615 0.712439
vt 0.784392 0.698494
vt 0.594250 0.707343
vt 0.688388 0.420482
vt 0.719717 0.412423
vt 0.726981 0.442015
vt 0.697715 0.452460
vt 0.746710 0.400588
vt 0.752498 0.430618
vt 0.798082 0.502617
vt 0.773236 0.491983
vt 0.786337 0.475227
vt 0.809402 0.483547
vt 0.826060 0.514381
vt 0.834727 0.492140
vt 0.680318 0.357742
vt 0.698567 0.355120
vt 0.708708 0.381439
vt 0.688659 0.387232
vt 0.710367 0.355359
vt 0.724541 0.372969
vt 0.708900 0.228212
vt 0.725701 0.227146
vt 0.726327 0.260370
vt 0.712224 0.265505
vt 0.741216 0.229048
vt 0.739677 0.257086
vt 0.743625 0.287866
vt 0.729737 0.292263
vt 0.715226 0.296203
vt 0.708663 0.325551
vt 0.731739 0.335773
vt 0.729980 0.356401
vt 0.708879 0.341294
vt 0.758571 0.348861
vt 0.750749 0.375073
vt 0.483148 0.878870
vt 0.487006 0.862807
vt 0.499822 0.862663
vt 0.497463 0.880163
vt 0.487121 0.853282
vt 0.500585 0.852314
vt 0.509766 0.852778
vt 0.508444 0.863328
vt 0.507648 0.881856
vt 0.757147 0.238209
vt 0.757270 0.261458
vt 0.818392 0.311174
vt 0.836060 0.316991
vt 0.836880 0.342172
vt 0.820056 0.333812
vt 0.832244 0.368896
vt 0.815817 0.359180
vt 0.762253 0.287882
vt 0.860221 0.319223
vt 0.870746 0.319034
vt 0.870114 0.346851
vt 0.859960 0.346776
vt 0.868878 0.376476
vt 0.857958 0.375586
vt 0.845605 0.438388
vt 0.862234 0.441804
vt 0.859030 0.474009
vt 0.839814 0.468729
vt 0.856547 0.498505
vt 0.861694 0.267763
vt 0.862229 0.245308
vt 0.874285 0.246285
vt 0.873254 0.267954
vt 0.862830 0.223226
vt 0.875122 0.226781
vt 0.678849 0.318263
vt 0.692047 0.320843
vt 0.693331 0.335235
vt 0.679676 0.333506
vt 0.680509 0.225499
vt 0.693952 0.227476
vt 0.697394 0.265193
vt 0.682336 0.262109
vt 0.699449 0.293818
vt 0.683219 0.289310
vt 0.696037 0.308904
vt 0.681042 0.304890
vt 0.712413 0.313116
vt 0.865976 0.408525
vt 0.852522 0.406627
vt 0.771810 0.317421
vt 0.751469 0.318000
vt 0.820551 0.397721
vt 0.804719 0.386341
vt 0.804293 0.427125
vt 0.792195 0.407872
vt 0.781046 0.342006
vt 0.731487 0.315699
vt 0.679728 0.163333
vt 0.696034 0.166463
vt 0.694069 0.193803
vt 0.679774 0.191540
vt 0.715876 0.171835
vt 0.711177 0.196733
vt 0.871891 0.292233
vt 0.860858 0.292335
vt 0.755076 0.187687
vt 0.769723 0.199026
vt 0.761817 0.217627
vt 0.747143 0.206504
vt 0.808215 0.270690
vt 0.828904 0.270682
vt 0.832741 0.293086
vt 0.813647 0.290600
vt 0.737484 0.179235
vt 0.730484 0.200406
vt 0.847085 0.269265
vt 0.848349 0.293266
vt 0.849528 0.319338
vt 0.667178 0.161912
vt 0.667372 0.189951
vt 0.667610 0.223984
vt 0.846175 0.373964
vt 0.837034 0.403729
vt 0.825810 0.434011
vt 0.667854 0.287245
vt 0.666751 0.303063
vt 0.665859 0.316646
vt 0.667918 0.260232
vt 0.665967 0.332531
vt 0.664690 0.352047
vt 0.762837 0.170711
vt 0.778471 0.181733
vt 0.768974 0.157116
vt 0.785645 0.167573
vt 0.803687 0.251467
vt 0.800588 0.235745
vt 0.822907 0.233852
vt 0.825450 0.250279
vt 0.679573 0.140701
vt 0.697305 0.144570
vt 0.680444 0.122677
vt 0.698724 0.129052
vt 0.720784 0.136928
vt 0.718963 0.151641
vt 0.817077 0.462425
vt 0.796231 0.455645
vt 0.849748 0.346242
vt 0.894679 0.745900
vt 0.897585 0.726906
vt 0.909019 0.728128
vt 0.906321 0.747507
vt 0.897773 0.719344
vt 0.910062 0.720571
vt 0.918155 0.720768
vt 0.917010 0.727954
vt 0.914783 0.747245
vt 0.667214 0.432844
vt 0.671704 0.459030
vt 0.851377 0.522344
vt 0.163265 0.592128
vt 0.162929 0.581559
vt 0.180372 0.579085
vt 0.180622 0.588829
vt 0.160385 0.563228
vt 0.177361 0.561259
vt 0.194413 0.511610
vt 0.199586 0.494719
vt 0.219971 0.499660
vt 0.216284 0.516068
vt 0.191426 0.520460
vt 0.214360 0.524942
vt 0.351347 0.527058
vt 0.349928 0.517344
vt 0.369741 0.513672
vt 0.371434 0.525274
vt 0.346826 0.500078
vt 0.365794 0.494671
vt 0.100833 0.586127
vt 0.101217 0.566281
vt 0.123819 0.563939
vt 0.124189 0.584226
vt 0.100833 0.598118
vt 0.124375 0.597140
vt 0.877921 0.206153
vt 0.872135 0.203993
vt 0.668574 0.030668
vt 0.675352 0.032459
vt 0.671787 0.061319
vt 0.666565 0.060630
vt 0.665810 0.094750
vt 0.671623 0.094483
vt 0.667470 0.124334
vt 0.845593 0.247503
vt 0.844091 0.229646
vt 0.666867 0.141073
vt 0.743138 0.161063
vt 0.747038 0.147082
vt 0.371902 0.770292
vt 0.343271 0.783967
vt 0.335403 0.763850
vt 0.362045 0.751953
vt 0.317298 0.788791
vt 0.319994 0.764587
vt 0.323027 0.744705
vt 0.332384 0.744561
vt 0.352028 0.737394
vt 0.667114 0.374142
vt 0.659445 0.368373
vt 0.405216 0.750999
vt 0.392840 0.730858
vt 0.377434 0.715574
vt 0.659546 0.418022
vt 0.444362 0.874522
vt 0.415617 0.877555
vt 0.412931 0.861442
vt 0.442671 0.852184
vt 0.405706 0.841121
vt 0.436397 0.826807
vt 0.668203 0.409746
vt 0.670613 0.391100
vt 0.387768 0.806736
vt 0.418112 0.789090
vt 0.517625 0.864880
vt 0.517870 0.882028
vt 0.519016 0.856134
vt 0.869019 0.858766
vt 0.866880 0.849810
vt 0.880398 0.849896
vt 0.881177 0.859576
vt 0.866667 0.874738
vt 0.879803 0.877077
vt 0.895083 0.860753
vt 0.894651 0.879308
vt 0.894933 0.850269
vt 0.905535 0.850778
vt 0.904997 0.861454
vt 0.905391 0.880011
vt 0.914867 0.861345
vt 0.914741 0.876841
vt 0.916497 0.852626
vt 0.473633 0.863789
vt 0.472915 0.855444
vt 0.468653 0.878336
vt 0.918409 0.714340
vt 0.923829 0.713928
vt 0.923198 0.719892
vt 0.918646 0.706525
vt 0.924658 0.707611
vt 0.474505 0.720637
vt 0.474229 0.714487
vt 0.483434 0.713000
vt 0.483876 0.719161
vt 0.474062 0.726536
vt 0.484165 0.725120
vt 0.922691 0.727162
vt 0.921954 0.745523
vt 0.474657 0.733626
vt 0.484414 0.732650
vt 0.473088 0.751235
vt 0.483975 0.751002
vt 0.501832 0.751745
vt 0.500331 0.732348
vt 0.505403 0.732873
vt 0.508787 0.751171
vt 0.500424 0.724784
vt 0.504838 0.725681
vt 0.889145 0.724900
vt 0.889065 0.717490
vt 0.884957 0.743133
vt 0.494041 0.732205
vt 0.494514 0.751308
vt 0.494268 0.724399
vt 0.481624 0.699742
vt 0.480134 0.691543
vt 0.497833 0.683481
vt 0.496117 0.694340
vt 0.476282 0.680159
vt 0.497701 0.673169
vt 0.514904 0.662826
vt 0.510089 0.677637
vt 0.505054 0.690451
vt 0.499337 0.718734
vt 0.504252 0.719554
vt 0.498693 0.711130
vt 0.503983 0.712841
vt 0.890611 0.711356
vt 0.890765 0.704627
vt 0.899392 0.705370
vt 0.898918 0.712750
vt 0.493252 0.718254
vt 0.492448 0.711513
vt 0.910459 0.713794
vt 0.910601 0.706051
vt 0.445197 0.642365
vt 0.423818 0.616825
vt 0.424708 0.615664
vt 0.446924 0.640231
vt 0.409233 0.599800
vt 0.406782 0.596020
vt 0.410397 0.599146
vt 0.425801 0.615273
vt 0.447719 0.638424
vt 0.893113 0.687628
vt 0.888012 0.675466
vt 0.907556 0.680804
vt 0.909625 0.690361
vt 0.882253 0.659630
vt 0.905392 0.670328
vt 0.923593 0.672988
vt 0.921058 0.684894
vt 0.920395 0.692036
vt 0.926424 0.686766
vt 0.925732 0.694281
vt 0.928363 0.675546
vt 0.465766 0.695899
vt 0.463369 0.685244
vt 0.468024 0.702947
vt 0.515726 0.680418
vt 0.510529 0.693638
vt 0.520159 0.665822
vt 0.873713 0.672018
vt 0.868015 0.656528
vt 0.880299 0.685944
vt 0.484816 0.840278
vt 0.500384 0.839209
vt 0.482047 0.818726
vt 0.499058 0.819156
vt 0.511965 0.820899
vt 0.511689 0.839928
vt 0.522359 0.844137
vt 0.525064 0.822611
vt 0.862140 0.837569
vt 0.861293 0.814616
vt 0.879405 0.817508
vt 0.879007 0.838129
vt 0.907172 0.837914
vt 0.919990 0.839842
vt 0.910621 0.818144
vt 0.924659 0.817010
vt 0.468099 0.843676
vt 0.463809 0.821339
vt 0.895436 0.838507
vt 0.897243 0.818609
vt 0.871408 0.640317
vt 0.876144 0.638587
vt 0.888064 0.653281
vt 0.864214 0.618593
vt 0.866500 0.617709
vt 0.868080 0.616402
vt 0.879129 0.635732
vt 0.891325 0.646566
vt 0.476381 0.661436
vt 0.464120 0.655061
vt 0.464408 0.652043
vt 0.472942 0.655739
vt 0.448482 0.636937
vt 0.924572 0.640489
vt 0.939886 0.624026
vt 0.941985 0.625636
vt 0.926866 0.643772
vt 0.916422 0.645108
vt 0.914752 0.650385
vt 0.904158 0.661279
vt 0.903617 0.651887
vt 0.919228 0.661061
vt 0.462146 0.664244
vt 0.464190 0.659204
vt 0.478220 0.669304
vt 0.910030 0.638460
vt 0.912891 0.637899
vt 0.912408 0.616721
vt 0.914824 0.617024
vt 0.475926 0.649007
vt 0.474354 0.629009
vt 0.477868 0.628429
vt 0.480348 0.649671
vt 0.930407 0.649586
vt 0.944932 0.628382
vt 0.946689 0.630550
vt 0.932673 0.654709
vt 0.935563 0.657669
vt 0.948634 0.632428
vt 0.456589 0.667840
vt 0.442053 0.644484
vt 0.494022 0.667068
vt 0.489388 0.661377
vt 0.499343 0.656493
vt 0.508171 0.658492
vt 0.470358 0.598670
vt 0.472201 0.597816
vt 0.481444 0.627746
vt 0.464454 0.577702
vt 0.464045 0.573223
vt 0.466204 0.577486
vt 0.473745 0.597937
vt 0.484071 0.627213
vt 0.491396 0.648083
vt 0.493752 0.646360
vt 0.498504 0.651424
vt 0.486322 0.626478
vt 0.894564 0.634621
vt 0.902355 0.614772
vt 0.905675 0.615677
vt 0.898786 0.636729
vt 0.889145 0.639366
vt 0.486583 0.649165
vt 0.904919 0.638200
vt 0.909568 0.616350
vt 0.462042 0.573552
vt 0.460590 0.563422
vt 0.925126 0.560359
vt 0.923250 0.564932
vt 0.923698 0.560265
vt 0.926342 0.549710
vt 0.921351 0.564530
vt 0.921670 0.559709
vt 0.465340 0.572810
vt 0.914715 0.585632
vt 0.917079 0.585618
vt 0.918595 0.586271
vt 0.920499 0.586093
vt 0.467917 0.598758
vt 0.475210 0.596961
vt 0.912702 0.584572
vt 0.978213 0.582978
vt 0.980569 0.578699
vt 0.986973 0.569490
vt 0.981577 0.579284
vt 0.976759 0.581986
vt 0.979099 0.577852
vt 0.399689 0.588296
vt 0.407520 0.595317
vt 0.405345 0.596814
vt 0.965521 0.601546
vt 0.967071 0.602203
vt 0.421675 0.617605
vt 0.962486 0.599686
vt 0.964602 0.600392
vt 0.426126 0.614139
vt 0.961457 0.598548
vt 0.857967 0.591961
vt 0.858821 0.590954
vt 0.869644 0.615043
vt 0.851792 0.575454
vt 0.851051 0.571751
vt 0.523231 0.605768
vt 0.528817 0.587578
vt 0.528656 0.590918
vt 0.524488 0.606376
vt 0.515117 0.628665
vt 0.517519 0.629194
vt 0.509723 0.646360
vt 0.515316 0.647177
vt 0.520543 0.629866
vt 0.522393 0.630537
vt 0.519287 0.648363
vt 0.880930 0.632711
vt 0.506173 0.645200
vt 0.523132 0.650773
vt 0.525099 0.631670
vt 0.864361 0.639752
vt 0.860306 0.618826
vt 0.850926 0.575978
vt 0.848882 0.572662
vt 0.847735 0.564683
vt 0.850296 0.572338
vt 0.530997 0.588267
vt 0.529701 0.591448
vt 0.530083 0.587951
vt 0.531382 0.580600
vt 0.526635 0.607143
vt 0.528314 0.607338
vt 0.854020 0.593018
vt 0.856239 0.593010
vt 0.525984 0.606471
vt 0.857135 0.592222
vt 0.482021 0.785028
vt 0.496787 0.786066
vt 0.507975 0.787355
vt 0.518877 0.786436
vt 0.871570 0.777994
vt 0.885963 0.781902
vt 0.913199 0.783601
vt 0.924334 0.780838
vt 0.466647 0.785368
vt 0.901439 0.783977
vt 0.909802 0.936476
vt 0.907754 0.908654
vt 0.919259 0.903603
vt 0.924102 0.929977
vt 0.457262 0.903731
vt 0.474584 0.905697
vt 0.445645 0.928751
vt 0.465506 0.932836
vt 0.869482 0.936877
vt 0.874777 0.906726
vt 0.893119 0.909166
vt 0.891283 0.938873
vt 0.509876 0.941985
vt 0.508678 0.912546
vt 0.521748 0.912824
vt 0.525888 0.943817
vt 0.858411 0.902789
vt 0.850190 0.931612
vt 0.493765 0.909098
vt 0.490220 0.937914
vt 0.449804 0.965685
vt 0.459520 0.949938
vt 0.486780 0.956366
vt 0.477498 0.969043
vt 0.509783 0.960322
vt 0.501918 0.978111
vt 0.529158 0.963867
vt 0.531536 0.982526
vt 0.847735 0.950980
vt 0.867213 0.957033
vt 0.848087 0.969111
vt 0.868095 0.974583
vt 0.889111 0.957944
vt 0.889406 0.973505
vt 0.911001 0.953979
vt 0.918493 0.967831
vt 0.927156 0.945052
vt 0.935780 0.952443
vt 0.438539 0.942201
vt 0.432318 0.951443
vt 0.306043 0.165450
vt 0.307532 0.156233
vt 0.315831 0.157815
vt 0.313804 0.166309
vt 0.310197 0.145637
vt 0.320037 0.148042
vt 0.113257 0.210786
vt 0.113392 0.199409
vt 0.121355 0.196758
vt 0.120558 0.209310
vt 0.112963 0.220013
vt 0.120165 0.219077
vt 0.251306 0.378233
vt 0.253808 0.363555
vt 0.263421 0.363236
vt 0.262023 0.378399
vt 0.254367 0.354443
vt 0.263721 0.353914
vt 0.272045 0.353279
vt 0.272052 0.362705
vt 0.271629 0.378182
vt 0.260628 0.527940
vt 0.261003 0.519224
vt 0.275480 0.518544
vt 0.275166 0.527394
vt 0.262553 0.502796
vt 0.276688 0.502158
vt 0.295711 0.501647
vt 0.296256 0.518249
vt 0.296861 0.527153
vt 0.324663 0.518295
vt 0.325785 0.527321
vt 0.322530 0.501543
vt 0.240975 0.518625
vt 0.240317 0.527467
vt 0.243027 0.502151
vt 0.145818 0.582736
vt 0.146413 0.594748
vt 0.144063 0.563181
vt 0.316737 0.381325
vt 0.313543 0.365800
vt 0.324839 0.363854
vt 0.328392 0.378130
vt 0.312612 0.356010
vt 0.324000 0.355052
vt 0.113695 0.424294
vt 0.113856 0.415065
vt 0.125921 0.413359
vt 0.126154 0.423282
vt 0.112421 0.439738
vt 0.125834 0.439187
vt 0.290236 0.379666
vt 0.289162 0.363885
vt 0.301653 0.365310
vt 0.304022 0.381085
vt 0.288488 0.354251
vt 0.300695 0.355503
vt 0.135009 0.422512
vt 0.135174 0.438467
vt 0.134662 0.412300
vt 0.141514 0.412072
vt 0.141681 0.421975
vt 0.142052 0.437640
vt 0.151162 0.421455
vt 0.151763 0.436351
vt 0.151081 0.412348
vt 0.243517 0.362852
vt 0.244341 0.354227
vt 0.240235 0.376762
vt 0.279963 0.362875
vt 0.280149 0.378578
vt 0.279653 0.353389
vt 0.270266 0.137201
vt 0.267186 0.125360
vt 0.277745 0.122316
vt 0.278940 0.135143
vt 0.265070 0.114474
vt 0.276800 0.110559
vt 0.286683 0.110565
vt 0.286318 0.122951
vt 0.286339 0.136395
vt 0.131718 0.218304
vt 0.131734 0.208449
vt 0.138910 0.209383
vt 0.138934 0.218638
vt 0.131970 0.195879
vt 0.139561 0.198026
vt 0.245126 0.157604
vt 0.240631 0.147786
vt 0.249777 0.144944
vt 0.253240 0.155419
vt 0.247465 0.166031
vt 0.255196 0.164683
vt 0.126284 0.208376
vt 0.126046 0.218388
vt 0.126875 0.195421
vt 0.286852 0.160122
vt 0.286808 0.148922
vt 0.297098 0.152702
vt 0.296498 0.162926
vt 0.297832 0.141102
vt 0.262596 0.152142
vt 0.263897 0.162245
vt 0.259862 0.141101
vt 0.272017 0.148909
vt 0.272616 0.159807
vt 0.279615 0.147554
vt 0.279809 0.158957
vt 0.270039 0.327796
vt 0.269634 0.304865
vt 0.280321 0.304263
vt 0.279365 0.327508
vt 0.269779 0.273069
vt 0.280937 0.272508
vt 0.290984 0.273068
vt 0.290823 0.304680
vt 0.289467 0.328061
vt 0.250064 0.329606
vt 0.245484 0.307122
vt 0.257527 0.306076
vt 0.260178 0.328685
vt 0.243551 0.275488
vt 0.256542 0.274387
vt 0.305370 0.306084
vt 0.303114 0.329129
vt 0.305539 0.274491
vt 0.322216 0.275447
vt 0.321045 0.307042
vt 0.316565 0.329843
vt 0.123009 0.386188
vt 0.119176 0.363000
vt 0.130014 0.361720
vt 0.132319 0.384683
vt 0.116583 0.332828
vt 0.128106 0.332053
vt 0.140369 0.331472
vt 0.140915 0.362141
vt 0.140838 0.385184
vt 0.153125 0.363725
vt 0.151068 0.387199
vt 0.153785 0.330886
vt 0.233146 0.307902
vt 0.230759 0.275488
vt 0.239240 0.330463
vt 0.335711 0.307347
vt 0.329200 0.330488
vt 0.337566 0.274736
vt 0.106222 0.366337
vt 0.102845 0.333513
vt 0.111091 0.389828
vt 0.270921 0.232481
vt 0.280592 0.232167
vt 0.272377 0.194441
vt 0.279988 0.194140
vt 0.286368 0.194931
vt 0.288836 0.232844
vt 0.248152 0.234554
vt 0.259399 0.233634
vt 0.254535 0.196794
vt 0.263374 0.195710
vt 0.301257 0.234102
vt 0.296177 0.196369
vt 0.307424 0.197271
vt 0.315746 0.234709
vt 0.117531 0.292153
vt 0.127168 0.291892
vt 0.119975 0.252660
vt 0.126633 0.252499
vt 0.133403 0.251781
vt 0.137313 0.290742
vt 0.148255 0.288797
vt 0.141511 0.250471
vt 0.237147 0.233941
vt 0.245953 0.196497
vt 0.328670 0.233374
vt 0.316883 0.196464
vt 0.106590 0.290948
vt 0.111905 0.251988
vt 0.265368 0.474285
vt 0.278253 0.474074
vt 0.268481 0.438842
vt 0.279576 0.439220
vt 0.293426 0.439577
vt 0.294831 0.473763
vt 0.154418 0.533467
vt 0.169401 0.531356
vt 0.147767 0.497719
vt 0.160185 0.495639
vt 0.209286 0.465910
vt 0.221862 0.431980
vt 0.237008 0.436044
vt 0.227252 0.470970
vt 0.123429 0.534168
vt 0.140790 0.533549
vt 0.123691 0.499269
vt 0.137508 0.498444
vt 0.318688 0.473597
vt 0.313457 0.439839
vt 0.331918 0.438746
vt 0.340553 0.472073
vt 0.357897 0.466254
vt 0.347154 0.433461
vt 0.102633 0.535944
vt 0.105498 0.500271
vt 0.247687 0.473509
vt 0.253823 0.438098
vt 0.270684 0.404811
vt 0.280158 0.405396
vt 0.291674 0.406296
vt 0.143707 0.463864
vt 0.154407 0.462117
vt 0.232994 0.400738
vt 0.245741 0.403404
vt 0.124736 0.465664
vt 0.135743 0.464814
vt 0.308070 0.407243
vt 0.323186 0.406816
vt 0.336309 0.402411
vt 0.109268 0.466246
vt 0.259012 0.404478
vt 0.313549 0.345371
vt 0.325170 0.345376
vt 0.113424 0.405127
vt 0.125247 0.402468
vt 0.141125 0.401203
vt 0.150628 0.402431
vt 0.243099 0.344824
vt 0.253179 0.344482
vt 0.133930 0.401071
vt 0.288598 0.343708
vt 0.301318 0.344841
vt 0.262494 0.343775
vt 0.271051 0.343086
vt 0.279181 0.343056
vt 0.272808 0.171831
vt 0.279768 0.171309
vt 0.286097 0.172246
vt 0.256215 0.175295
vt 0.264486 0.173607
vt 0.295332 0.174269
vt 0.305159 0.175947
vt 0.120357 0.230086
vt 0.126220 0.229681
vt 0.131930 0.229414
vt 0.139270 0.229076
vt 0.248482 0.175838
vt 0.313023 0.176147
vt 0.113079 0.230412
vt 0.821383 0.223166
vt 0.842305 0.218811
vt 0.124607 0.606591
vt 0.146830 0.603706
vt 0.163256 0.599932
vt 0.857404 0.213011
vt 0.675702 0.062040
vt 0.676556 0.093203
vt 0.213005 0.530769
vt 0.240039 0.533590
vt 0.261130 0.534327
vt 0.686679 0.114911
vt 0.722149 0.128144
vt 0.749357 0.138440
vt 0.297750 0.533725
vt 0.326619 0.534049
vt 0.352245 0.534327
vt 0.772592 0.148431
vt 0.700970 0.120119
vt 0.275780 0.533911
vt 0.789971 0.158293
vt 0.372589 0.533664
vt 0.100990 0.606861
vt 0.798921 0.225636
vt 0.868979 0.200297
vt 0.180543 0.595300
vt 0.188967 0.526228
vt 0.680194 0.034880
vt 0.132039 0.170765
vt 0.132946 0.162446
vt 0.142646 0.157015
vt 0.142681 0.170361
vt 0.134267 0.149398
vt 0.141843 0.141434
vt 0.231197 0.113695
vt 0.238647 0.101757
vt 0.250307 0.098685
vt 0.244513 0.111107
vt 0.228463 0.124929
vt 0.241795 0.122047
vt 0.314424 0.133883
vt 0.327073 0.137047
vt 0.316713 0.122700
vt 0.331707 0.126111
vt 0.112734 0.185205
vt 0.111732 0.171935
vt 0.123281 0.171532
vt 0.122351 0.181887
vt 0.132230 0.181046
vt 0.141128 0.183823
vt 0.233298 0.136453
vt 0.244618 0.133294
vt 0.299589 0.128456
vt 0.300759 0.116465
vt 0.127585 0.180445
vt 0.128007 0.171068
vt 0.255870 0.129491
vt 0.253420 0.118518
vt 0.255684 0.084859
vt 0.262490 0.082627
vt 0.259309 0.095611
vt 0.260810 0.071771
vt 0.265580 0.070614
vt 0.271116 0.070439
vt 0.269391 0.081477
vt 0.267793 0.093134
vt 0.286597 0.100325
vt 0.299369 0.105590
vt 0.286317 0.090395
vt 0.296827 0.094031
vt 0.308364 0.099902
vt 0.313990 0.112063
vt 0.122398 0.163561
vt 0.128355 0.164255
vt 0.120184 0.150817
vt 0.128343 0.152315
vt 0.255388 0.107704
vt 0.265850 0.104191
vt 0.276718 0.100606
vt 0.277178 0.090760
vt 0.328737 0.115667
vt 0.321133 0.104202
vt 0.110509 0.159734
vt 0.108886 0.144443
vt 0.132626 0.112439
vt 0.128996 0.092939
vt 0.135469 0.088561
vt 0.138511 0.106176
vt 0.125210 0.080840
vt 0.129206 0.075992
vt 0.262306 0.061745
vt 0.269725 0.054577
vt 0.270289 0.058354
vt 0.266361 0.062288
vt 0.254639 0.074029
vt 0.277629 0.080288
vt 0.278080 0.070055
vt 0.285282 0.069585
vt 0.285966 0.079822
vt 0.303178 0.085766
vt 0.312968 0.090606
vt 0.298369 0.072053
vt 0.305321 0.075547
vt 0.107495 0.127267
vt 0.105268 0.109178
vt 0.114847 0.114194
vt 0.117880 0.133600
vt 0.134291 0.132066
vt 0.140329 0.124331
vt 0.246788 0.088301
vt 0.294675 0.081538
vt 0.292204 0.069890
vt 0.127244 0.135250
vt 0.124585 0.115307
vt 0.279982 0.053004
vt 0.272608 0.057481
vt 0.117289 0.079607
vt 0.116817 0.070056
vt 0.110027 0.082566
vt 0.104859 0.078331
vt 0.289731 0.058355
vt 0.286723 0.057209
vt 0.290872 0.054991
vt 0.283658 0.057405
vt 0.278998 0.056399
vt 0.274590 0.057840
vt 0.284442 0.061414
vt 0.289402 0.061534
vt 0.293167 0.062143
vt 0.111182 0.094996
vt 0.120456 0.094978
vt 0.269241 0.061937
vt 0.273054 0.061875
vt 0.278535 0.061544
vt 0.297774 0.062598
vt 0.102737 0.091641
vt 0.340980 0.868570
vt 0.313681 0.861200
vt 0.310993 0.832942
vt 0.333693 0.828762
vt 0.291449 0.854951
vt 0.290046 0.835230
vt 0.284862 0.813641
vt 0.300826 0.803371
vt 0.387899 0.885763
vt 0.382147 0.871837
vt 0.366041 0.900120
vt 0.354852 0.886882
vt 0.374680 0.853874
vt 0.360010 0.820434
vt 0.228799 0.749042
vt 0.223526 0.754519
vt 0.216094 0.750029
vt 0.221502 0.742870
vt 0.220883 0.758881
vt 0.213402 0.755455
vt 0.204874 0.751850
vt 0.207286 0.745121
vt 0.212699 0.735937
vt 0.283605 0.890981
vt 0.265720 0.880627
vt 0.268137 0.865949
vt 0.288621 0.873413
vt 0.253350 0.874325
vt 0.254765 0.862115
vt 0.255413 0.850667
vt 0.269317 0.851761
vt 0.256411 0.988280
vt 0.236839 0.980136
vt 0.247959 0.963466
vt 0.260380 0.970937
vt 0.219210 0.962091
vt 0.236392 0.949108
vt 0.248804 0.939393
vt 0.256919 0.952600
vt 0.263204 0.960213
vt 0.350354 0.918892
vt 0.335627 0.907600
vt 0.336393 0.940949
vt 0.320817 0.929225
vt 0.308292 0.917350
vt 0.321962 0.896394
vt 0.286053 0.947708
vt 0.273153 0.956236
vt 0.267616 0.944626
vt 0.279453 0.935012
vt 0.259588 0.931191
vt 0.270126 0.921200
vt 0.302584 0.979502
vt 0.279222 0.988680
vt 0.276244 0.969900
vt 0.292944 0.961734
vt 0.306844 0.884578
vt 0.297473 0.904296
vt 0.268753 0.838043
vt 0.255442 0.840311
vt 0.254987 0.829138
vt 0.266679 0.822916
vt 0.321231 0.962712
vt 0.307237 0.948073
vt 0.297215 0.934819
vt 0.289030 0.921589
vt 0.277938 0.907559
vt 0.285671 0.779647
vt 0.292896 0.769236
vt 0.275743 0.791328
vt 0.264130 0.769061
vt 0.272953 0.762024
vt 0.278618 0.755327
vt 0.267642 0.739248
vt 0.262729 0.738316
vt 0.262981 0.728208
vt 0.270315 0.731809
vt 0.256058 0.737079
vt 0.254548 0.726552
vt 0.254036 0.714906
vt 0.265234 0.716210
vt 0.274965 0.719635
vt 0.246650 0.760051
vt 0.240724 0.758273
vt 0.238923 0.751626
vt 0.244751 0.750257
vt 0.236291 0.757704
vt 0.233863 0.754009
vt 0.233946 0.744798
vt 0.239989 0.741329
vt 0.259387 0.749401
vt 0.265895 0.748738
vt 0.271059 0.745735
vt 0.276411 0.736751
vt 0.285252 0.744107
vt 0.282693 0.723472
vt 0.293031 0.729754
vt 0.208089 0.936696
vt 0.226051 0.928952
vt 0.204874 0.916870
vt 0.220114 0.911262
vt 0.232694 0.904909
vt 0.239140 0.921403
vt 0.247930 0.738305
vt 0.244315 0.728235
vt 0.234209 0.732583
vt 0.227917 0.722759
vt 0.240799 0.717241
vt 0.256226 0.789040
vt 0.249660 0.778211
vt 0.253621 0.763128
vt 0.250773 0.801525
vt 0.246386 0.789678
vt 0.241187 0.779892
vt 0.243680 0.770947
vt 0.227068 0.737375
vt 0.219054 0.728927
vt 0.251821 0.749499
vt 0.301064 0.755466
vt 0.308772 0.739931
vt 0.718462 0.680321
vt 0.713569 0.691266
vt 0.705997 0.688105
vt 0.708880 0.674854
vt 0.708799 0.699587
vt 0.703385 0.700503
vt 0.735845 0.868446
vt 0.730664 0.860241
vt 0.733146 0.848847
vt 0.737622 0.855243
vt 0.718311 0.853568
vt 0.720457 0.843129
vt 0.721967 0.831456
vt 0.735556 0.835539
vt 0.740613 0.839747
vt 0.709618 0.886625
vt 0.713663 0.900691
vt 0.704969 0.872153
vt 0.714320 0.870518
vt 0.722352 0.879015
vt 0.728714 0.890564
vt 0.735608 0.714380
vt 0.730354 0.721438
vt 0.726655 0.708964
vt 0.732036 0.702034
vt 0.718736 0.726843
vt 0.716264 0.715581
vt 0.713090 0.707713
vt 0.722180 0.700196
vt 0.727911 0.692718
vt 0.238065 0.765467
vt 0.235922 0.771627
vt 0.231180 0.765423
vt 0.233225 0.761317
vt 0.229021 0.757949
vt 0.226602 0.761732
vt 0.248893 0.915066
vt 0.241347 0.900753
vt 0.247564 0.895444
vt 0.257058 0.906953
vt 0.262431 0.805397
vt 0.253678 0.815506
vt 0.262401 0.895063
vt 0.251253 0.886194
vt 0.716019 0.862839
vt 0.704716 0.861648
vt 0.705975 0.850727
vt 0.707768 0.784498
vt 0.707642 0.795351
vt 0.722990 0.784587
vt 0.722863 0.796116
vt 0.722742 0.806797
vt 0.707597 0.805295
vt 0.722628 0.818877
vt 0.707658 0.816404
vt 0.707495 0.828157
vt 0.706890 0.839608
vt 0.707730 0.770932
vt 0.722514 0.770147
vt 0.707473 0.756340
vt 0.721543 0.754613
vt 0.703247 0.706634
vt 0.704362 0.712138
vt 0.710293 0.703224
vt 0.705601 0.719934
vt 0.706502 0.730294
vt 0.707088 0.742606
vt 0.720368 0.740044
vt 0.718271 0.695272
vt 0.724158 0.686254
vt 0.728253 0.869740
vt 0.734806 0.879338
vt 0.743072 0.808938
vt 0.737190 0.808151
vt 0.737453 0.796553
vt 0.743464 0.795560
vt 0.737445 0.784087
vt 0.743464 0.781020
vt 0.740304 0.744797
vt 0.734766 0.751596
vt 0.732848 0.735812
vt 0.738172 0.728569
vt 0.736827 0.821440
vt 0.742386 0.823836
vt 0.736493 0.768441
vt 0.742324 0.763201
vt 0.500807 0.701539
vt 0.505940 0.704400
vt 0.886747 0.696710
vt 0.897209 0.697267
vt 0.919536 0.698690
vt 0.925082 0.701035
vt 0.471473 0.708745
vt 0.482669 0.706683
vt 0.910484 0.698494
vt 0.493837 0.703641
s 1
usemtl Material.001
f 31/1/1 542/2/2 1417/3/3 523/4/4
f 542/5/2 29/6/5 521/7/6 1417/8/3
f 1417/8/3 521/7/6 3/9/7 481/10/8
f 523/4/4 1417/3/3 481/11/8 8/12/9
f 28/13/10 541/14/11 1418/15/12 482/16/13
f 541/14/11 31/1/1 523/4/4 1418/15/12
f 1418/15/12 523/4/4 8/12/9 480/17/14
f 482/16/13 1418/15/12 480/17/14 1/18/15
f 23/19/16 511/20/17 1419/21/18 518/22/19
f 511/20/17 7/23/20 490/24/21 1419/21/18
f 1419/21/18 490/24/21 14/25/22 493/26/23
f 518/22/19 1419/21/18 493/26/23 24/27/24
f 18/28/25 502/29/26 1420/30/27 509/31/28
f 502/29/26 1/18/15 480/17/14 1420/30/27
f 1420/30/27 480/17/14 8/12/9 503/32/29
f 509/31/28 1420/30/27 503/32/29 19/33/30
f 104/34/31 676/35/32 1421/36/33 670/37/34
f 676/35/32 103/38/35 569/39/36 1421/36/33
f 1421/36/33 569/39/36 53/40/37 567/41/38
f 670/37/34 1421/36/33 567/41/38 54/42/39
f 24/27/24 493/26/23 1422/43/40 517/44/41
f 493/26/23 14/25/22 492/45/42 1422/43/40
f 1422/46/40 492/47/42 6/48/43 476/49/44
f 517/50/41 1422/46/40 476/49/44 22/51/45
f 37/52/46 540/53/47 1423/54/48 516/55/49
f 540/53/47 32/56/50 494/57/51 1423/54/48
f 1423/54/48 494/57/51 15/58/52 496/59/53
f 516/55/49 1423/54/48 496/59/53 25/60/54
f 35/61/55 539/62/56 1424/63/57 507/64/58
f 539/62/56 29/6/5 485/65/59 1424/63/57
f 1424/63/57 485/65/59 11/66/60 504/67/61
f 507/64/58 1424/63/57 504/67/61 20/68/62
f 27/69/63 519/70/64 1425/71/65 556/72/66
f 519/70/64 5/73/67 555/74/68 1425/71/65
f 1425/71/65 555/74/68 46/75/69 550/76/70
f 556/72/66 1425/71/65 550/76/70 38/77/71
f 34/78/72 536/79/73 1426/80/74 506/81/75
f 536/79/73 28/13/10 482/16/13 1426/80/74
f 1426/80/74 482/16/13 1/18/15 502/29/26
f 506/81/75 1426/80/74 502/29/26 18/28/25
f 36/82/76 535/83/77 1427/84/78 515/85/79
f 535/83/77 33/86/80 526/87/81 1427/84/78
f 1427/84/78 526/87/81 7/23/20 511/20/17
f 515/85/79 1427/84/78 511/20/17 23/19/16
f 33/86/80 534/88/82 1428/89/83 526/87/81
f 534/88/82 34/78/84 506/81/85 1428/89/83
f 1428/89/83 506/81/85 18/28/25 478/90/86
f 526/87/81 1428/89/83 478/90/86 7/23/20
f 32/56/50 533/91/87 1429/92/88 494/57/51
f 533/91/87 35/61/55 507/64/58 1429/92/88
f 1429/92/88 507/64/58 20/68/62 495/93/89
f 494/57/51 1429/92/88 495/93/89 15/58/52
f 14/25/22 491/94/90 1430/95/91 492/45/42
f 491/94/90 19/33/30 508/96/92 1430/95/91
f 1430/97/91 508/98/92 17/99/93 501/100/94
f 492/47/42 1430/97/91 501/100/94 6/48/43
f 7/23/20 478/90/86 1431/101/95 490/24/21
f 478/90/86 18/28/25 509/31/28 1431/101/95
f 1431/101/95 509/31/28 19/33/30 491/94/90
f 490/24/21 1431/101/95 491/94/90 14/25/22
f 30/102/96 532/103/97 1432/104/98 522/105/99
f 532/103/97 36/82/76 515/85/79 1432/104/98
f 1432/104/98 515/85/79 23/19/16 479/106/100
f 522/105/99 1432/104/98 479/106/100 2/107/101
f 27/69/63 531/108/102 1433/109/103 519/70/64
f 531/108/102 37/52/46 516/55/49 1433/109/103
f 1433/109/103 516/55/49 25/60/54 513/110/104
f 519/70/64 1433/109/103 513/110/104 5/73/67
f 10/111/105 512/112/106 1434/113/107 483/114/108
f 512/112/106 24/27/24 517/44/41 1434/113/107
f 1434/115/107 517/50/41 22/51/45 510/116/109
f 483/117/108 1434/115/107 510/116/109 4/118/110
f 2/107/101 479/106/100 1435/119/111 484/120/112
f 479/106/100 23/19/16 518/22/19 1435/119/111
f 1435/119/111 518/22/19 24/27/24 512/112/106
f 484/120/112 1435/119/111 512/112/106 10/111/105
f 4/118/110 510/116/109 1436/121/113 475/122/114
f 510/116/109 22/51/45 530/123/115 1436/121/113
f 1436/121/113 530/123/115 37/52/46 531/108/102
f 475/122/114 1436/121/113 531/108/102 27/69/63
f 12/124/116 514/125/117 1437/126/118 486/127/119
f 514/125/117 26/128/120 529/129/121 1437/126/118
f 1437/126/118 529/129/121 36/82/76 532/103/97
f 486/127/119 1437/126/118 532/103/97 30/102/96
f 6/48/43 501/100/94 1438/130/122 524/131/123
f 501/100/94 17/99/93 528/132/124 1438/130/122
f 1438/130/122 528/132/124 35/61/55 533/91/87
f 524/131/123 1438/130/122 533/91/87 32/56/50
f 16/133/125 498/134/126 1439/135/127 499/136/128
f 498/134/126 21/137/129 527/138/130 1439/135/127
f 1439/135/127 527/138/130 34/78/84 534/88/82
f 499/136/128 1439/135/127 534/88/82 33/86/80
f 26/128/120 500/139/131 1440/140/132 529/129/121
f 500/139/131 16/133/125 499/136/128 1440/140/132
f 1440/140/132 499/136/128 33/86/80 535/83/77
f 529/129/121 1440/140/132 535/83/77 36/82/76
f 21/137/133 505/141/134 1441/142/135 527/138/136
f 505/141/134 9/143/137 520/144/138 1441/142/135
f 1441/142/135 520/144/138 28/13/10 536/79/73
f 527/138/136 1441/142/135 536/79/73 34/78/72
f 10/111/105 483/114/108 1442/145/139 497/146/140
f 483/117/108 4/118/110 525/147/141 1442/148/139
f 1442/148/139 525/147/141 39/149/142 544/150/143
f 497/146/140 1442/145/139 544/151/143 40/152/144
f 30/102/96 522/105/99 1443/153/145 537/154/146
f 522/105/99 2/107/101 538/155/147 1443/153/145
f 1443/153/145 538/155/147 41/156/148 551/157/149
f 537/154/146 1443/153/145 551/157/149 42/158/150
f 17/99/93 477/159/151 1444/160/152 528/132/124
f 477/159/151 3/9/7 521/7/6 1444/160/152
f 1444/160/152 521/7/6 29/6/5 539/62/56
f 528/132/124 1444/160/152 539/62/56 35/61/55
f 22/51/45 476/49/44 1445/161/153 530/123/115
f 476/49/44 6/48/43 524/131/123 1445/161/153
f 1445/161/153 524/131/123 32/56/50 540/53/47
f 530/123/115 1445/161/153 540/53/47 37/52/46
f 101/162/154 668/163/155 1446/164/156 663/165/157
f 668/163/155 99/166/158 577/167/159 1446/164/156
f 1446/164/156 577/167/159 55/168/160 573/169/161
f 663/165/157 1446/164/156 573/169/161 56/170/162
f 13/171/163 487/172/164 1447/173/165 488/174/166
f 487/175/164 11/66/60 485/65/59 1447/176/165
f 1447/176/165 485/65/59 29/6/5 542/5/2
f 488/174/166 1447/173/165 542/2/2 31/1/1
f 168/177/167 803/178/168 1448/179/169 795/180/170
f 803/181/168 167/182/171 693/183/172 1448/184/169
f 1448/184/169 693/183/172 116/185/173 690/186/174
f 795/180/170 1448/179/169 690/187/174 111/188/175
f 166/189/176 802/190/177 1449/191/178 793/192/179
f 802/193/177 165/194/180 552/195/181 1449/196/178
f 1449/196/178 552/195/181 112/197/182 686/198/183
f 793/192/179 1449/191/178 686/199/183 113/200/184
f 46/75/69 549/201/185 1450/202/186 550/76/70
f 549/203/185 44/204/187 548/205/188 1450/206/186
f 1450/206/186 548/205/188 45/207/189 553/208/190
f 550/76/70 1450/202/186 553/209/190 38/77/71
f 44/204/187 547/210/191 1451/211/192 548/205/188
f 547/210/191 43/212/193 546/213/194 1451/211/192
f 1451/211/192 546/213/194 42/158/150 554/214/195
f 548/205/188 1451/211/192 554/214/195 45/207/189
f 4/118/110 475/122/114 1452/215/196 525/147/141
f 475/122/114 27/69/63 556/72/66 1452/215/196
f 1452/215/196 556/72/66 38/77/71 543/216/197
f 525/147/141 1452/215/196 543/216/197 39/149/142
f 12/124/116 486/127/119 1453/217/198 557/218/199
f 486/127/119 30/102/96 537/154/146 1453/217/198
f 1453/217/198 537/154/146 42/158/150 546/213/194
f 557/218/199 1453/217/198 546/213/194 43/212/193
f 2/107/101 484/120/112 1454/219/200 538/155/147
f 484/120/112 10/111/105 497/146/140 1454/219/200
f 1454/219/200 497/146/140 40/152/144 545/220/201
f 538/155/147 1454/219/200 545/220/201 41/156/148
f 50/221/202 560/222/203 1455/223/204 857/224/205
f 560/222/203 49/225/206 856/226/207 1455/223/204
f 1455/223/204 856/226/207 197/227/208 854/228/209
f 857/224/205 1455/223/204 854/228/209 198/229/210
f 28/13/10 520/144/138 1456/230/211 564/231/212
f 520/144/138 9/143/137 563/232/213 1456/230/211
f 1456/233/211 563/234/213 49/225/206 560/222/203
f 564/235/212 1456/233/211 560/222/203 50/221/202
f 13/171/163 488/174/166 1457/236/214 562/237/215
f 488/174/166 31/1/1 565/238/216 1457/236/214
f 1457/239/214 565/240/216 47/241/217 558/242/218
f 562/243/215 1457/239/214 558/242/218 48/244/219
f 31/1/1 541/14/11 1458/245/220 565/238/216
f 541/14/11 28/13/10 564/231/212 1458/245/220
f 1458/246/220 564/235/212 50/221/202 561/247/221
f 565/240/216 1458/246/220 561/247/221 47/241/217
f 103/38/35 675/248/222 1459/249/223 569/39/36
f 675/250/222 105/251/224 571/252/225 1459/253/223
f 1459/253/223 571/252/225 52/254/226 566/255/227
f 569/39/36 1459/249/223 566/256/227 53/40/37
f 105/251/224 674/257/228 1460/258/229 571/252/225
f 674/257/228 106/259/230 572/260/231 1460/258/229
f 1460/258/229 572/260/231 51/261/232 489/262/233
f 571/252/225 1460/258/229 489/262/233 52/254/226
f 106/259/230 673/263/234 1461/264/235 572/260/231
f 673/265/234 104/34/31 670/37/34 1461/266/235
f 1461/266/235 670/37/34 54/42/39 568/267/236
f 572/260/231 1461/264/235 568/268/236 51/261/232
f 55/168/160 576/269/237 1462/270/238 586/271/239
f 576/272/237 58/273/240 585/274/241 1462/275/238
f 1462/275/238 585/274/241 62/276/242 584/277/243
f 586/271/239 1462/270/238 584/278/243 59/279/244
f 99/166/158 667/280/245 1463/281/246 577/167/159
f 667/282/245 100/283/247 579/284/248 1463/285/246
f 1463/285/246 579/284/248 58/273/240 576/272/237
f 577/167/159 1463/281/246 576/269/237 55/168/160
f 102/286/249 666/287/250 1464/288/251 664/289/252
f 666/290/250 101/162/154 663/165/157 1464/291/251
f 1464/291/251 663/165/157 56/170/162 574/292/253
f 664/289/252 1464/288/251 574/293/253 57/294/254
f 100/283/247 665/295/255 1465/296/256 579/284/248
f 665/295/255 102/286/249 664/289/252 1465/296/256
f 1465/296/256 664/289/252 57/294/254 575/297/257
f 579/284/248 1465/296/256 575/297/257 58/273/240
f 254/298/258 964/299/259 1466/300/260 958/301/261
f 964/299/259 253/302/262 593/303/263 1466/300/260
f 1466/300/260 593/303/263 65/304/264 591/305/265
f 958/301/261 1466/300/260 591/305/265 66/306/266
f 57/294/254 574/293/253 1467/307/267 588/308/268
f 574/292/253 56/170/162 587/309/269 1467/310/267
f 1467/310/267 587/309/269 60/311/270 582/312/271
f 588/308/268 1467/307/267 582/313/271 61/314/272
f 58/273/240 575/297/257 1468/315/273 585/274/241
f 575/297/257 57/294/254 588/308/268 1468/315/273
f 1468/315/273 588/308/268 61/314/272 583/316/274
f 585/274/241 1468/315/273 583/316/274 62/276/242
f 56/170/162 573/169/161 1469/317/275 587/309/269
f 573/169/161 55/168/160 586/271/239 1469/317/275
f 1469/317/275 586/271/239 59/279/244 581/318/276
f 587/309/269 1469/317/275 581/318/276 60/311/270
f 74/319/277 620/320/278 1470/321/279 642/322/280
f 620/320/278 72/323/281 641/324/282 1470/321/279
f 1470/321/279 641/324/282 90/325/283 640/326/284
f 642/322/280 1470/321/279 640/326/284 89/327/285
f 256/328/286 963/329/287 1471/330/288 960/331/289
f 963/329/287 255/332/290 595/333/291 1471/330/288
f 1471/330/288 595/333/291 63/334/292 589/335/293
f 960/331/289 1471/330/288 589/335/293 64/336/294
f 255/332/290 962/337/295 1472/338/296 595/333/291
f 962/339/295 254/298/258 958/301/261 1472/340/296
f 1472/340/296 958/301/261 66/306/266 592/341/297
f 595/333/291 1472/338/296 592/342/297 63/334/292
f 253/302/262 961/343/298 1473/344/299 593/303/263
f 961/345/298 256/328/286 960/331/289 1473/346/299
f 1473/346/299 960/331/289 64/336/294 590/347/300
f 593/303/263 1473/344/299 590/348/300 65/304/264
f 54/42/39 567/41/38 1474/349/301 599/350/302
f 567/41/38 53/40/37 580/351/303 1474/349/301
f 1474/349/301 580/351/303 70/352/304 601/353/305
f 599/350/302 1474/349/301 601/353/305 69/354/306
f 53/40/37 566/256/227 1475/355/307 580/351/303
f 566/255/227 52/254/226 578/356/308 1475/357/307
f 1475/357/307 578/356/308 68/358/309 602/359/310
f 580/351/303 1475/355/307 602/360/310 70/352/304
f 51/261/232 568/268/236 1476/361/311 597/362/312
f 568/267/236 54/42/39 599/350/302 1476/363/311
f 1476/363/311 599/350/302 69/354/306 603/364/313
f 597/362/312 1476/361/311 603/365/313 67/366/314
f 52/254/226 489/262/233 1477/367/315 578/356/308
f 489/262/233 51/261/232 597/362/312 1477/367/315
f 1477/367/315 597/362/312 67/366/314 604/368/316
f 578/356/308 1477/367/315 604/368/316 68/358/309
f 64/336/294 609/369/317 1478/370/318 650/371/319
f 609/369/317 76/372/320 649/373/321 1478/370/318
f 1478/370/318 649/373/321 93/374/322 646/375/323
f 650/371/319 1478/370/318 646/375/323 92/376/324
f 78/377/325 616/378/326 1479/379/327 610/380/328
f 616/381/326 75/382/329 619/383/330 1479/384/327
f 1479/384/327 619/383/330 71/385/331 611/386/332
f 610/380/328 1479/379/327 611/387/332 72/323/281
f 64/336/294 589/335/293 1480/388/333 609/369/317
f 589/335/293 63/334/292 617/389/334 1480/388/333
f 1480/388/333 617/389/334 75/382/329 613/390/335
f 609/369/317 1480/388/333 613/390/335 76/372/320
f 66/306/266 612/391/336 1481/392/337 608/393/338
f 612/391/336 78/377/325 610/380/328 1481/392/337
f 1481/392/337 610/380/328 72/323/281 620/320/278
f 608/393/338 1481/392/337 620/320/278 74/319/277
f 75/382/329 616/381/326 1482/394/339 626/395/340
f 616/378/326 78/377/325 625/396/341 1482/397/339
f 1482/397/339 625/396/341 82/398/342 624/399/343
f 626/395/340 1482/394/339 624/400/343 79/401/344
f 75/382/329 617/389/334 1483/402/345 619/383/330
f 617/389/334 63/334/292 605/403/346 1483/402/345
f 1483/402/345 605/403/346 73/404/347 606/405/348
f 619/383/330 1483/402/345 606/405/348 71/385/331
f 63/334/292 592/342/297 1484/406/349 605/403/346
f 592/341/297 66/306/266 608/393/338 1484/407/349
f 1484/407/349 608/393/338 74/319/277 607/408/350
f 605/403/346 1484/406/349 607/409/350 73/404/347
f 66/306/266 591/305/265 1485/410/351 612/391/336
f 591/305/265 65/304/264 618/411/352 1485/410/351
f 1485/410/351 618/411/352 77/412/353 615/413/354
f 612/391/336 1485/410/351 615/413/354 78/377/325
f 82/398/342 623/414/355 1486/415/356 634/416/357
f 623/414/355 81/417/358 633/418/359 1486/415/356
f 1486/415/356 633/418/359 85/419/360 631/420/361
f 634/416/357 1486/415/356 631/420/361 86/421/362
f 77/412/353 614/422/363 1487/423/364 628/424/365
f 614/425/363 76/372/320 627/426/366 1487/427/364
f 1487/427/364 627/426/366 80/428/367 622/429/368
f 628/424/365 1487/423/364 622/430/368 81/417/358
f 78/377/325 615/413/354 1488/431/369 625/396/341
f 615/413/354 77/412/353 628/424/365 1488/431/369
f 1488/431/369 628/424/365 81/417/358 623/414/355
f 625/396/341 1488/431/369 623/414/355 82/398/342
f 76/372/320 613/390/335 1489/432/370 627/426/366
f 613/390/335 75/382/329 626/395/340 1489/432/370
f 1489/432/370 626/395/340 79/401/344 621/433/371
f 627/426/366 1489/432/370 621/433/371 80/428/367
f 86/421/362 631/420/361 1490/434/372 632/435/373
f 631/420/361 85/419/360 630/436/374 1490/434/372
f 1490/437/372 630/438/374 84/439/375 629/440/376
f 632/441/373 1490/437/372 629/440/376 83/442/377
f 80/428/367 621/433/371 1491/443/378 636/444/379
f 621/433/371 79/401/344 635/445/380 1491/443/378
f 1491/443/378 635/445/380 83/442/377 629/440/376
f 636/444/379 1491/443/378 629/440/376 84/439/375
f 79/401/344 624/400/343 1492/446/381 635/445/380
f 624/399/343 82/398/342 634/416/357 1492/447/381
f 1492/447/381 634/416/357 86/421/362 632/435/373
f 635/445/380 1492/446/381 632/441/373 83/442/377
f 81/417/358 622/430/368 1493/448/382 633/418/359
f 622/429/368 80/428/367 636/444/379 1493/449/382
f 1493/449/382 636/444/379 84/439/375 630/438/374
f 633/418/359 1493/448/382 630/436/374 85/419/360
f 87/450/383 638/451/384 1494/452/385 637/453/386
f 638/454/384 89/327/285 640/326/284 1494/455/385
f 1494/455/385 640/326/284 90/325/283 639/456/387
f 637/453/386 1494/452/385 639/457/387 88/458/388
f 73/404/347 607/409/350 1495/459/389 643/460/390
f 607/408/350 74/319/277 642/322/280 1495/461/389
f 1495/461/389 642/322/280 89/327/285 638/454/384
f 643/460/390 1495/459/389 638/451/384 87/450/383
f 71/385/331 606/405/348 1496/462/391 644/463/392
f 606/405/348 73/404/347 643/460/390 1496/462/391
f 1496/462/391 643/460/390 87/450/383 637/453/386
f 644/463/392 1496/462/391 637/453/386 88/458/388
f 72/323/281 611/387/332 1497/464/393 641/324/282
f 611/386/332 71/385/331 644/463/392 1497/465/393
f 1497/465/393 644/463/392 88/458/388 639/457/387
f 641/324/282 1497/464/393 639/456/387 90/325/283
f 93/374/322 647/466/394 1498/467/395 658/468/396
f 647/469/394 94/470/397 657/471/398 1498/472/395
f 1498/472/395 657/471/398 98/473/399 655/474/400
f 658/468/396 1498/467/395 655/475/400 97/476/401
f 77/412/353 618/411/352 1499/477/402 652/478/403
f 618/411/352 65/304/264 651/479/404 1499/477/402
f 1499/477/402 651/479/404 91/480/405 648/481/406
f 652/478/403 1499/477/402 648/481/406 94/470/397
f 76/372/320 614/425/363 1500/482/407 649/373/321
f 614/422/363 77/412/353 652/478/403 1500/483/407
f 1500/483/407 652/478/403 94/470/397 647/469/394
f 649/373/321 1500/482/407 647/466/394 93/374/322
f 65/304/264 590/348/300 1501/484/408 651/479/404
f 590/347/300 64/336/294 650/371/319 1501/485/408
f 1501/485/408 650/371/319 92/376/324 645/486/409
f 651/479/404 1501/484/408 645/487/409 91/480/405
f 96/488/410 654/489/411 1502/490/412 653/491/413
f 654/489/411 97/476/401 655/475/400 1502/490/412
f 1502/492/412 655/474/400 98/473/399 656/493/414
f 653/494/413 1502/492/412 656/493/414 95/495/415
f 91/480/405 645/487/409 1503/496/416 660/497/417
f 645/486/409 92/376/324 659/498/418 1503/499/416
f 1503/499/416 659/498/418 96/488/410 653/491/413
f 660/497/417 1503/496/416 653/494/413 95/495/415
f 94/470/397 648/481/406 1504/500/419 657/471/398
f 648/481/406 91/480/405 660/497/417 1504/500/419
f 1504/500/419 660/497/417 95/495/415 656/493/414
f 657/471/398 1504/500/419 656/493/414 98/473/399
f 92/376/324 646/375/323 1505/501/420 659/498/418
f 646/375/323 93/374/322 658/468/396 1505/501/420
f 1505/501/420 658/468/396 97/476/401 654/489/411
f 659/498/418 1505/501/420 654/489/411 96/488/410
f 69/354/306 601/353/305 1506/502/421 662/503/422
f 601/353/305 70/352/304 600/504/423 1506/502/421
f 1506/502/421 600/504/423 102/286/249 665/295/255
f 662/503/422 1506/502/421 665/295/255 100/283/247
f 70/352/304 602/360/310 1507/505/424 600/504/423
f 602/359/310 68/358/309 598/506/425 1507/507/424
f 1507/507/424 598/506/425 101/162/154 666/290/250
f 600/504/423 1507/505/424 666/287/250 102/286/249
f 67/366/314 603/365/313 1508/508/426 661/509/427
f 603/364/313 69/354/306 662/503/422 1508/510/426
f 1508/510/426 662/503/422 100/283/247 667/282/245
f 661/509/427 1508/508/426 667/280/245 99/166/158
f 68/358/309 604/368/316 1509/511/428 598/506/425
f 604/368/316 67/366/314 661/509/427 1509/511/428
f 1509/511/428 661/509/427 99/166/158 668/163/155
f 598/506/425 1509/511/428 668/163/155 101/162/154
f 110/512/429 684/513/430 1510/514/431 672/515/432
f 684/516/430 107/517/433 677/518/434 1510/519/431
f 1510/519/431 677/518/434 104/34/31 673/265/234
f 672/515/432 1510/514/431 673/263/234 106/259/230
f 109/520/435 683/521/436 1511/522/437 671/523/438
f 683/521/436 110/512/429 672/515/432 1511/522/437
f 1511/522/437 672/515/432 106/259/230 674/257/228
f 671/523/438 1511/522/437 674/257/228 105/251/224
f 108/524/439 682/525/440 1512/526/441 669/527/442
f 682/528/440 109/520/435 671/523/438 1512/529/441
f 1512/529/441 671/523/438 105/251/224 675/250/222
f 669/527/442 1512/526/441 675/248/222 103/38/35
f 107/517/433 681/530/443 1513/531/444 677/518/434
f 681/530/443 108/524/439 669/527/442 1513/531/444
f 1513/531/444 669/527/442 103/38/35 676/35/32
f 677/518/434 1513/531/444 676/35/32 104/34/31
f 19/532/30 503/533/29 1514/534/445 570/535/446
f 503/533/29 8/536/9 678/537/447 1514/534/445
f 1514/534/445 678/537/447 108/524/439 681/530/443
f 570/535/446 1514/534/445 681/530/443 107/517/433
f 8/536/9 481/538/8 1515/539/448 678/537/447
f 481/540/8 3/541/7 679/542/449 1515/543/448
f 1515/543/448 679/542/449 109/520/435 682/528/440
f 678/537/447 1515/539/448 682/525/440 108/524/439
f 3/541/7 477/544/151 1516/545/450 679/542/449
f 477/544/151 17/546/93 680/547/451 1516/545/450
f 1516/545/450 680/547/451 110/512/429 683/521/436
f 679/542/449 1516/545/450 683/521/436 109/520/435
f 17/546/93 508/548/92 1517/549/452 680/547/451
f 508/550/92 19/532/30 570/535/446 1517/551/452
f 1517/551/452 570/535/446 107/517/433 684/516/430
f 680/547/451 1517/549/452 684/513/430 110/512/429
f 162/552/453 791/553/454 1518/554/455 783/555/456
f 791/556/454 159/557/457 714/558/458 1518/559/455
f 1518/559/455 714/558/458 124/560/459 709/561/460
f 783/555/456 1518/554/455 709/562/460 125/563/461
f 151/564/462 767/565/463 1519/566/464 760/567/465
f 767/565/463 148/568/466 704/569/467 1519/566/464
f 1519/566/464 704/569/467 121/570/468 701/571/469
f 760/567/465 1519/566/464 701/571/469 122/572/470
f 170/573/471 801/574/472 1520/575/473 797/576/474
f 801/574/472 169/577/475 695/578/476 1520/575/473
f 1520/575/473 695/578/476 114/579/477 688/580/478
f 797/576/474 1520/575/473 688/580/478 115/581/479
f 169/577/475 800/582/480 1521/583/481 695/578/476
f 800/582/480 166/189/176 793/192/179 1521/583/481
f 1521/583/481 793/192/179 113/200/184 687/584/482
f 695/578/476 1521/583/481 687/584/482 114/579/477
f 167/182/171 799/585/483 1522/586/484 693/183/172
f 799/585/483 170/573/471 797/576/474 1522/586/484
f 1522/586/484 797/576/474 115/581/479 691/587/485
f 693/183/172 1522/586/484 691/587/485 116/185/173
f 165/194/180 798/588/486 1523/589/487 552/195/181
f 798/588/486 168/177/167 795/180/170 1523/589/487
f 1523/589/487 795/180/170 111/188/175 685/590/488
f 552/195/181 1523/589/487 685/590/488 112/197/182
f 150/591/489 766/592/490 1524/593/491 759/594/492
f 766/595/490 147/596/493 702/597/494 1524/598/491
f 1524/598/491 702/597/494 118/599/495 697/600/496
f 759/594/492 1524/593/491 697/601/496 119/602/497
f 152/603/498 765/604/499 1525/605/500 761/606/501
f 765/604/499 150/591/489 759/594/492 1525/605/500
f 1525/605/500 759/594/492 119/602/497 698/607/502
f 761/606/501 1525/605/500 698/607/502 120/608/503
f 147/596/493 764/609/504 1526/610/505 702/597/494
f 764/609/504 149/611/506 707/612/507 1526/610/505
f 1526/610/505 707/612/507 117/613/508 689/614/509
f 702/597/494 1526/610/505 689/614/509 118/599/495
f 149/611/506 763/615/510 1527/616/511 707/612/507
f 763/617/510 151/564/462 760/567/465 1527/618/511
f 1527/618/511 760/567/465 122/572/470 700/619/512
f 707/612/507 1527/616/511 700/620/512 117/613/508
f 148/568/466 762/621/513 1528/622/514 704/569/467
f 762/621/513 152/603/498 761/606/501 1528/622/514
f 1528/622/514 761/606/501 120/608/503 699/623/515
f 704/569/467 1528/622/514 699/623/515 121/570/468
f 127/624/516 711/625/517 1529/626/518 811/627/519
f 711/625/517 126/628/520 810/629/521 1529/626/518
f 1529/626/518 810/629/521 174/630/522 807/631/523
f 811/627/519 1529/626/518 807/631/523 175/632/524
f 163/633/525 790/634/526 1530/635/527 784/636/528
f 790/637/526 160/638/529 716/639/530 1530/640/527
f 1530/640/527 716/639/530 128/641/531 712/642/532
f 784/636/528 1530/635/527 712/643/532 123/644/533
f 159/557/457 789/645/534 1531/646/535 714/558/458
f 789/645/534 163/633/525 784/636/528 1531/646/535
f 1531/646/535 784/636/528 123/644/533 708/647/536
f 714/558/458 1531/646/535 708/647/536 124/560/459
f 164/648/537 788/649/538 1532/650/539 785/651/540
f 788/649/538 162/552/453 783/555/456 1532/650/539
f 1532/650/539 783/555/456 125/563/461 710/652/541
f 785/651/540 1532/650/539 710/652/541 126/628/520
f 160/638/529 787/653/542 1533/654/543 716/639/530
f 787/653/542 161/655/544 719/656/545 1533/654/543
f 1533/654/543 719/656/545 127/624/516 713/657/546
f 716/639/530 1533/654/543 713/657/546 128/641/531
f 161/655/544 786/658/547 1534/659/548 719/656/545
f 786/658/547 164/648/537 785/651/540 1534/659/548
f 1534/659/548 785/651/540 126/628/520 711/625/517
f 719/656/545 1534/659/548 711/625/517 127/624/516
f 158/660/549 779/661/550 1535/662/551 725/663/552
f 779/661/550 155/664/553 770/665/554 1535/662/551
f 1535/662/551 770/665/554 133/666/555 726/667/556
f 725/663/552 1535/662/551 726/667/556 134/668/557
f 157/669/558 778/670/559 1536/671/560 722/672/561
f 778/670/559 158/660/549 725/663/552 1536/671/560
f 1536/671/560 725/663/552 134/668/557 727/673/562
f 722/672/561 1536/671/560 727/673/562 131/674/563
f 155/664/553 777/675/564 1537/676/565 770/665/554
f 777/675/564 153/677/566 768/678/567 1537/676/565
f 1537/676/565 768/678/567 130/679/568 728/680/569
f 770/665/554 1537/676/565 728/680/569 133/666/555
f 156/681/570 776/682/571 1538/683/572 720/684/573
f 776/682/571 154/685/574 769/686/575 1538/683/572
f 1538/683/572 769/686/575 132/687/576 729/688/577
f 720/684/573 1538/683/572 729/688/577 129/689/578
f 154/685/574 775/690/579 1539/691/580 769/686/575
f 775/692/579 157/669/558 722/672/561 1539/693/580
f 1539/693/580 722/672/561 131/674/563 730/694/581
f 769/686/575 1539/691/580 730/695/581 132/687/576
f 153/677/566 774/696/582 1540/697/583 768/678/567
f 774/698/582 156/681/570 720/684/573 1540/699/583
f 1540/699/583 720/684/573 129/689/578 731/700/584
f 768/678/567 1540/697/583 731/701/584 130/679/568
f 134/668/557 726/667/556 1541/702/585 734/703/586
f 726/667/556 133/666/555 724/704/587 1541/702/585
f 1541/702/585 724/704/587 140/705/588 738/706/589
f 734/703/586 1541/702/585 738/706/589 137/707/590
f 131/674/563 727/673/562 1542/708/591 733/709/592
f 727/673/562 134/668/557 734/703/586 1542/708/591
f 1542/708/591 734/703/586 137/707/590 739/710/593
f 733/709/592 1542/708/591 739/710/593 136/711/594
f 133/666/555 728/680/569 1543/712/595 724/704/587
f 728/680/569 130/679/568 721/713/596 1543/712/595
f 1543/712/595 721/713/596 138/714/597 740/715/598
f 724/704/587 1543/712/595 740/715/598 140/705/588
f 129/689/578 729/688/577 1544/716/599 732/717/600
f 729/688/577 132/687/576 723/718/601 1544/716/599
f 1544/716/599 723/718/601 139/719/602 741/720/603
f 732/717/600 1544/716/599 741/720/603 135/721/604
f 132/687/576 730/695/581 1545/722/605 723/718/601
f 730/694/581 131/674/563 733/709/592 1545/723/605
f 1545/723/605 733/709/592 136/711/594 742/724/606
f 723/718/601 1545/722/605 742/725/606 139/719/602
f 130/679/568 731/701/584 1546/726/607 721/713/596
f 731/700/584 129/689/578 732/717/600 1546/727/607
f 1546/727/607 732/717/600 135/721/604 743/728/608
f 721/713/596 1546/726/607 743/729/608 138/714/597
f 115/581/479 688/580/478 1547/730/609 746/731/610
f 688/580/478 114/579/477 706/732/611 1547/730/609
f 1547/730/609 706/732/611 145/733/612 750/734/613
f 746/731/610 1547/730/609 750/734/613 143/735/614
f 111/188/175 690/187/174 1548/736/615 749/737/616
f 690/186/174 116/185/173 705/738/617 1548/739/615
f 1548/739/615 705/738/617 144/740/618 751/741/619
f 749/737/616 1548/736/615 751/742/619 146/743/620
f 112/197/182 685/590/488 1549/744/621 744/745/622
f 685/590/488 111/188/175 749/737/616 1549/744/621
f 1549/744/621 749/737/616 146/743/620 752/746/623
f 744/745/622 1549/744/621 752/746/623 141/747/624
f 114/579/477 687/584/482 1550/748/625 706/732/611
f 687/584/482 113/200/184 703/749/626 1550/748/625
f 1550/748/625 703/749/626 142/750/627 753/751/628
f 706/732/611 1550/748/625 753/751/628 145/733/612
f 113/200/184 686/199/183 1551/752/629 703/749/626
f 686/198/183 112/197/182 744/745/622 1551/753/629
f 1551/753/629 744/745/622 141/747/624 754/754/630
f 703/749/626 1551/752/629 754/755/630 142/750/627
f 116/185/173 691/587/485 1552/756/631 705/738/617
f 691/587/485 115/581/479 746/731/610 1552/756/631
f 1552/756/631 746/731/610 143/735/614 755/757/632
f 705/738/617 1552/756/631 755/757/632 144/740/618
f 143/735/614 750/734/613 1553/758/633 757/759/634
f 750/734/613 145/733/612 748/760/635 1553/758/633
f 1553/758/633 748/760/635 152/603/498 762/621/513
f 757/759/634 1553/758/633 762/621/513 148/568/466
f 146/743/620 751/742/619 1554/761/636 758/762/637
f 751/741/619 144/740/618 747/763/638 1554/764/636
f 1554/764/636 747/763/638 151/564/462 763/617/510
f 758/762/637 1554/761/636 763/615/510 149/611/506
f 141/747/624 752/746/623 1555/765/639 756/766/640
f 752/746/623 146/743/620 758/762/637 1555/765/639
f 1555/765/639 758/762/637 149/611/506 764/609/504
f 756/766/640 1555/765/639 764/609/504 147/596/493
f 145/733/612 753/751/628 1556/767/641 748/760/635
f 753/751/628 142/750/627 745/768/642 1556/767/641
f 1556/767/641 745/768/642 150/591/489 765/604/499
f 748/760/635 1556/767/641 765/604/499 152/603/498
f 142/750/627 754/755/630 1557/769/643 745/768/642
f 754/754/630 141/747/624 756/766/640 1557/770/643
f 1557/770/643 756/766/640 147/596/493 766/595/490
f 745/768/642 1557/769/643 766/592/490 150/591/489
f 144/740/618 755/757/632 1558/771/644 747/763/638
f 755/757/632 143/735/614 757/759/634 1558/771/644
f 1558/771/644 757/759/634 148/568/466 767/565/463
f 747/763/638 1558/771/644 767/565/463 151/564/462
f 119/602/497 697/601/496 1559/772/645 715/773/646
f 697/600/496 118/599/495 771/774/647 1559/775/645
f 1559/775/645 771/774/647 156/681/570 774/698/582
f 715/773/646 1559/772/645 774/696/582 153/677/566
f 117/613/508 700/620/512 1560/776/648 717/777/649
f 700/619/512 122/572/470 772/778/650 1560/779/648
f 1560/779/648 772/778/650 157/669/558 775/692/579
f 717/777/649 1560/776/648 775/690/579 154/685/574
f 118/599/495 689/614/509 1561/780/651 771/774/647
f 689/614/509 117/613/508 717/777/649 1561/780/651
f 1561/780/651 717/777/649 154/685/574 776/682/571
f 771/774/647 1561/780/651 776/682/571 156/681/570
f 120/608/503 698/607/502 1562/781/652 718/782/653
f 698/607/502 119/602/497 715/773/646 1562/781/652
f 1562/781/652 715/773/646 153/677/566 777/675/564
f 718/782/653 1562/781/652 777/675/564 155/664/553
f 122/572/470 701/571/469 1563/783/654 772/778/650
f 701/571/469 121/570/468 773/784/655 1563/783/654
f 1563/783/654 773/784/655 158/660/549 778/670/559
f 772/778/650 1563/783/654 778/670/559 157/669/558
f 121/570/468 699/623/515 1564/785/656 773/784/655
f 699/623/515 120/608/503 718/782/653 1564/785/656
f 1564/785/656 718/782/653 155/664/553 779/661/550
f 773/784/655 1564/785/656 779/661/550 158/660/549
f 137/707/590 738/706/589 1565/786/657 782/787/658
f 738/706/589 140/705/588 737/788/659 1565/786/657
f 1565/786/657 737/788/659 164/648/537 786/658/547
f 782/787/658 1565/786/657 786/658/547 161/655/544
f 136/711/594 739/710/593 1566/789/660 781/790/661
f 739/710/593 137/707/590 782/787/658 1566/789/660
f 1566/789/660 782/787/658 161/655/544 787/653/542
f 781/790/661 1566/789/660 787/653/542 160/638/529
f 140/705/588 740/715/598 1567/791/662 737/788/659
f 740/715/598 138/714/597 735/792/663 1567/791/662
f 1567/791/662 735/792/663 162/552/453 788/649/538
f 737/788/659 1567/791/662 788/649/538 164/648/537
f 135/721/604 741/720/603 1568/793/664 780/794/665
f 741/720/603 139/719/602 736/795/666 1568/793/664
f 1568/793/664 736/795/666 163/633/525 789/645/534
f 780/794/665 1568/793/664 789/645/534 159/557/457
f 139/719/602 742/725/606 1569/796/667 736/795/666
f 742/724/606 136/711/594 781/790/661 1569/797/667
f 1569/797/667 781/790/661 160/638/529 790/637/526
f 736/795/666 1569/796/667 790/634/526 163/633/525
f 138/714/597 743/729/608 1570/798/668 735/792/663
f 743/728/608 135/721/604 780/794/665 1570/799/668
f 1570/799/668 780/794/665 159/557/457 791/556/454
f 735/792/663 1570/798/668 791/553/454 162/552/453
f 39/149/142 543/216/197 1571/800/669 792/801/670
f 543/216/197 38/77/71 694/802/671 1571/800/669
f 1571/803/669 694/804/671 168/177/167 798/588/486
f 792/805/670 1571/803/669 798/588/486 165/194/180
f 45/207/189 554/214/195 1572/806/672 794/807/673
f 554/214/195 42/158/150 696/808/674 1572/806/672
f 1572/809/672 696/810/674 170/573/471 799/585/483
f 794/811/673 1572/809/672 799/585/483 167/182/171
f 41/156/148 545/220/201 1573/812/675 796/813/676
f 545/220/201 40/152/144 692/814/677 1573/812/675
f 1573/815/675 692/816/677 166/189/176 800/582/480
f 796/817/676 1573/815/675 800/582/480 169/577/475
f 42/158/150 551/157/149 1574/818/678 696/808/674
f 551/157/149 41/156/148 796/813/676 1574/818/678
f 1574/819/678 796/817/676 169/577/475 801/574/472
f 696/810/674 1574/819/678 801/574/472 170/573/471
f 40/152/144 544/151/143 1575/820/679 692/814/677
f 544/150/143 39/149/142 792/801/670 1575/821/679
f 1575/822/679 792/805/670 165/194/180 802/193/177
f 692/816/677 1575/823/679 802/190/177 166/189/176
f 38/77/71 553/209/190 1576/824/680 694/802/671
f 553/208/190 45/207/189 794/807/673 1576/825/680
f 1576/826/680 794/811/673 167/182/171 803/181/168
f 694/804/671 1576/827/680 803/178/168 168/177/167
f 171/828/681 808/829/682 1577/830/683 823/831/684
f 808/832/682 176/833/685 822/834/686 1577/835/683
f 1577/835/683 822/834/686 182/836/687 820/837/688
f 823/831/684 1577/830/683 820/838/688 177/839/689
f 125/563/461 709/562/460 1578/840/690 813/841/691
f 709/561/460 124/560/459 812/842/692 1578/843/690
f 1578/843/690 812/842/692 172/844/693 805/845/694
f 813/841/691 1578/840/690 805/846/694 173/847/695
f 123/644/533 712/643/532 1579/848/696 815/849/697
f 712/642/532 128/641/531 814/850/698 1579/851/696
f 1579/851/696 814/850/698 176/833/685 808/832/682
f 815/849/697 1579/848/696 808/829/682 171/828/681
f 126/628/520 710/652/541 1580/852/699 810/629/521
f 710/652/541 125/563/461 813/841/691 1580/852/699
f 1580/852/699 813/841/691 173/847/695 806/853/700
f 810/629/521 1580/852/699 806/853/700 174/630/522
f 124/560/459 708/647/536 1581/854/701 812/842/692
f 708/647/536 123/644/533 815/849/697 1581/854/701
f 1581/854/701 815/849/697 171/828/681 804/855/702
f 812/842/692 1581/854/701 804/855/702 172/844/693
f 128/641/531 713/657/546 1582/856/703 814/850/698
f 713/657/546 127/624/516 811/627/519 1582/856/703
f 1582/856/703 811/627/519 175/632/524 809/857/704
f 814/850/698 1582/856/703 809/857/704 176/833/685
f 182/836/687 821/858/705 1583/859/706 835/860/707
f 821/858/705 181/861/708 834/862/709 1583/859/706
f 1583/859/706 834/862/709 187/863/710 833/864/711
f 835/860/707 1583/859/706 833/864/711 188/865/712
f 174/630/522 806/853/700 1584/866/713 825/867/714
f 806/853/700 173/847/695 824/868/715 1584/866/713
f 1584/866/713 824/868/715 179/869/716 818/870/717
f 825/867/714 1584/866/713 818/870/717 180/871/718
f 172/844/693 804/855/702 1585/872/719 826/873/720
f 804/855/702 171/828/681 823/831/684 1585/872/719
f 1585/872/719 823/831/684 177/839/689 816/874/721
f 826/873/720 1585/872/719 816/874/721 178/875/722
f 176/833/685 809/857/704 1586/876/723 822/834/686
f 809/857/704 175/632/524 827/877/724 1586/876/723
f 1586/876/723 827/877/724 181/861/708 821/858/705
f 822/834/686 1586/876/723 821/858/705 182/836/687
f 175/632/524 807/631/523 1587/878/725 827/877/724
f 807/631/523 174/630/522 825/867/714 1587/878/725
f 1587/878/725 825/867/714 180/871/718 819/879/726
f 827/877/724 1587/878/725 819/879/726 181/861/708
f 173/847/695 805/846/694 1588/880/727 824/868/715
f 805/845/694 172/844/693 826/873/720 1588/881/727
f 1588/881/727 826/873/720 178/875/722 817/882/728
f 824/868/715 1588/880/727 817/883/728 179/869/716
f 183/884/729 832/885/730 1589/886/731 847/887/732
f 832/888/730 188/865/712 846/889/733 1589/890/731
f 1589/890/731 846/889/733 194/891/734 844/892/735
f 847/887/732 1589/886/731 844/893/735 189/894/736
f 181/861/708 819/879/726 1590/895/737 834/862/709
f 819/879/726 180/871/718 836/896/738 1590/895/737
f 1590/895/737 836/896/738 186/897/739 831/898/740
f 834/862/709 1590/895/737 831/898/740 187/863/710
f 179/869/716 817/883/728 1591/899/741 838/900/742
f 817/882/728 178/875/722 837/901/743 1591/902/741
f 1591/902/741 837/901/743 184/903/744 829/904/745
f 838/900/742 1591/899/741 829/905/745 185/906/746
f 177/839/689 820/838/688 1592/907/747 839/908/748
f 820/837/688 182/836/687 835/860/707 1592/909/747
f 1592/909/747 835/860/707 188/865/712 832/888/730
f 839/908/748 1592/907/747 832/885/730 183/884/729
f 180/871/718 818/870/717 1593/910/749 836/896/738
f 818/870/717 179/869/716 838/900/742 1593/910/749
f 1593/910/749 838/900/742 185/906/746 830/911/750
f 836/896/738 1593/910/749 830/911/750 186/897/739
f 178/875/722 816/874/721 1594/912/751 837/901/743
f 816/874/721 177/839/689 839/908/748 1594/912/751
f 1594/912/751 839/908/748 183/884/729 828/913/752
f 837/901/743 1594/912/751 828/913/752 184/903/744
f 194/891/734 845/914/753 1595/915/754 844/892/735
f 193/916/755 843/917/756 1595/915/754 845/914/753
f 192/918/757 842/919/758 1595/915/754 843/917/756
f 191/920/759 841/921/760 1595/915/754 842/919/758
f 190/922/761 840/923/762 1595/924/754 841/925/760
f 189/894/736 844/893/735 1595/924/754 840/923/762
f 186/897/739 830/911/750 1596/926/763 849/927/764
f 830/911/750 185/906/746 848/928/765 1596/926/763
f 1596/926/763 848/928/765 191/920/759 842/919/758
f 849/927/764 1596/926/763 842/919/758 192/918/757
f 184/903/744 828/913/752 1597/929/766 850/930/767
f 828/913/752 183/884/729 847/887/732 1597/929/766
f 1597/929/766 847/887/732 189/894/736 840/923/762
f 850/930/767 1597/929/766 840/923/762 190/922/761
f 188/865/712 833/864/711 1598/931/768 846/889/733
f 833/864/711 187/863/710 851/932/769 1598/931/768
f 1598/931/768 851/932/769 193/916/755 845/914/753
f 846/889/733 1598/931/768 845/914/753 194/891/734
f 187/863/710 831/898/740 1599/933/770 851/932/769
f 831/898/740 186/897/739 849/927/764 1599/933/770
f 1599/933/770 849/927/764 192/918/757 843/917/756
f 851/932/769 1599/933/770 843/917/756 193/916/755
f 185/906/746 829/905/745 1600/934/771 848/928/765
f 829/904/745 184/903/744 850/930/767 1600/935/771
f 1600/935/771 850/930/767 190/922/761 841/925/760
f 848/928/765 1600/934/771 841/921/760 191/920/759
f 195/936/772 855/937/773 1601/938/774 863/939/775
f 855/937/773 198/229/210 862/940/776 1601/938/774
f 1601/938/774 862/940/776 200/941/777 861/942/778
f 863/939/775 1601/938/774 861/942/778 199/943/779
f 48/244/219 558/242/218 1602/944/780 859/945/781
f 558/242/218 47/241/217 858/946/782 1602/944/780
f 1602/944/780 858/946/782 195/936/772 852/947/783
f 859/945/781 1602/944/780 852/947/783 196/948/784
f 47/241/217 561/247/221 1603/949/785 858/946/782
f 561/247/221 50/221/202 857/224/205 1603/949/785
f 1603/949/785 857/224/205 198/229/210 855/937/773
f 858/946/782 1603/949/785 855/937/773 195/936/772
f 219/950/786 895/951/787 1604/952/788 924/953/789
f 895/951/787 218/954/790 923/955/791 1604/952/788
f 1604/952/788 923/955/791 231/956/792 914/957/793
f 924/953/789 1604/952/788 914/957/793 232/958/794
f 206/959/795 868/960/796 1605/961/797 922/962/798
f 868/960/796 199/943/779 921/963/799 1605/961/797
f 1605/961/797 921/963/799 226/964/800 907/965/801
f 922/962/798 1605/961/797 907/965/801 228/966/802
f 202/967/803 853/968/804 1606/969/805 866/970/806
f 853/968/804 201/971/807 865/972/808 1606/969/805
f 1606/969/805 865/972/808 203/973/809 559/974/810
f 866/970/806 1606/969/805 559/974/810 204/975/811
f 196/948/784 852/947/783 1607/976/812 864/977/813
f 852/947/783 195/936/772 869/978/814 1607/976/812
f 1607/976/812 869/978/814 207/979/815 872/980/816
f 864/977/813 1607/976/812 872/980/816 205/981/817
f 210/982/818 879/983/819 1608/984/820 877/985/821
f 879/983/819 209/986/822 876/987/823 1608/984/820
f 1608/984/820 876/987/823 203/973/809 865/972/808
f 877/985/821 1608/984/820 865/972/808 201/971/807
f 208/988/824 878/989/825 1609/990/826 867/991/827
f 878/989/825 210/982/818 877/985/821 1609/990/826
f 1609/990/826 877/985/821 201/971/807 853/968/804
f 867/991/827 1609/990/826 853/968/804 202/967/803
f 195/936/772 863/939/775 1610/992/828 869/978/814
f 863/939/775 199/943/779 868/960/796 1610/992/828
f 1610/992/828 868/960/796 206/959/795 873/993/829
f 869/978/814 1610/992/828 873/993/829 207/979/815
f 199/943/779 861/942/778 1611/994/830 921/963/799
f 861/942/778 200/941/777 920/995/831 1611/994/830
f 1611/994/830 920/995/831 227/996/832 906/997/833
f 921/963/799 1611/994/830 906/997/833 226/964/800
f 205/981/817 872/980/816 1612/998/834 875/999/835
f 872/980/816 207/979/815 871/1000/836 1612/998/834
f 1612/998/834 871/1000/836 210/982/818 878/989/825
f 875/999/835 1612/998/834 878/989/825 208/988/824
f 207/979/815 873/993/829 1613/1001/837 871/1000/836
f 873/993/829 206/959/795 870/1002/838 1613/1001/837
f 1613/1001/837 870/1002/838 209/986/822 879/983/819
f 871/1000/836 1613/1001/837 879/983/819 210/982/818
f 198/229/210 891/1003/839 1614/1004/840 862/940/776
f 891/1003/839 217/1005/841 893/1006/842 1614/1004/840
f 1614/1004/840 893/1006/842 216/1007/843 890/1008/844
f 862/940/776 1614/1004/840 890/1008/844 200/941/777
f 212/1009/845 881/1010/846 1615/1011/847 883/1012/848
f 881/1010/846 211/1013/849 884/1014/850 1615/1011/847
f 1615/1011/847 884/1014/850 213/1015/851 882/1016/852
f 883/1012/848 1615/1011/847 882/1016/852 214/1017/853
f 222/1018/854 903/1019/855 1616/1020/856 900/1021/857
f 903/1019/855 221/1022/858 897/1023/859 1616/1020/856
f 1616/1020/856 897/1023/859 219/950/786 896/1024/860
f 900/1021/857 1616/1020/856 896/1024/860 220/1025/861
f 216/1007/843 893/1006/842 1617/1026/862 887/1027/863
f 893/1006/842 217/1005/841 888/1028/864 1617/1026/862
f 1617/1026/862 888/1028/864 212/1009/845 883/1012/848
f 887/1027/863 1617/1026/862 883/1012/848 214/1017/853
f 217/1005/841 892/1029/865 1618/1030/866 888/1028/864
f 892/1029/865 215/1031/867 889/1032/868 1618/1030/866
f 1618/1030/866 889/1032/868 211/1013/849 881/1010/846
f 888/1028/864 1618/1030/866 881/1010/846 212/1009/845
f 204/975/811 559/974/810 1619/1033/869 860/1034/870
f 559/974/810 203/973/809 874/1035/871 1619/1033/869
f 1619/1033/869 874/1035/871 224/1036/872 904/1037/873
f 860/1034/870 1619/1033/869 904/1037/873 225/1038/874
f 214/1017/853 882/1016/852 1620/1039/875 885/1040/876
f 882/1016/852 213/1015/851 899/1041/877 1620/1039/875
f 1620/1039/875 899/1041/877 223/1042/878 902/1043/879
f 885/1040/876 1620/1039/875 902/1043/879 221/1022/858
f 216/1007/843 898/1044/880 1621/1045/881 880/1046/882
f 898/1044/880 222/1018/854 894/1047/883 1621/1045/881
f 1621/1045/881 894/1047/883 234/1048/884 917/1049/885
f 880/1046/882 1621/1045/881 917/1049/885 230/1050/886
f 221/1022/858 902/1043/879 1622/1051/887 897/1023/859
f 902/1043/879 223/1042/878 901/1052/888 1622/1051/887
f 1622/1051/887 901/1052/888 218/954/790 895/951/787
f 897/1023/859 1622/1051/887 895/951/787 219/950/786
f 216/1007/843 887/1027/863 1623/1053/889 898/1044/880
f 887/1027/863 214/1017/853 885/1040/876 1623/1053/889
f 1623/1053/889 885/1040/876 221/1022/858 903/1019/855
f 898/1044/880 1623/1053/889 903/1019/855 222/1018/854
f 198/229/210 854/228/209 1624/1054/890 891/1003/839
f 854/228/209 197/227/208 886/1055/891 1624/1054/890
f 1624/1054/890 886/1055/891 215/1031/867 892/1029/865
f 891/1003/839 1624/1054/890 892/1029/865 217/1005/841
f 232/1056/794 914/1057/793 1625/1058/892 953/1059/893
f 914/1057/793 231/1060/792 952/1061/894 1625/1058/892
f 1625/1058/892 952/1061/894 247/1062/895 943/1063/896
f 953/1059/893 1625/1058/892 943/1063/896 248/1064/897
f 229/1065/898 908/1066/899 1626/1067/900 905/1068/901
f 908/1066/899 228/1069/802 909/1070/902 1626/1067/900
f 1626/1067/900 909/1070/902 242/1071/903 935/1072/904
f 905/1068/901 1626/1067/900 935/1072/904 244/1073/905
f 225/1074/874 904/1075/873 1627/1076/906 911/1077/907
f 904/1075/873 224/1078/872 913/1079/908 1627/1076/906
f 1627/1076/906 913/1079/908 235/1080/909 927/1081/910
f 911/1077/907 1627/1076/906 927/1081/910 236/1082/911
f 234/1083/884 918/1084/912 1628/1085/913 916/1086/914
f 918/1084/912 233/1087/915 919/1088/916 1628/1085/913
f 1628/1085/913 919/1088/916 250/1089/917 949/1090/918
f 916/1086/914 1628/1085/913 949/1090/918 251/1091/919
f 222/1018/854 900/1021/857 1629/1092/920 894/1047/883
f 900/1021/857 220/1025/861 925/1093/921 1629/1092/920
f 1629/1092/920 925/1093/921 233/1094/915 918/1095/912
f 894/1047/883 1629/1092/920 918/1095/912 234/1048/884
f 220/1025/861 896/1024/860 1630/1096/922 925/1093/921
f 896/1024/860 219/950/786 924/953/789 1630/1096/922
f 1630/1096/922 924/953/789 232/958/794 915/1097/923
f 925/1093/921 1630/1096/922 915/1097/923 233/1094/915
f 203/973/809 876/987/823 1631/1098/924 874/1035/871
f 876/987/823 209/986/822 926/1099/925 1631/1098/924
f 1631/1098/924 926/1099/925 229/1100/898 910/1101/926
f 874/1035/871 1631/1098/924 910/1101/926 224/1036/872
f 200/941/777 890/1008/844 1632/1102/927 920/995/831
f 890/1008/844 216/1007/843 880/1046/882 1632/1102/927
f 1632/1102/927 880/1046/882 230/1050/886 912/1103/928
f 920/995/831 1632/1102/927 912/1103/928 227/996/832
f 209/986/822 870/1002/838 1633/1104/929 926/1099/925
f 870/1002/838 206/959/795 922/962/798 1633/1104/929
f 1633/1104/929 922/962/798 228/966/802 908/1105/899
f 926/1099/925 1633/1104/929 908/1105/899 229/1100/898
f 244/1073/905 939/1106/930 1634/1107/931 938/1108/932
f 939/1106/930 243/1109/933 937/1110/934 1634/1107/931
f 1634/1107/931 937/1110/934 236/1082/911 927/1081/910
f 938/1108/932 1634/1107/931 927/1081/910 235/1080/909
f 239/1111/935 929/1112/936 1635/1113/937 930/1114/938
f 929/1112/936 238/1115/939 928/1116/940 1635/1113/937
f 1635/1113/937 928/1116/940 237/1117/941 931/1118/942
f 930/1114/938 1635/1113/937 931/1118/942 240/1119/943
f 237/1117/941 928/1116/940 1636/1120/944 933/1121/945
f 928/1116/940 238/1115/939 932/1122/946 1636/1120/944
f 1636/1120/944 932/1122/946 241/1123/947 936/1124/948
f 933/1121/945 1636/1120/944 936/1124/948 242/1071/903
f 242/1071/903 936/1124/948 1637/1125/949 935/1072/904
f 936/1124/948 241/1123/947 934/1126/950 1637/1125/949
f 1637/1125/949 934/1126/950 243/1109/933 939/1106/930
f 935/1072/904 1637/1125/949 939/1106/930 244/1073/905
f 240/1119/943 941/1127/951 1638/1128/952 930/1114/938
f 941/1127/951 246/1129/953 942/1130/954 1638/1128/952
f 1638/1128/952 942/1130/954 245/1131/955 940/1132/956
f 930/1114/938 1638/1128/952 940/1132/956 239/1111/935
f 249/1133/957 946/1134/958 1639/1135/959 944/1136/960
f 946/1134/958 250/1089/917 945/1137/961 1639/1135/959
f 1639/1135/959 945/1137/961 248/1064/897 943/1063/896
f 944/1136/960 1639/1135/959 943/1063/896 247/1062/895
f 252/1138/962 951/1139/963 1640/1140/964 948/1141/965
f 951/1139/963 251/1091/919 949/1090/918 1640/1140/964
f 1640/1140/964 949/1090/918 250/1089/917 946/1134/958
f 948/1141/965 1640/1140/964 946/1134/958 249/1133/957
f 245/1131/955 942/1130/954 1641/1142/966 950/1143/967
f 942/1130/954 246/1129/953 947/1144/968 1641/1142/966
f 1641/1142/966 947/1144/968 251/1091/919 951/1139/963
f 950/1143/967 1641/1142/966 951/1139/963 252/1138/962
f 233/1087/915 915/1145/923 1642/1146/969 919/1088/916
f 915/1145/923 232/1056/794 953/1059/893 1642/1146/969
f 1642/1146/969 953/1059/893 248/1064/897 945/1137/961
f 919/1088/916 1642/1146/969 945/1137/961 250/1089/917
f 224/1078/872 910/1147/926 1643/1148/970 913/1079/908
f 910/1147/926 229/1065/898 905/1068/901 1643/1148/970
f 1643/1148/970 905/1068/901 244/1073/905 938/1108/932
f 913/1079/908 1643/1148/970 938/1108/932 235/1080/909
f 226/1149/800 906/1150/833 1644/1151/971 955/1152/972
f 906/1150/833 227/1153/832 954/1154/973 1644/1151/971
f 1644/1151/971 954/1154/973 240/1119/943 931/1118/942
f 955/1152/972 1644/1151/971 931/1118/942 237/1117/941
f 230/1155/886 917/1156/885 1645/1157/974 956/1158/975
f 917/1156/885 234/1083/884 916/1086/914 1645/1157/974
f 1645/1157/974 916/1086/914 251/1091/919 947/1144/968
f 956/1158/975 1645/1157/974 947/1144/968 246/1129/953
f 228/1069/802 907/1159/801 1646/1160/976 909/1070/902
f 907/1159/801 226/1149/800 955/1152/972 1646/1160/976
f 1646/1160/976 955/1152/972 237/1117/941 933/1121/945
f 909/1070/902 1646/1160/976 933/1121/945 242/1071/903
f 227/1153/832 912/1161/928 1647/1162/977 954/1154/973
f 912/1161/928 230/1155/886 956/1158/975 1647/1162/977
f 1647/1162/977 956/1158/975 246/1129/953 941/1127/951
f 954/1154/973 1647/1162/977 941/1127/951 240/1119/943
f 61/314/272 582/313/271 1648/1163/978 957/1164/979
f 582/312/271 60/311/270 596/1165/980 1648/1166/978
f 1648/1166/978 596/1165/980 256/328/286 961/345/298
f 957/1164/979 1648/1163/978 961/343/298 253/302/262
f 59/279/244 584/278/243 1649/1167/981 959/1168/982
f 584/277/243 62/276/242 594/1169/983 1649/1170/981
f 1649/1170/981 594/1169/983 254/298/258 962/339/295
f 959/1168/982 1649/1167/981 962/337/295 255/332/290
f 60/311/270 581/318/276 1650/1171/984 596/1165/980
f 581/318/276 59/279/244 959/1168/982 1650/1171/984
f 1650/1171/984 959/1168/982 255/332/290 963/329/287
f 596/1165/980 1650/1171/984 963/329/287 256/328/286
f 62/276/242 583/316/274 1651/1172/985 594/1169/983
f 583/316/274 61/314/272 957/1164/979 1651/1172/985
f 1651/1172/985 957/1164/979 253/302/262 964/299/259
f 594/1169/983 1651/1172/985 964/299/259 254/298/258
f 276/1173/986 1004/1174/987 1652/1175/988 1023/1176/989
f 1004/1174/987 263/1177/990 971/1178/991 1652/1175/988
f 1652/1179/988 971/1180/991 259/1181/992 1002/1182/993
f 1023/1183/989 1652/1179/988 1002/1182/993 274/1184/994
f 273/1185/995 972/1186/996 1653/1187/997 1022/1188/998
f 972/1186/996 257/1189/999 970/1190/1000 1653/1187/997
f 1653/1187/997 970/1190/1000 263/1177/990 1004/1174/987
f 1022/1188/998 1653/1187/997 1004/1174/987 276/1173/986
f 270/1191/1001 999/1192/1002 1654/1193/1003 994/1194/1004
f 999/1192/1002 271/1195/1005 982/1196/1006 1654/1193/1003
f 1654/1193/1003 982/1196/1006 265/1197/1007 979/1198/1008
f 994/1194/1004 1654/1193/1003 979/1198/1008 262/1199/1009
f 267/1200/1010 992/1201/1011 1655/1202/1012 987/1203/1013
f 992/1201/1011 268/1204/1014 988/1205/1015 1655/1202/1012
f 1655/1202/1012 988/1205/1015 263/1177/990 970/1190/1000
f 987/1203/1013 1655/1202/1012 970/1190/1000 257/1189/999
f 344/1206/1016 1145/1207/1017 1656/1208/1018 1151/1209/1019
f 1145/1207/1017 294/1210/1020 1042/1211/1021 1656/1208/1018
f 1656/1208/1018 1042/1211/1021 293/1212/1022 1044/1213/1023
f 1151/1209/1019 1656/1208/1018 1044/1213/1023 343/1214/1024
f 271/1195/1005 998/1215/1025 1657/1216/1026 982/1196/1006
f 998/1217/1025 269/1218/1027 966/1219/1028 1657/1220/1026
f 1657/1220/1026 966/1219/1028 261/1221/1029 981/1222/1030
f 982/1196/1006 1657/1216/1026 981/1223/1030 265/1197/1007
f 282/1224/1031 997/1225/1032 1658/1226/1033 1021/1227/1034
f 997/1225/1032 25/60/54 496/59/53 1658/1226/1033
f 1658/1226/1033 496/59/53 15/58/52 983/1228/1035
f 1021/1227/1034 1658/1226/1033 983/1228/1035 277/1229/1036
f 280/1230/1037 990/1231/1038 1659/1232/1039 1020/1233/1040
f 990/1231/1038 20/68/62 504/67/61 1659/1232/1039
f 1659/1232/1039 504/67/61 11/66/60 975/1234/1041
f 1020/1233/1040 1659/1232/1039 975/1234/1041 274/1184/994
f 272/1235/1042 1034/1236/1043 1660/1237/1044 1000/1238/1045
f 1034/1236/1043 283/1239/1046 1029/1240/1047 1660/1237/1044
f 1660/1237/1044 1029/1240/1047 46/75/69 555/74/68
f 1000/1238/1045 1660/1237/1044 555/74/68 5/73/67
f 279/1241/1048 989/1242/1049 1661/1243/1050 1017/1244/1051
f 989/1242/1049 267/1200/1010 987/1203/1013 1661/1243/1050
f 1661/1243/1050 987/1203/1013 257/1189/999 972/1186/996
f 1017/1244/1051 1661/1243/1050 972/1186/996 273/1185/995
f 281/1245/1052 996/1246/1053 1662/1247/1054 1016/1248/1055
f 996/1246/1053 270/1191/1001 994/1194/1004 1662/1247/1054
f 1662/1247/1054 994/1194/1004 262/1199/1009 1007/1249/1056
f 1016/1248/1055 1662/1247/1054 1007/1249/1056 278/1250/1057
f 278/1250/1057 1007/1249/1056 1663/1251/1058 1015/1252/1059
f 1007/1249/1056 262/1199/1009 968/1253/1060 1663/1251/1058
f 1663/1251/1058 968/1253/1060 267/1200/1010 989/1242/1061
f 1015/1252/1059 1663/1251/1058 989/1242/1061 279/1241/1062
f 277/1229/1036 983/1228/1035 1664/1254/1063 1014/1255/1064
f 983/1228/1035 15/58/52 495/93/89 1664/1254/1063
f 1664/1254/1063 495/93/89 20/68/62 990/1231/1038
f 1014/1255/1064 1664/1254/1063 990/1231/1038 280/1230/1037
f 265/1197/1007 981/1223/1030 1665/1256/1065 980/1257/1066
f 981/1222/1030 261/1221/1029 986/1258/1067 1665/1259/1065
f 1665/1259/1065 986/1258/1067 266/1260/1068 991/1261/1069
f 980/1257/1066 1665/1256/1065 991/1262/1069 268/1204/1014
f 262/1199/1009 979/1198/1008 1666/1263/1070 968/1253/1060
f 979/1198/1008 265/1197/1007 980/1257/1066 1666/1263/1070
f 1666/1263/1070 980/1257/1066 268/1204/1014 992/1201/1011
f 968/1253/1060 1666/1263/1070 992/1201/1011 267/1200/1010
f 275/1264/1071 1003/1265/1072 1667/1266/1073 1013/1267/1074
f 1003/1265/1072 258/1268/1075 969/1269/1076 1667/1266/1073
f 1667/1266/1073 969/1269/1076 270/1191/1001 996/1246/1053
f 1013/1267/1074 1667/1266/1073 996/1246/1053 281/1245/1052
f 272/1235/1042 1000/1238/1045 1668/1270/1077 1012/1271/1078
f 1000/1238/1045 5/73/67 513/110/104 1668/1270/1077
f 1668/1270/1077 513/110/104 25/60/54 997/1225/1032
f 1012/1271/1078 1668/1270/1077 997/1225/1032 282/1224/1031
f 264/1272/1079 973/1273/1080 1669/1274/1081 995/1275/1082
f 973/1276/1080 260/1277/1083 993/1278/1084 1669/1279/1081
f 1669/1279/1081 993/1278/1084 269/1218/1027 998/1217/1025
f 995/1275/1082 1669/1274/1081 998/1215/1025 271/1195/1005
f 258/1268/1075 974/1280/1085 1670/1281/1086 969/1269/1076
f 974/1280/1085 264/1272/1079 995/1275/1082 1670/1281/1086
f 1670/1281/1086 995/1275/1082 271/1195/1005 999/1192/1002
f 969/1269/1076 1670/1281/1086 999/1192/1002 270/1191/1001
f 260/1277/1083 965/1282/1087 1671/1283/1088 993/1278/1084
f 965/1282/1087 272/1235/1042 1012/1271/1078 1671/1283/1088
f 1671/1283/1088 1012/1271/1078 282/1224/1031 1011/1284/1089
f 993/1278/1084 1671/1283/1088 1011/1284/1089 269/1218/1027
f 12/124/116 976/1285/1090 1672/1286/1091 514/125/117
f 976/1285/1090 275/1264/1071 1013/1267/1074 1672/1286/1091
f 1672/1286/1091 1013/1267/1074 281/1245/1052 1010/1287/1092
f 514/125/117 1672/1286/1091 1010/1287/1092 26/128/120
f 261/1221/1029 1005/1288/1093 1673/1289/1094 986/1258/1067
f 1005/1288/1093 277/1229/1036 1014/1255/1064 1673/1289/1094
f 1673/1289/1094 1014/1255/1064 280/1230/1037 1009/1290/1095
f 986/1258/1067 1673/1289/1094 1009/1290/1095 266/1260/1068
f 16/133/125 985/1291/1096 1674/1292/1097 498/134/126
f 985/1291/1096 278/1250/1057 1015/1252/1059 1674/1292/1097
f 1674/1292/1097 1015/1252/1059 279/1241/1062 1008/1293/1098
f 498/134/126 1674/1292/1097 1008/1293/1098 21/137/129
f 26/128/120 1010/1287/1092 1675/1294/1099 500/139/131
f 1010/1287/1092 281/1245/1052 1016/1248/1055 1675/1294/1099
f 1675/1294/1099 1016/1248/1055 278/1250/1057 985/1291/1096
f 500/139/131 1675/1294/1099 985/1291/1096 16/133/125
f 21/137/133 1008/1293/1100 1676/1295/1101 505/141/134
f 1008/1293/1100 279/1241/1048 1017/1244/1051 1676/1295/1101
f 1676/1295/1101 1017/1244/1051 273/1185/995 1001/1296/1102
f 505/141/134 1676/1295/1101 1001/1296/1102 9/143/137
f 264/1272/1079 984/1297/1103 1677/1298/1104 973/1273/1080
f 984/1297/1103 285/1299/1105 1025/1300/1106 1677/1298/1104
f 1677/1301/1104 1025/1302/1106 284/1303/1107 1006/1304/1108
f 973/1276/1080 1677/1301/1104 1006/1304/1108 260/1277/1083
f 275/1264/1071 1018/1305/1109 1678/1306/1110 1003/1265/1072
f 1018/1305/1109 287/1307/1111 1030/1308/1112 1678/1306/1110
f 1678/1306/1110 1030/1308/1112 286/1309/1113 1019/1310/1114
f 1003/1265/1072 1678/1306/1110 1019/1310/1114 258/1268/1075
f 266/1260/1068 1009/1290/1095 1679/1311/1115 967/1312/1116
f 1009/1290/1095 280/1230/1037 1020/1233/1040 1679/1311/1115
f 1679/1311/1115 1020/1233/1040 274/1184/994 1002/1182/993
f 967/1312/1116 1679/1311/1115 1002/1182/993 259/1181/992
f 269/1218/1027 1011/1284/1089 1680/1313/1117 966/1219/1028
f 1011/1284/1089 282/1224/1031 1021/1227/1034 1680/1313/1117
f 1680/1313/1117 1021/1227/1034 277/1229/1036 1005/1288/1093
f 966/1219/1028 1680/1313/1117 1005/1288/1093 261/1221/1029
f 341/1314/1118 1138/1315/1119 1681/1316/1120 1143/1317/1121
f 1138/1315/1119 296/1318/1122 1048/1319/1123 1681/1316/1120
f 1681/1316/1120 1048/1319/1123 295/1320/1124 1052/1321/1125
f 1143/1317/1121 1681/1316/1120 1052/1321/1125 339/1322/1126
f 13/171/163 977/1323/1127 1682/1324/1128 487/172/164
f 977/1323/1127 276/1173/986 1023/1176/989 1682/1324/1128
f 1682/1325/1128 1023/1183/989 274/1184/994 975/1234/1041
f 487/175/164 1682/1325/1128 975/1234/1041 11/66/60
f 408/1326/1129 1270/1327/1130 1683/1328/1131 1278/1329/1132
f 1270/1327/1130 351/1330/1133 1165/1331/1134 1683/1328/1131
f 1683/1332/1131 1165/1333/1134 356/1334/1135 1168/1335/1136
f 1278/1336/1132 1683/1332/1131 1168/1335/1136 407/1337/1137
f 406/1338/1138 1268/1339/1139 1684/1340/1140 1277/1341/1141
f 1268/1339/1139 353/1342/1142 1161/1343/1143 1684/1340/1140
f 1684/1344/1140 1161/1345/1143 352/1346/1144 1031/1347/1145
f 1277/1348/1141 1684/1344/1140 1031/1347/1145 405/1349/1146
f 46/75/69 1029/1240/1047 1685/1350/1147 549/201/185
f 1029/1240/1047 283/1239/1046 1032/1351/1148 1685/1350/1147
f 1685/1352/1147 1032/1353/1148 288/1354/1149 1028/1355/1150
f 549/203/185 1685/1352/1147 1028/1355/1150 44/204/187
f 44/204/187 1028/1355/1150 1686/1356/1151 547/210/191
f 1028/1355/1150 288/1354/1149 1033/1357/1152 1686/1356/1151
f 1686/1356/1151 1033/1357/1152 287/1307/1111 1027/1358/1153
f 547/210/191 1686/1356/1151 1027/1358/1153 43/212/193
f 260/1277/1083 1006/1304/1108 1687/1359/1154 965/1282/1087
f 1006/1304/1108 284/1303/1107 1024/1360/1155 1687/1359/1154
f 1687/1359/1154 1024/1360/1155 283/1239/1046 1034/1236/1043
f 965/1282/1087 1687/1359/1154 1034/1236/1043 272/1235/1042
f 12/124/116 557/218/199 1688/1361/1156 976/1285/1090
f 557/218/199 43/212/193 1027/1358/1153 1688/1361/1156
f 1688/1361/1156 1027/1358/1153 287/1307/1111 1018/1305/1109
f 976/1285/1090 1688/1361/1156 1018/1305/1109 275/1264/1071
f 258/1268/1075 1019/1310/1114 1689/1362/1157 974/1280/1085
f 1019/1310/1114 286/1309/1113 1026/1363/1158 1689/1362/1157
f 1689/1362/1157 1026/1363/1158 285/1299/1105 984/1297/1103
f 974/1280/1085 1689/1362/1157 984/1297/1103 264/1272/1079
f 290/1364/1159 1331/1365/1160 1690/1366/1161 1037/1367/1162
f 1331/1365/1160 436/1368/1163 1329/1369/1164 1690/1366/1161
f 1690/1366/1161 1329/1369/1164 197/1370/208 856/1371/207
f 1037/1367/1162 1690/1366/1161 856/1371/207 49/1372/206
f 273/1185/995 1039/1373/1165 1691/1374/1166 1001/1296/1102
f 1039/1375/1165 290/1364/1159 1037/1367/1162 1691/1376/1166
f 1691/1376/1166 1037/1367/1162 49/1372/206 563/1377/213
f 1001/1296/1102 1691/1374/1166 563/232/213 9/143/137
f 13/171/163 562/237/215 1692/1378/1167 977/1323/1127
f 562/1379/215 48/1380/219 1035/1381/1168 1692/1382/1167
f 1692/1382/1167 1035/1381/1168 289/1383/1169 1040/1384/1170
f 977/1323/1127 1692/1378/1167 1040/1385/1170 276/1173/986
f 276/1173/986 1040/1385/1170 1693/1386/1171 1022/1188/998
f 1040/1384/1170 289/1383/1169 1038/1387/1172 1693/1388/1171
f 1693/1388/1171 1038/1387/1172 290/1364/1159 1039/1375/1165
f 1022/1188/998 1693/1386/1171 1039/1373/1165 273/1185/995
f 343/1214/1024 1044/1213/1023 1694/1389/1173 1150/1390/1174
f 1044/1213/1023 293/1212/1022 1041/1391/1175 1694/1389/1173
f 1694/1392/1173 1041/1393/1175 292/1394/1176 1046/1395/1177
f 1150/1396/1174 1694/1392/1173 1046/1395/1177 345/1397/1178
f 345/1397/1178 1046/1395/1177 1695/1398/1179 1149/1399/1180
f 1046/1395/1177 292/1394/1176 978/1400/1181 1695/1398/1179
f 1695/1398/1179 978/1400/1181 291/1401/1182 1047/1402/1183
f 1149/1399/1180 1695/1398/1179 1047/1402/1183 346/1403/1184
f 346/1403/1184 1047/1402/1183 1696/1404/1185 1148/1405/1186
f 1047/1402/1183 291/1401/1182 1043/1406/1187 1696/1404/1185
f 1696/1407/1185 1043/1408/1187 294/1210/1020 1145/1207/1017
f 1148/1409/1186 1696/1407/1185 1145/1207/1017 344/1206/1016
f 295/1320/1124 1061/1410/1188 1697/1411/1189 1051/1412/1190
f 1061/1410/1188 299/1413/1191 1059/1414/1192 1697/1411/1189
f 1697/1415/1189 1059/1416/1192 302/1417/1193 1060/1418/1194
f 1051/1419/1190 1697/1415/1189 1060/1418/1194 298/1420/1195
f 339/1322/1126 1052/1321/1125 1698/1421/1196 1142/1422/1197
f 1052/1321/1125 295/1320/1124 1051/1412/1190 1698/1421/1196
f 1698/1423/1196 1051/1419/1190 298/1420/1195 1054/1424/1198
f 1142/1425/1197 1698/1423/1196 1054/1424/1198 340/1426/1199
f 342/1427/1200 1139/1428/1201 1699/1429/1202 1141/1430/1203
f 1139/1428/1201 297/1431/1204 1049/1432/1205 1699/1429/1202
f 1699/1433/1202 1049/1434/1205 296/1318/1122 1138/1315/1119
f 1141/1435/1203 1699/1433/1202 1138/1315/1119 341/1314/1118
f 340/1426/1199 1054/1424/1198 1700/1436/1206 1140/1437/1207
f 1054/1424/1198 298/1420/1195 1050/1438/1208 1700/1436/1206
f 1700/1436/1206 1050/1438/1208 297/1431/1204 1139/1428/1201
f 1140/1437/1207 1700/1436/1206 1139/1428/1201 342/1427/1200
f 472/1439/1209 1410/1440/1210 1701/1441/1211 1416/1442/1212
f 1410/1440/1210 306/1443/1213 1066/1444/1214 1701/1441/1211
f 1701/1441/1211 1066/1444/1214 305/1445/1215 1068/1446/1216
f 1416/1442/1212 1701/1441/1211 1068/1446/1216 471/1447/1217
f 297/1431/1204 1063/1448/1218 1702/1449/1219 1049/1432/1205
f 1063/1448/1218 301/1450/1220 1057/1451/1221 1702/1449/1219
f 1702/1452/1219 1057/1453/1221 300/1454/1222 1062/1455/1223
f 1049/1434/1205 1702/1452/1219 1062/1455/1223 296/1318/1122
f 298/1420/1195 1060/1418/1194 1703/1456/1224 1050/1438/1208
f 1060/1418/1194 302/1417/1193 1058/1457/1225 1703/1456/1224
f 1703/1456/1224 1058/1457/1225 301/1450/1220 1063/1448/1218
f 1050/1438/1208 1703/1456/1224 1063/1448/1218 297/1431/1204
f 296/1318/1122 1062/1455/1223 1704/1458/1226 1048/1319/1123
f 1062/1455/1223 300/1454/1222 1056/1459/1227 1704/1458/1226
f 1704/1458/1226 1056/1459/1227 299/1413/1191 1061/1410/1188
f 1048/1319/1123 1704/1458/1226 1061/1410/1188 295/1320/1124
f 314/1460/1228 1117/1461/1229 1705/1462/1230 1095/1463/1231
f 1117/1461/1229 329/1464/1232 1115/1465/1233 1705/1462/1230
f 1705/1462/1230 1115/1465/1233 330/1466/1234 1116/1467/1235
f 1095/1463/1231 1705/1462/1230 1116/1467/1235 312/1468/1236
f 474/1469/1237 1412/1470/1238 1706/1471/1239 1415/1472/1240
f 1412/1470/1238 304/1473/1241 1064/1474/1242 1706/1471/1239
f 1706/1471/1239 1064/1474/1242 303/1475/1243 1070/1476/1244
f 1415/1472/1240 1706/1471/1239 1070/1476/1244 473/1477/1245
f 473/1477/1245 1070/1476/1244 1707/1478/1246 1414/1479/1247
f 1070/1476/1244 303/1475/1243 1067/1480/1248 1707/1478/1246
f 1707/1481/1246 1067/1482/1248 306/1443/1213 1410/1440/1210
f 1414/1483/1247 1707/1481/1246 1410/1440/1210 472/1439/1209
f 471/1447/1217 1068/1446/1216 1708/1484/1249 1413/1485/1250
f 1068/1446/1216 305/1445/1215 1065/1486/1251 1708/1484/1249
f 1708/1487/1249 1065/1488/1251 304/1473/1241 1412/1470/1238
f 1413/1489/1250 1708/1487/1249 1412/1470/1238 474/1469/1237
f 294/1210/1020 1074/1490/1252 1709/1491/1253 1042/1211/1021
f 1074/1490/1252 309/1492/1254 1076/1493/1255 1709/1491/1253
f 1709/1491/1253 1076/1493/1255 310/1494/1256 1055/1495/1257
f 1042/1211/1021 1709/1491/1253 1055/1495/1257 293/1212/1022
f 293/1212/1022 1055/1495/1257 1710/1496/1258 1041/1391/1175
f 1055/1495/1257 310/1494/1256 1077/1497/1259 1710/1496/1258
f 1710/1498/1258 1077/1499/1259 308/1500/1260 1053/1501/1261
f 1041/1393/1175 1710/1498/1258 1053/1501/1261 292/1394/1176
f 291/1401/1182 1072/1502/1262 1711/1503/1263 1043/1406/1187
f 1072/1502/1262 307/1504/1264 1078/1505/1265 1711/1503/1263
f 1711/1506/1263 1078/1507/1265 309/1492/1254 1074/1490/1252
f 1043/1408/1187 1711/1506/1263 1074/1490/1252 294/1210/1020
f 292/1394/1176 1053/1501/1261 1712/1508/1266 978/1400/1181
f 1053/1501/1261 308/1500/1260 1079/1509/1267 1712/1508/1266
f 1712/1508/1266 1079/1509/1267 307/1504/1264 1072/1502/1262
f 978/1400/1181 1712/1508/1266 1072/1502/1262 291/1401/1182
f 304/1473/1241 1125/1510/1268 1713/1511/1269 1084/1512/1270
f 1125/1510/1268 332/1513/1271 1121/1514/1272 1713/1511/1269
f 1713/1511/1269 1121/1514/1272 333/1515/1273 1124/1516/1274
f 1084/1512/1270 1713/1511/1269 1124/1516/1274 316/1517/1275
f 318/1518/1276 1085/1519/1277 1714/1520/1278 1091/1521/1279
f 1085/1519/1277 312/1468/1236 1086/1522/1280 1714/1520/1278
f 1714/1523/1278 1086/1524/1280 311/1525/1281 1094/1526/1282
f 1091/1527/1279 1714/1523/1278 1094/1526/1282 315/1528/1283
f 304/1473/1241 1084/1512/1270 1715/1529/1284 1064/1474/1242
f 1084/1512/1270 316/1517/1275 1088/1530/1285 1715/1529/1284
f 1715/1529/1284 1088/1530/1285 315/1528/1283 1092/1531/1286
f 1064/1474/1242 1715/1529/1284 1092/1531/1286 303/1475/1243
f 306/1443/1213 1083/1532/1287 1716/1533/1288 1087/1534/1289
f 1083/1532/1287 314/1460/1228 1095/1463/1231 1716/1533/1288
f 1716/1533/1288 1095/1463/1231 312/1468/1236 1085/1519/1277
f 1087/1534/1289 1716/1533/1288 1085/1519/1277 318/1518/1276
f 315/1528/1283 1101/1535/1290 1717/1536/1291 1091/1527/1279
f 1101/1535/1290 319/1537/1292 1099/1538/1293 1717/1536/1291
f 1717/1539/1291 1099/1540/1293 322/1541/1294 1100/1542/1295
f 1091/1521/1279 1717/1539/1291 1100/1542/1295 318/1518/1276
f 315/1528/1283 1094/1526/1282 1718/1543/1296 1092/1531/1286
f 1094/1526/1282 311/1525/1281 1081/1544/1297 1718/1543/1296
f 1718/1543/1296 1081/1544/1297 313/1545/1298 1080/1546/1299
f 1092/1531/1286 1718/1543/1296 1080/1546/1299 303/1475/1243
f 303/1475/1243 1080/1546/1299 1719/1547/1300 1067/1480/1248
f 1080/1546/1299 313/1545/1298 1082/1548/1301 1719/1547/1300
f 1719/1549/1300 1082/1550/1301 314/1460/1228 1083/1532/1287
f 1067/1482/1248 1719/1549/1300 1083/1532/1287 306/1443/1213
f 306/1443/1213 1087/1534/1289 1720/1551/1302 1066/1444/1214
f 1087/1534/1289 318/1518/1276 1090/1552/1303 1720/1551/1302
f 1720/1551/1302 1090/1552/1303 317/1553/1304 1093/1554/1305
f 1066/1444/1214 1720/1551/1302 1093/1554/1305 305/1445/1215
f 322/1541/1294 1109/1555/1306 1721/1556/1307 1098/1557/1308
f 1109/1555/1306 326/1558/1309 1106/1559/1310 1721/1556/1307
f 1721/1556/1307 1106/1559/1310 325/1560/1311 1108/1561/1312
f 1098/1557/1308 1721/1556/1307 1108/1561/1312 321/1562/1313
f 317/1553/1304 1103/1563/1314 1722/1564/1315 1089/1565/1316
f 1103/1563/1314 321/1562/1313 1097/1566/1317 1722/1564/1315
f 1722/1567/1315 1097/1568/1317 320/1569/1318 1102/1570/1319
f 1089/1571/1316 1722/1567/1315 1102/1570/1319 316/1517/1275
f 318/1518/1276 1100/1542/1295 1723/1572/1320 1090/1552/1303
f 1100/1542/1295 322/1541/1294 1098/1557/1308 1723/1572/1320
f 1723/1572/1320 1098/1557/1308 321/1562/1313 1103/1563/1314
f 1090/1552/1303 1723/1572/1320 1103/1563/1314 317/1553/1304
f 316/1517/1275 1102/1570/1319 1724/1573/1321 1088/1530/1285
f 1102/1570/1319 320/1569/1318 1096/1574/1322 1724/1573/1321
f 1724/1573/1321 1096/1574/1322 319/1537/1292 1101/1535/1290
f 1088/1530/1285 1724/1573/1321 1101/1535/1290 315/1528/1283
f 326/1558/1309 1107/1575/1323 1725/1576/1324 1106/1559/1310
f 1107/1577/1323 323/1578/1325 1104/1579/1326 1725/1580/1324
f 1725/1580/1324 1104/1579/1326 324/1581/1327 1105/1582/1328
f 1106/1559/1310 1725/1576/1324 1105/1583/1328 325/1560/1311
f 320/1569/1318 1111/1584/1329 1726/1585/1330 1096/1574/1322
f 1111/1584/1329 324/1581/1327 1104/1579/1326 1726/1585/1330
f 1726/1585/1330 1104/1579/1326 323/1578/1325 1110/1586/1331
f 1096/1574/1322 1726/1585/1330 1110/1586/1331 319/1537/1292
f 319/1537/1292 1110/1586/1331 1727/1587/1332 1099/1538/1293
f 1110/1586/1331 323/1578/1325 1107/1577/1323 1727/1587/1332
f 1727/1588/1332 1107/1575/1323 326/1558/1309 1109/1555/1306
f 1099/1540/1293 1727/1588/1332 1109/1555/1306 322/1541/1294
f 321/1562/1313 1108/1561/1312 1728/1589/1333 1097/1566/1317
f 1108/1561/1312 325/1560/1311 1105/1583/1328 1728/1589/1333
f 1728/1590/1333 1105/1582/1328 324/1581/1327 1111/1584/1329
f 1097/1568/1317 1728/1590/1333 1111/1584/1329 320/1569/1318
f 327/1591/1334 1112/1592/1335 1729/1593/1336 1113/1594/1337
f 1112/1592/1335 328/1595/1338 1114/1596/1339 1729/1593/1336
f 1729/1597/1336 1114/1598/1339 330/1466/1234 1115/1465/1233
f 1113/1599/1337 1729/1597/1336 1115/1465/1233 329/1464/1232
f 313/1545/1298 1118/1600/1340 1730/1601/1341 1082/1548/1301
f 1118/1600/1340 327/1591/1334 1113/1594/1337 1730/1601/1341
f 1730/1602/1341 1113/1599/1337 329/1464/1232 1117/1461/1229
f 1082/1550/1301 1730/1602/1341 1117/1461/1229 314/1460/1228
f 311/1525/1281 1119/1603/1342 1731/1604/1343 1081/1544/1297
f 1119/1603/1342 328/1595/1338 1112/1592/1335 1731/1604/1343
f 1731/1604/1343 1112/1592/1335 327/1591/1334 1118/1600/1340
f 1081/1544/1297 1731/1604/1343 1118/1600/1340 313/1545/1298
f 312/1468/1236 1116/1467/1235 1732/1605/1344 1086/1522/1280
f 1116/1467/1235 330/1466/1234 1114/1598/1339 1732/1605/1344
f 1732/1606/1344 1114/1596/1339 328/1595/1338 1119/1603/1342
f 1086/1524/1280 1732/1606/1344 1119/1603/1342 311/1525/1281
f 333/1515/1273 1133/1607/1345 1733/1608/1346 1122/1609/1347
f 1133/1607/1345 337/1610/1348 1130/1611/1349 1733/1608/1346
f 1733/1612/1346 1130/1613/1349 338/1614/1350 1132/1615/1351
f 1122/1616/1347 1733/1612/1346 1132/1615/1351 334/1617/1352
f 317/1553/1304 1127/1618/1353 1734/1619/1354 1093/1554/1305
f 1127/1618/1353 334/1617/1352 1123/1620/1355 1734/1619/1354
f 1734/1619/1354 1123/1620/1355 331/1621/1356 1126/1622/1357
f 1093/1554/1305 1734/1619/1354 1126/1622/1357 305/1445/1215
f 316/1517/1275 1124/1516/1274 1735/1623/1358 1089/1571/1316
f 1124/1516/1274 333/1515/1273 1122/1609/1347 1735/1623/1358
f 1735/1624/1358 1122/1616/1347 334/1617/1352 1127/1618/1353
f 1089/1565/1316 1735/1624/1358 1127/1618/1353 317/1553/1304
f 305/1445/1215 1126/1622/1357 1736/1625/1359 1065/1486/1251
f 1126/1622/1357 331/1621/1356 1120/1626/1360 1736/1625/1359
f 1736/1627/1359 1120/1628/1360 332/1513/1271 1125/1510/1268
f 1065/1488/1251 1736/1627/1359 1125/1510/1268 304/1473/1241
f 336/1629/1361 1128/1630/1362 1737/1631/1363 1129/1632/1364
f 1128/1633/1362 335/1634/1365 1131/1635/1366 1737/1636/1363
f 1737/1636/1363 1131/1635/1366 338/1614/1350 1130/1613/1349
f 1129/1632/1364 1737/1631/1363 1130/1611/1349 337/1610/1348
f 331/1621/1356 1135/1637/1367 1738/1638/1368 1120/1626/1360
f 1135/1637/1367 335/1634/1365 1128/1633/1362 1738/1638/1368
f 1738/1639/1368 1128/1630/1362 336/1629/1361 1134/1640/1369
f 1120/1628/1360 1738/1639/1368 1134/1640/1369 332/1513/1271
f 334/1617/1352 1132/1615/1351 1739/1641/1370 1123/1620/1355
f 1132/1615/1351 338/1614/1350 1131/1635/1366 1739/1641/1370
f 1739/1641/1370 1131/1635/1366 335/1634/1365 1135/1637/1367
f 1123/1620/1355 1739/1641/1370 1135/1637/1367 331/1621/1356
f 332/1513/1271 1134/1640/1369 1740/1642/1371 1121/1514/1272
f 1134/1640/1369 336/1629/1361 1129/1632/1364 1740/1642/1371
f 1740/1642/1371 1129/1632/1364 337/1610/1348 1133/1607/1345
f 1121/1514/1272 1740/1642/1371 1133/1607/1345 333/1515/1273
f 309/1492/1254 1137/1643/1372 1741/1644/1373 1076/1493/1255
f 1137/1643/1372 340/1426/1199 1140/1437/1207 1741/1644/1373
f 1741/1644/1373 1140/1437/1207 342/1427/1200 1075/1645/1374
f 1076/1493/1255 1741/1644/1373 1075/1645/1374 310/1494/1256
f 310/1494/1256 1075/1645/1374 1742/1646/1375 1077/1497/1259
f 1075/1645/1374 342/1427/1200 1141/1430/1203 1742/1646/1375
f 1742/1647/1375 1141/1435/1203 341/1314/1118 1073/1648/1376
f 1077/1499/1259 1742/1647/1375 1073/1648/1376 308/1500/1260
f 307/1504/1264 1136/1649/1377 1743/1650/1378 1078/1505/1265
f 1136/1649/1377 339/1322/1126 1142/1422/1197 1743/1650/1378
f 1743/1651/1378 1142/1425/1197 340/1426/1199 1137/1643/1372
f 1078/1507/1265 1743/1651/1378 1137/1643/1372 309/1492/1254
f 308/1500/1260 1073/1648/1376 1744/1652/1379 1079/1509/1267
f 1073/1648/1376 341/1314/1118 1143/1317/1121 1744/1652/1379
f 1744/1652/1379 1143/1317/1121 339/1322/1126 1136/1649/1377
f 1079/1509/1267 1744/1652/1379 1136/1649/1377 307/1504/1264
f 350/1653/1380 1147/1654/1381 1745/1655/1382 1159/1656/1383
f 1147/1654/1381 346/1403/1184 1148/1405/1186 1745/1655/1382
f 1745/1657/1382 1148/1409/1186 344/1206/1016 1152/1658/1384
f 1159/1659/1383 1745/1657/1382 1152/1658/1384 347/1660/1385
f 349/1661/1386 1146/1662/1387 1746/1663/1388 1158/1664/1389
f 1146/1662/1387 345/1397/1178 1149/1399/1180 1746/1663/1388
f 1746/1663/1388 1149/1399/1180 346/1403/1184 1147/1654/1381
f 1158/1664/1389 1746/1663/1388 1147/1654/1381 350/1653/1380
f 348/1665/1390 1144/1666/1391 1747/1667/1392 1157/1668/1393
f 1144/1666/1391 343/1214/1024 1150/1390/1174 1747/1667/1392
f 1747/1669/1392 1150/1396/1174 345/1397/1178 1146/1662/1387
f 1157/1670/1393 1747/1669/1392 1146/1662/1387 349/1661/1386
f 347/1660/1385 1152/1658/1384 1748/1671/1394 1156/1672/1395
f 1152/1658/1384 344/1206/1016 1151/1209/1019 1748/1671/1394
f 1748/1671/1394 1151/1209/1019 343/1214/1024 1144/1666/1391
f 1156/1672/1395 1748/1671/1394 1144/1666/1391 348/1665/1390
f 268/1673/1014 1045/1674/1396 1749/1675/1397 988/1676/1015
f 1045/1674/1396 347/1660/1385 1156/1672/1395 1749/1675/1397
f 1749/1675/1397 1156/1672/1395 348/1665/1390 1153/1677/1398
f 988/1676/1015 1749/1675/1397 1153/1677/1398 263/1678/990
f 263/1678/990 1153/1677/1398 1750/1679/1399 971/1680/991
f 1153/1677/1398 348/1665/1390 1157/1668/1393 1750/1679/1399
f 1750/1681/1399 1157/1670/1393 349/1661/1386 1154/1682/1400
f 971/1683/991 1750/1681/1399 1154/1682/1400 259/1684/992
f 259/1684/992 1154/1682/1400 1751/1685/1401 967/1686/1116
f 1154/1682/1400 349/1661/1386 1158/1664/1389 1751/1685/1401
f 1751/1685/1401 1158/1664/1389 350/1653/1380 1155/1687/1402
f 967/1686/1116 1751/1685/1401 1155/1687/1402 266/1688/1068
f 266/1688/1068 1155/1687/1402 1752/1689/1403 991/1690/1069
f 1155/1687/1402 350/1653/1380 1159/1656/1383 1752/1689/1403
f 1752/1691/1403 1159/1659/1383 347/1660/1385 1045/1674/1396
f 991/1692/1069 1752/1691/1403 1045/1674/1396 268/1673/1014
f 402/1693/1404 1258/1694/1405 1753/1695/1406 1266/1696/1407
f 1258/1694/1405 365/1697/1408 1184/1698/1409 1753/1695/1406
f 1753/1699/1406 1184/1700/1409 364/1701/1410 1189/1702/1411
f 1266/1703/1407 1753/1699/1406 1189/1702/1411 399/1704/1412
f 391/1705/1413 1235/1706/1414 1754/1707/1415 1242/1708/1416
f 1235/1706/1414 362/1709/1417 1176/1710/1418 1754/1707/1415
f 1754/1707/1415 1176/1710/1418 361/1711/1419 1179/1712/1420
f 1242/1708/1416 1754/1707/1415 1179/1712/1420 388/1713/1421
f 410/1714/1422 1272/1715/1423 1755/1716/1424 1276/1717/1425
f 1272/1715/1423 355/1718/1426 1163/1719/1427 1755/1716/1424
f 1755/1716/1424 1163/1719/1427 354/1720/1428 1170/1721/1429
f 1276/1717/1425 1755/1716/1424 1170/1721/1429 409/1722/1430
f 409/1722/1430 1170/1721/1429 1756/1723/1431 1275/1724/1432
f 1170/1721/1429 354/1720/1428 1162/1725/1433 1756/1723/1431
f 1756/1723/1431 1162/1725/1433 353/1342/1142 1268/1339/1139
f 1275/1724/1432 1756/1723/1431 1268/1339/1139 406/1338/1138
f 407/1337/1137 1168/1335/1136 1757/1726/1434 1274/1727/1435
f 1168/1335/1136 356/1334/1135 1166/1728/1436 1757/1726/1434
f 1757/1726/1434 1166/1728/1436 355/1718/1426 1272/1715/1423
f 1274/1727/1435 1757/1726/1434 1272/1715/1423 410/1714/1422
f 405/1349/1146 1031/1347/1145 1758/1729/1437 1273/1730/1438
f 1031/1347/1145 352/1346/1144 1160/1731/1439 1758/1729/1437
f 1758/1729/1437 1160/1731/1439 351/1330/1133 1270/1327/1130
f 1273/1730/1438 1758/1729/1437 1270/1327/1130 408/1326/1129
f 390/1732/1440 1234/1733/1441 1759/1734/1442 1241/1735/1443
f 1234/1733/1441 359/1736/1444 1172/1737/1445 1759/1734/1442
f 1759/1738/1442 1172/1739/1445 358/1740/1446 1177/1741/1447
f 1241/1742/1443 1759/1738/1442 1177/1741/1447 387/1743/1448
f 392/1744/1449 1236/1745/1450 1760/1746/1451 1240/1747/1452
f 1236/1745/1450 360/1748/1453 1173/1749/1454 1760/1746/1451
f 1760/1746/1451 1173/1749/1454 359/1736/1444 1234/1733/1441
f 1240/1747/1452 1760/1746/1451 1234/1733/1441 390/1732/1440
f 387/1743/1448 1177/1741/1447 1761/1750/1455 1239/1751/1456
f 1177/1741/1447 358/1740/1446 1164/1752/1457 1761/1750/1455
f 1761/1750/1455 1164/1752/1457 357/1753/1458 1182/1754/1459
f 1239/1751/1456 1761/1750/1455 1182/1754/1459 389/1755/1460
f 389/1755/1460 1182/1754/1459 1762/1756/1461 1238/1757/1462
f 1182/1754/1459 357/1753/1458 1175/1758/1463 1762/1756/1461
f 1762/1759/1461 1175/1760/1463 362/1709/1417 1235/1706/1414
f 1238/1761/1462 1762/1759/1461 1235/1706/1414 391/1705/1413
f 388/1713/1421 1179/1712/1420 1763/1762/1464 1237/1763/1465
f 1179/1712/1420 361/1711/1419 1174/1764/1466 1763/1762/1464
f 1763/1762/1464 1174/1764/1466 360/1748/1453 1236/1745/1450
f 1237/1763/1465 1763/1762/1464 1236/1745/1450 392/1744/1449
f 367/1765/1467 1286/1766/1468 1764/1767/1469 1186/1768/1470
f 1286/1766/1468 415/1769/1471 1282/1770/1472 1764/1767/1469
f 1764/1767/1469 1282/1770/1472 414/1771/1473 1285/1772/1474
f 1186/1768/1470 1764/1767/1469 1285/1772/1474 366/1773/1475
f 403/1774/1476 1259/1775/1477 1765/1776/1478 1265/1777/1479
f 1259/1775/1477 363/1778/1480 1187/1779/1481 1765/1776/1478
f 1765/1780/1478 1187/1781/1481 368/1782/1482 1191/1783/1483
f 1265/1784/1479 1765/1780/1478 1191/1783/1483 400/1785/1484
f 399/1704/1412 1189/1702/1411 1766/1786/1485 1264/1787/1486
f 1189/1702/1411 364/1701/1410 1183/1788/1487 1766/1786/1485
f 1766/1786/1485 1183/1788/1487 363/1778/1480 1259/1775/1477
f 1264/1787/1486 1766/1786/1485 1259/1775/1477 403/1774/1476
f 404/1789/1488 1260/1790/1489 1767/1791/1490 1263/1792/1491
f 1260/1790/1489 366/1773/1475 1185/1793/1492 1767/1791/1490
f 1767/1791/1490 1185/1793/1492 365/1697/1408 1258/1694/1405
f 1263/1792/1491 1767/1791/1490 1258/1694/1405 402/1693/1404
f 400/1785/1484 1191/1783/1483 1768/1794/1493 1262/1795/1494
f 1191/1783/1483 368/1782/1482 1188/1796/1495 1768/1794/1493
f 1768/1794/1493 1188/1796/1495 367/1765/1467 1194/1797/1496
f 1262/1795/1494 1768/1794/1493 1194/1797/1496 401/1798/1497
f 401/1798/1497 1194/1797/1496 1769/1799/1498 1261/1800/1499
f 1194/1797/1496 367/1765/1467 1186/1768/1470 1769/1799/1498
f 1769/1799/1498 1186/1768/1470 366/1773/1475 1260/1790/1489
f 1261/1800/1499 1769/1799/1498 1260/1790/1489 404/1789/1488
f 398/1801/1500 1200/1802/1501 1770/1803/1502 1254/1804/1503
f 1200/1802/1501 374/1805/1504 1201/1806/1505 1770/1803/1502
f 1770/1803/1502 1201/1806/1505 373/1807/1506 1245/1808/1507
f 1254/1804/1503 1770/1803/1502 1245/1808/1507 395/1809/1508
f 397/1810/1509 1197/1811/1510 1771/1812/1511 1253/1813/1512
f 1197/1811/1510 371/1814/1513 1202/1815/1514 1771/1812/1511
f 1771/1812/1511 1202/1815/1514 374/1805/1504 1200/1802/1501
f 1253/1813/1512 1771/1812/1511 1200/1802/1501 398/1801/1500
f 395/1809/1508 1245/1808/1507 1772/1816/1515 1252/1817/1516
f 1245/1808/1507 373/1807/1506 1203/1818/1517 1772/1816/1515
f 1772/1816/1515 1203/1818/1517 370/1819/1518 1243/1820/1519
f 1252/1817/1516 1772/1816/1515 1243/1820/1519 393/1821/1520
f 396/1822/1521 1195/1823/1522 1773/1824/1523 1251/1825/1524
f 1195/1823/1522 369/1826/1525 1204/1827/1526 1773/1824/1523
f 1773/1824/1523 1204/1827/1526 372/1828/1527 1244/1829/1528
f 1251/1825/1524 1773/1824/1523 1244/1829/1528 394/1830/1529
f 394/1830/1529 1244/1829/1528 1774/1831/1530 1250/1832/1531
f 1244/1829/1528 372/1828/1527 1205/1833/1532 1774/1831/1530
f 1774/1834/1530 1205/1835/1532 371/1814/1513 1197/1811/1510
f 1250/1836/1531 1774/1834/1530 1197/1811/1510 397/1810/1509
f 393/1821/1520 1243/1820/1519 1775/1837/1533 1249/1838/1534
f 1243/1820/1519 370/1819/1518 1206/1839/1535 1775/1837/1533
f 1775/1840/1533 1206/1841/1535 369/1826/1525 1195/1823/1522
f 1249/1842/1534 1775/1840/1533 1195/1823/1522 396/1822/1521
f 374/1805/1504 1209/1843/1536 1776/1844/1537 1201/1806/1505
f 1209/1843/1536 377/1845/1538 1213/1846/1539 1776/1844/1537
f 1776/1844/1537 1213/1846/1539 380/1847/1540 1199/1848/1541
f 1201/1806/1505 1776/1844/1537 1199/1848/1541 373/1807/1506
f 371/1814/1513 1208/1849/1542 1777/1850/1543 1202/1815/1514
f 1208/1849/1542 376/1851/1544 1214/1852/1545 1777/1850/1543
f 1777/1850/1543 1214/1852/1545 377/1845/1538 1209/1843/1536
f 1202/1815/1514 1777/1850/1543 1209/1843/1536 374/1805/1504
f 373/1807/1506 1199/1848/1541 1778/1853/1546 1203/1818/1517
f 1199/1848/1541 380/1847/1540 1215/1854/1547 1778/1853/1546
f 1778/1853/1546 1215/1854/1547 378/1855/1548 1196/1856/1549
f 1203/1818/1517 1778/1853/1546 1196/1856/1549 370/1819/1518
f 369/1826/1525 1207/1857/1550 1779/1858/1551 1204/1827/1526
f 1207/1857/1550 375/1859/1552 1216/1860/1553 1779/1858/1551
f 1779/1858/1551 1216/1860/1553 379/1861/1554 1198/1862/1555
f 1204/1827/1526 1779/1858/1551 1198/1862/1555 372/1828/1527
f 372/1828/1527 1198/1862/1555 1780/1863/1556 1205/1833/1532
f 1198/1862/1555 379/1861/1554 1217/1864/1557 1780/1863/1556
f 1780/1865/1556 1217/1866/1557 376/1851/1544 1208/1849/1542
f 1205/1835/1532 1780/1865/1556 1208/1849/1542 371/1814/1513
f 370/1819/1518 1196/1856/1549 1781/1867/1558 1206/1839/1535
f 1196/1856/1549 378/1855/1548 1218/1868/1559 1781/1867/1558
f 1781/1869/1558 1218/1870/1559 375/1859/1552 1207/1857/1550
f 1206/1841/1535 1781/1869/1558 1207/1857/1550 369/1826/1525
f 355/1718/1426 1221/1871/1560 1782/1872/1561 1163/1719/1427
f 1221/1871/1560 383/1873/1562 1225/1874/1563 1782/1872/1561
f 1782/1872/1561 1225/1874/1563 385/1875/1564 1181/1876/1565
f 1163/1719/1427 1782/1872/1561 1181/1876/1565 354/1720/1428
f 351/1330/1133 1224/1877/1566 1783/1878/1567 1165/1331/1134
f 1224/1877/1566 386/1879/1568 1226/1880/1569 1783/1878/1567
f 1783/1881/1567 1226/1882/1569 384/1883/1570 1180/1884/1571
f 1165/1333/1134 1783/1881/1567 1180/1884/1571 356/1334/1135
f 352/1346/1144 1219/1885/1572 1784/1886/1573 1160/1731/1439
f 1219/1885/1572 381/1887/1574 1227/1888/1575 1784/1886/1573
f 1784/1886/1573 1227/1888/1575 386/1879/1568 1224/1877/1566
f 1160/1731/1439 1784/1886/1573 1224/1877/1566 351/1330/1133
f 354/1720/1428 1181/1876/1565 1785/1889/1576 1162/1725/1433
f 1181/1876/1565 385/1875/1564 1228/1890/1577 1785/1889/1576
f 1785/1889/1576 1228/1890/1577 382/1891/1578 1178/1892/1579
f 1162/1725/1433 1785/1889/1576 1178/1892/1579 353/1342/1142
f 353/1342/1142 1178/1892/1579 1786/1893/1580 1161/1343/1143
f 1178/1892/1579 382/1891/1578 1229/1894/1581 1786/1893/1580
f 1786/1895/1580 1229/1896/1581 381/1887/1574 1219/1885/1572
f 1161/1345/1143 1786/1895/1580 1219/1885/1572 352/1346/1144
f 356/1334/1135 1180/1884/1571 1787/1897/1582 1166/1728/1436
f 1180/1884/1571 384/1883/1570 1230/1898/1583 1787/1897/1582
f 1787/1897/1582 1230/1898/1583 383/1873/1562 1221/1871/1560
f 1166/1728/1436 1787/1897/1582 1221/1871/1560 355/1718/1426
f 383/1873/1562 1232/1899/1584 1788/1900/1585 1225/1874/1563
f 1232/1899/1584 388/1713/1421 1237/1763/1465 1788/1900/1585
f 1788/1900/1585 1237/1763/1465 392/1744/1449 1223/1901/1586
f 1225/1874/1563 1788/1900/1585 1223/1901/1586 385/1875/1564
f 386/1879/1568 1233/1902/1587 1789/1903/1588 1226/1880/1569
f 1233/1902/1587 389/1755/1460 1238/1757/1462 1789/1903/1588
f 1789/1904/1588 1238/1761/1462 391/1705/1413 1222/1905/1589
f 1226/1882/1569 1789/1904/1588 1222/1905/1589 384/1883/1570
f 381/1887/1574 1231/1906/1590 1790/1907/1591 1227/1888/1575
f 1231/1906/1590 387/1743/1448 1239/1751/1456 1790/1907/1591
f 1790/1907/1591 1239/1751/1456 389/1755/1460 1233/1902/1587
f 1227/1888/1575 1790/1907/1591 1233/1902/1587 386/1879/1568
f 385/1875/1564 1223/1901/1586 1791/1908/1592 1228/1890/1577
f 1223/1901/1586 392/1744/1449 1240/1747/1452 1791/1908/1592
f 1791/1908/1592 1240/1747/1452 390/1732/1440 1220/1909/1593
f 1228/1890/1577 1791/1908/1592 1220/1909/1593 382/1891/1578
f 382/1891/1578 1220/1909/1593 1792/1910/1594 1229/1894/1581
f 1220/1909/1593 390/1732/1440 1241/1735/1443 1792/1910/1594
f 1792/1911/1594 1241/1742/1443 387/1743/1448 1231/1906/1590
f 1229/1896/1581 1792/1911/1594 1231/1906/1590 381/1887/1574
f 384/1883/1570 1222/1905/1589 1793/1912/1595 1230/1898/1583
f 1222/1905/1589 391/1705/1413 1242/1708/1416 1793/1912/1595
f 1793/1912/1595 1242/1708/1416 388/1713/1421 1232/1899/1584
f 1230/1898/1583 1793/1912/1595 1232/1899/1584 383/1873/1562
f 359/1736/1444 1190/1913/1596 1794/1914/1597 1172/1737/1445
f 1190/1913/1596 393/1821/1520 1249/1838/1534 1794/1914/1597
f 1794/1915/1597 1249/1842/1534 396/1822/1521 1246/1916/1598
f 1172/1739/1445 1794/1915/1597 1246/1916/1598 358/1740/1446
f 357/1753/1458 1192/1917/1599 1795/1918/1600 1175/1758/1463
f 1192/1917/1599 394/1830/1529 1250/1832/1531 1795/1918/1600
f 1795/1919/1600 1250/1836/1531 397/1810/1509 1247/1920/1601
f 1175/1760/1463 1795/1919/1600 1247/1920/1601 362/1709/1417
f 358/1740/1446 1246/1916/1598 1796/1921/1602 1164/1752/1457
f 1246/1916/1598 396/1822/1521 1251/1825/1524 1796/1921/1602
f 1796/1921/1602 1251/1825/1524 394/1830/1529 1192/1917/1599
f 1164/1752/1457 1796/1921/1602 1192/1917/1599 357/1753/1458
f 360/1748/1453 1193/1922/1603 1797/1923/1604 1173/1749/1454
f 1193/1922/1603 395/1809/1508 1252/1817/1516 1797/1923/1604
f 1797/1923/1604 1252/1817/1516 393/1821/1520 1190/1913/1596
f 1173/1749/1454 1797/1923/1604 1190/1913/1596 359/1736/1444
f 362/1709/1417 1247/1920/1601 1798/1924/1605 1176/1710/1418
f 1247/1920/1601 397/1810/1509 1253/1813/1512 1798/1924/1605
f 1798/1924/1605 1253/1813/1512 398/1801/1500 1248/1925/1606
f 1176/1710/1418 1798/1924/1605 1248/1925/1606 361/1711/1419
f 361/1711/1419 1248/1925/1606 1799/1926/1607 1174/1764/1466
f 1248/1925/1606 398/1801/1500 1254/1804/1503 1799/1926/1607
f 1799/1926/1607 1254/1804/1503 395/1809/1508 1193/1922/1603
f 1174/1764/1466 1799/1926/1607 1193/1922/1603 360/1748/1453
f 377/1845/1538 1257/1927/1608 1800/1928/1609 1213/1846/1539
f 1257/1927/1608 401/1798/1497 1261/1800/1499 1800/1928/1609
f 1800/1928/1609 1261/1800/1499 404/1789/1488 1212/1929/1610
f 1213/1846/1539 1800/1928/1609 1212/1929/1610 380/1847/1540
f 376/1851/1544 1256/1930/1611 1801/1931/1612 1214/1852/1545
f 1256/1930/1611 400/1785/1484 1262/1795/1494 1801/1931/1612
f 1801/1931/1612 1262/1795/1494 401/1798/1497 1257/1927/1608
f 1214/1852/1545 1801/1931/1612 1257/1927/1608 377/1845/1538
f 380/1847/1540 1212/1929/1610 1802/1932/1613 1215/1854/1547
f 1212/1929/1610 404/1789/1488 1263/1792/1491 1802/1932/1613
f 1802/1932/1613 1263/1792/1491 402/1693/1404 1210/1933/1614
f 1215/1854/1547 1802/1932/1613 1210/1933/1614 378/1855/1548
f 375/1859/1552 1255/1934/1615 1803/1935/1616 1216/1860/1553
f 1255/1934/1615 399/1704/1412 1264/1787/1486 1803/1935/1616
f 1803/1935/1616 1264/1787/1486 403/1774/1476 1211/1936/1617
f 1216/1860/1553 1803/1935/1616 1211/1936/1617 379/1861/1554
f 379/1861/1554 1211/1936/1617 1804/1937/1618 1217/1864/1557
f 1211/1936/1617 403/1774/1476 1265/1777/1479 1804/1937/1618
f 1804/1938/1618 1265/1784/1479 400/1785/1484 1256/1930/1611
f 1217/1866/1557 1804/1938/1618 1256/1930/1611 376/1851/1544
f 378/1855/1548 1210/1933/1614 1805/1939/1619 1218/1868/1559
f 1210/1933/1614 402/1693/1404 1266/1696/1407 1805/1939/1619
f 1805/1940/1619 1266/1703/1407 399/1704/1412 1255/1934/1615
f 1218/1870/1559 1805/1940/1619 1255/1934/1615 375/1859/1552
f 284/1303/1107 1267/1941/1620 1806/1942/1621 1024/1360/1155
f 1267/1943/1620 405/1349/1146 1273/1730/1438 1806/1944/1621
f 1806/1944/1621 1273/1730/1438 408/1326/1129 1169/1945/1622
f 1024/1360/1155 1806/1942/1621 1169/1946/1622 283/1239/1046
f 288/1354/1149 1269/1947/1623 1807/1948/1624 1033/1357/1152
f 1269/1949/1623 407/1337/1137 1274/1727/1435 1807/1950/1624
f 1807/1950/1624 1274/1727/1435 410/1714/1422 1171/1951/1625
f 1033/1357/1152 1807/1948/1624 1171/1952/1625 287/1307/1111
f 286/1309/1113 1271/1953/1626 1808/1954/1627 1026/1363/1158
f 1271/1955/1626 409/1722/1430 1275/1724/1432 1808/1956/1627
f 1808/1956/1627 1275/1724/1432 406/1338/1138 1167/1957/1628
f 1026/1363/1158 1808/1954/1627 1167/1958/1628 285/1299/1105
f 287/1307/1111 1171/1952/1625 1809/1959/1629 1030/1308/1112
f 1171/1951/1625 410/1714/1422 1276/1717/1425 1809/1960/1629
f 1809/1960/1629 1276/1717/1425 409/1722/1430 1271/1955/1626
f 1030/1308/1112 1809/1959/1629 1271/1953/1626 286/1309/1113
f 285/1299/1105 1167/1958/1628 1810/1961/1630 1025/1300/1106
f 1167/1957/1628 406/1338/1138 1277/1341/1141 1810/1962/1630
f 1810/1963/1630 1277/1348/1141 405/1349/1146 1267/1943/1620
f 1025/1302/1106 1810/1964/1630 1267/1941/1620 284/1303/1107
f 283/1239/1046 1169/1946/1622 1811/1965/1631 1032/1351/1148
f 1169/1945/1622 408/1326/1129 1278/1329/1132 1811/1966/1631
f 1811/1967/1631 1278/1336/1132 407/1337/1137 1269/1949/1623
f 1032/1353/1148 1811/1968/1631 1269/1947/1623 288/1354/1149
f 411/1969/1632 1298/1970/1633 1812/1971/1634 1283/1972/1635
f 1298/1970/1633 417/1973/1636 1295/1974/1637 1812/1971/1634
f 1812/1975/1634 1295/1976/1637 422/1977/1638 1297/1978/1639
f 1283/1979/1635 1812/1975/1634 1297/1978/1639 416/1980/1640
f 365/1697/1408 1288/1981/1641 1813/1982/1642 1184/1698/1409
f 1288/1981/1641 413/1983/1643 1280/1984/1644 1813/1982/1642
f 1813/1985/1642 1280/1986/1644 412/1987/1645 1287/1988/1646
f 1184/1700/1409 1813/1985/1642 1287/1988/1646 364/1701/1410
f 363/1778/1480 1290/1989/1647 1814/1990/1648 1187/1779/1481
f 1290/1989/1647 411/1969/1632 1283/1972/1635 1814/1990/1648
f 1814/1991/1648 1283/1979/1635 416/1980/1640 1289/1992/1649
f 1187/1781/1481 1814/1991/1648 1289/1992/1649 368/1782/1482
f 366/1773/1475 1285/1772/1474 1815/1993/1650 1185/1793/1492
f 1285/1772/1474 414/1771/1473 1281/1994/1651 1815/1993/1650
f 1815/1993/1650 1281/1994/1651 413/1983/1643 1288/1981/1641
f 1185/1793/1492 1815/1993/1650 1288/1981/1641 365/1697/1408
f 364/1701/1410 1287/1988/1646 1816/1995/1652 1183/1788/1487
f 1287/1988/1646 412/1987/1645 1279/1996/1653 1816/1995/1652
f 1816/1995/1652 1279/1996/1653 411/1969/1632 1290/1989/1647
f 1183/1788/1487 1816/1995/1652 1290/1989/1647 363/1778/1480
f 368/1782/1482 1289/1992/1649 1817/1997/1654 1188/1796/1495
f 1289/1992/1649 416/1980/1640 1284/1998/1655 1817/1997/1654
f 1817/1997/1654 1284/1998/1655 415/1769/1471 1286/1766/1468
f 1188/1796/1495 1817/1997/1654 1286/1766/1468 367/1765/1467
f 422/1977/1638 1310/1999/1656 1818/2000/1657 1296/2001/1658
f 1310/1999/1656 428/2002/1659 1308/2003/1660 1818/2000/1657
f 1818/2000/1657 1308/2003/1660 427/2004/1661 1309/2005/1662
f 1296/2001/1658 1818/2000/1657 1309/2005/1662 421/2006/1663
f 414/1771/1473 1300/2007/1664 1819/2008/1665 1281/1994/1651
f 1300/2007/1664 420/2009/1666 1293/2010/1667 1819/2008/1665
f 1819/2008/1665 1293/2010/1667 419/2011/1668 1299/2012/1669
f 1281/1994/1651 1819/2008/1665 1299/2012/1669 413/1983/1643
f 412/1987/1645 1301/2013/1670 1820/2014/1671 1279/1996/1653
f 1301/2013/1670 418/2015/1672 1291/2016/1673 1820/2014/1671
f 1820/2014/1671 1291/2016/1673 417/1973/1636 1298/1970/1633
f 1279/1996/1653 1820/2014/1671 1298/1970/1633 411/1969/1632
f 416/1980/1640 1297/1978/1639 1821/2017/1674 1284/1998/1655
f 1297/1978/1639 422/1977/1638 1296/2001/1658 1821/2017/1674
f 1821/2017/1674 1296/2001/1658 421/2006/1663 1302/2018/1675
f 1284/1998/1655 1821/2017/1674 1302/2018/1675 415/1769/1471
f 415/1769/1471 1302/2018/1675 1822/2019/1676 1282/1770/1472
f 1302/2018/1675 421/2006/1663 1294/2020/1677 1822/2019/1676
f 1822/2019/1676 1294/2020/1677 420/2009/1666 1300/2007/1664
f 1282/1770/1472 1822/2019/1676 1300/2007/1664 414/1771/1473
f 413/1983/1643 1299/2012/1669 1823/2021/1678 1280/1984/1644
f 1299/2012/1669 419/2011/1668 1292/2022/1679 1823/2021/1678
f 1823/2023/1678 1292/2024/1679 418/2015/1672 1301/2013/1670
f 1280/1986/1644 1823/2023/1678 1301/2013/1670 412/1987/1645
f 423/2025/1680 1322/2026/1681 1824/2027/1682 1307/2028/1683
f 1322/2026/1681 429/2029/1684 1319/2030/1685 1824/2027/1682
f 1824/2031/1682 1319/2032/1685 434/2033/1686 1321/2034/1687
f 1307/2035/1683 1824/2031/1682 1321/2034/1687 428/2002/1659
f 421/2006/1663 1309/2005/1662 1825/2036/1688 1294/2020/1677
f 1309/2005/1662 427/2004/1661 1306/2037/1689 1825/2036/1688
f 1825/2036/1688 1306/2037/1689 426/2038/1690 1311/2039/1691
f 1294/2020/1677 1825/2036/1688 1311/2039/1691 420/2009/1666
f 419/2011/1668 1313/2040/1692 1826/2041/1693 1292/2022/1679
f 1313/2040/1692 425/2042/1694 1304/2043/1695 1826/2041/1693
f 1826/2044/1693 1304/2045/1695 424/2046/1696 1312/2047/1697
f 1292/2024/1679 1826/2044/1693 1312/2047/1697 418/2015/1672
f 417/1973/1636 1314/2048/1698 1827/2049/1699 1295/1974/1637
f 1314/2048/1698 423/2025/1680 1307/2028/1683 1827/2049/1699
f 1827/2050/1699 1307/2035/1683 428/2002/1659 1310/1999/1656
f 1295/1976/1637 1827/2050/1699 1310/1999/1656 422/1977/1638
f 420/2009/1666 1311/2039/1691 1828/2051/1700 1293/2010/1667
f 1311/2039/1691 426/2038/1690 1305/2052/1701 1828/2051/1700
f 1828/2051/1700 1305/2052/1701 425/2042/1694 1313/2040/1692
f 1293/2010/1667 1828/2051/1700 1313/2040/1692 419/2011/1668
f 418/2015/1672 1312/2047/1697 1829/2053/1702 1291/2016/1673
f 1312/2047/1697 424/2046/1696 1303/2054/1703 1829/2053/1702
f 1829/2053/1702 1303/2054/1703 423/2025/1680 1314/2048/1698
f 1291/2016/1673 1829/2053/1702 1314/2048/1698 417/1973/1636
f 434/2033/1686 1319/2032/1685 1830/2055/1704 1320/2056/1705
f 429/2029/1684 1315/2057/1706 1830/2058/1704 1319/2030/1685
f 430/2059/1707 1316/2060/1708 1830/2058/1704 1315/2057/1706
f 431/2061/1709 1317/2062/1710 1830/2055/1704 1316/2063/1708
f 432/2064/1711 1318/2065/1712 1830/2055/1704 1317/2062/1710
f 433/2066/1713 1320/2056/1705 1830/2055/1704 1318/2065/1712
f 426/2038/1690 1324/2067/1714 1831/2068/1715 1305/2052/1701
f 1324/2067/1714 432/2064/1711 1317/2062/1710 1831/2068/1715
f 1831/2068/1715 1317/2062/1710 431/2061/1709 1323/2069/1716
f 1305/2052/1701 1831/2068/1715 1323/2069/1716 425/2042/1694
f 424/2046/1696 1325/2070/1717 1832/2071/1718 1303/2054/1703
f 1325/2070/1717 430/2059/1707 1315/2057/1706 1832/2071/1718
f 1832/2071/1718 1315/2057/1706 429/2029/1684 1322/2026/1681
f 1303/2054/1703 1832/2071/1718 1322/2026/1681 423/2025/1680
f 428/2002/1659 1321/2034/1687 1833/2072/1719 1308/2003/1660
f 1321/2034/1687 434/2033/1686 1320/2056/1705 1833/2072/1719
f 1833/2072/1719 1320/2056/1705 433/2066/1713 1326/2073/1720
f 1308/2003/1660 1833/2072/1719 1326/2073/1720 427/2004/1661
f 427/2004/1661 1326/2073/1720 1834/2074/1721 1306/2037/1689
f 1326/2073/1720 433/2066/1713 1318/2065/1712 1834/2074/1721
f 1834/2074/1721 1318/2065/1712 432/2064/1711 1324/2067/1714
f 1306/2037/1689 1834/2074/1721 1324/2067/1714 426/2038/1690
f 425/2042/1694 1323/2069/1716 1835/2075/1722 1304/2043/1695
f 1323/2069/1716 431/2061/1709 1316/2063/1708 1835/2075/1722
f 1835/2076/1722 1316/2060/1708 430/2059/1707 1325/2070/1717
f 1304/2045/1695 1835/2076/1722 1325/2070/1717 424/2046/1696
f 435/2077/1723 1335/2078/1724 1836/2079/1725 1330/2080/1726
f 1335/2078/1724 437/2081/1727 1333/2082/1728 1836/2079/1725
f 1836/2079/1725 1333/2082/1728 438/2083/1729 1334/2084/1730
f 1330/2080/1726 1836/2079/1725 1334/2084/1730 436/1368/1163
f 48/1380/219 859/2085/781 1837/2086/1731 1035/1381/1168
f 859/2085/781 196/2087/784 1327/2088/1732 1837/2086/1731
f 1837/2086/1731 1327/2088/1732 435/2077/1723 1332/2089/1733
f 1035/1381/1168 1837/2086/1731 1332/2089/1733 289/1383/1169
f 289/1383/1169 1332/2089/1733 1838/2090/1734 1038/1387/1172
f 1332/2089/1733 435/2077/1723 1330/2080/1726 1838/2090/1734
f 1838/2090/1734 1330/2080/1726 436/1368/1163 1331/1365/1160
f 1038/1387/1172 1838/2090/1734 1331/1365/1160 290/1364/1159
f 449/2091/1735 1385/2092/1736 1839/2093/1737 1360/2094/1738
f 1385/2092/1736 459/2095/1739 1376/2096/1740 1839/2093/1737
f 1839/2093/1737 1376/2096/1740 231/2097/792 923/2098/791
f 1360/2094/1738 1839/2093/1737 923/2098/791 218/2099/790
f 441/2100/1741 1384/2101/1742 1840/2102/1743 1337/2103/1744
f 1384/2101/1742 456/2104/1745 1370/2105/1746 1840/2102/1743
f 1840/2102/1743 1370/2105/1746 454/2106/1747 1383/2107/1748
f 1337/2103/1744 1840/2102/1743 1383/2107/1748 437/2081/1727
f 202/2108/803 866/2109/806 1841/2110/1749 1328/2111/1750
f 866/2109/806 204/2112/811 1036/2113/1751 1841/2110/1749
f 1841/2110/1749 1036/2113/1751 440/2114/1752 1336/2115/1753
f 1328/2111/1750 1841/2110/1749 1336/2115/1753 439/2116/1754
f 196/2087/784 864/2117/813 1842/2118/1755 1327/2088/1732
f 864/2117/813 205/2119/817 1341/2120/1756 1842/2118/1755
f 1842/2118/1755 1341/2120/1756 442/2121/1757 1338/2122/1758
f 1327/2088/1732 1842/2118/1755 1338/2122/1758 435/2077/1723
f 444/2123/1759 1345/2124/1760 1843/2125/1761 1347/2126/1762
f 1345/2124/1760 439/2116/1754 1336/2115/1753 1843/2125/1761
f 1843/2125/1761 1336/2115/1753 440/2114/1752 1344/2127/1763
f 1347/2126/1762 1843/2125/1761 1344/2127/1763 443/2128/1764
f 208/2129/824 867/2130/827 1844/2131/1765 1346/2132/1766
f 867/2130/827 202/2108/803 1328/2111/1750 1844/2131/1765
f 1844/2131/1765 1328/2111/1750 439/2116/1754 1345/2124/1760
f 1346/2132/1766 1844/2131/1765 1345/2124/1760 444/2123/1759
f 435/2077/1723 1338/2122/1758 1845/2133/1767 1335/2078/1724
f 1338/2122/1758 442/2121/1757 1342/2134/1768 1845/2133/1767
f 1845/2133/1767 1342/2134/1768 441/2100/1741 1337/2103/1744
f 1335/2078/1724 1845/2133/1767 1337/2103/1744 437/2081/1727
f 437/2081/1727 1383/2107/1748 1846/2135/1769 1333/2082/1728
f 1383/2107/1748 454/2106/1747 1369/2136/1770 1846/2135/1769
f 1846/2135/1769 1369/2136/1770 455/2137/1771 1382/2138/1772
f 1333/2082/1728 1846/2135/1769 1382/2138/1772 438/2083/1729
f 205/2119/817 875/2139/835 1847/2140/1773 1341/2120/1756
f 875/2139/835 208/2129/824 1346/2132/1766 1847/2140/1773
f 1847/2140/1773 1346/2132/1766 444/2123/1759 1340/2141/1774
f 1341/2120/1756 1847/2140/1773 1340/2141/1774 442/2121/1757
f 442/2121/1757 1340/2141/1774 1848/2142/1775 1342/2134/1768
f 1340/2141/1774 444/2123/1759 1347/2126/1762 1848/2142/1775
f 1848/2142/1775 1347/2126/1762 443/2128/1764 1339/2143/1776
f 1342/2134/1768 1848/2142/1775 1339/2143/1776 441/2100/1741
f 436/1368/1163 1334/2084/1730 1849/2144/1777 1356/2145/1778
f 1334/2084/1730 438/2083/1729 1355/2146/1779 1849/2144/1777
f 1849/2144/1777 1355/2146/1779 447/2147/1780 1358/2148/1781
f 1356/2145/1778 1849/2144/1777 1358/2148/1781 448/2149/1782
f 445/2150/1783 1351/2151/1784 1850/2152/1785 1349/2153/1786
f 1351/2151/1784 446/2154/1787 1350/2155/1788 1850/2152/1785
f 1850/2152/1785 1350/2155/1788 213/2156/851 884/2157/850
f 1349/2153/1786 1850/2152/1785 884/2157/850 211/2158/849
f 452/2159/1789 1364/2160/1790 1851/2161/1791 1366/2162/1792
f 1364/2160/1790 450/2163/1793 1361/2164/1794 1851/2161/1791
f 1851/2161/1791 1361/2164/1794 449/2091/1735 1362/2165/1795
f 1366/2162/1792 1851/2161/1791 1362/2165/1795 451/2166/1796
f 447/2147/1780 1353/2167/1797 1852/2168/1798 1358/2148/1781
f 1353/2167/1797 446/2154/1787 1351/2151/1784 1852/2168/1798
f 1852/2168/1798 1351/2151/1784 445/2150/1783 1354/2169/1799
f 1358/2148/1781 1852/2168/1798 1354/2169/1799 448/2149/1782
f 448/2149/1782 1354/2169/1799 1853/2170/1800 1357/2171/1801
f 1354/2169/1799 445/2150/1783 1349/2153/1786 1853/2170/1800
f 1853/2170/1800 1349/2153/1786 211/2158/849 889/2172/868
f 1357/2171/1801 1853/2170/1800 889/2172/868 215/2173/867
f 204/2112/811 860/2174/870 1854/2175/1802 1036/2113/1751
f 860/2174/870 225/2176/874 1367/2177/1803 1854/2175/1802
f 1854/2175/1802 1367/2177/1803 453/2178/1804 1343/2179/1805
f 1036/2113/1751 1854/2175/1802 1343/2179/1805 440/2114/1752
f 446/2154/1787 1352/2180/1806 1855/2181/1807 1350/2155/1788
f 1352/2180/1806 451/2166/1796 1365/2182/1808 1855/2181/1807
f 1855/2181/1807 1365/2182/1808 223/2183/878 899/2184/877
f 1350/2155/1788 1855/2181/1807 899/2184/877 213/2156/851
f 447/2147/1780 1348/2185/1809 1856/2186/1810 1363/2187/1811
f 1348/2185/1809 458/2188/1812 1379/2189/1813 1856/2186/1810
f 1856/2186/1810 1379/2189/1813 461/2190/1814 1359/2191/1815
f 1363/2187/1811 1856/2186/1810 1359/2191/1815 452/2159/1789
f 451/2166/1796 1362/2165/1795 1857/2192/1816 1365/2182/1808
f 1362/2165/1795 449/2091/1735 1360/2094/1738 1857/2192/1816
f 1857/2192/1816 1360/2094/1738 218/2099/790 901/2193/888
f 1365/2182/1808 1857/2192/1816 901/2193/888 223/2183/878
f 447/2147/1780 1363/2187/1811 1858/2194/1817 1353/2167/1797
f 1363/2187/1811 452/2159/1789 1366/2162/1792 1858/2194/1817
f 1858/2194/1817 1366/2162/1792 451/2166/1796 1352/2180/1806
f 1353/2167/1797 1858/2194/1817 1352/2180/1806 446/2154/1787
f 436/1368/1163 1356/2145/1778 1859/2195/1818 1329/1369/1164
f 1356/2145/1778 448/2149/1782 1357/2171/1801 1859/2195/1818
f 1859/2195/1818 1357/2171/1801 215/2173/867 886/2196/891
f 1329/1369/1164 1859/2195/1818 886/2196/891 197/1370/208
f 459/2197/1739 1405/2198/1819 1860/2199/1820 1376/2200/1740
f 1405/2198/1819 468/2201/1821 1399/2202/1822 1860/2199/1820
f 1860/2199/1820 1399/2202/1822 247/1062/895 952/1061/894
f 1376/2200/1740 1860/2199/1820 952/1061/894 231/1060/792
f 457/2203/1823 1368/2204/1824 1861/2205/1825 1371/2206/1826
f 1368/2204/1824 466/2207/1827 1393/2208/1828 1861/2205/1825
f 1861/2205/1825 1393/2208/1828 465/2209/1829 1372/2210/1830
f 1371/2206/1826 1861/2205/1825 1372/2210/1830 456/2211/1745
f 225/1074/874 911/1077/907 1862/2212/1831 1367/2213/1803
f 911/1077/907 236/1082/911 1388/2214/1832 1862/2212/1831
f 1862/2212/1831 1388/2214/1832 462/2215/1833 1375/2216/1834
f 1367/2213/1803 1862/2212/1831 1375/2216/1834 453/2217/1804
f 461/2218/1814 1378/2219/1835 1863/2220/1836 1380/2221/1837
f 1378/2219/1835 470/2222/1838 1403/2223/1839 1863/2220/1836
f 1863/2220/1836 1403/2223/1839 469/2224/1840 1381/2225/1841
f 1380/2221/1837 1863/2220/1836 1381/2225/1841 460/2226/1842
f 452/2159/1789 1359/2191/1815 1864/2227/1843 1364/2160/1790
f 1359/2191/1815 461/2190/1814 1380/2228/1837 1864/2227/1843
f 1864/2227/1843 1380/2228/1837 460/2229/1842 1386/2230/1844
f 1364/2160/1790 1864/2227/1843 1386/2230/1844 450/2163/1793
f 450/2163/1793 1386/2230/1844 1865/2231/1845 1361/2164/1794
f 1386/2230/1844 460/2229/1842 1377/2232/1846 1865/2231/1845
f 1865/2231/1845 1377/2232/1846 459/2095/1739 1385/2092/1736
f 1361/2164/1794 1865/2231/1845 1385/2092/1736 449/2091/1735
f 440/2114/1752 1343/2179/1805 1866/2233/1847 1344/2127/1763
f 1343/2179/1805 453/2178/1804 1373/2234/1848 1866/2233/1847
f 1866/2233/1847 1373/2234/1848 457/2235/1823 1387/2236/1849
f 1344/2127/1763 1866/2233/1847 1387/2236/1849 443/2128/1764
f 438/2083/1729 1382/2138/1772 1867/2237/1850 1355/2146/1779
f 1382/2138/1772 455/2137/1771 1374/2238/1851 1867/2237/1850
f 1867/2237/1850 1374/2238/1851 458/2188/1812 1348/2185/1809
f 1355/2146/1779 1867/2237/1850 1348/2185/1809 447/2147/1780
f 443/2128/1764 1387/2236/1849 1868/2239/1852 1339/2143/1776
f 1387/2236/1849 457/2235/1823 1371/2240/1826 1868/2239/1852
f 1868/2239/1852 1371/2240/1826 456/2104/1745 1384/2101/1742
f 1339/2143/1776 1868/2239/1852 1384/2101/1742 441/2100/1741
f 466/2207/1827 1395/2241/1853 1869/2242/1854 1396/2243/1855
f 1395/2241/1853 462/2215/1833 1388/2214/1832 1869/2242/1854
f 1869/2242/1854 1388/2214/1832 236/1082/911 937/1110/934
f 1396/2243/1855 1869/2242/1854 937/1110/934 243/1109/933
f 239/1111/935 1390/2244/1856 1870/2245/1857 929/1112/936
f 1390/2244/1856 464/2246/1858 1391/2247/1859 1870/2245/1857
f 1870/2245/1857 1391/2247/1859 463/2248/1860 1389/2249/1861
f 929/1112/936 1870/2245/1857 1389/2249/1861 238/1115/939
f 463/2248/1860 1392/2250/1862 1871/2251/1863 1389/2249/1861
f 1392/2250/1862 465/2209/1829 1394/2252/1864 1871/2251/1863
f 1871/2251/1863 1394/2252/1864 241/1123/947 932/1122/946
f 1389/2249/1861 1871/2251/1863 932/1122/946 238/1115/939
f 465/2209/1829 1393/2208/1828 1872/2253/1865 1394/2252/1864
f 1393/2208/1828 466/2207/1827 1396/2243/1855 1872/2253/1865
f 1872/2253/1865 1396/2243/1855 243/1109/933 934/1126/950
f 1394/2252/1864 1872/2253/1865 934/1126/950 241/1123/947
f 464/2246/1858 1390/2244/1856 1873/2254/1866 1397/2255/1867
f 1390/2244/1856 239/1111/935 940/1132/956 1873/2254/1866
f 1873/2254/1866 940/1132/956 245/1131/955 1398/2256/1868
f 1397/2255/1867 1873/2254/1866 1398/2256/1868 467/2257/1869
f 249/1133/957 944/1136/960 1874/2258/1870 1401/2259/1871
f 944/1136/960 247/1062/895 1399/2202/1822 1874/2258/1870
f 1874/2258/1870 1399/2202/1822 468/2201/1821 1400/2260/1872
f 1401/2259/1871 1874/2258/1870 1400/2260/1872 469/2224/1840
f 252/1138/962 948/1141/965 1875/2261/1873 1404/2262/1874
f 948/1141/965 249/1133/957 1401/2259/1871 1875/2261/1873
f 1875/2261/1873 1401/2259/1871 469/2224/1840 1403/2223/1839
f 1404/2262/1874 1875/2261/1873 1403/2223/1839 470/2222/1838
f 245/1131/955 950/1143/967 1876/2263/1875 1398/2256/1868
f 950/1143/967 252/1138/962 1404/2262/1874 1876/2263/1875
f 1876/2263/1875 1404/2262/1874 470/2222/1838 1402/2264/1876
f 1398/2256/1868 1876/2263/1875 1402/2264/1876 467/2257/1869
f 460/2226/1842 1381/2225/1841 1877/2265/1877 1377/2266/1846
f 1381/2225/1841 469/2224/1840 1400/2260/1872 1877/2265/1877
f 1877/2265/1877 1400/2260/1872 468/2201/1821 1405/2198/1819
f 1377/2266/1846 1877/2265/1877 1405/2198/1819 459/2197/1739
f 453/2217/1804 1375/2216/1834 1878/2267/1878 1373/2268/1848
f 1375/2216/1834 462/2215/1833 1395/2241/1853 1878/2267/1878
f 1878/2267/1878 1395/2241/1853 466/2207/1827 1368/2204/1824
f 1373/2268/1848 1878/2267/1878 1368/2204/1824 457/2203/1823
f 454/2269/1747 1407/2270/1879 1879/2271/1880 1369/2272/1770
f 1407/2270/1879 463/2248/1860 1391/2247/1859 1879/2271/1880
f 1879/2271/1880 1391/2247/1859 464/2246/1858 1406/2273/1881
f 1369/2272/1770 1879/2271/1880 1406/2273/1881 455/2274/1771
f 458/2275/1812 1408/2276/1882 1880/2277/1883 1379/2278/1813
f 1408/2276/1882 467/2257/1869 1402/2264/1876 1880/2277/1883
f 1880/2277/1883 1402/2264/1876 470/2222/1838 1378/2219/1835
f 1379/2278/1813 1880/2277/1883 1378/2219/1835 461/2218/1814
f 456/2211/1745 1372/2210/1830 1881/2279/1884 1370/2280/1746
f 1372/2210/1830 465/2209/1829 1392/2250/1862 1881/2279/1884
f 1881/2279/1884 1392/2250/1862 463/2248/1860 1407/2270/1879
f 1370/2280/1746 1881/2279/1884 1407/2270/1879 454/2269/1747
f 455/2274/1771 1406/2273/1881 1882/2281/1885 1374/2282/1851
f 1406/2273/1881 464/2246/1858 1397/2255/1867 1882/2281/1885
f 1882/2281/1885 1397/2255/1867 467/2257/1869 1408/2276/1882
f 1374/2282/1851 1882/2281/1885 1408/2276/1882 458/2275/1812
f 301/1450/1220 1409/2283/1886 1883/2284/1887 1057/1451/1221
f 1409/2283/1886 471/1447/1217 1413/1485/1250 1883/2284/1887
f 1883/2285/1887 1413/1489/1250 474/1469/1237 1071/2286/1888
f 1057/1453/1221 1883/2285/1887 1071/2286/1888 300/1454/1222
f 299/1413/1191 1411/2287/1889 1884/2288/1890 1059/1414/1192
f 1411/2287/1889 473/1477/1245 1414/1479/1247 1884/2288/1890
f 1884/2289/1890 1414/1483/1247 472/1439/1209 1069/2290/1891
f 1059/1416/1192 1884/2289/1890 1069/2290/1891 302/1417/1193
f 300/1454/1222 1071/2286/1888 1885/2291/1892 1056/1459/1227
f 1071/2286/1888 474/1469/1237 1415/1472/1240 1885/2291/1892
f 1885/2291/1892 1415/1472/1240 473/1477/1245 1411/2287/1889
f 1056/1459/1227 1885/2291/1892 1411/2287/1889 299/1413/1191
f 302/1417/1193 1069/2290/1891 1886/2292/1893 1058/1457/1225
f 1069/2290/1891 472/1439/1209 1416/1442/1212 1886/2292/1893
f 1886/2292/1893 1416/1442/1212 471/1447/1217 1409/2283/1886
f 1058/1457/1225 1886/2292/1893 1409/2283/1886 301/1450/1220
