Using pre-set license
Built from '2022.3/staging' branch; Version is '2022.3.16f1 (d2c21f0ef2f1) revision 13812255'; Using compiler version '192829333'; Build Type 'Release'
OS: 'Windows 11  (10.0.26100) 64bit Core' Language: 'es' Physical Memory: 10116 MB
BatchMode: 1, IsHumanControllingUs: 0, StartBugReporterOnCrash: 0, Is64bit: 1, IsPro: 1

COMMAND LINE ARGUMENTS:
C:\Program Files\Unity\Hub\Editor\2022.3.16f1\Editor\Unity.exe
-adb2
-batchMode
-noUpm
-name
AssetImportWorker1
-projectPath
C:/Users/User/Downloads/omar/omar
-logFile
Logs/AssetImportWorker1.log
-srvPort
54685
Successfully changed project path to: C:/Users/User/Downloads/omar/omar
C:/Users/User/Downloads/omar/omar
[UnityMemory] Configuration Parameters - Can be set up in boot.config
    "memorysetup-bucket-allocator-granularity=16"
    "memorysetup-bucket-allocator-bucket-count=8"
    "memorysetup-bucket-allocator-block-size=33554432"
    "memorysetup-bucket-allocator-block-count=8"
    "memorysetup-main-allocator-block-size=16777216"
    "memorysetup-thread-allocator-block-size=16777216"
    "memorysetup-gfx-main-allocator-block-size=16777216"
    "memorysetup-gfx-thread-allocator-block-size=16777216"
    "memorysetup-cache-allocator-block-size=4194304"
    "memorysetup-typetree-allocator-block-size=2097152"
    "memorysetup-profiler-bucket-allocator-granularity=16"
    "memorysetup-profiler-bucket-allocator-bucket-count=8"
    "memorysetup-profiler-bucket-allocator-block-size=33554432"
    "memorysetup-profiler-bucket-allocator-block-count=8"
    "memorysetup-profiler-allocator-block-size=16777216"
    "memorysetup-profiler-editor-allocator-block-size=1048576"
    "memorysetup-temp-allocator-size-main=16777216"
    "memorysetup-job-temp-allocator-block-size=2097152"
    "memorysetup-job-temp-allocator-block-size-background=1048576"
    "memorysetup-job-temp-allocator-reduction-small-platforms=262144"
    "memorysetup-allocator-temp-initial-block-size-main=262144"
    "memorysetup-allocator-temp-initial-block-size-worker=262144"
    "memorysetup-temp-allocator-size-background-worker=32768"
    "memorysetup-temp-allocator-size-job-worker=262144"
    "memorysetup-temp-allocator-size-preload-manager=33554432"
    "memorysetup-temp-allocator-size-nav-mesh-worker=65536"
    "memorysetup-temp-allocator-size-audio-worker=65536"
    "memorysetup-temp-allocator-size-cloud-worker=32768"
    "memorysetup-temp-allocator-size-gi-baking-worker=262144"
    "memorysetup-temp-allocator-size-gfx=262144"
Player connection [26492] Host "[IP] 192.168.1.68 [Port] 0 [Flags] 2 [Guid] 1341647586 [EditorId] 1341647586 [Version] 1048832 [Id] WindowsEditor(7,Portatil) [Debug] 1 [PackageName] WindowsEditor [ProjectName] Editor" joined multi-casting on [225.0.0.222:54997]...

Player connection [26492] Host "[IP] 192.168.1.68 [Port] 0 [Flags] 2 [Guid] 1341647586 [EditorId] 1341647586 [Version] 1048832 [Id] WindowsEditor(7,Portatil) [Debug] 1 [PackageName] WindowsEditor [ProjectName] Editor" joined alternative multi-casting on [225.0.0.222:34997]...

[Physics::Module] Initialized MultithreadedJobDispatcher with 3 workers.
Refreshing native plugins compatible for Editor in 172.29 ms, found 3 plugins.
Preloading 0 native plugins for Editor in 0.00 ms.
Initialize engine version: 2022.3.16f1 (d2c21f0ef2f1)
[Subsystems] Discovering subsystems at path C:/Program Files/Unity/Hub/Editor/2022.3.16f1/Editor/Data/Resources/UnitySubsystems
[Subsystems] Discovering subsystems at path C:/Users/User/Downloads/omar/omar/Assets
GfxDevice: creating device client; threaded=0; jobified=0
Direct3D:
    Version:  Direct3D 11.0 [level 11.1]
    Renderer: AMD Radeon(TM) Vega 3 Graphics (ID=0x15d8)
    Vendor:   ATI
    VRAM:     5058 MB
    Driver:   27.20.11028.10001
Initialize mono
Mono path[0] = 'C:/Program Files/Unity/Hub/Editor/2022.3.16f1/Editor/Data/Managed'
Mono path[1] = 'C:/Program Files/Unity/Hub/Editor/2022.3.16f1/Editor/Data/MonoBleedingEdge/lib/mono/unityjit-win32'
Mono config path = 'C:/Program Files/Unity/Hub/Editor/2022.3.16f1/Editor/Data/MonoBleedingEdge/etc'
Using monoOptions --debugger-agent=transport=dt_socket,embedding=1,server=y,suspend=n,address=127.0.0.1:56476
Begin MonoManager ReloadAssembly
Registering precompiled unity dll's ...
Register platform support module: C:/Program Files/Unity/Hub/Editor/2022.3.16f1/Editor/Data/PlaybackEngines/WebGLSupport/UnityEditor.WebGL.Extensions.dll
Register platform support module: C:/Program Files/Unity/Hub/Editor/2022.3.16f1/Editor/Data/PlaybackEngines/MacStandaloneSupport/UnityEditor.OSXStandalone.Extensions.dll
Register platform support module: C:/Program Files/Unity/Hub/Editor/2022.3.16f1/Editor/Data/PlaybackEngines/WindowsStandaloneSupport/UnityEditor.WindowsStandalone.Extensions.dll
Register platform support module: C:/Program Files/Unity/Hub/Editor/2022.3.16f1/Editor/Data/PlaybackEngines/LinuxStandaloneSupport/UnityEditor.LinuxStandalone.Extensions.dll
Registered in 0.189772 seconds.
- Loaded All Assemblies, in 12.473 seconds
Native extension for LinuxStandalone target not found
Native extension for WindowsStandalone target not found
Native extension for OSXStandalone target not found
Native extension for WebGL target not found
Mono: successfully reloaded assembly
- Finished resetting the current domain, in  7.705 seconds
Domain Reload Profiling: 20144ms
	BeginReloadAssembly (3430ms)
		ExecutionOrderSort (0ms)
		DisableScriptedObjects (0ms)
		BackupInstance (0ms)
		ReleaseScriptingObjects (0ms)
		CreateAndSetChildDomain (9ms)
	RebuildCommonClasses (638ms)
	RebuildNativeTypeToScriptingClass (283ms)
	initialDomainReloadingComplete (1450ms)
	LoadAllAssembliesAndSetupDomain (6629ms)
		LoadAssemblies (3408ms)
		RebuildTransferFunctionScriptingTraits (0ms)
		AnalyzeDomain (6607ms)
			TypeCache.Refresh (6595ms)
				TypeCache.ScanAssembly (6293ms)
			ScanForSourceGeneratedMonoScriptInfo (6ms)
			ResolveRequiredComponents (2ms)
	FinalizeReload (7715ms)
		ReleaseScriptCaches (0ms)
		RebuildScriptCaches (0ms)
		SetupLoadedEditorAssemblies (5817ms)
			LogAssemblyErrors (0ms)
			InitializePlatformSupportModulesInManaged (870ms)
			SetLoadedEditorAssemblies (196ms)
			RefreshPlugins (0ms)
			BeforeProcessingInitializeOnLoad (309ms)
			ProcessInitializeOnLoadAttributes (2814ms)
			ProcessInitializeOnLoadMethodAttributes (1591ms)
			AfterProcessingInitializeOnLoad (0ms)
			EditorAssembliesLoaded (38ms)
		ExecutionOrderSort2 (0ms)
		AwakeInstancesAfterBackupRestoration (0ms)
========================================================================
Worker process is ready to serve import requests
Begin MonoManager ReloadAssembly
- Loaded All Assemblies, in 28.221 seconds
Refreshing native plugins compatible for Editor in 91.39 ms, found 3 plugins.
Native extension for LinuxStandalone target not found
Native extension for WindowsStandalone target not found
Native extension for OSXStandalone target not found
Native extension for WebGL target not found
Mono: successfully reloaded assembly
- Finished resetting the current domain, in 20.015 seconds
Domain Reload Profiling: 48146ms
	BeginReloadAssembly (6244ms)
		ExecutionOrderSort (0ms)
		DisableScriptedObjects (78ms)
		BackupInstance (0ms)
		ReleaseScriptingObjects (9ms)
		CreateAndSetChildDomain (473ms)
	RebuildCommonClasses (1286ms)
	RebuildNativeTypeToScriptingClass (218ms)
	initialDomainReloadingComplete (660ms)
	LoadAllAssembliesAndSetupDomain (19716ms)
		LoadAssemblies (17749ms)
		RebuildTransferFunctionScriptingTraits (0ms)
		AnalyzeDomain (5735ms)
			TypeCache.Refresh (5237ms)
				TypeCache.ScanAssembly (4963ms)
			ScanForSourceGeneratedMonoScriptInfo (294ms)
			ResolveRequiredComponents (188ms)
	FinalizeReload (20022ms)
		ReleaseScriptCaches (0ms)
		RebuildScriptCaches (0ms)
		SetupLoadedEditorAssemblies (15324ms)
			LogAssemblyErrors (0ms)
			InitializePlatformSupportModulesInManaged (261ms)
			SetLoadedEditorAssemblies (220ms)
			RefreshPlugins (0ms)
			BeforeProcessingInitializeOnLoad (1394ms)
			ProcessInitializeOnLoadAttributes (11594ms)
			ProcessInitializeOnLoadMethodAttributes (1434ms)
			AfterProcessingInitializeOnLoad (421ms)
			EditorAssembliesLoaded (0ms)
		ExecutionOrderSort2 (0ms)
		AwakeInstancesAfterBackupRestoration (92ms)
Launched and connected shader compiler UnityShaderCompiler.exe after 1.50 seconds
Refreshing native plugins compatible for Editor in 118.32 ms, found 3 plugins.
Preloading 0 native plugins for Editor in 0.00 ms.
Unloading 5144 Unused Serialized files (Serialized files now loaded: 0)
Unloading 64 unused Assets / (350.9 KB). Loaded Objects now: 5611.
Memory consumption went from 217.6 MB to 217.2 MB.
Total: 800.866700 ms (FindLiveObjects: 116.800600 ms CreateObjectMapping: 29.838700 ms MarkObjects: 636.937300 ms  DeleteObjects: 17.286500 ms)

AssetImportParameters requested are different than current active one (requested -> active):
  custom:container-demuxer-ogg: 62fdf1f143b41e24485cea50d1cbac27 -> 
  custom:video-decoder-ogg-theora: a1e56fd34408186e4bbccfd4996cb3dc -> 
  custom:framework-win-MediaFoundation: 216162199b28c13a410421893ffa2e32 -> 
  custom:CustomObjectIndexerAttribute: 4d1d7186bcbbfe361de5f0ad951e585c -> 
  custom:container-demuxer-webm: 4f35f7cbe854078d1ac9338744f61a02 -> 
  custom:container-muxer-webm: aa71ff27fc2769a1b78a27578f13a17b -> 
  custom:video-decoder-webm-vp8: 9c59270c3fd7afecdb556c50c9e8de78 -> 
  custom:SearchIndexIgnoredProperties: e643bd26f0fe6173181afceb89e7c659 -> 
  custom:AudioImporter_EditorPlatform: d09bf68614088b80899f8185d706f6e7 -> 
  custom:video-encoder-webm-vp8: eb34c28f22e8b96e1ab97ce403110664 -> 
  custom:audio-decoder-ogg-vorbis: bf7c407c2cedff20999df2af8eb42d56 -> 
  custom:audio-encoder-webm-vorbis: bf7c407c2cedff20999df2af8eb42d56 -> 
========================================================================
Received Import Request.
  Time since last request: 171414.648238 seconds.
  path: Assets/xddd/Materials/Niraj_Hair_Dark4.jpg
  artifactKey: Guid(13a9ed7db34e1c747991f4de81947cd7) Importer(815301076,1909f56bfc062723c751e8b465ee728b)
Start importing Assets/xddd/Materials/Niraj_Hair_Dark4.jpg using Guid(13a9ed7db34e1c747991f4de81947cd7) Importer(815301076,1909f56bfc062723c751e8b465ee728b)  -> (artifact id: '1567cf1a881febe161325f9cdabaecf0') in 4.498705 seconds
Number of updated asset objects reloaded before import = 0
Number of asset objects unloaded after import = 2
========================================================================
Received Import Request.
  Time since last request: 0.000965 seconds.
  path: Assets/xddd/Materials/Niraj_Hair_Dark5.jpg
  artifactKey: Guid(dc0cd8ebf9e0fa24aa1e5f4d68809da9) Importer(815301076,1909f56bfc062723c751e8b465ee728b)
Start importing Assets/xddd/Materials/Niraj_Hair_Dark5.jpg using Guid(dc0cd8ebf9e0fa24aa1e5f4d68809da9) Importer(815301076,1909f56bfc062723c751e8b465ee728b)  -> (artifact id: 'fbd4091928478d30cee69c912ace97d4') in 0.350877 seconds
Number of updated asset objects reloaded before import = 0
Number of asset objects unloaded after import = 2
========================================================================
Received Import Request.
  Time since last request: 0.001033 seconds.
  path: Assets/xddd/Materials/Niraj_Hair_Dark1.jpg
  artifactKey: Guid(0d3009f9984c405438f218efee445ed7) Importer(815301076,1909f56bfc062723c751e8b465ee728b)
Start importing Assets/xddd/Materials/Niraj_Hair_Dark1.jpg using Guid(0d3009f9984c405438f218efee445ed7) Importer(815301076,1909f56bfc062723c751e8b465ee728b)  -> (artifact id: '0d025917cfc699e36c62d4bba06c55f2') in 0.754524 seconds
Number of updated asset objects reloaded before import = 0
Number of asset objects unloaded after import = 2
========================================================================
Received Import Request.
  Time since last request: 0.024039 seconds.
  path: Assets/xddd/Materials/Niraj_Hair_Dark10.jpg
  artifactKey: Guid(718ce3e3582f0244db89f30fa4e5f327) Importer(815301076,1909f56bfc062723c751e8b465ee728b)
Start importing Assets/xddd/Materials/Niraj_Hair_Dark10.jpg using Guid(718ce3e3582f0244db89f30fa4e5f327) Importer(815301076,1909f56bfc062723c751e8b465ee728b)  -> (artifact id: '1065ee683ff8af8b1d662539ba2e46f9') in 0.218975 seconds
Number of updated asset objects reloaded before import = 0
Number of asset objects unloaded after import = 2
========================================================================
Received Import Request.
  Time since last request: 0.001204 seconds.
  path: Assets/xddd/Materials/Metal_Corrugated_Shiny.mat
  artifactKey: Guid(6339219fe59a1a9418009ac56d5b08f1) Importer(815301076,1909f56bfc062723c751e8b465ee728b)
Start importing Assets/xddd/Materials/Metal_Corrugated_Shiny.mat using Guid(6339219fe59a1a9418009ac56d5b08f1) Importer(815301076,1909f56bfc062723c751e8b465ee728b)  -> (artifact id: '2f004d84e8cbf8fc943e41bc8bcca107') in 11.678061 seconds
Number of updated asset objects reloaded before import = 0
Number of asset objects unloaded after import = 3
========================================================================
Received Import Request.
  Time since last request: 0.028693 seconds.
  path: Assets/xddd/Materials/Niraj_Hair_Dark11.jpg
  artifactKey: Guid(5a72d00b7d0b6094e9bdfe8ecacd0bd1) Importer(815301076,1909f56bfc062723c751e8b465ee728b)
Start importing Assets/xddd/Materials/Niraj_Hair_Dark11.jpg using Guid(5a72d00b7d0b6094e9bdfe8ecacd0bd1) Importer(815301076,1909f56bfc062723c751e8b465ee728b)  -> (artifact id: '0861f7999d3f81776264575629045dfb') in 0.337794 seconds
Number of updated asset objects reloaded before import = 0
Number of asset objects unloaded after import = 2
========================================================================
Received Import Request.
  Time since last request: 0.001062 seconds.
  path: Assets/xddd/Materials/New Material 3.mat
  artifactKey: Guid(461aba3995a5d1b4bafba4f32811fd7f) Importer(815301076,1909f56bfc062723c751e8b465ee728b)
Start importing Assets/xddd/Materials/New Material 3.mat using Guid(461aba3995a5d1b4bafba4f32811fd7f) Importer(815301076,1909f56bfc062723c751e8b465ee728b)  -> (artifact id: 'effb3d6a2ea9a39c33c21a46d8f53ff3') in 0.221111 seconds
Number of updated asset objects reloaded before import = 0
Number of asset objects unloaded after import = 3
========================================================================
Received Import Request.
  Time since last request: 0.000820 seconds.
  path: Assets/xddd/Materials/New Material 2.mat
  artifactKey: Guid(88c53546beae7794d87e75de9eafdfd7) Importer(815301076,1909f56bfc062723c751e8b465ee728b)
Start importing Assets/xddd/Materials/New Material 2.mat using Guid(88c53546beae7794d87e75de9eafdfd7) Importer(815301076,1909f56bfc062723c751e8b465ee728b)  -> (artifact id: 'f750c0661b0266b188f2ea56f6c62e58') in 0.118887 seconds
Number of updated asset objects reloaded before import = 0
Number of asset objects unloaded after import = 3
========================================================================
Received Import Request.
  Time since last request: 0.001447 seconds.
  path: Assets/xddd/Materials/Niraj_Hair_Dark9.jpg
  artifactKey: Guid(88eeebf0981f2024f8695891f6022c2c) Importer(815301076,1909f56bfc062723c751e8b465ee728b)
Start importing Assets/xddd/Materials/Niraj_Hair_Dark9.jpg using Guid(88eeebf0981f2024f8695891f6022c2c) Importer(815301076,1909f56bfc062723c751e8b465ee728b)  -> (artifact id: '33b20c889c61c5e5bfdc7115a29be2f8') in 0.191699 seconds
Number of updated asset objects reloaded before import = 0
Number of asset objects unloaded after import = 2
========================================================================
Received Import Request.
  Time since last request: 0.054576 seconds.
  path: Assets/xddd/Materials/Metal_Rough.jpg
  artifactKey: Guid(ec38bccb1257dde4893c3626cdd9210d) Importer(815301076,1909f56bfc062723c751e8b465ee728b)
Start importing Assets/xddd/Materials/Metal_Rough.jpg using Guid(ec38bccb1257dde4893c3626cdd9210d) Importer(815301076,1909f56bfc062723c751e8b465ee728b)  -> (artifact id: '903e5ee3188ea6d7079cded7231e882b') in 0.324110 seconds
Number of updated asset objects reloaded before import = 0
Number of asset objects unloaded after import = 2
========================================================================
Received Import Request.
  Time since last request: 0.000102 seconds.
  path: Assets/xddd/Materials/Niraj_Hair_Dark7.jpg
  artifactKey: Guid(c348888c8d8824c40a39d4db5bf1f036) Importer(815301076,1909f56bfc062723c751e8b465ee728b)
Start importing Assets/xddd/Materials/Niraj_Hair_Dark7.jpg using Guid(c348888c8d8824c40a39d4db5bf1f036) Importer(815301076,1909f56bfc062723c751e8b465ee728b)  -> (artifact id: 'c12bc93c7890eb346b7780ae8702faca') in 0.157161 seconds
Number of updated asset objects reloaded before import = 0
Number of asset objects unloaded after import = 2
========================================================================
Received Import Request.
  Time since last request: 0.003372 seconds.
  path: Assets/xddd/Materials/Niraj_Hair_Dark16.jpg
  artifactKey: Guid(1e9adbadfe061354c867a03739c215ad) Importer(815301076,1909f56bfc062723c751e8b465ee728b)
Start importing Assets/xddd/Materials/Niraj_Hair_Dark16.jpg using Guid(1e9adbadfe061354c867a03739c215ad) Importer(815301076,1909f56bfc062723c751e8b465ee728b)  -> (artifact id: '4e3e90c451732d6496b763a2b44b401e') in 0.164286 seconds
Number of updated asset objects reloaded before import = 0
Number of asset objects unloaded after import = 2
========================================================================
Received Import Request.
  Time since last request: 0.000507 seconds.
  path: Assets/xddd/Materials/Hendidor_Material.001_Roughness.1001.png
  artifactKey: Guid(7037748f2aae4ab45a03f097eddc8c7c) Importer(815301076,1909f56bfc062723c751e8b465ee728b)
Start importing Assets/xddd/Materials/Hendidor_Material.001_Roughness.1001.png using Guid(7037748f2aae4ab45a03f097eddc8c7c) Importer(815301076,1909f56bfc062723c751e8b465ee728b)  -> (artifact id: '6bd9090196d7aba238d51dc4036117ca') in 0.247438 seconds
Number of updated asset objects reloaded before import = 0
Number of asset objects unloaded after import = 2
========================================================================
Received Import Request.
  Time since last request: 0.001904 seconds.
  path: Assets/xddd/Materials/Hendidor_Material.001_Specular.1001.png
  artifactKey: Guid(1bc73786f60443c41818153c370c7f09) Importer(815301076,1909f56bfc062723c751e8b465ee728b)
Start importing Assets/xddd/Materials/Hendidor_Material.001_Specular.1001.png using Guid(1bc73786f60443c41818153c370c7f09) Importer(815301076,1909f56bfc062723c751e8b465ee728b)  -> (artifact id: 'd051ed509b0f0b23ee53bf66c3a25369') in 0.269149 seconds
Number of updated asset objects reloaded before import = 0
Number of asset objects unloaded after import = 2
========================================================================
Received Import Request.
  Time since last request: 0.000364 seconds.
  path: Assets/xddd/Materials/Metal_Corrugated_Shiny.jpg
  artifactKey: Guid(fd742d93ba286404589322a455083cbb) Importer(815301076,1909f56bfc062723c751e8b465ee728b)
Start importing Assets/xddd/Materials/Metal_Corrugated_Shiny.jpg using Guid(fd742d93ba286404589322a455083cbb) Importer(815301076,1909f56bfc062723c751e8b465ee728b)  -> (artifact id: '5d0342100aa5a04114c8b864e0a32b6e') in 1.274650 seconds
Number of updated asset objects reloaded before import = 0
Number of asset objects unloaded after import = 2
========================================================================
Received Import Request.
  Time since last request: 0.003641 seconds.
  path: Assets/xddd/Materials/Niraj_Hair_Dark18.jpg
  artifactKey: Guid(54cc594d4f26cfb44862b0c9029206cb) Importer(815301076,1909f56bfc062723c751e8b465ee728b)
Start importing Assets/xddd/Materials/Niraj_Hair_Dark18.jpg using Guid(54cc594d4f26cfb44862b0c9029206cb) Importer(815301076,1909f56bfc062723c751e8b465ee728b)  -> (artifact id: '23addc0ed7ab7e78891dadabe914dcab') in 0.211659 seconds
Number of updated asset objects reloaded before import = 0
Number of asset objects unloaded after import = 2
========================================================================
Received Import Request.
  Time since last request: 720.649522 seconds.
  path: Assets/New Material 1.mat
  artifactKey: Guid(d336cefe692759943afe0235af982d0b) Importer(815301076,1909f56bfc062723c751e8b465ee728b)
Start importing Assets/New Material 1.mat using Guid(d336cefe692759943afe0235af982d0b) Importer(815301076,1909f56bfc062723c751e8b465ee728b)  -> (artifact id: '1cb9a7a9d0cf3ad444ad6bc6e0c5fe92') in 1.320148 seconds
Number of updated asset objects reloaded before import = 0
Number of asset objects unloaded after import = 2
========================================================================
Received Prepare
Begin MonoManager ReloadAssembly
- Loaded All Assemblies, in 30.080 seconds
Refreshing native plugins compatible for Editor in 122.03 ms, found 3 plugins.
Native extension for LinuxStandalone target not found
Native extension for WindowsStandalone target not found
Native extension for OSXStandalone target not found
Native extension for WebGL target not found
Mono: successfully reloaded assembly
- Finished resetting the current domain, in 14.713 seconds
Domain Reload Profiling: 44667ms
	BeginReloadAssembly (12491ms)
		ExecutionOrderSort (0ms)
		DisableScriptedObjects (296ms)
		BackupInstance (0ms)
		ReleaseScriptingObjects (2ms)
		CreateAndSetChildDomain (4800ms)
	RebuildCommonClasses (3860ms)
	RebuildNativeTypeToScriptingClass (983ms)
	initialDomainReloadingComplete (4336ms)
	LoadAllAssembliesAndSetupDomain (8282ms)
		LoadAssemblies (14137ms)
		RebuildTransferFunctionScriptingTraits (0ms)
		AnalyzeDomain (1080ms)
			TypeCache.Refresh (63ms)
				TypeCache.ScanAssembly (10ms)
			ScanForSourceGeneratedMonoScriptInfo (739ms)
			ResolveRequiredComponents (264ms)
	FinalizeReload (14715ms)
		ReleaseScriptCaches (0ms)
		RebuildScriptCaches (0ms)
		SetupLoadedEditorAssemblies (3315ms)
			LogAssemblyErrors (0ms)
			InitializePlatformSupportModulesInManaged (64ms)
			SetLoadedEditorAssemblies (17ms)
			RefreshPlugins (0ms)
			BeforeProcessingInitializeOnLoad (312ms)
			ProcessInitializeOnLoadAttributes (2588ms)
			ProcessInitializeOnLoadMethodAttributes (292ms)
			AfterProcessingInitializeOnLoad (42ms)
			EditorAssembliesLoaded (1ms)
		ExecutionOrderSort2 (0ms)
		AwakeInstancesAfterBackupRestoration (106ms)
Script is not up to date after domain reload: guid(69bbb35dcc94c114bad57dcb2050e854) path("Assets/xddf.cs") state(2)
Refreshing native plugins compatible for Editor in 281.42 ms, found 3 plugins.
Preloading 0 native plugins for Editor in 0.00 ms.
Unloading 4983 Unused Serialized files (Serialized files now loaded: 0)
Unloading 40 unused Assets / (368.0 KB). Loaded Objects now: 5699.
Memory consumption went from 199.5 MB to 199.1 MB.
Total: 34.102500 ms (FindLiveObjects: 0.886500 ms CreateObjectMapping: 1.787400 ms MarkObjects: 31.025100 ms  DeleteObjects: 0.401300 ms)

Prepare: number of updated asset objects reloaded= 0
AssetImportParameters requested are different than current active one (requested -> active):
  custom:container-demuxer-ogg: 62fdf1f143b41e24485cea50d1cbac27 -> 
  custom:video-decoder-ogg-theora: a1e56fd34408186e4bbccfd4996cb3dc -> 
  custom:scripting/monoscript/fileName/xddf.cs: 3ab38638f8f73528961d1b0ef9c73fdb -> dd0abf560dd0a8c9de8edc5af66b6c59
  custom:framework-win-MediaFoundation: 216162199b28c13a410421893ffa2e32 -> 
  custom:CustomObjectIndexerAttribute: 4d1d7186bcbbfe361de5f0ad951e585c -> 
  custom:container-demuxer-webm: 4f35f7cbe854078d1ac9338744f61a02 -> 
  custom:container-muxer-webm: aa71ff27fc2769a1b78a27578f13a17b -> 
  custom:video-decoder-webm-vp8: 9c59270c3fd7afecdb556c50c9e8de78 -> 
  custom:SearchIndexIgnoredProperties: e643bd26f0fe6173181afceb89e7c659 -> 
  custom:AudioImporter_EditorPlatform: d09bf68614088b80899f8185d706f6e7 -> 
  custom:video-encoder-webm-vp8: eb34c28f22e8b96e1ab97ce403110664 -> 
  custom:audio-decoder-ogg-vorbis: bf7c407c2cedff20999df2af8eb42d56 -> 
  custom:audio-encoder-webm-vorbis: bf7c407c2cedff20999df2af8eb42d56 -> 
  custom:scripting/precompiled-assembly-types:Assembly-CSharp: f8ae437fcbeb3286a24bcbf3d443f0d3 -> f5855b41ccda8c0aaf6ddf98e0a6340c
========================================================================
Received Prepare
Begin MonoManager ReloadAssembly
- Loaded All Assemblies, in  2.839 seconds
Refreshing native plugins compatible for Editor in 38.76 ms, found 3 plugins.
Native extension for LinuxStandalone target not found
Native extension for WindowsStandalone target not found
Native extension for OSXStandalone target not found
Native extension for WebGL target not found
Mono: successfully reloaded assembly
- Finished resetting the current domain, in  8.628 seconds
Domain Reload Profiling: 11434ms
	BeginReloadAssembly (914ms)
		ExecutionOrderSort (0ms)
		DisableScriptedObjects (17ms)
		BackupInstance (0ms)
		ReleaseScriptingObjects (0ms)
		CreateAndSetChildDomain (205ms)
	RebuildCommonClasses (189ms)
	RebuildNativeTypeToScriptingClass (88ms)
	initialDomainReloadingComplete (158ms)
	LoadAllAssembliesAndSetupDomain (1456ms)
		LoadAssemblies (1928ms)
		RebuildTransferFunctionScriptingTraits (0ms)
		AnalyzeDomain (105ms)
			TypeCache.Refresh (27ms)
				TypeCache.ScanAssembly (0ms)
			ScanForSourceGeneratedMonoScriptInfo (0ms)
			ResolveRequiredComponents (73ms)
	FinalizeReload (8629ms)
		ReleaseScriptCaches (0ms)
		RebuildScriptCaches (0ms)
		SetupLoadedEditorAssemblies (3337ms)
			LogAssemblyErrors (0ms)
			InitializePlatformSupportModulesInManaged (88ms)
			SetLoadedEditorAssemblies (36ms)
			RefreshPlugins (0ms)
			BeforeProcessingInitializeOnLoad (372ms)
			ProcessInitializeOnLoadAttributes (2475ms)
			ProcessInitializeOnLoadMethodAttributes (319ms)
			AfterProcessingInitializeOnLoad (46ms)
			EditorAssembliesLoaded (2ms)
		ExecutionOrderSort2 (0ms)
		AwakeInstancesAfterBackupRestoration (59ms)
Refreshing native plugins compatible for Editor in 40.07 ms, found 3 plugins.
Preloading 0 native plugins for Editor in 0.00 ms.
Unloading 4984 Unused Serialized files (Serialized files now loaded: 0)
Unloading 40 unused Assets / (367.8 KB). Loaded Objects now: 5704.
Memory consumption went from 201.3 MB to 201.0 MB.
Total: 11.209800 ms (FindLiveObjects: 1.261800 ms CreateObjectMapping: 0.884100 ms MarkObjects: 8.538000 ms  DeleteObjects: 0.523900 ms)

Prepare: number of updated asset objects reloaded= 0
AssetImportParameters requested are different than current active one (requested -> active):
  custom:container-demuxer-ogg: 62fdf1f143b41e24485cea50d1cbac27 -> 
  custom:video-decoder-ogg-theora: a1e56fd34408186e4bbccfd4996cb3dc -> 
  custom:framework-win-MediaFoundation: 216162199b28c13a410421893ffa2e32 -> 
  custom:CustomObjectIndexerAttribute: 4d1d7186bcbbfe361de5f0ad951e585c -> 
  custom:container-demuxer-webm: 4f35f7cbe854078d1ac9338744f61a02 -> 
  custom:container-muxer-webm: aa71ff27fc2769a1b78a27578f13a17b -> 
  custom:video-decoder-webm-vp8: 9c59270c3fd7afecdb556c50c9e8de78 -> 
  custom:SearchIndexIgnoredProperties: e643bd26f0fe6173181afceb89e7c659 -> 
  custom:AudioImporter_EditorPlatform: d09bf68614088b80899f8185d706f6e7 -> 
  custom:video-encoder-webm-vp8: eb34c28f22e8b96e1ab97ce403110664 -> 
  custom:audio-decoder-ogg-vorbis: bf7c407c2cedff20999df2af8eb42d56 -> 
  custom:audio-encoder-webm-vorbis: bf7c407c2cedff20999df2af8eb42d56 -> 
========================================================================
Received Prepare
Begin MonoManager ReloadAssembly
- Loaded All Assemblies, in 10.608 seconds
Refreshing native plugins compatible for Editor in 77.90 ms, found 3 plugins.
Native extension for LinuxStandalone target not found
Native extension for WindowsStandalone target not found
Native extension for OSXStandalone target not found
Native extension for WebGL target not found
Mono: successfully reloaded assembly
- Finished resetting the current domain, in 10.851 seconds
Domain Reload Profiling: 21426ms
	BeginReloadAssembly (5505ms)
		ExecutionOrderSort (0ms)
		DisableScriptedObjects (37ms)
		BackupInstance (0ms)
		ReleaseScriptingObjects (0ms)
		CreateAndSetChildDomain (307ms)
	RebuildCommonClasses (493ms)
	RebuildNativeTypeToScriptingClass (98ms)
	initialDomainReloadingComplete (381ms)
	LoadAllAssembliesAndSetupDomain (4094ms)
		LoadAssemblies (8815ms)
		RebuildTransferFunctionScriptingTraits (0ms)
		AnalyzeDomain (241ms)
			TypeCache.Refresh (91ms)
				TypeCache.ScanAssembly (0ms)
			ScanForSourceGeneratedMonoScriptInfo (1ms)
			ResolveRequiredComponents (140ms)
	FinalizeReload (10854ms)
		ReleaseScriptCaches (0ms)
		RebuildScriptCaches (0ms)
		SetupLoadedEditorAssemblies (3849ms)
			LogAssemblyErrors (0ms)
			InitializePlatformSupportModulesInManaged (100ms)
			SetLoadedEditorAssemblies (20ms)
			RefreshPlugins (0ms)
			BeforeProcessingInitializeOnLoad (434ms)
			ProcessInitializeOnLoadAttributes (2894ms)
			ProcessInitializeOnLoadMethodAttributes (363ms)
			AfterProcessingInitializeOnLoad (37ms)
			EditorAssembliesLoaded (0ms)
		ExecutionOrderSort2 (0ms)
		AwakeInstancesAfterBackupRestoration (84ms)
Refreshing native plugins compatible for Editor in 395.93 ms, found 3 plugins.
Preloading 0 native plugins for Editor in 0.00 ms.
Unloading 4984 Unused Serialized files (Serialized files now loaded: 0)
Unloading 40 unused Assets / (367.7 KB). Loaded Objects now: 5708.
Memory consumption went from 203.3 MB to 202.9 MB.
Total: 33.186400 ms (FindLiveObjects: 6.981700 ms CreateObjectMapping: 0.949000 ms MarkObjects: 24.599500 ms  DeleteObjects: 0.653700 ms)

Prepare: number of updated asset objects reloaded= 0
AssetImportParameters requested are different than current active one (requested -> active):
  custom:container-demuxer-ogg: 62fdf1f143b41e24485cea50d1cbac27 -> 
  custom:video-decoder-ogg-theora: a1e56fd34408186e4bbccfd4996cb3dc -> 
  custom:framework-win-MediaFoundation: 216162199b28c13a410421893ffa2e32 -> 
  custom:CustomObjectIndexerAttribute: 4d1d7186bcbbfe361de5f0ad951e585c -> 
  custom:container-demuxer-webm: 4f35f7cbe854078d1ac9338744f61a02 -> 
  custom:container-muxer-webm: aa71ff27fc2769a1b78a27578f13a17b -> 
  custom:video-decoder-webm-vp8: 9c59270c3fd7afecdb556c50c9e8de78 -> 
  custom:SearchIndexIgnoredProperties: e643bd26f0fe6173181afceb89e7c659 -> 
  custom:AudioImporter_EditorPlatform: d09bf68614088b80899f8185d706f6e7 -> 
  custom:video-encoder-webm-vp8: eb34c28f22e8b96e1ab97ce403110664 -> 
  custom:audio-decoder-ogg-vorbis: bf7c407c2cedff20999df2af8eb42d56 -> 
  custom:audio-encoder-webm-vorbis: bf7c407c2cedff20999df2af8eb42d56 -> 
========================================================================
Received Prepare
Begin MonoManager ReloadAssembly
- Loaded All Assemblies, in  6.900 seconds
Refreshing native plugins compatible for Editor in 212.15 ms, found 3 plugins.
Native extension for LinuxStandalone target not found
Native extension for WindowsStandalone target not found
Native extension for OSXStandalone target not found
Native extension for WebGL target not found
Mono: successfully reloaded assembly
- Finished resetting the current domain, in 16.114 seconds
Domain Reload Profiling: 22964ms
	BeginReloadAssembly (1160ms)
		ExecutionOrderSort (0ms)
		DisableScriptedObjects (21ms)
		BackupInstance (0ms)
		ReleaseScriptingObjects (0ms)
		CreateAndSetChildDomain (279ms)
	RebuildCommonClasses (225ms)
	RebuildNativeTypeToScriptingClass (153ms)
	initialDomainReloadingComplete (335ms)
	LoadAllAssembliesAndSetupDomain (4976ms)
		LoadAssemblies (5411ms)
		RebuildTransferFunctionScriptingTraits (0ms)
		AnalyzeDomain (263ms)
			TypeCache.Refresh (40ms)
				TypeCache.ScanAssembly (0ms)
			ScanForSourceGeneratedMonoScriptInfo (3ms)
			ResolveRequiredComponents (192ms)
	FinalizeReload (16116ms)
		ReleaseScriptCaches (0ms)
		RebuildScriptCaches (0ms)
		SetupLoadedEditorAssemblies (3384ms)
			LogAssemblyErrors (0ms)
			InitializePlatformSupportModulesInManaged (74ms)
			SetLoadedEditorAssemblies (14ms)
			RefreshPlugins (0ms)
			BeforeProcessingInitializeOnLoad (395ms)
			ProcessInitializeOnLoadAttributes (2560ms)
			ProcessInitializeOnLoadMethodAttributes (252ms)
			AfterProcessingInitializeOnLoad (88ms)
			EditorAssembliesLoaded (0ms)
		ExecutionOrderSort2 (0ms)
		AwakeInstancesAfterBackupRestoration (140ms)
Refreshing native plugins compatible for Editor in 29.91 ms, found 3 plugins.
Preloading 0 native plugins for Editor in 0.00 ms.
Unloading 4984 Unused Serialized files (Serialized files now loaded: 0)
Unloading 40 unused Assets / (369.5 KB). Loaded Objects now: 5712.
Memory consumption went from 205.2 MB to 204.8 MB.
Total: 18.503300 ms (FindLiveObjects: 2.249100 ms CreateObjectMapping: 3.793200 ms MarkObjects: 11.889700 ms  DeleteObjects: 0.568600 ms)

Prepare: number of updated asset objects reloaded= 0
AssetImportParameters requested are different than current active one (requested -> active):
  custom:container-demuxer-ogg: 62fdf1f143b41e24485cea50d1cbac27 -> 
  custom:video-decoder-ogg-theora: a1e56fd34408186e4bbccfd4996cb3dc -> 
  custom:framework-win-MediaFoundation: 216162199b28c13a410421893ffa2e32 -> 
  custom:CustomObjectIndexerAttribute: 4d1d7186bcbbfe361de5f0ad951e585c -> 
  custom:container-demuxer-webm: 4f35f7cbe854078d1ac9338744f61a02 -> 
  custom:container-muxer-webm: aa71ff27fc2769a1b78a27578f13a17b -> 
  custom:video-decoder-webm-vp8: 9c59270c3fd7afecdb556c50c9e8de78 -> 
  custom:SearchIndexIgnoredProperties: e643bd26f0fe6173181afceb89e7c659 -> 
  custom:AudioImporter_EditorPlatform: d09bf68614088b80899f8185d706f6e7 -> 
  custom:video-encoder-webm-vp8: eb34c28f22e8b96e1ab97ce403110664 -> 
  custom:audio-decoder-ogg-vorbis: bf7c407c2cedff20999df2af8eb42d56 -> 
  custom:audio-encoder-webm-vorbis: bf7c407c2cedff20999df2af8eb42d56 -> 
========================================================================
Received Prepare
Begin MonoManager ReloadAssembly
- Loaded All Assemblies, in  7.700 seconds
Refreshing native plugins compatible for Editor in 132.10 ms, found 3 plugins.
Native extension for LinuxStandalone target not found
Native extension for WindowsStandalone target not found
Native extension for OSXStandalone target not found
Native extension for WebGL target not found
Mono: successfully reloaded assembly
- Finished resetting the current domain, in 14.265 seconds
Domain Reload Profiling: 21932ms
	BeginReloadAssembly (974ms)
		ExecutionOrderSort (0ms)
		DisableScriptedObjects (21ms)
		BackupInstance (0ms)
		ReleaseScriptingObjects (0ms)
		CreateAndSetChildDomain (242ms)
	RebuildCommonClasses (981ms)
	RebuildNativeTypeToScriptingClass (101ms)
	initialDomainReloadingComplete (315ms)
	LoadAllAssembliesAndSetupDomain (5285ms)
		LoadAssemblies (4480ms)
		RebuildTransferFunctionScriptingTraits (0ms)
		AnalyzeDomain (1334ms)
			TypeCache.Refresh (74ms)
				TypeCache.ScanAssembly (0ms)
			ScanForSourceGeneratedMonoScriptInfo (2ms)
			ResolveRequiredComponents (1246ms)
	FinalizeReload (14276ms)
		ReleaseScriptCaches (0ms)
		RebuildScriptCaches (0ms)
		SetupLoadedEditorAssemblies (4161ms)
			LogAssemblyErrors (0ms)
			InitializePlatformSupportModulesInManaged (76ms)
			SetLoadedEditorAssemblies (18ms)
			RefreshPlugins (0ms)
			BeforeProcessingInitializeOnLoad (1033ms)
			ProcessInitializeOnLoadAttributes (2715ms)
			ProcessInitializeOnLoadMethodAttributes (278ms)
			AfterProcessingInitializeOnLoad (41ms)
			EditorAssembliesLoaded (1ms)
		ExecutionOrderSort2 (0ms)
		AwakeInstancesAfterBackupRestoration (151ms)
Refreshing native plugins compatible for Editor in 25.86 ms, found 3 plugins.
Preloading 0 native plugins for Editor in 0.00 ms.
Unloading 4984 Unused Serialized files (Serialized files now loaded: 0)
Unloading 40 unused Assets / (367.9 KB). Loaded Objects now: 5716.
Memory consumption went from 207.1 MB to 206.8 MB.
Total: 11.300400 ms (FindLiveObjects: 0.682500 ms CreateObjectMapping: 0.868900 ms MarkObjects: 9.307900 ms  DeleteObjects: 0.439300 ms)

Prepare: number of updated asset objects reloaded= 0
AssetImportParameters requested are different than current active one (requested -> active):
  custom:container-demuxer-ogg: 62fdf1f143b41e24485cea50d1cbac27 -> 
  custom:video-decoder-ogg-theora: a1e56fd34408186e4bbccfd4996cb3dc -> 
  custom:framework-win-MediaFoundation: 216162199b28c13a410421893ffa2e32 -> 
  custom:CustomObjectIndexerAttribute: 4d1d7186bcbbfe361de5f0ad951e585c -> 
  custom:container-demuxer-webm: 4f35f7cbe854078d1ac9338744f61a02 -> 
  custom:container-muxer-webm: aa71ff27fc2769a1b78a27578f13a17b -> 
  custom:video-decoder-webm-vp8: 9c59270c3fd7afecdb556c50c9e8de78 -> 
  custom:SearchIndexIgnoredProperties: e643bd26f0fe6173181afceb89e7c659 -> 
  custom:AudioImporter_EditorPlatform: d09bf68614088b80899f8185d706f6e7 -> 
  custom:video-encoder-webm-vp8: eb34c28f22e8b96e1ab97ce403110664 -> 
  custom:audio-decoder-ogg-vorbis: bf7c407c2cedff20999df2af8eb42d56 -> 
  custom:audio-encoder-webm-vorbis: bf7c407c2cedff20999df2af8eb42d56 -> 
========================================================================
Received Prepare
Begin MonoManager ReloadAssembly
- Loaded All Assemblies, in  6.211 seconds
Refreshing native plugins compatible for Editor in 24.58 ms, found 3 plugins.
Native extension for LinuxStandalone target not found
Native extension for WindowsStandalone target not found
Native extension for OSXStandalone target not found
Native extension for WebGL target not found
Mono: successfully reloaded assembly
- Finished resetting the current domain, in  9.978 seconds
Domain Reload Profiling: 16130ms
	BeginReloadAssembly (3608ms)
		ExecutionOrderSort (0ms)
		DisableScriptedObjects (68ms)
		BackupInstance (0ms)
		ReleaseScriptingObjects (0ms)
		CreateAndSetChildDomain (621ms)
	RebuildCommonClasses (319ms)
	RebuildNativeTypeToScriptingClass (65ms)
	initialDomainReloadingComplete (179ms)
	LoadAllAssembliesAndSetupDomain (1979ms)
		LoadAssemblies (4352ms)
		RebuildTransferFunctionScriptingTraits (0ms)
		AnalyzeDomain (178ms)
			TypeCache.Refresh (47ms)
				TypeCache.ScanAssembly (0ms)
			ScanForSourceGeneratedMonoScriptInfo (1ms)
			ResolveRequiredComponents (124ms)
	FinalizeReload (9980ms)
		ReleaseScriptCaches (0ms)
		RebuildScriptCaches (0ms)
		SetupLoadedEditorAssemblies (3720ms)
			LogAssemblyErrors (0ms)
			InitializePlatformSupportModulesInManaged (137ms)
			SetLoadedEditorAssemblies (16ms)
			RefreshPlugins (0ms)
			BeforeProcessingInitializeOnLoad (1192ms)
			ProcessInitializeOnLoadAttributes (1900ms)
			ProcessInitializeOnLoadMethodAttributes (436ms)
			AfterProcessingInitializeOnLoad (38ms)
			EditorAssembliesLoaded (1ms)
		ExecutionOrderSort2 (0ms)
		AwakeInstancesAfterBackupRestoration (114ms)
Refreshing native plugins compatible for Editor in 27.26 ms, found 3 plugins.
Preloading 0 native plugins for Editor in 0.00 ms.
Unloading 4984 Unused Serialized files (Serialized files now loaded: 0)
Unloading 40 unused Assets / (367.9 KB). Loaded Objects now: 5720.
Memory consumption went from 209.0 MB to 208.7 MB.
Total: 51.181100 ms (FindLiveObjects: 0.823800 ms CreateObjectMapping: 0.675500 ms MarkObjects: 48.762000 ms  DeleteObjects: 0.917700 ms)

Prepare: number of updated asset objects reloaded= 0
AssetImportParameters requested are different than current active one (requested -> active):
  custom:container-demuxer-ogg: 62fdf1f143b41e24485cea50d1cbac27 -> 
  custom:video-decoder-ogg-theora: a1e56fd34408186e4bbccfd4996cb3dc -> 
  custom:framework-win-MediaFoundation: 216162199b28c13a410421893ffa2e32 -> 
  custom:CustomObjectIndexerAttribute: 4d1d7186bcbbfe361de5f0ad951e585c -> 
  custom:container-demuxer-webm: 4f35f7cbe854078d1ac9338744f61a02 -> 
  custom:container-muxer-webm: aa71ff27fc2769a1b78a27578f13a17b -> 
  custom:video-decoder-webm-vp8: 9c59270c3fd7afecdb556c50c9e8de78 -> 
  custom:SearchIndexIgnoredProperties: e643bd26f0fe6173181afceb89e7c659 -> 
  custom:AudioImporter_EditorPlatform: d09bf68614088b80899f8185d706f6e7 -> 
  custom:video-encoder-webm-vp8: eb34c28f22e8b96e1ab97ce403110664 -> 
  custom:audio-decoder-ogg-vorbis: bf7c407c2cedff20999df2af8eb42d56 -> 
  custom:audio-encoder-webm-vorbis: bf7c407c2cedff20999df2af8eb42d56 -> 
========================================================================
Received Prepare
Begin MonoManager ReloadAssembly
- Loaded All Assemblies, in 11.134 seconds
Refreshing native plugins compatible for Editor in 64.56 ms, found 3 plugins.
Native extension for LinuxStandalone target not found
Native extension for WindowsStandalone target not found
Native extension for OSXStandalone target not found
Native extension for WebGL target not found
Mono: successfully reloaded assembly
- Finished resetting the current domain, in 11.716 seconds
Domain Reload Profiling: 22673ms
	BeginReloadAssembly (3470ms)
		ExecutionOrderSort (0ms)
		DisableScriptedObjects (21ms)
		BackupInstance (0ms)
		ReleaseScriptingObjects (0ms)
		CreateAndSetChildDomain (440ms)
	RebuildCommonClasses (419ms)
	RebuildNativeTypeToScriptingClass (209ms)
	initialDomainReloadingComplete (599ms)
	LoadAllAssembliesAndSetupDomain (6258ms)
		LoadAssemblies (8280ms)
		RebuildTransferFunctionScriptingTraits (0ms)
		AnalyzeDomain (645ms)
			TypeCache.Refresh (51ms)
				TypeCache.ScanAssembly (0ms)
			ScanForSourceGeneratedMonoScriptInfo (13ms)
			ResolveRequiredComponents (563ms)
	FinalizeReload (11717ms)
		ReleaseScriptCaches (0ms)
		RebuildScriptCaches (0ms)
		SetupLoadedEditorAssemblies (5071ms)
			LogAssemblyErrors (0ms)
			InitializePlatformSupportModulesInManaged (107ms)
			SetLoadedEditorAssemblies (9ms)
			RefreshPlugins (0ms)
			BeforeProcessingInitializeOnLoad (2512ms)
			ProcessInitializeOnLoadAttributes (2103ms)
			ProcessInitializeOnLoadMethodAttributes (297ms)
			AfterProcessingInitializeOnLoad (43ms)
			EditorAssembliesLoaded (0ms)
		ExecutionOrderSort2 (0ms)
		AwakeInstancesAfterBackupRestoration (82ms)
Refreshing native plugins compatible for Editor in 61.84 ms, found 3 plugins.
Preloading 0 native plugins for Editor in 0.00 ms.
Unloading 4984 Unused Serialized files (Serialized files now loaded: 0)
Unloading 40 unused Assets / (367.5 KB). Loaded Objects now: 5724.
Memory consumption went from 211.0 MB to 210.6 MB.
Total: 10.500700 ms (FindLiveObjects: 0.918300 ms CreateObjectMapping: 1.327500 ms MarkObjects: 7.317800 ms  DeleteObjects: 0.934900 ms)

Prepare: number of updated asset objects reloaded= 0
AssetImportParameters requested are different than current active one (requested -> active):
  custom:container-demuxer-ogg: 62fdf1f143b41e24485cea50d1cbac27 -> 
  custom:video-decoder-ogg-theora: a1e56fd34408186e4bbccfd4996cb3dc -> 
  custom:framework-win-MediaFoundation: 216162199b28c13a410421893ffa2e32 -> 
  custom:CustomObjectIndexerAttribute: 4d1d7186bcbbfe361de5f0ad951e585c -> 
  custom:container-demuxer-webm: 4f35f7cbe854078d1ac9338744f61a02 -> 
  custom:container-muxer-webm: aa71ff27fc2769a1b78a27578f13a17b -> 
  custom:video-decoder-webm-vp8: 9c59270c3fd7afecdb556c50c9e8de78 -> 
  custom:SearchIndexIgnoredProperties: e643bd26f0fe6173181afceb89e7c659 -> 
  custom:AudioImporter_EditorPlatform: d09bf68614088b80899f8185d706f6e7 -> 
  custom:video-encoder-webm-vp8: eb34c28f22e8b96e1ab97ce403110664 -> 
  custom:audio-decoder-ogg-vorbis: bf7c407c2cedff20999df2af8eb42d56 -> 
  custom:audio-encoder-webm-vorbis: bf7c407c2cedff20999df2af8eb42d56 -> 
========================================================================
Received Prepare
Begin MonoManager ReloadAssembly
- Loaded All Assemblies, in  7.765 seconds
Refreshing native plugins compatible for Editor in 48.61 ms, found 3 plugins.
Native extension for LinuxStandalone target not found
Native extension for WindowsStandalone target not found
Native extension for OSXStandalone target not found
Native extension for WebGL target not found
Mono: successfully reloaded assembly
- Finished resetting the current domain, in 22.330 seconds
Domain Reload Profiling: 30055ms
	BeginReloadAssembly (1470ms)
		ExecutionOrderSort (0ms)
		DisableScriptedObjects (41ms)
		BackupInstance (0ms)
		ReleaseScriptingObjects (0ms)
		CreateAndSetChildDomain (475ms)
	RebuildCommonClasses (400ms)
	RebuildNativeTypeToScriptingClass (175ms)
	initialDomainReloadingComplete (435ms)
	LoadAllAssembliesAndSetupDomain (5234ms)
		LoadAssemblies (5888ms)
		RebuildTransferFunctionScriptingTraits (0ms)
		AnalyzeDomain (151ms)
			TypeCache.Refresh (75ms)
				TypeCache.ScanAssembly (0ms)
			ScanForSourceGeneratedMonoScriptInfo (1ms)
			ResolveRequiredComponents (68ms)
	FinalizeReload (22341ms)
		ReleaseScriptCaches (0ms)
		RebuildScriptCaches (0ms)
		SetupLoadedEditorAssemblies (4175ms)
			LogAssemblyErrors (0ms)
			InitializePlatformSupportModulesInManaged (102ms)
			SetLoadedEditorAssemblies (19ms)
			RefreshPlugins (0ms)
			BeforeProcessingInitializeOnLoad (959ms)
			ProcessInitializeOnLoadAttributes (2780ms)
			ProcessInitializeOnLoadMethodAttributes (277ms)
			AfterProcessingInitializeOnLoad (37ms)
			EditorAssembliesLoaded (0ms)
		ExecutionOrderSort2 (0ms)
		AwakeInstancesAfterBackupRestoration (98ms)
Refreshing native plugins compatible for Editor in 99.91 ms, found 3 plugins.
Preloading 0 native plugins for Editor in 0.00 ms.
Unloading 4984 Unused Serialized files (Serialized files now loaded: 0)
Unloading 40 unused Assets / (367.4 KB). Loaded Objects now: 5728.
Memory consumption went from 212.9 MB to 212.5 MB.
Total: 10.316400 ms (FindLiveObjects: 2.123800 ms CreateObjectMapping: 1.874300 ms MarkObjects: 5.962300 ms  DeleteObjects: 0.354200 ms)

Prepare: number of updated asset objects reloaded= 0
AssetImportParameters requested are different than current active one (requested -> active):
  custom:container-demuxer-ogg: 62fdf1f143b41e24485cea50d1cbac27 -> 
  custom:video-decoder-ogg-theora: a1e56fd34408186e4bbccfd4996cb3dc -> 
  custom:framework-win-MediaFoundation: 216162199b28c13a410421893ffa2e32 -> 
  custom:CustomObjectIndexerAttribute: 4d1d7186bcbbfe361de5f0ad951e585c -> 
  custom:container-demuxer-webm: 4f35f7cbe854078d1ac9338744f61a02 -> 
  custom:container-muxer-webm: aa71ff27fc2769a1b78a27578f13a17b -> 
  custom:video-decoder-webm-vp8: 9c59270c3fd7afecdb556c50c9e8de78 -> 
  custom:SearchIndexIgnoredProperties: e643bd26f0fe6173181afceb89e7c659 -> 
  custom:AudioImporter_EditorPlatform: d09bf68614088b80899f8185d706f6e7 -> 
  custom:video-encoder-webm-vp8: eb34c28f22e8b96e1ab97ce403110664 -> 
  custom:audio-decoder-ogg-vorbis: bf7c407c2cedff20999df2af8eb42d56 -> 
  custom:audio-encoder-webm-vorbis: bf7c407c2cedff20999df2af8eb42d56 -> 
========================================================================
Received Prepare
Begin MonoManager ReloadAssembly
- Loaded All Assemblies, in  3.411 seconds
Refreshing native plugins compatible for Editor in 35.30 ms, found 3 plugins.
Native extension for LinuxStandalone target not found
Native extension for WindowsStandalone target not found
Native extension for OSXStandalone target not found
Native extension for WebGL target not found
Mono: successfully reloaded assembly
- Finished resetting the current domain, in  8.582 seconds
Domain Reload Profiling: 11958ms
	BeginReloadAssembly (1560ms)
		ExecutionOrderSort (0ms)
		DisableScriptedObjects (17ms)
		BackupInstance (0ms)
		ReleaseScriptingObjects (0ms)
		CreateAndSetChildDomain (750ms)
	RebuildCommonClasses (139ms)
	RebuildNativeTypeToScriptingClass (44ms)
	initialDomainReloadingComplete (182ms)
	LoadAllAssembliesAndSetupDomain (1449ms)
		LoadAssemblies (1723ms)
		RebuildTransferFunctionScriptingTraits (0ms)
		AnalyzeDomain (165ms)
			TypeCache.Refresh (41ms)
				TypeCache.ScanAssembly (0ms)
			ScanForSourceGeneratedMonoScriptInfo (0ms)
			ResolveRequiredComponents (110ms)
	FinalizeReload (8583ms)
		ReleaseScriptCaches (0ms)
		RebuildScriptCaches (0ms)
		SetupLoadedEditorAssemblies (3120ms)
			LogAssemblyErrors (0ms)
			InitializePlatformSupportModulesInManaged (93ms)
			SetLoadedEditorAssemblies (23ms)
			RefreshPlugins (0ms)
			BeforeProcessingInitializeOnLoad (382ms)
			ProcessInitializeOnLoadAttributes (1969ms)
			ProcessInitializeOnLoadMethodAttributes (599ms)
			AfterProcessingInitializeOnLoad (53ms)
			EditorAssembliesLoaded (0ms)
		ExecutionOrderSort2 (0ms)
		AwakeInstancesAfterBackupRestoration (75ms)
Refreshing native plugins compatible for Editor in 22.28 ms, found 3 plugins.
Preloading 0 native plugins for Editor in 0.00 ms.
Unloading 4984 Unused Serialized files (Serialized files now loaded: 0)
Unloading 40 unused Assets / (367.4 KB). Loaded Objects now: 5732.
Memory consumption went from 214.8 MB to 214.5 MB.
Total: 20.583000 ms (FindLiveObjects: 0.962800 ms CreateObjectMapping: 0.908500 ms MarkObjects: 18.052600 ms  DeleteObjects: 0.656600 ms)

Prepare: number of updated asset objects reloaded= 0
AssetImportParameters requested are different than current active one (requested -> active):
  custom:container-demuxer-ogg: 62fdf1f143b41e24485cea50d1cbac27 -> 
  custom:video-decoder-ogg-theora: a1e56fd34408186e4bbccfd4996cb3dc -> 
  custom:framework-win-MediaFoundation: 216162199b28c13a410421893ffa2e32 -> 
  custom:CustomObjectIndexerAttribute: 4d1d7186bcbbfe361de5f0ad951e585c -> 
  custom:container-demuxer-webm: 4f35f7cbe854078d1ac9338744f61a02 -> 
  custom:container-muxer-webm: aa71ff27fc2769a1b78a27578f13a17b -> 
  custom:video-decoder-webm-vp8: 9c59270c3fd7afecdb556c50c9e8de78 -> 
  custom:SearchIndexIgnoredProperties: e643bd26f0fe6173181afceb89e7c659 -> 
  custom:AudioImporter_EditorPlatform: d09bf68614088b80899f8185d706f6e7 -> 
  custom:video-encoder-webm-vp8: eb34c28f22e8b96e1ab97ce403110664 -> 
  custom:audio-decoder-ogg-vorbis: bf7c407c2cedff20999df2af8eb42d56 -> 
  custom:audio-encoder-webm-vorbis: bf7c407c2cedff20999df2af8eb42d56 -> 
========================================================================
Received Prepare
Begin MonoManager ReloadAssembly
- Loaded All Assemblies, in 11.156 seconds
Refreshing native plugins compatible for Editor in 111.81 ms, found 3 plugins.
Native extension for LinuxStandalone target not found
Native extension for WindowsStandalone target not found
Native extension for OSXStandalone target not found
Native extension for WebGL target not found
Mono: successfully reloaded assembly
- Finished resetting the current domain, in 47.586 seconds
Domain Reload Profiling: 57848ms
	BeginReloadAssembly (4171ms)
		ExecutionOrderSort (0ms)
		DisableScriptedObjects (25ms)
		BackupInstance (0ms)
		ReleaseScriptingObjects (0ms)
		CreateAndSetChildDomain (1047ms)
	RebuildCommonClasses (689ms)
	RebuildNativeTypeToScriptingClass (340ms)
	initialDomainReloadingComplete (681ms)
	LoadAllAssembliesAndSetupDomain (4379ms)
		LoadAssemblies (6937ms)
		RebuildTransferFunctionScriptingTraits (0ms)
		AnalyzeDomain (302ms)
			TypeCache.Refresh (39ms)
				TypeCache.ScanAssembly (0ms)
			ScanForSourceGeneratedMonoScriptInfo (1ms)
			ResolveRequiredComponents (190ms)
	FinalizeReload (47588ms)
		ReleaseScriptCaches (0ms)
		RebuildScriptCaches (0ms)
		SetupLoadedEditorAssemblies (6488ms)
			LogAssemblyErrors (0ms)
			InitializePlatformSupportModulesInManaged (106ms)
			SetLoadedEditorAssemblies (14ms)
			RefreshPlugins (0ms)
			BeforeProcessingInitializeOnLoad (360ms)
			ProcessInitializeOnLoadAttributes (5334ms)
			ProcessInitializeOnLoadMethodAttributes (596ms)
			AfterProcessingInitializeOnLoad (75ms)
			EditorAssembliesLoaded (3ms)
		ExecutionOrderSort2 (2ms)
		AwakeInstancesAfterBackupRestoration (118ms)
Refreshing native plugins compatible for Editor in 25.43 ms, found 3 plugins.
Preloading 0 native plugins for Editor in 0.00 ms.
Unloading 4984 Unused Serialized files (Serialized files now loaded: 0)
Unloading 40 unused Assets / (367.9 KB). Loaded Objects now: 5736.
Memory consumption went from 216.8 MB to 216.4 MB.
Total: 17.264700 ms (FindLiveObjects: 1.388700 ms CreateObjectMapping: 1.397200 ms MarkObjects: 13.797600 ms  DeleteObjects: 0.678700 ms)

Prepare: number of updated asset objects reloaded= 0
AssetImportParameters requested are different than current active one (requested -> active):
  custom:container-demuxer-ogg: 62fdf1f143b41e24485cea50d1cbac27 -> 
  custom:video-decoder-ogg-theora: a1e56fd34408186e4bbccfd4996cb3dc -> 
  custom:framework-win-MediaFoundation: 216162199b28c13a410421893ffa2e32 -> 
  custom:CustomObjectIndexerAttribute: 4d1d7186bcbbfe361de5f0ad951e585c -> 
  custom:container-demuxer-webm: 4f35f7cbe854078d1ac9338744f61a02 -> 
  custom:container-muxer-webm: aa71ff27fc2769a1b78a27578f13a17b -> 
  custom:video-decoder-webm-vp8: 9c59270c3fd7afecdb556c50c9e8de78 -> 
  custom:SearchIndexIgnoredProperties: e643bd26f0fe6173181afceb89e7c659 -> 
  custom:AudioImporter_EditorPlatform: d09bf68614088b80899f8185d706f6e7 -> 
  custom:video-encoder-webm-vp8: eb34c28f22e8b96e1ab97ce403110664 -> 
  custom:audio-decoder-ogg-vorbis: bf7c407c2cedff20999df2af8eb42d56 -> 
  custom:audio-encoder-webm-vorbis: bf7c407c2cedff20999df2af8eb42d56 -> 
========================================================================
Received Prepare
Begin MonoManager ReloadAssembly
- Loaded All Assemblies, in  3.335 seconds
Refreshing native plugins compatible for Editor in 2448.44 ms, found 3 plugins.
Native extension for LinuxStandalone target not found
Native extension for WindowsStandalone target not found
Native extension for OSXStandalone target not found
Native extension for WebGL target not found
Mono: successfully reloaded assembly
- Finished resetting the current domain, in 21.406 seconds
Domain Reload Profiling: 24725ms
	BeginReloadAssembly (834ms)
		ExecutionOrderSort (0ms)
		DisableScriptedObjects (26ms)
		BackupInstance (0ms)
		ReleaseScriptingObjects (0ms)
		CreateAndSetChildDomain (200ms)
	RebuildCommonClasses (471ms)
	RebuildNativeTypeToScriptingClass (116ms)
	initialDomainReloadingComplete (226ms)
	LoadAllAssembliesAndSetupDomain (1670ms)
		LoadAssemblies (2036ms)
		RebuildTransferFunctionScriptingTraits (0ms)
		AnalyzeDomain (114ms)
			TypeCache.Refresh (21ms)
				TypeCache.ScanAssembly (0ms)
			ScanForSourceGeneratedMonoScriptInfo (0ms)
			ResolveRequiredComponents (79ms)
	FinalizeReload (21407ms)
		ReleaseScriptCaches (0ms)
		RebuildScriptCaches (0ms)
		SetupLoadedEditorAssemblies (9261ms)
			LogAssemblyErrors (0ms)
			InitializePlatformSupportModulesInManaged (312ms)
			SetLoadedEditorAssemblies (399ms)
			RefreshPlugins (0ms)
			BeforeProcessingInitializeOnLoad (1482ms)
			ProcessInitializeOnLoadAttributes (6062ms)
			ProcessInitializeOnLoadMethodAttributes (959ms)
			AfterProcessingInitializeOnLoad (45ms)
			EditorAssembliesLoaded (1ms)
		ExecutionOrderSort2 (0ms)
		AwakeInstancesAfterBackupRestoration (273ms)
Refreshing native plugins compatible for Editor in 39.85 ms, found 3 plugins.
Preloading 0 native plugins for Editor in 0.00 ms.
Unloading 4984 Unused Serialized files (Serialized files now loaded: 0)
Unloading 40 unused Assets / (368.4 KB). Loaded Objects now: 5740.
Memory consumption went from 218.7 MB to 218.3 MB.
Total: 35.724000 ms (FindLiveObjects: 1.092400 ms CreateObjectMapping: 9.378200 ms MarkObjects: 24.769700 ms  DeleteObjects: 0.481100 ms)

Prepare: number of updated asset objects reloaded= 0
AssetImportParameters requested are different than current active one (requested -> active):
  custom:container-demuxer-ogg: 62fdf1f143b41e24485cea50d1cbac27 -> 
  custom:video-decoder-ogg-theora: a1e56fd34408186e4bbccfd4996cb3dc -> 
  custom:framework-win-MediaFoundation: 216162199b28c13a410421893ffa2e32 -> 
  custom:CustomObjectIndexerAttribute: 4d1d7186bcbbfe361de5f0ad951e585c -> 
  custom:container-demuxer-webm: 4f35f7cbe854078d1ac9338744f61a02 -> 
  custom:container-muxer-webm: aa71ff27fc2769a1b78a27578f13a17b -> 
  custom:video-decoder-webm-vp8: 9c59270c3fd7afecdb556c50c9e8de78 -> 
  custom:SearchIndexIgnoredProperties: e643bd26f0fe6173181afceb89e7c659 -> 
  custom:AudioImporter_EditorPlatform: d09bf68614088b80899f8185d706f6e7 -> 
  custom:video-encoder-webm-vp8: eb34c28f22e8b96e1ab97ce403110664 -> 
  custom:audio-decoder-ogg-vorbis: bf7c407c2cedff20999df2af8eb42d56 -> 
  custom:audio-encoder-webm-vorbis: bf7c407c2cedff20999df2af8eb42d56 -> 
========================================================================
Received Prepare
Begin MonoManager ReloadAssembly
- Loaded All Assemblies, in 131.531 seconds
Refreshing native plugins compatible for Editor in 39.57 ms, found 3 plugins.
Native extension for LinuxStandalone target not found
Native extension for WindowsStandalone target not found
Native extension for OSXStandalone target not found
Native extension for WebGL target not found
Mono: successfully reloaded assembly
- Finished resetting the current domain, in 111.472 seconds
Domain Reload Profiling: 242974ms
	BeginReloadAssembly (80569ms)
		ExecutionOrderSort (0ms)
		DisableScriptedObjects (116ms)
		BackupInstance (0ms)
		ReleaseScriptingObjects (0ms)
		CreateAndSetChildDomain (12110ms)
	RebuildCommonClasses (953ms)
	RebuildNativeTypeToScriptingClass (53ms)
	initialDomainReloadingComplete (224ms)
	LoadAllAssembliesAndSetupDomain (49702ms)
		LoadAssemblies (110902ms)
		RebuildTransferFunctionScriptingTraits (0ms)
		AnalyzeDomain (122ms)
			TypeCache.Refresh (25ms)
				TypeCache.ScanAssembly (0ms)
			ScanForSourceGeneratedMonoScriptInfo (1ms)
			ResolveRequiredComponents (88ms)
	FinalizeReload (111474ms)
		ReleaseScriptCaches (0ms)
		RebuildScriptCaches (0ms)
		SetupLoadedEditorAssemblies (3999ms)
			LogAssemblyErrors (0ms)
			InitializePlatformSupportModulesInManaged (82ms)
			SetLoadedEditorAssemblies (22ms)
			RefreshPlugins (0ms)
			BeforeProcessingInitializeOnLoad (1303ms)
			ProcessInitializeOnLoadAttributes (2075ms)
			ProcessInitializeOnLoadMethodAttributes (478ms)
			AfterProcessingInitializeOnLoad (39ms)
			EditorAssembliesLoaded (0ms)
		ExecutionOrderSort2 (0ms)
		AwakeInstancesAfterBackupRestoration (77ms)
Script is not up to date after domain reload: guid(95d74df54734e674fb0e12b6768db0fc) path("Assets/shadercontroller.cs") state(2)
Refreshing native plugins compatible for Editor in 53.00 ms, found 3 plugins.
Preloading 0 native plugins for Editor in 0.00 ms.
Unloading 4984 Unused Serialized files (Serialized files now loaded: 0)
Unloading 40 unused Assets / (367.7 KB). Loaded Objects now: 5744.
Memory consumption went from 220.6 MB to 220.2 MB.
Total: 20.009400 ms (FindLiveObjects: 1.723900 ms CreateObjectMapping: 4.859100 ms MarkObjects: 12.625000 ms  DeleteObjects: 0.784500 ms)

Prepare: number of updated asset objects reloaded= 0
AssetImportParameters requested are different than current active one (requested -> active):
  custom:container-demuxer-ogg: 62fdf1f143b41e24485cea50d1cbac27 -> 
  custom:video-decoder-ogg-theora: a1e56fd34408186e4bbccfd4996cb3dc -> 
  custom:framework-win-MediaFoundation: 216162199b28c13a410421893ffa2e32 -> 
  custom:CustomObjectIndexerAttribute: 4d1d7186bcbbfe361de5f0ad951e585c -> 
  custom:container-demuxer-webm: 4f35f7cbe854078d1ac9338744f61a02 -> 
  custom:container-muxer-webm: aa71ff27fc2769a1b78a27578f13a17b -> 
  custom:video-decoder-webm-vp8: 9c59270c3fd7afecdb556c50c9e8de78 -> 
  custom:SearchIndexIgnoredProperties: e643bd26f0fe6173181afceb89e7c659 -> 
  custom:AudioImporter_EditorPlatform: d09bf68614088b80899f8185d706f6e7 -> 
  custom:video-encoder-webm-vp8: eb34c28f22e8b96e1ab97ce403110664 -> 
  custom:audio-decoder-ogg-vorbis: bf7c407c2cedff20999df2af8eb42d56 -> 
  custom:audio-encoder-webm-vorbis: bf7c407c2cedff20999df2af8eb42d56 -> 
========================================================================
Received Prepare
Begin MonoManager ReloadAssembly
- Loaded All Assemblies, in  3.932 seconds
Refreshing native plugins compatible for Editor in 29.42 ms, found 3 plugins.
Native extension for LinuxStandalone target not found
Native extension for WindowsStandalone target not found
Native extension for OSXStandalone target not found
Native extension for WebGL target not found
Mono: successfully reloaded assembly
- Finished resetting the current domain, in 12.051 seconds
Domain Reload Profiling: 15957ms
	BeginReloadAssembly (1069ms)
		ExecutionOrderSort (0ms)
		DisableScriptedObjects (30ms)
		BackupInstance (0ms)
		ReleaseScriptingObjects (0ms)
		CreateAndSetChildDomain (161ms)
	RebuildCommonClasses (163ms)
	RebuildNativeTypeToScriptingClass (182ms)
	initialDomainReloadingComplete (208ms)
	LoadAllAssembliesAndSetupDomain (2283ms)
		LoadAssemblies (2948ms)
		RebuildTransferFunctionScriptingTraits (0ms)
		AnalyzeDomain (97ms)
			TypeCache.Refresh (27ms)
				TypeCache.ScanAssembly (0ms)
			ScanForSourceGeneratedMonoScriptInfo (0ms)
			ResolveRequiredComponents (57ms)
	FinalizeReload (12053ms)
		ReleaseScriptCaches (0ms)
		RebuildScriptCaches (0ms)
		SetupLoadedEditorAssemblies (4821ms)
			LogAssemblyErrors (0ms)
			InitializePlatformSupportModulesInManaged (79ms)
			SetLoadedEditorAssemblies (16ms)
			RefreshPlugins (0ms)
			BeforeProcessingInitializeOnLoad (827ms)
			ProcessInitializeOnLoadAttributes (3006ms)
			ProcessInitializeOnLoadMethodAttributes (717ms)
			AfterProcessingInitializeOnLoad (176ms)
			EditorAssembliesLoaded (0ms)
		ExecutionOrderSort2 (0ms)
		AwakeInstancesAfterBackupRestoration (210ms)
Refreshing native plugins compatible for Editor in 33.77 ms, found 3 plugins.
Preloading 0 native plugins for Editor in 0.00 ms.
Unloading 4984 Unused Serialized files (Serialized files now loaded: 0)
Unloading 40 unused Assets / (368.3 KB). Loaded Objects now: 5748.
Memory consumption went from 222.5 MB to 222.1 MB.
Total: 12.542200 ms (FindLiveObjects: 0.781400 ms CreateObjectMapping: 0.731700 ms MarkObjects: 8.830200 ms  DeleteObjects: 2.196600 ms)

Prepare: number of updated asset objects reloaded= 0
AssetImportParameters requested are different than current active one (requested -> active):
  custom:container-demuxer-ogg: 62fdf1f143b41e24485cea50d1cbac27 -> 
  custom:video-decoder-ogg-theora: a1e56fd34408186e4bbccfd4996cb3dc -> 
  custom:framework-win-MediaFoundation: 216162199b28c13a410421893ffa2e32 -> 
  custom:CustomObjectIndexerAttribute: 4d1d7186bcbbfe361de5f0ad951e585c -> 
  custom:container-demuxer-webm: 4f35f7cbe854078d1ac9338744f61a02 -> 
  custom:container-muxer-webm: aa71ff27fc2769a1b78a27578f13a17b -> 
  custom:video-decoder-webm-vp8: 9c59270c3fd7afecdb556c50c9e8de78 -> 
  custom:SearchIndexIgnoredProperties: e643bd26f0fe6173181afceb89e7c659 -> 
  custom:AudioImporter_EditorPlatform: d09bf68614088b80899f8185d706f6e7 -> 
  custom:video-encoder-webm-vp8: eb34c28f22e8b96e1ab97ce403110664 -> 
  custom:audio-decoder-ogg-vorbis: bf7c407c2cedff20999df2af8eb42d56 -> 
  custom:audio-encoder-webm-vorbis: bf7c407c2cedff20999df2af8eb42d56 -> 
========================================================================
Received Prepare
Begin MonoManager ReloadAssembly
- Loaded All Assemblies, in  4.079 seconds
Refreshing native plugins compatible for Editor in 84.19 ms, found 3 plugins.
Native extension for LinuxStandalone target not found
Native extension for WindowsStandalone target not found
Native extension for OSXStandalone target not found
Native extension for WebGL target not found
Mono: successfully reloaded assembly
- Finished resetting the current domain, in  9.140 seconds
Domain Reload Profiling: 13191ms
	BeginReloadAssembly (1271ms)
		ExecutionOrderSort (0ms)
		DisableScriptedObjects (24ms)
		BackupInstance (0ms)
		ReleaseScriptingObjects (0ms)
		CreateAndSetChildDomain (151ms)
	RebuildCommonClasses (161ms)
	RebuildNativeTypeToScriptingClass (59ms)
	initialDomainReloadingComplete (156ms)
	LoadAllAssembliesAndSetupDomain (2401ms)
		LoadAssemblies (3159ms)
		RebuildTransferFunctionScriptingTraits (0ms)
		AnalyzeDomain (178ms)
			TypeCache.Refresh (83ms)
				TypeCache.ScanAssembly (0ms)
			ScanForSourceGeneratedMonoScriptInfo (1ms)
			ResolveRequiredComponents (85ms)
	FinalizeReload (9143ms)
		ReleaseScriptCaches (0ms)
		RebuildScriptCaches (0ms)
		SetupLoadedEditorAssemblies (3535ms)
			LogAssemblyErrors (0ms)
			InitializePlatformSupportModulesInManaged (76ms)
			SetLoadedEditorAssemblies (14ms)
			RefreshPlugins (0ms)
			BeforeProcessingInitializeOnLoad (352ms)
			ProcessInitializeOnLoadAttributes (2748ms)
			ProcessInitializeOnLoadMethodAttributes (290ms)
			AfterProcessingInitializeOnLoad (54ms)
			EditorAssembliesLoaded (0ms)
		ExecutionOrderSort2 (0ms)
		AwakeInstancesAfterBackupRestoration (71ms)
Refreshing native plugins compatible for Editor in 30.04 ms, found 3 plugins.
Preloading 0 native plugins for Editor in 0.00 ms.
Unloading 4984 Unused Serialized files (Serialized files now loaded: 0)
Unloading 40 unused Assets / (368.3 KB). Loaded Objects now: 5752.
Memory consumption went from 224.4 MB to 224.1 MB.
Total: 11.016600 ms (FindLiveObjects: 1.442500 ms CreateObjectMapping: 1.740900 ms MarkObjects: 7.399100 ms  DeleteObjects: 0.431700 ms)

Prepare: number of updated asset objects reloaded= 0
AssetImportParameters requested are different than current active one (requested -> active):
  custom:container-demuxer-ogg: 62fdf1f143b41e24485cea50d1cbac27 -> 
  custom:video-decoder-ogg-theora: a1e56fd34408186e4bbccfd4996cb3dc -> 
  custom:framework-win-MediaFoundation: 216162199b28c13a410421893ffa2e32 -> 
  custom:CustomObjectIndexerAttribute: 4d1d7186bcbbfe361de5f0ad951e585c -> 
  custom:container-demuxer-webm: 4f35f7cbe854078d1ac9338744f61a02 -> 
  custom:container-muxer-webm: aa71ff27fc2769a1b78a27578f13a17b -> 
  custom:video-decoder-webm-vp8: 9c59270c3fd7afecdb556c50c9e8de78 -> 
  custom:SearchIndexIgnoredProperties: e643bd26f0fe6173181afceb89e7c659 -> 
  custom:AudioImporter_EditorPlatform: d09bf68614088b80899f8185d706f6e7 -> 
  custom:video-encoder-webm-vp8: eb34c28f22e8b96e1ab97ce403110664 -> 
  custom:audio-decoder-ogg-vorbis: bf7c407c2cedff20999df2af8eb42d56 -> 
  custom:audio-encoder-webm-vorbis: bf7c407c2cedff20999df2af8eb42d56 -> 
========================================================================
Received Prepare
Begin MonoManager ReloadAssembly
- Loaded All Assemblies, in  9.850 seconds
Refreshing native plugins compatible for Editor in 272.27 ms, found 3 plugins.
Native extension for LinuxStandalone target not found
Native extension for WindowsStandalone target not found
Native extension for OSXStandalone target not found
Native extension for WebGL target not found
Mono: successfully reloaded assembly
- Finished resetting the current domain, in 93.103 seconds
Domain Reload Profiling: 102805ms
	BeginReloadAssembly (3723ms)
		ExecutionOrderSort (0ms)
		DisableScriptedObjects (51ms)
		BackupInstance (0ms)
		ReleaseScriptingObjects (0ms)
		CreateAndSetChildDomain (849ms)
	RebuildCommonClasses (640ms)
	RebuildNativeTypeToScriptingClass (171ms)
	initialDomainReloadingComplete (817ms)
	LoadAllAssembliesAndSetupDomain (4330ms)
		LoadAssemblies (6615ms)
		RebuildTransferFunctionScriptingTraits (0ms)
		AnalyzeDomain (282ms)
			TypeCache.Refresh (70ms)
				TypeCache.ScanAssembly (0ms)
			ScanForSourceGeneratedMonoScriptInfo (1ms)
			ResolveRequiredComponents (184ms)
	FinalizeReload (93122ms)
		ReleaseScriptCaches (0ms)
		RebuildScriptCaches (0ms)
		SetupLoadedEditorAssemblies (48053ms)
			LogAssemblyErrors (0ms)
			InitializePlatformSupportModulesInManaged (779ms)
			SetLoadedEditorAssemblies (1042ms)
			RefreshPlugins (0ms)
			BeforeProcessingInitializeOnLoad (6152ms)
			ProcessInitializeOnLoadAttributes (37231ms)
			ProcessInitializeOnLoadMethodAttributes (2605ms)
			AfterProcessingInitializeOnLoad (242ms)
			EditorAssembliesLoaded (1ms)
		ExecutionOrderSort2 (0ms)
		AwakeInstancesAfterBackupRestoration (519ms)
Refreshing native plugins compatible for Editor in 146.00 ms, found 3 plugins.
Preloading 0 native plugins for Editor in 0.00 ms.
Unloading 4984 Unused Serialized files (Serialized files now loaded: 0)
Unloading 40 unused Assets / (368.4 KB). Loaded Objects now: 5756.
Memory consumption went from 226.3 MB to 226.0 MB.
Total: 21.915600 ms (FindLiveObjects: 2.179500 ms CreateObjectMapping: 1.363300 ms MarkObjects: 17.779000 ms  DeleteObjects: 0.591000 ms)

Prepare: number of updated asset objects reloaded= 0
AssetImportParameters requested are different than current active one (requested -> active):
  custom:container-demuxer-ogg: 62fdf1f143b41e24485cea50d1cbac27 -> 
  custom:video-decoder-ogg-theora: a1e56fd34408186e4bbccfd4996cb3dc -> 
  custom:framework-win-MediaFoundation: 216162199b28c13a410421893ffa2e32 -> 
  custom:CustomObjectIndexerAttribute: 4d1d7186bcbbfe361de5f0ad951e585c -> 
  custom:container-demuxer-webm: 4f35f7cbe854078d1ac9338744f61a02 -> 
  custom:container-muxer-webm: aa71ff27fc2769a1b78a27578f13a17b -> 
  custom:video-decoder-webm-vp8: 9c59270c3fd7afecdb556c50c9e8de78 -> 
  custom:SearchIndexIgnoredProperties: e643bd26f0fe6173181afceb89e7c659 -> 
  custom:AudioImporter_EditorPlatform: d09bf68614088b80899f8185d706f6e7 -> 
  custom:video-encoder-webm-vp8: eb34c28f22e8b96e1ab97ce403110664 -> 
  custom:audio-decoder-ogg-vorbis: bf7c407c2cedff20999df2af8eb42d56 -> 
  custom:audio-encoder-webm-vorbis: bf7c407c2cedff20999df2af8eb42d56 -> 
========================================================================
Received Prepare
Begin MonoManager ReloadAssembly
- Loaded All Assemblies, in  9.579 seconds
Refreshing native plugins compatible for Editor in 28.03 ms, found 3 plugins.
Native extension for LinuxStandalone target not found
Native extension for WindowsStandalone target not found
Native extension for OSXStandalone target not found
Native extension for WebGL target not found
Mono: successfully reloaded assembly
- Finished resetting the current domain, in 27.825 seconds
Domain Reload Profiling: 37338ms
	BeginReloadAssembly (4038ms)
		ExecutionOrderSort (0ms)
		DisableScriptedObjects (43ms)
		BackupInstance (0ms)
		ReleaseScriptingObjects (0ms)
		CreateAndSetChildDomain (264ms)
	RebuildCommonClasses (776ms)
	RebuildNativeTypeToScriptingClass (109ms)
	initialDomainReloadingComplete (612ms)
	LoadAllAssembliesAndSetupDomain (3954ms)
		LoadAssemblies (7249ms)
		RebuildTransferFunctionScriptingTraits (0ms)
		AnalyzeDomain (204ms)
			TypeCache.Refresh (40ms)
				TypeCache.ScanAssembly (4ms)
			ScanForSourceGeneratedMonoScriptInfo (108ms)
			ResolveRequiredComponents (51ms)
	FinalizeReload (27849ms)
		ReleaseScriptCaches (0ms)
		RebuildScriptCaches (0ms)
		SetupLoadedEditorAssemblies (16241ms)
			LogAssemblyErrors (0ms)
			InitializePlatformSupportModulesInManaged (437ms)
			SetLoadedEditorAssemblies (21ms)
			RefreshPlugins (0ms)
			BeforeProcessingInitializeOnLoad (1788ms)
			ProcessInitializeOnLoadAttributes (10418ms)
			ProcessInitializeOnLoadMethodAttributes (2579ms)
			AfterProcessingInitializeOnLoad (998ms)
			EditorAssembliesLoaded (0ms)
		ExecutionOrderSort2 (0ms)
		AwakeInstancesAfterBackupRestoration (371ms)
Refreshing native plugins compatible for Editor in 188.86 ms, found 3 plugins.
Preloading 0 native plugins for Editor in 0.00 ms.
Unloading 4984 Unused Serialized files (Serialized files now loaded: 0)
Unloading 41 unused Assets / (369.0 KB). Loaded Objects now: 5760.
Memory consumption went from 228.3 MB to 227.9 MB.
Total: 39.230600 ms (FindLiveObjects: 1.125100 ms CreateObjectMapping: 6.176100 ms MarkObjects: 30.096600 ms  DeleteObjects: 1.830100 ms)

Prepare: number of updated asset objects reloaded= 0
AssetImportParameters requested are different than current active one (requested -> active):
  custom:container-demuxer-ogg: 62fdf1f143b41e24485cea50d1cbac27 -> 
  custom:video-decoder-ogg-theora: a1e56fd34408186e4bbccfd4996cb3dc -> 
  custom:framework-win-MediaFoundation: 216162199b28c13a410421893ffa2e32 -> 
  custom:CustomObjectIndexerAttribute: 4d1d7186bcbbfe361de5f0ad951e585c -> 
  custom:container-demuxer-webm: 4f35f7cbe854078d1ac9338744f61a02 -> 
  custom:container-muxer-webm: aa71ff27fc2769a1b78a27578f13a17b -> 
  custom:video-decoder-webm-vp8: 9c59270c3fd7afecdb556c50c9e8de78 -> 
  custom:SearchIndexIgnoredProperties: e643bd26f0fe6173181afceb89e7c659 -> 
  custom:AudioImporter_EditorPlatform: d09bf68614088b80899f8185d706f6e7 -> 
  custom:video-encoder-webm-vp8: eb34c28f22e8b96e1ab97ce403110664 -> 
  custom:audio-decoder-ogg-vorbis: bf7c407c2cedff20999df2af8eb42d56 -> 
  custom:audio-encoder-webm-vorbis: bf7c407c2cedff20999df2af8eb42d56 -> 
========================================================================
Received Prepare
Begin MonoManager ReloadAssembly
- Loaded All Assemblies, in  9.250 seconds
Refreshing native plugins compatible for Editor in 40.78 ms, found 3 plugins.
Native extension for LinuxStandalone target not found
Native extension for WindowsStandalone target not found
Native extension for OSXStandalone target not found
Native extension for WebGL target not found
Mono: successfully reloaded assembly
- Finished resetting the current domain, in 12.052 seconds
Domain Reload Profiling: 21210ms
	BeginReloadAssembly (4743ms)
		ExecutionOrderSort (0ms)
		DisableScriptedObjects (31ms)
		BackupInstance (0ms)
		ReleaseScriptingObjects (0ms)
		CreateAndSetChildDomain (1652ms)
	RebuildCommonClasses (710ms)
	RebuildNativeTypeToScriptingClass (217ms)
	initialDomainReloadingComplete (616ms)
	LoadAllAssembliesAndSetupDomain (2871ms)
		LoadAssemblies (4317ms)
		RebuildTransferFunctionScriptingTraits (0ms)
		AnalyzeDomain (260ms)
			TypeCache.Refresh (27ms)
				TypeCache.ScanAssembly (0ms)
			ScanForSourceGeneratedMonoScriptInfo (0ms)
			ResolveRequiredComponents (204ms)
	FinalizeReload (12053ms)
		ReleaseScriptCaches (0ms)
		RebuildScriptCaches (0ms)
		SetupLoadedEditorAssemblies (4497ms)
			LogAssemblyErrors (0ms)
			InitializePlatformSupportModulesInManaged (107ms)
			SetLoadedEditorAssemblies (23ms)
			RefreshPlugins (0ms)
			BeforeProcessingInitializeOnLoad (465ms)
			ProcessInitializeOnLoadAttributes (3402ms)
			ProcessInitializeOnLoadMethodAttributes (421ms)
			AfterProcessingInitializeOnLoad (80ms)
			EditorAssembliesLoaded (0ms)
		ExecutionOrderSort2 (0ms)
		AwakeInstancesAfterBackupRestoration (80ms)
Refreshing native plugins compatible for Editor in 225.42 ms, found 3 plugins.
Preloading 0 native plugins for Editor in 0.00 ms.
Unloading 4984 Unused Serialized files (Serialized files now loaded: 0)
Unloading 40 unused Assets / (368.4 KB). Loaded Objects now: 5764.
Memory consumption went from 230.2 MB to 229.8 MB.
Total: 29.020400 ms (FindLiveObjects: 6.370100 ms CreateObjectMapping: 2.141100 ms MarkObjects: 20.085400 ms  DeleteObjects: 0.421400 ms)

Prepare: number of updated asset objects reloaded= 0
AssetImportParameters requested are different than current active one (requested -> active):
  custom:container-demuxer-ogg: 62fdf1f143b41e24485cea50d1cbac27 -> 
  custom:video-decoder-ogg-theora: a1e56fd34408186e4bbccfd4996cb3dc -> 
  custom:framework-win-MediaFoundation: 216162199b28c13a410421893ffa2e32 -> 
  custom:CustomObjectIndexerAttribute: 4d1d7186bcbbfe361de5f0ad951e585c -> 
  custom:container-demuxer-webm: 4f35f7cbe854078d1ac9338744f61a02 -> 
  custom:container-muxer-webm: aa71ff27fc2769a1b78a27578f13a17b -> 
  custom:video-decoder-webm-vp8: 9c59270c3fd7afecdb556c50c9e8de78 -> 
  custom:SearchIndexIgnoredProperties: e643bd26f0fe6173181afceb89e7c659 -> 
  custom:AudioImporter_EditorPlatform: d09bf68614088b80899f8185d706f6e7 -> 
  custom:video-encoder-webm-vp8: eb34c28f22e8b96e1ab97ce403110664 -> 
  custom:audio-decoder-ogg-vorbis: bf7c407c2cedff20999df2af8eb42d56 -> 
  custom:audio-encoder-webm-vorbis: bf7c407c2cedff20999df2af8eb42d56 -> 
========================================================================
Received Prepare
Begin MonoManager ReloadAssembly
- Loaded All Assemblies, in 18.115 seconds
Refreshing native plugins compatible for Editor in 132.20 ms, found 3 plugins.
Native extension for LinuxStandalone target not found
Native extension for WindowsStandalone target not found
Native extension for OSXStandalone target not found
Native extension for WebGL target not found
Mono: successfully reloaded assembly
- Finished resetting the current domain, in 51.546 seconds
Domain Reload Profiling: 69593ms
	BeginReloadAssembly (1876ms)
		ExecutionOrderSort (0ms)
		DisableScriptedObjects (34ms)
		BackupInstance (0ms)
		ReleaseScriptingObjects (0ms)
		CreateAndSetChildDomain (201ms)
	RebuildCommonClasses (1898ms)
	RebuildNativeTypeToScriptingClass (151ms)
	initialDomainReloadingComplete (830ms)
	LoadAllAssembliesAndSetupDomain (13292ms)
		LoadAssemblies (14492ms)
		RebuildTransferFunctionScriptingTraits (0ms)
		AnalyzeDomain (290ms)
			TypeCache.Refresh (51ms)
				TypeCache.ScanAssembly (0ms)
			ScanForSourceGeneratedMonoScriptInfo (1ms)
			ResolveRequiredComponents (221ms)
	FinalizeReload (51546ms)
		ReleaseScriptCaches (0ms)
		RebuildScriptCaches (0ms)
		SetupLoadedEditorAssemblies (8451ms)
			LogAssemblyErrors (0ms)
			InitializePlatformSupportModulesInManaged (107ms)
			SetLoadedEditorAssemblies (65ms)
			RefreshPlugins (0ms)
			BeforeProcessingInitializeOnLoad (2377ms)
			ProcessInitializeOnLoadAttributes (4232ms)
			ProcessInitializeOnLoadMethodAttributes (1551ms)
			AfterProcessingInitializeOnLoad (118ms)
			EditorAssembliesLoaded (1ms)
		ExecutionOrderSort2 (0ms)
		AwakeInstancesAfterBackupRestoration (245ms)
Refreshing native plugins compatible for Editor in 36.15 ms, found 3 plugins.
Preloading 0 native plugins for Editor in 0.00 ms.
Unloading 4984 Unused Serialized files (Serialized files now loaded: 0)
Unloading 40 unused Assets / (367.9 KB). Loaded Objects now: 5768.
Memory consumption went from 232.1 MB to 231.7 MB.
Total: 11.984700 ms (FindLiveObjects: 0.833100 ms CreateObjectMapping: 3.545300 ms MarkObjects: 7.108500 ms  DeleteObjects: 0.495100 ms)

Prepare: number of updated asset objects reloaded= 0
AssetImportParameters requested are different than current active one (requested -> active):
  custom:container-demuxer-ogg: 62fdf1f143b41e24485cea50d1cbac27 -> 
  custom:video-decoder-ogg-theora: a1e56fd34408186e4bbccfd4996cb3dc -> 
  custom:framework-win-MediaFoundation: 216162199b28c13a410421893ffa2e32 -> 
  custom:CustomObjectIndexerAttribute: 4d1d7186bcbbfe361de5f0ad951e585c -> 
  custom:container-demuxer-webm: 4f35f7cbe854078d1ac9338744f61a02 -> 
  custom:container-muxer-webm: aa71ff27fc2769a1b78a27578f13a17b -> 
  custom:video-decoder-webm-vp8: 9c59270c3fd7afecdb556c50c9e8de78 -> 
  custom:SearchIndexIgnoredProperties: e643bd26f0fe6173181afceb89e7c659 -> 
  custom:AudioImporter_EditorPlatform: d09bf68614088b80899f8185d706f6e7 -> 
  custom:video-encoder-webm-vp8: eb34c28f22e8b96e1ab97ce403110664 -> 
  custom:audio-decoder-ogg-vorbis: bf7c407c2cedff20999df2af8eb42d56 -> 
  custom:audio-encoder-webm-vorbis: bf7c407c2cedff20999df2af8eb42d56 -> 
========================================================================
Received Prepare
Begin MonoManager ReloadAssembly
- Loaded All Assemblies, in  3.643 seconds
Refreshing native plugins compatible for Editor in 24.35 ms, found 3 plugins.
Native extension for LinuxStandalone target not found
Native extension for WindowsStandalone target not found
Native extension for OSXStandalone target not found
Native extension for WebGL target not found
Mono: successfully reloaded assembly
- Finished resetting the current domain, in  9.411 seconds
Domain Reload Profiling: 13034ms
	BeginReloadAssembly (997ms)
		ExecutionOrderSort (0ms)
		DisableScriptedObjects (30ms)
		BackupInstance (0ms)
		ReleaseScriptingObjects (0ms)
		CreateAndSetChildDomain (159ms)
	RebuildCommonClasses (294ms)
	RebuildNativeTypeToScriptingClass (50ms)
	initialDomainReloadingComplete (224ms)
	LoadAllAssembliesAndSetupDomain (2056ms)
		LoadAssemblies (2633ms)
		RebuildTransferFunctionScriptingTraits (0ms)
		AnalyzeDomain (99ms)
			TypeCache.Refresh (23ms)
				TypeCache.ScanAssembly (0ms)
			ScanForSourceGeneratedMonoScriptInfo (1ms)
			ResolveRequiredComponents (67ms)
	FinalizeReload (9413ms)
		ReleaseScriptCaches (0ms)
		RebuildScriptCaches (0ms)
		SetupLoadedEditorAssemblies (3275ms)
			LogAssemblyErrors (0ms)
			InitializePlatformSupportModulesInManaged (84ms)
			SetLoadedEditorAssemblies (15ms)
			RefreshPlugins (0ms)
			BeforeProcessingInitializeOnLoad (332ms)
			ProcessInitializeOnLoadAttributes (2165ms)
			ProcessInitializeOnLoadMethodAttributes (566ms)
			AfterProcessingInitializeOnLoad (105ms)
			EditorAssembliesLoaded (9ms)
		ExecutionOrderSort2 (0ms)
		AwakeInstancesAfterBackupRestoration (138ms)
Refreshing native plugins compatible for Editor in 36.36 ms, found 3 plugins.
Preloading 0 native plugins for Editor in 0.00 ms.
Unloading 4984 Unused Serialized files (Serialized files now loaded: 0)
Unloading 40 unused Assets / (368.4 KB). Loaded Objects now: 5772.
Memory consumption went from 234.0 MB to 233.7 MB.
Total: 12.663000 ms (FindLiveObjects: 0.872400 ms CreateObjectMapping: 0.701200 ms MarkObjects: 9.890100 ms  DeleteObjects: 1.196400 ms)

Prepare: number of updated asset objects reloaded= 0
AssetImportParameters requested are different than current active one (requested -> active):
  custom:container-demuxer-ogg: 62fdf1f143b41e24485cea50d1cbac27 -> 
  custom:video-decoder-ogg-theora: a1e56fd34408186e4bbccfd4996cb3dc -> 
  custom:framework-win-MediaFoundation: 216162199b28c13a410421893ffa2e32 -> 
  custom:CustomObjectIndexerAttribute: 4d1d7186bcbbfe361de5f0ad951e585c -> 
  custom:container-demuxer-webm: 4f35f7cbe854078d1ac9338744f61a02 -> 
  custom:container-muxer-webm: aa71ff27fc2769a1b78a27578f13a17b -> 
  custom:video-decoder-webm-vp8: 9c59270c3fd7afecdb556c50c9e8de78 -> 
  custom:SearchIndexIgnoredProperties: e643bd26f0fe6173181afceb89e7c659 -> 
  custom:AudioImporter_EditorPlatform: d09bf68614088b80899f8185d706f6e7 -> 
  custom:video-encoder-webm-vp8: eb34c28f22e8b96e1ab97ce403110664 -> 
  custom:audio-decoder-ogg-vorbis: bf7c407c2cedff20999df2af8eb42d56 -> 
  custom:audio-encoder-webm-vorbis: bf7c407c2cedff20999df2af8eb42d56 -> 
========================================================================
Received Prepare
Begin MonoManager ReloadAssembly
- Loaded All Assemblies, in 10.000 seconds
Refreshing native plugins compatible for Editor in 40.44 ms, found 3 plugins.
Native extension for LinuxStandalone target not found
Native extension for WindowsStandalone target not found
Native extension for OSXStandalone target not found
Native extension for WebGL target not found
Mono: successfully reloaded assembly
- Finished resetting the current domain, in 23.935 seconds
Domain Reload Profiling: 33774ms
	BeginReloadAssembly (2343ms)
		ExecutionOrderSort (0ms)
		DisableScriptedObjects (70ms)
		BackupInstance (0ms)
		ReleaseScriptingObjects (0ms)
		CreateAndSetChildDomain (359ms)
	RebuildCommonClasses (517ms)
	RebuildNativeTypeToScriptingClass (339ms)
	initialDomainReloadingComplete (1084ms)
	LoadAllAssembliesAndSetupDomain (5553ms)
		LoadAssemblies (6886ms)
		RebuildTransferFunctionScriptingTraits (0ms)
		AnalyzeDomain (184ms)
			TypeCache.Refresh (32ms)
				TypeCache.ScanAssembly (0ms)
			ScanForSourceGeneratedMonoScriptInfo (0ms)
			ResolveRequiredComponents (134ms)
	FinalizeReload (23939ms)
		ReleaseScriptCaches (0ms)
		RebuildScriptCaches (0ms)
		SetupLoadedEditorAssemblies (4035ms)
			LogAssemblyErrors (0ms)
			InitializePlatformSupportModulesInManaged (90ms)
			SetLoadedEditorAssemblies (14ms)
			RefreshPlugins (0ms)
			BeforeProcessingInitializeOnLoad (378ms)
			ProcessInitializeOnLoadAttributes (2912ms)
			ProcessInitializeOnLoadMethodAttributes (586ms)
			AfterProcessingInitializeOnLoad (53ms)
			EditorAssembliesLoaded (0ms)
		ExecutionOrderSort2 (0ms)
		AwakeInstancesAfterBackupRestoration (150ms)
Refreshing native plugins compatible for Editor in 148.94 ms, found 3 plugins.
Preloading 0 native plugins for Editor in 0.00 ms.
Unloading 4984 Unused Serialized files (Serialized files now loaded: 0)
Unloading 40 unused Assets / (368.4 KB). Loaded Objects now: 5776.
Memory consumption went from 236.0 MB to 235.6 MB.
Total: 16.707200 ms (FindLiveObjects: 1.501800 ms CreateObjectMapping: 4.713900 ms MarkObjects: 9.977900 ms  DeleteObjects: 0.511200 ms)

Prepare: number of updated asset objects reloaded= 0
AssetImportParameters requested are different than current active one (requested -> active):
  custom:container-demuxer-ogg: 62fdf1f143b41e24485cea50d1cbac27 -> 
  custom:video-decoder-ogg-theora: a1e56fd34408186e4bbccfd4996cb3dc -> 
  custom:framework-win-MediaFoundation: 216162199b28c13a410421893ffa2e32 -> 
  custom:CustomObjectIndexerAttribute: 4d1d7186bcbbfe361de5f0ad951e585c -> 
  custom:container-demuxer-webm: 4f35f7cbe854078d1ac9338744f61a02 -> 
  custom:container-muxer-webm: aa71ff27fc2769a1b78a27578f13a17b -> 
  custom:video-decoder-webm-vp8: 9c59270c3fd7afecdb556c50c9e8de78 -> 
  custom:SearchIndexIgnoredProperties: e643bd26f0fe6173181afceb89e7c659 -> 
  custom:AudioImporter_EditorPlatform: d09bf68614088b80899f8185d706f6e7 -> 
  custom:video-encoder-webm-vp8: eb34c28f22e8b96e1ab97ce403110664 -> 
  custom:audio-decoder-ogg-vorbis: bf7c407c2cedff20999df2af8eb42d56 -> 
  custom:audio-encoder-webm-vorbis: bf7c407c2cedff20999df2af8eb42d56 -> 
========================================================================
Received Prepare
Begin MonoManager ReloadAssembly
- Loaded All Assemblies, in  6.418 seconds
Refreshing native plugins compatible for Editor in 150.33 ms, found 3 plugins.
Native extension for LinuxStandalone target not found
Native extension for WindowsStandalone target not found
Native extension for OSXStandalone target not found
Native extension for WebGL target not found
Mono: successfully reloaded assembly
- Finished resetting the current domain, in 95.372 seconds
Domain Reload Profiling: 101780ms
	BeginReloadAssembly (807ms)
		ExecutionOrderSort (0ms)
		DisableScriptedObjects (30ms)
		BackupInstance (0ms)
		ReleaseScriptingObjects (0ms)
		CreateAndSetChildDomain (118ms)
	RebuildCommonClasses (173ms)
	RebuildNativeTypeToScriptingClass (70ms)
	initialDomainReloadingComplete (164ms)
	LoadAllAssembliesAndSetupDomain (5185ms)
		LoadAssemblies (5029ms)
		RebuildTransferFunctionScriptingTraits (0ms)
		AnalyzeDomain (660ms)
			TypeCache.Refresh (98ms)
				TypeCache.ScanAssembly (21ms)
			ScanForSourceGeneratedMonoScriptInfo (439ms)
			ResolveRequiredComponents (96ms)
	FinalizeReload (95381ms)
		ReleaseScriptCaches (0ms)
		RebuildScriptCaches (0ms)
		SetupLoadedEditorAssemblies (19517ms)
			LogAssemblyErrors (0ms)
			InitializePlatformSupportModulesInManaged (2124ms)
			SetLoadedEditorAssemblies (59ms)
			RefreshPlugins (0ms)
			BeforeProcessingInitializeOnLoad (1881ms)
			ProcessInitializeOnLoadAttributes (12782ms)
			ProcessInitializeOnLoadMethodAttributes (2541ms)
			AfterProcessingInitializeOnLoad (130ms)
			EditorAssembliesLoaded (0ms)
		ExecutionOrderSort2 (0ms)
		AwakeInstancesAfterBackupRestoration (329ms)
Refreshing native plugins compatible for Editor in 267.33 ms, found 3 plugins.
Preloading 0 native plugins for Editor in 0.00 ms.
Unloading 4984 Unused Serialized files (Serialized files now loaded: 0)
Unloading 40 unused Assets / (368.4 KB). Loaded Objects now: 5780.
Memory consumption went from 237.9 MB to 237.5 MB.
Total: 211.324200 ms (FindLiveObjects: 120.146900 ms CreateObjectMapping: 8.941800 ms MarkObjects: 79.605500 ms  DeleteObjects: 2.623500 ms)

Prepare: number of updated asset objects reloaded= 0
AssetImportParameters requested are different than current active one (requested -> active):
  custom:container-demuxer-ogg: 62fdf1f143b41e24485cea50d1cbac27 -> 
  custom:video-decoder-ogg-theora: a1e56fd34408186e4bbccfd4996cb3dc -> 
  custom:framework-win-MediaFoundation: 216162199b28c13a410421893ffa2e32 -> 
  custom:CustomObjectIndexerAttribute: 4d1d7186bcbbfe361de5f0ad951e585c -> 
  custom:container-demuxer-webm: 4f35f7cbe854078d1ac9338744f61a02 -> 
  custom:container-muxer-webm: aa71ff27fc2769a1b78a27578f13a17b -> 
  custom:video-decoder-webm-vp8: 9c59270c3fd7afecdb556c50c9e8de78 -> 
  custom:SearchIndexIgnoredProperties: e643bd26f0fe6173181afceb89e7c659 -> 
  custom:AudioImporter_EditorPlatform: d09bf68614088b80899f8185d706f6e7 -> 
  custom:video-encoder-webm-vp8: eb34c28f22e8b96e1ab97ce403110664 -> 
  custom:audio-decoder-ogg-vorbis: bf7c407c2cedff20999df2af8eb42d56 -> 
  custom:audio-encoder-webm-vorbis: bf7c407c2cedff20999df2af8eb42d56 -> 
========================================================================
Received Prepare
Begin MonoManager ReloadAssembly
- Loaded All Assemblies, in  3.861 seconds
Refreshing native plugins compatible for Editor in 24.28 ms, found 3 plugins.
Native extension for LinuxStandalone target not found
Native extension for WindowsStandalone target not found
Native extension for OSXStandalone target not found
Native extension for WebGL target not found
Mono: successfully reloaded assembly
- Finished resetting the current domain, in 10.849 seconds
Domain Reload Profiling: 14690ms
	BeginReloadAssembly (1337ms)
		ExecutionOrderSort (0ms)
		DisableScriptedObjects (28ms)
		BackupInstance (0ms)
		ReleaseScriptingObjects (0ms)
		CreateAndSetChildDomain (295ms)
	RebuildCommonClasses (190ms)
	RebuildNativeTypeToScriptingClass (84ms)
	initialDomainReloadingComplete (305ms)
	LoadAllAssembliesAndSetupDomain (1923ms)
		LoadAssemblies (2421ms)
		RebuildTransferFunctionScriptingTraits (0ms)
		AnalyzeDomain (83ms)
			TypeCache.Refresh (26ms)
				TypeCache.ScanAssembly (0ms)
			ScanForSourceGeneratedMonoScriptInfo (0ms)
			ResolveRequiredComponents (47ms)
	FinalizeReload (10851ms)
		ReleaseScriptCaches (0ms)
		RebuildScriptCaches (0ms)
		SetupLoadedEditorAssemblies (4014ms)
			LogAssemblyErrors (0ms)
			InitializePlatformSupportModulesInManaged (102ms)
			SetLoadedEditorAssemblies (13ms)
			RefreshPlugins (0ms)
			BeforeProcessingInitializeOnLoad (1316ms)
			ProcessInitializeOnLoadAttributes (2158ms)
			ProcessInitializeOnLoadMethodAttributes (383ms)
			AfterProcessingInitializeOnLoad (42ms)
			EditorAssembliesLoaded (1ms)
		ExecutionOrderSort2 (0ms)
		AwakeInstancesAfterBackupRestoration (83ms)
Refreshing native plugins compatible for Editor in 30.70 ms, found 3 plugins.
Preloading 0 native plugins for Editor in 0.00 ms.
Unloading 4984 Unused Serialized files (Serialized files now loaded: 0)
Unloading 40 unused Assets / (368.4 KB). Loaded Objects now: 5784.
Memory consumption went from 239.8 MB to 239.4 MB.
Total: 12.436300 ms (FindLiveObjects: 1.333500 ms CreateObjectMapping: 1.461000 ms MarkObjects: 9.200400 ms  DeleteObjects: 0.439300 ms)

Prepare: number of updated asset objects reloaded= 0
AssetImportParameters requested are different than current active one (requested -> active):
  custom:container-demuxer-ogg: 62fdf1f143b41e24485cea50d1cbac27 -> 
  custom:video-decoder-ogg-theora: a1e56fd34408186e4bbccfd4996cb3dc -> 
  custom:framework-win-MediaFoundation: 216162199b28c13a410421893ffa2e32 -> 
  custom:CustomObjectIndexerAttribute: 4d1d7186bcbbfe361de5f0ad951e585c -> 
  custom:container-demuxer-webm: 4f35f7cbe854078d1ac9338744f61a02 -> 
  custom:container-muxer-webm: aa71ff27fc2769a1b78a27578f13a17b -> 
  custom:video-decoder-webm-vp8: 9c59270c3fd7afecdb556c50c9e8de78 -> 
  custom:SearchIndexIgnoredProperties: e643bd26f0fe6173181afceb89e7c659 -> 
  custom:AudioImporter_EditorPlatform: d09bf68614088b80899f8185d706f6e7 -> 
  custom:video-encoder-webm-vp8: eb34c28f22e8b96e1ab97ce403110664 -> 
  custom:audio-decoder-ogg-vorbis: bf7c407c2cedff20999df2af8eb42d56 -> 
  custom:audio-encoder-webm-vorbis: bf7c407c2cedff20999df2af8eb42d56 -> 
========================================================================
Received Prepare
Begin MonoManager ReloadAssembly
- Loaded All Assemblies, in 12.494 seconds
Refreshing native plugins compatible for Editor in 77.08 ms, found 3 plugins.
Native extension for LinuxStandalone target not found
Native extension for WindowsStandalone target not found
Native extension for OSXStandalone target not found
Native extension for WebGL target not found
Mono: successfully reloaded assembly
- Finished resetting the current domain, in 71.008 seconds
Domain Reload Profiling: 83480ms
	BeginReloadAssembly (1826ms)
		ExecutionOrderSort (0ms)
		DisableScriptedObjects (102ms)
		BackupInstance (0ms)
		ReleaseScriptingObjects (6ms)
		CreateAndSetChildDomain (404ms)
	RebuildCommonClasses (1797ms)
	RebuildNativeTypeToScriptingClass (344ms)
	initialDomainReloadingComplete (616ms)
	LoadAllAssembliesAndSetupDomain (7857ms)
		LoadAssemblies (8264ms)
		RebuildTransferFunctionScriptingTraits (0ms)
		AnalyzeDomain (455ms)
			TypeCache.Refresh (56ms)
				TypeCache.ScanAssembly (0ms)
			ScanForSourceGeneratedMonoScriptInfo (2ms)
			ResolveRequiredComponents (385ms)
	FinalizeReload (71040ms)
		ReleaseScriptCaches (0ms)
		RebuildScriptCaches (0ms)
		SetupLoadedEditorAssemblies (42603ms)
			LogAssemblyErrors (0ms)
			InitializePlatformSupportModulesInManaged (547ms)
			SetLoadedEditorAssemblies (67ms)
			RefreshPlugins (0ms)
			BeforeProcessingInitializeOnLoad (16158ms)
			ProcessInitializeOnLoadAttributes (24029ms)
			ProcessInitializeOnLoadMethodAttributes (1504ms)
			AfterProcessingInitializeOnLoad (297ms)
			EditorAssembliesLoaded (1ms)
		ExecutionOrderSort2 (0ms)
		AwakeInstancesAfterBackupRestoration (922ms)
Refreshing native plugins compatible for Editor in 93.13 ms, found 3 plugins.
Preloading 0 native plugins for Editor in 0.00 ms.
Unloading 4984 Unused Serialized files (Serialized files now loaded: 0)
Unloading 40 unused Assets / (368.3 KB). Loaded Objects now: 5788.
Memory consumption went from 241.7 MB to 241.3 MB.
Total: 189.615200 ms (FindLiveObjects: 31.618100 ms CreateObjectMapping: 20.744400 ms MarkObjects: 132.873000 ms  DeleteObjects: 4.375900 ms)

Prepare: number of updated asset objects reloaded= 0
AssetImportParameters requested are different than current active one (requested -> active):
  custom:container-demuxer-ogg: 62fdf1f143b41e24485cea50d1cbac27 -> 
  custom:video-decoder-ogg-theora: a1e56fd34408186e4bbccfd4996cb3dc -> 
  custom:framework-win-MediaFoundation: 216162199b28c13a410421893ffa2e32 -> 
  custom:CustomObjectIndexerAttribute: 4d1d7186bcbbfe361de5f0ad951e585c -> 
  custom:container-demuxer-webm: 4f35f7cbe854078d1ac9338744f61a02 -> 
  custom:container-muxer-webm: aa71ff27fc2769a1b78a27578f13a17b -> 
  custom:video-decoder-webm-vp8: 9c59270c3fd7afecdb556c50c9e8de78 -> 
  custom:SearchIndexIgnoredProperties: e643bd26f0fe6173181afceb89e7c659 -> 
  custom:AudioImporter_EditorPlatform: d09bf68614088b80899f8185d706f6e7 -> 
  custom:video-encoder-webm-vp8: eb34c28f22e8b96e1ab97ce403110664 -> 
  custom:audio-decoder-ogg-vorbis: bf7c407c2cedff20999df2af8eb42d56 -> 
  custom:audio-encoder-webm-vorbis: bf7c407c2cedff20999df2af8eb42d56 -> 
========================================================================
Received Prepare
Begin MonoManager ReloadAssembly
- Loaded All Assemblies, in  6.533 seconds
Refreshing native plugins compatible for Editor in 107.83 ms, found 3 plugins.
Native extension for LinuxStandalone target not found
Native extension for WindowsStandalone target not found
Native extension for OSXStandalone target not found
Native extension for WebGL target not found
Mono: successfully reloaded assembly
- Finished resetting the current domain, in 32.945 seconds
Domain Reload Profiling: 39460ms
	BeginReloadAssembly (1277ms)
		ExecutionOrderSort (0ms)
		DisableScriptedObjects (46ms)
		BackupInstance (0ms)
		ReleaseScriptingObjects (0ms)
		CreateAndSetChildDomain (178ms)
	RebuildCommonClasses (248ms)
	RebuildNativeTypeToScriptingClass (76ms)
	initialDomainReloadingComplete (561ms)
	LoadAllAssembliesAndSetupDomain (4351ms)
		LoadAssemblies (4401ms)
		RebuildTransferFunctionScriptingTraits (0ms)
		AnalyzeDomain (512ms)
			TypeCache.Refresh (59ms)
				TypeCache.ScanAssembly (16ms)
			ScanForSourceGeneratedMonoScriptInfo (362ms)
			ResolveRequiredComponents (83ms)
	FinalizeReload (32947ms)
		ReleaseScriptCaches (0ms)
		RebuildScriptCaches (0ms)
		SetupLoadedEditorAssemblies (11645ms)
			LogAssemblyErrors (0ms)
			InitializePlatformSupportModulesInManaged (264ms)
			SetLoadedEditorAssemblies (34ms)
			RefreshPlugins (0ms)
			BeforeProcessingInitializeOnLoad (1502ms)
			ProcessInitializeOnLoadAttributes (8345ms)
			ProcessInitializeOnLoadMethodAttributes (660ms)
			AfterProcessingInitializeOnLoad (839ms)
			EditorAssembliesLoaded (0ms)
		ExecutionOrderSort2 (0ms)
		AwakeInstancesAfterBackupRestoration (487ms)
Refreshing native plugins compatible for Editor in 32.60 ms, found 3 plugins.
Preloading 0 native plugins for Editor in 0.00 ms.
Unloading 4984 Unused Serialized files (Serialized files now loaded: 0)
Unloading 40 unused Assets / (368.5 KB). Loaded Objects now: 5792.
Memory consumption went from 243.6 MB to 243.3 MB.
Total: 39.295800 ms (FindLiveObjects: 8.228000 ms CreateObjectMapping: 5.588800 ms MarkObjects: 19.060900 ms  DeleteObjects: 6.415300 ms)

Prepare: number of updated asset objects reloaded= 0
AssetImportParameters requested are different than current active one (requested -> active):
  custom:container-demuxer-ogg: 62fdf1f143b41e24485cea50d1cbac27 -> 
  custom:video-decoder-ogg-theora: a1e56fd34408186e4bbccfd4996cb3dc -> 
  custom:framework-win-MediaFoundation: 216162199b28c13a410421893ffa2e32 -> 
  custom:CustomObjectIndexerAttribute: 4d1d7186bcbbfe361de5f0ad951e585c -> 
  custom:container-demuxer-webm: 4f35f7cbe854078d1ac9338744f61a02 -> 
  custom:container-muxer-webm: aa71ff27fc2769a1b78a27578f13a17b -> 
  custom:video-decoder-webm-vp8: 9c59270c3fd7afecdb556c50c9e8de78 -> 
  custom:SearchIndexIgnoredProperties: e643bd26f0fe6173181afceb89e7c659 -> 
  custom:AudioImporter_EditorPlatform: d09bf68614088b80899f8185d706f6e7 -> 
  custom:video-encoder-webm-vp8: eb34c28f22e8b96e1ab97ce403110664 -> 
  custom:audio-decoder-ogg-vorbis: bf7c407c2cedff20999df2af8eb42d56 -> 
  custom:audio-encoder-webm-vorbis: bf7c407c2cedff20999df2af8eb42d56 -> 
========================================================================
Received Prepare
Begin MonoManager ReloadAssembly
- Loaded All Assemblies, in  3.802 seconds
Refreshing native plugins compatible for Editor in 29.46 ms, found 3 plugins.
Native extension for LinuxStandalone target not found
Native extension for WindowsStandalone target not found
Native extension for OSXStandalone target not found
Native extension for WebGL target not found
Mono: successfully reloaded assembly
- Finished resetting the current domain, in 12.755 seconds
Domain Reload Profiling: 16539ms
	BeginReloadAssembly (1201ms)
		ExecutionOrderSort (0ms)
		DisableScriptedObjects (21ms)
		BackupInstance (0ms)
		ReleaseScriptingObjects (0ms)
		CreateAndSetChildDomain (459ms)
	RebuildCommonClasses (150ms)
	RebuildNativeTypeToScriptingClass (61ms)
	initialDomainReloadingComplete (173ms)
	LoadAllAssembliesAndSetupDomain (2198ms)
		LoadAssemblies (2529ms)
		RebuildTransferFunctionScriptingTraits (0ms)
		AnalyzeDomain (94ms)
			TypeCache.Refresh (38ms)
				TypeCache.ScanAssembly (0ms)
			ScanForSourceGeneratedMonoScriptInfo (1ms)
			ResolveRequiredComponents (50ms)
	FinalizeReload (12757ms)
		ReleaseScriptCaches (0ms)
		RebuildScriptCaches (0ms)
		SetupLoadedEditorAssemblies (2420ms)
			LogAssemblyErrors (0ms)
			InitializePlatformSupportModulesInManaged (82ms)
			SetLoadedEditorAssemblies (10ms)
			RefreshPlugins (0ms)
			BeforeProcessingInitializeOnLoad (345ms)
			ProcessInitializeOnLoadAttributes (1672ms)
			ProcessInitializeOnLoadMethodAttributes (263ms)
			AfterProcessingInitializeOnLoad (47ms)
			EditorAssembliesLoaded (0ms)
		ExecutionOrderSort2 (0ms)
		AwakeInstancesAfterBackupRestoration (71ms)
Refreshing native plugins compatible for Editor in 45.64 ms, found 3 plugins.
Preloading 0 native plugins for Editor in 0.00 ms.
Unloading 4984 Unused Serialized files (Serialized files now loaded: 0)
Unloading 40 unused Assets / (368.4 KB). Loaded Objects now: 5796.
Memory consumption went from 245.5 MB to 245.2 MB.
Total: 17.434800 ms (FindLiveObjects: 3.251500 ms CreateObjectMapping: 1.114900 ms MarkObjects: 12.561600 ms  DeleteObjects: 0.504300 ms)

Prepare: number of updated asset objects reloaded= 0
AssetImportParameters requested are different than current active one (requested -> active):
  custom:container-demuxer-ogg: 62fdf1f143b41e24485cea50d1cbac27 -> 
  custom:video-decoder-ogg-theora: a1e56fd34408186e4bbccfd4996cb3dc -> 
  custom:framework-win-MediaFoundation: 216162199b28c13a410421893ffa2e32 -> 
  custom:CustomObjectIndexerAttribute: 4d1d7186bcbbfe361de5f0ad951e585c -> 
  custom:container-demuxer-webm: 4f35f7cbe854078d1ac9338744f61a02 -> 
  custom:container-muxer-webm: aa71ff27fc2769a1b78a27578f13a17b -> 
  custom:video-decoder-webm-vp8: 9c59270c3fd7afecdb556c50c9e8de78 -> 
  custom:SearchIndexIgnoredProperties: e643bd26f0fe6173181afceb89e7c659 -> 
  custom:AudioImporter_EditorPlatform: d09bf68614088b80899f8185d706f6e7 -> 
  custom:video-encoder-webm-vp8: eb34c28f22e8b96e1ab97ce403110664 -> 
  custom:audio-decoder-ogg-vorbis: bf7c407c2cedff20999df2af8eb42d56 -> 
  custom:audio-encoder-webm-vorbis: bf7c407c2cedff20999df2af8eb42d56 -> 
========================================================================
Received Prepare
Begin MonoManager ReloadAssembly
- Loaded All Assemblies, in  4.346 seconds
Refreshing native plugins compatible for Editor in 29.67 ms, found 3 plugins.
Native extension for LinuxStandalone target not found
Native extension for WindowsStandalone target not found
Native extension for OSXStandalone target not found
Native extension for WebGL target not found
Mono: successfully reloaded assembly
- Finished resetting the current domain, in 13.936 seconds
Domain Reload Profiling: 18263ms
	BeginReloadAssembly (1021ms)
		ExecutionOrderSort (0ms)
		DisableScriptedObjects (50ms)
		BackupInstance (0ms)
		ReleaseScriptingObjects (0ms)
		CreateAndSetChildDomain (225ms)
	RebuildCommonClasses (209ms)
	RebuildNativeTypeToScriptingClass (66ms)
	initialDomainReloadingComplete (258ms)
	LoadAllAssembliesAndSetupDomain (2771ms)
		LoadAssemblies (2067ms)
		RebuildTransferFunctionScriptingTraits (0ms)
		AnalyzeDomain (1195ms)
			TypeCache.Refresh (100ms)
				TypeCache.ScanAssembly (28ms)
			ScanForSourceGeneratedMonoScriptInfo (938ms)
			ResolveRequiredComponents (129ms)
	FinalizeReload (13937ms)
		ReleaseScriptCaches (0ms)
		RebuildScriptCaches (0ms)
		SetupLoadedEditorAssemblies (5233ms)
			LogAssemblyErrors (0ms)
			InitializePlatformSupportModulesInManaged (88ms)
			SetLoadedEditorAssemblies (16ms)
			RefreshPlugins (0ms)
			BeforeProcessingInitializeOnLoad (565ms)
			ProcessInitializeOnLoadAttributes (3886ms)
			ProcessInitializeOnLoadMethodAttributes (595ms)
			AfterProcessingInitializeOnLoad (82ms)
			EditorAssembliesLoaded (1ms)
		ExecutionOrderSort2 (0ms)
		AwakeInstancesAfterBackupRestoration (215ms)
Refreshing native plugins compatible for Editor in 99.92 ms, found 3 plugins.
Preloading 0 native plugins for Editor in 0.00 ms.
Unloading 4984 Unused Serialized files (Serialized files now loaded: 0)
Unloading 40 unused Assets / (368.4 KB). Loaded Objects now: 5800.
Memory consumption went from 247.5 MB to 247.1 MB.
Total: 28.036500 ms (FindLiveObjects: 3.437900 ms CreateObjectMapping: 1.602800 ms MarkObjects: 22.431600 ms  DeleteObjects: 0.561700 ms)

Prepare: number of updated asset objects reloaded= 0
AssetImportParameters requested are different than current active one (requested -> active):
  custom:container-demuxer-ogg: 62fdf1f143b41e24485cea50d1cbac27 -> 
  custom:video-decoder-ogg-theora: a1e56fd34408186e4bbccfd4996cb3dc -> 
  custom:framework-win-MediaFoundation: 216162199b28c13a410421893ffa2e32 -> 
  custom:CustomObjectIndexerAttribute: 4d1d7186bcbbfe361de5f0ad951e585c -> 
  custom:container-demuxer-webm: 4f35f7cbe854078d1ac9338744f61a02 -> 
  custom:container-muxer-webm: aa71ff27fc2769a1b78a27578f13a17b -> 
  custom:video-decoder-webm-vp8: 9c59270c3fd7afecdb556c50c9e8de78 -> 
  custom:SearchIndexIgnoredProperties: e643bd26f0fe6173181afceb89e7c659 -> 
  custom:AudioImporter_EditorPlatform: d09bf68614088b80899f8185d706f6e7 -> 
  custom:video-encoder-webm-vp8: eb34c28f22e8b96e1ab97ce403110664 -> 
  custom:audio-decoder-ogg-vorbis: bf7c407c2cedff20999df2af8eb42d56 -> 
  custom:audio-encoder-webm-vorbis: bf7c407c2cedff20999df2af8eb42d56 -> 
========================================================================
Received Prepare
Begin MonoManager ReloadAssembly
- Loaded All Assemblies, in  2.992 seconds
Refreshing native plugins compatible for Editor in 25.88 ms, found 3 plugins.
Native extension for LinuxStandalone target not found
Native extension for WindowsStandalone target not found
Native extension for OSXStandalone target not found
Native extension for WebGL target not found
Mono: successfully reloaded assembly
- Finished resetting the current domain, in  8.500 seconds
Domain Reload Profiling: 11472ms
	BeginReloadAssembly (826ms)
		ExecutionOrderSort (0ms)
		DisableScriptedObjects (26ms)
		BackupInstance (0ms)
		ReleaseScriptingObjects (0ms)
		CreateAndSetChildDomain (140ms)
	RebuildCommonClasses (384ms)
	RebuildNativeTypeToScriptingClass (66ms)
	initialDomainReloadingComplete (260ms)
	LoadAllAssembliesAndSetupDomain (1431ms)
		LoadAssemblies (1892ms)
		RebuildTransferFunctionScriptingTraits (0ms)
		AnalyzeDomain (80ms)
			TypeCache.Refresh (19ms)
				TypeCache.ScanAssembly (0ms)
			ScanForSourceGeneratedMonoScriptInfo (0ms)
			ResolveRequiredComponents (50ms)
	FinalizeReload (8503ms)
		ReleaseScriptCaches (0ms)
		RebuildScriptCaches (0ms)
		SetupLoadedEditorAssemblies (3338ms)
			LogAssemblyErrors (0ms)
			InitializePlatformSupportModulesInManaged (71ms)
			SetLoadedEditorAssemblies (16ms)
			RefreshPlugins (0ms)
			BeforeProcessingInitializeOnLoad (405ms)
			ProcessInitializeOnLoadAttributes (2546ms)
			ProcessInitializeOnLoadMethodAttributes (266ms)
			AfterProcessingInitializeOnLoad (34ms)
			EditorAssembliesLoaded (0ms)
		ExecutionOrderSort2 (0ms)
		AwakeInstancesAfterBackupRestoration (68ms)
Refreshing native plugins compatible for Editor in 25.03 ms, found 3 plugins.
Preloading 0 native plugins for Editor in 0.00 ms.
Unloading 4984 Unused Serialized files (Serialized files now loaded: 0)
Unloading 40 unused Assets / (368.4 KB). Loaded Objects now: 5804.
Memory consumption went from 249.4 MB to 249.0 MB.
Total: 17.605300 ms (FindLiveObjects: 0.864800 ms CreateObjectMapping: 1.173400 ms MarkObjects: 14.568900 ms  DeleteObjects: 0.995600 ms)

Prepare: number of updated asset objects reloaded= 0
AssetImportParameters requested are different than current active one (requested -> active):
  custom:container-demuxer-ogg: 62fdf1f143b41e24485cea50d1cbac27 -> 
  custom:video-decoder-ogg-theora: a1e56fd34408186e4bbccfd4996cb3dc -> 
  custom:framework-win-MediaFoundation: 216162199b28c13a410421893ffa2e32 -> 
  custom:CustomObjectIndexerAttribute: 4d1d7186bcbbfe361de5f0ad951e585c -> 
  custom:container-demuxer-webm: 4f35f7cbe854078d1ac9338744f61a02 -> 
  custom:container-muxer-webm: aa71ff27fc2769a1b78a27578f13a17b -> 
  custom:video-decoder-webm-vp8: 9c59270c3fd7afecdb556c50c9e8de78 -> 
  custom:SearchIndexIgnoredProperties: e643bd26f0fe6173181afceb89e7c659 -> 
  custom:AudioImporter_EditorPlatform: d09bf68614088b80899f8185d706f6e7 -> 
  custom:video-encoder-webm-vp8: eb34c28f22e8b96e1ab97ce403110664 -> 
  custom:audio-decoder-ogg-vorbis: bf7c407c2cedff20999df2af8eb42d56 -> 
  custom:audio-encoder-webm-vorbis: bf7c407c2cedff20999df2af8eb42d56 -> 
========================================================================
Received Prepare
Begin MonoManager ReloadAssembly
- Loaded All Assemblies, in 12.110 seconds
Refreshing native plugins compatible for Editor in 362.95 ms, found 3 plugins.
Native extension for LinuxStandalone target not found
Native extension for WindowsStandalone target not found
Native extension for OSXStandalone target not found
Native extension for WebGL target not found
Mono: successfully reloaded assembly
- Finished resetting the current domain, in 46.334 seconds
Domain Reload Profiling: 58449ms
	BeginReloadAssembly (1560ms)
		ExecutionOrderSort (0ms)
		DisableScriptedObjects (35ms)
		BackupInstance (0ms)
		ReleaseScriptingObjects (1ms)
		CreateAndSetChildDomain (537ms)
	RebuildCommonClasses (217ms)
	RebuildNativeTypeToScriptingClass (51ms)
	initialDomainReloadingComplete (238ms)
	LoadAllAssembliesAndSetupDomain (10047ms)
		LoadAssemblies (6084ms)
		RebuildTransferFunctionScriptingTraits (0ms)
		AnalyzeDomain (4651ms)
			TypeCache.Refresh (935ms)
				TypeCache.ScanAssembly (5ms)
			ScanForSourceGeneratedMonoScriptInfo (1403ms)
			ResolveRequiredComponents (973ms)
	FinalizeReload (46335ms)
		ReleaseScriptCaches (0ms)
		RebuildScriptCaches (0ms)
		SetupLoadedEditorAssemblies (28314ms)
			LogAssemblyErrors (0ms)
			InitializePlatformSupportModulesInManaged (305ms)
			SetLoadedEditorAssemblies (2061ms)
			RefreshPlugins (0ms)
			BeforeProcessingInitializeOnLoad (8655ms)
			ProcessInitializeOnLoadAttributes (10500ms)
			ProcessInitializeOnLoadMethodAttributes (6724ms)
			AfterProcessingInitializeOnLoad (68ms)
			EditorAssembliesLoaded (1ms)
		ExecutionOrderSort2 (0ms)
		AwakeInstancesAfterBackupRestoration (97ms)
Refreshing native plugins compatible for Editor in 29.28 ms, found 3 plugins.
Preloading 0 native plugins for Editor in 0.00 ms.
Unloading 4985 Unused Serialized files (Serialized files now loaded: 0)
Unloading 40 unused Assets / (368.5 KB). Loaded Objects now: 5809.
Memory consumption went from 251.3 MB to 251.0 MB.
Total: 20.743700 ms (FindLiveObjects: 0.908700 ms CreateObjectMapping: 1.404000 ms MarkObjects: 17.478700 ms  DeleteObjects: 0.949200 ms)

Prepare: number of updated asset objects reloaded= 0
AssetImportParameters requested are different than current active one (requested -> active):
  custom:container-demuxer-ogg: 62fdf1f143b41e24485cea50d1cbac27 -> 
  custom:video-decoder-ogg-theora: a1e56fd34408186e4bbccfd4996cb3dc -> 
  custom:framework-win-MediaFoundation: 216162199b28c13a410421893ffa2e32 -> 
  custom:CustomObjectIndexerAttribute: 4d1d7186bcbbfe361de5f0ad951e585c -> 
  custom:container-demuxer-webm: 4f35f7cbe854078d1ac9338744f61a02 -> 
  custom:container-muxer-webm: aa71ff27fc2769a1b78a27578f13a17b -> 
  custom:video-decoder-webm-vp8: 9c59270c3fd7afecdb556c50c9e8de78 -> 
  custom:SearchIndexIgnoredProperties: e643bd26f0fe6173181afceb89e7c659 -> 
  custom:AudioImporter_EditorPlatform: d09bf68614088b80899f8185d706f6e7 -> 
  custom:video-encoder-webm-vp8: eb34c28f22e8b96e1ab97ce403110664 -> 
  custom:audio-decoder-ogg-vorbis: bf7c407c2cedff20999df2af8eb42d56 -> 
  custom:audio-encoder-webm-vorbis: bf7c407c2cedff20999df2af8eb42d56 -> 
========================================================================
Received Prepare
Begin MonoManager ReloadAssembly
- Loaded All Assemblies, in  5.234 seconds
Refreshing native plugins compatible for Editor in 27.03 ms, found 3 plugins.
Native extension for LinuxStandalone target not found
Native extension for WindowsStandalone target not found
Native extension for OSXStandalone target not found
Native extension for WebGL target not found
Mono: successfully reloaded assembly
- Finished resetting the current domain, in 11.258 seconds
Domain Reload Profiling: 16427ms
	BeginReloadAssembly (2965ms)
		ExecutionOrderSort (2ms)
		DisableScriptedObjects (43ms)
		BackupInstance (0ms)
		ReleaseScriptingObjects (0ms)
		CreateAndSetChildDomain (1311ms)
	RebuildCommonClasses (209ms)
	RebuildNativeTypeToScriptingClass (64ms)
	initialDomainReloadingComplete (195ms)
	LoadAllAssembliesAndSetupDomain (1735ms)
		LoadAssemblies (2474ms)
		RebuildTransferFunctionScriptingTraits (0ms)
		AnalyzeDomain (98ms)
			TypeCache.Refresh (16ms)
				TypeCache.ScanAssembly (0ms)
			ScanForSourceGeneratedMonoScriptInfo (0ms)
			ResolveRequiredComponents (69ms)
	FinalizeReload (11259ms)
		ReleaseScriptCaches (0ms)
		RebuildScriptCaches (0ms)
		SetupLoadedEditorAssemblies (3465ms)
			LogAssemblyErrors (0ms)
			InitializePlatformSupportModulesInManaged (134ms)
			SetLoadedEditorAssemblies (19ms)
			RefreshPlugins (0ms)
			BeforeProcessingInitializeOnLoad (415ms)
			ProcessInitializeOnLoadAttributes (2362ms)
			ProcessInitializeOnLoadMethodAttributes (434ms)
			AfterProcessingInitializeOnLoad (101ms)
			EditorAssembliesLoaded (0ms)
		ExecutionOrderSort2 (0ms)
		AwakeInstancesAfterBackupRestoration (115ms)
Refreshing native plugins compatible for Editor in 613.64 ms, found 3 plugins.
Preloading 0 native plugins for Editor in 0.00 ms.
Unloading 4985 Unused Serialized files (Serialized files now loaded: 0)
Unloading 40 unused Assets / (368.3 KB). Loaded Objects now: 5813.
Memory consumption went from 253.3 MB to 252.9 MB.
Total: 135.893900 ms (FindLiveObjects: 20.586700 ms CreateObjectMapping: 1.435500 ms MarkObjects: 113.449600 ms  DeleteObjects: 0.416500 ms)

Prepare: number of updated asset objects reloaded= 0
AssetImportParameters requested are different than current active one (requested -> active):
  custom:container-demuxer-ogg: 62fdf1f143b41e24485cea50d1cbac27 -> 
  custom:video-decoder-ogg-theora: a1e56fd34408186e4bbccfd4996cb3dc -> 
  custom:framework-win-MediaFoundation: 216162199b28c13a410421893ffa2e32 -> 
  custom:CustomObjectIndexerAttribute: 4d1d7186bcbbfe361de5f0ad951e585c -> 
  custom:container-demuxer-webm: 4f35f7cbe854078d1ac9338744f61a02 -> 
  custom:container-muxer-webm: aa71ff27fc2769a1b78a27578f13a17b -> 
  custom:video-decoder-webm-vp8: 9c59270c3fd7afecdb556c50c9e8de78 -> 
  custom:SearchIndexIgnoredProperties: e643bd26f0fe6173181afceb89e7c659 -> 
  custom:AudioImporter_EditorPlatform: d09bf68614088b80899f8185d706f6e7 -> 
  custom:video-encoder-webm-vp8: eb34c28f22e8b96e1ab97ce403110664 -> 
  custom:audio-decoder-ogg-vorbis: bf7c407c2cedff20999df2af8eb42d56 -> 
  custom:audio-encoder-webm-vorbis: bf7c407c2cedff20999df2af8eb42d56 -> 
========================================================================
Received Import Request.
  Time since last request: 4399.204966 seconds.
  path: Assets/xddd/Materials/Cinder_Block 1.jpg
  artifactKey: Guid(fb258ed7485624f45bf2f84a440db936) Importer(815301076,1909f56bfc062723c751e8b465ee728b)
Start importing Assets/xddd/Materials/Cinder_Block 1.jpg using Guid(fb258ed7485624f45bf2f84a440db936) Importer(815301076,1909f56bfc062723c751e8b465ee728b)  -> (artifact id: '5042c70e44356b697dac2f0abae2f01c') in 1.246305 seconds
Number of updated asset objects reloaded before import = 0
Number of asset objects unloaded after import = 2
========================================================================
Received Import Request.
  Time since last request: 0.000681 seconds.
  path: Assets/xddd/Materials/Concrete_Block_8x8_Gray1.jpg
  artifactKey: Guid(d69f001e2ab9bae4eaa1213836184e30) Importer(815301076,1909f56bfc062723c751e8b465ee728b)
Start importing Assets/xddd/Materials/Concrete_Block_8x8_Gray1.jpg using Guid(d69f001e2ab9bae4eaa1213836184e30) Importer(815301076,1909f56bfc062723c751e8b465ee728b)  -> (artifact id: '1470dab6d5cbadf5345d3f690fdefa99') in 0.570759 seconds
Number of updated asset objects reloaded before import = 0
Number of asset objects unloaded after import = 2
========================================================================
Received Import Request.
  Time since last request: 0.000163 seconds.
  path: Assets/xddd/Materials/Concrete_Block_8x8_Gray.jpg
  artifactKey: Guid(76f808066cb8cc742ac8fd3ec0bd0b3e) Importer(815301076,1909f56bfc062723c751e8b465ee728b)
Start importing Assets/xddd/Materials/Concrete_Block_8x8_Gray.jpg using Guid(76f808066cb8cc742ac8fd3ec0bd0b3e) Importer(815301076,1909f56bfc062723c751e8b465ee728b)  -> (artifact id: '04bc7083002733d1b9488baaabdf832c') in 1.488322 seconds
Number of updated asset objects reloaded before import = 0
Number of asset objects unloaded after import = 2
========================================================================
Received Import Request.
  Time since last request: 0.147386 seconds.
  path: Assets/xddd/Materials/Concrete_Block_8x8_Gray11.jpg
  artifactKey: Guid(f0216c43595b1344cab3de5133082d76) Importer(815301076,1909f56bfc062723c751e8b465ee728b)
Start importing Assets/xddd/Materials/Concrete_Block_8x8_Gray11.jpg using Guid(f0216c43595b1344cab3de5133082d76) Importer(815301076,1909f56bfc062723c751e8b465ee728b)  -> (artifact id: 'fd1eb4977b613dc20ae898ab34fba650') in 0.129752 seconds
Number of updated asset objects reloaded before import = 0
Number of asset objects unloaded after import = 2
========================================================================
Received Import Request.
  Time since last request: 0.000292 seconds.
  path: Assets/xddd/Materials/Concrete_Block_8x8_Gray3.jpg
  artifactKey: Guid(8701bd3ceefee70479c4f767e1e63b50) Importer(815301076,1909f56bfc062723c751e8b465ee728b)
Start importing Assets/xddd/Materials/Concrete_Block_8x8_Gray3.jpg using Guid(8701bd3ceefee70479c4f767e1e63b50) Importer(815301076,1909f56bfc062723c751e8b465ee728b)  -> (artifact id: '3422b7748596d2f512d87f2671c6f853') in 0.421234 seconds
Number of updated asset objects reloaded before import = 0
Number of asset objects unloaded after import = 2
========================================================================
Received Import Request.
  Time since last request: 0.082471 seconds.
  path: Assets/xddd/Materials/Concrete_Block_8x8_Gray5.jpg
  artifactKey: Guid(d2d5ac934184c0c4e80926fd9c2e9574) Importer(815301076,1909f56bfc062723c751e8b465ee728b)
Start importing Assets/xddd/Materials/Concrete_Block_8x8_Gray5.jpg using Guid(d2d5ac934184c0c4e80926fd9c2e9574) Importer(815301076,1909f56bfc062723c751e8b465ee728b)  -> (artifact id: '93b2564debb31883d4b8e944a6dc6cfb') in 0.329345 seconds
Number of updated asset objects reloaded before import = 0
Number of asset objects unloaded after import = 2
========================================================================
Received Prepare
Begin MonoManager ReloadAssembly
- Loaded All Assemblies, in 30.144 seconds
Refreshing native plugins compatible for Editor in 34.53 ms, found 3 plugins.
Native extension for LinuxStandalone target not found
Native extension for WindowsStandalone target not found
Native extension for OSXStandalone target not found
Native extension for WebGL target not found
Mono: successfully reloaded assembly
- Finished resetting the current domain, in 26.647 seconds
Domain Reload Profiling: 56086ms
	BeginReloadAssembly (5482ms)
		ExecutionOrderSort (0ms)
		DisableScriptedObjects (72ms)
		BackupInstance (0ms)
		ReleaseScriptingObjects (1ms)
		CreateAndSetChildDomain (625ms)
	RebuildCommonClasses (3029ms)
	RebuildNativeTypeToScriptingClass (4183ms)
	initialDomainReloadingComplete (1203ms)
	LoadAllAssembliesAndSetupDomain (15530ms)
		LoadAssemblies (19388ms)
		RebuildTransferFunctionScriptingTraits (0ms)
		AnalyzeDomain (427ms)
			TypeCache.Refresh (25ms)
				TypeCache.ScanAssembly (0ms)
			ScanForSourceGeneratedMonoScriptInfo (0ms)
			ResolveRequiredComponents (392ms)
	FinalizeReload (26660ms)
		ReleaseScriptCaches (0ms)
		RebuildScriptCaches (0ms)
		SetupLoadedEditorAssemblies (13572ms)
			LogAssemblyErrors (0ms)
			InitializePlatformSupportModulesInManaged (629ms)
			SetLoadedEditorAssemblies (33ms)
			RefreshPlugins (0ms)
			BeforeProcessingInitializeOnLoad (1396ms)
			ProcessInitializeOnLoadAttributes (8495ms)
			ProcessInitializeOnLoadMethodAttributes (1898ms)
			AfterProcessingInitializeOnLoad (1117ms)
			EditorAssembliesLoaded (3ms)
		ExecutionOrderSort2 (0ms)
		AwakeInstancesAfterBackupRestoration (404ms)
Refreshing native plugins compatible for Editor in 670.66 ms, found 3 plugins.
Preloading 0 native plugins for Editor in 0.00 ms.
Unloading 4985 Unused Serialized files (Serialized files now loaded: 0)
Unloading 40 unused Assets / (368.3 KB). Loaded Objects now: 5818.
Memory consumption went from 255.2 MB to 254.8 MB.
Total: 231.077000 ms (FindLiveObjects: 75.576400 ms CreateObjectMapping: 14.467000 ms MarkObjects: 122.029800 ms  DeleteObjects: 19.000900 ms)

Prepare: number of updated asset objects reloaded= 0
AssetImportParameters requested are different than current active one (requested -> active):
  custom:container-demuxer-ogg: 62fdf1f143b41e24485cea50d1cbac27 -> 
  custom:video-decoder-ogg-theora: a1e56fd34408186e4bbccfd4996cb3dc -> 
  custom:framework-win-MediaFoundation: 216162199b28c13a410421893ffa2e32 -> 
  custom:CustomObjectIndexerAttribute: 4d1d7186bcbbfe361de5f0ad951e585c -> 
  custom:container-demuxer-webm: 4f35f7cbe854078d1ac9338744f61a02 -> 
  custom:container-muxer-webm: aa71ff27fc2769a1b78a27578f13a17b -> 
  custom:video-decoder-webm-vp8: 9c59270c3fd7afecdb556c50c9e8de78 -> 
  custom:SearchIndexIgnoredProperties: e643bd26f0fe6173181afceb89e7c659 -> 
  custom:AudioImporter_EditorPlatform: d09bf68614088b80899f8185d706f6e7 -> 
  custom:video-encoder-webm-vp8: eb34c28f22e8b96e1ab97ce403110664 -> 
  custom:audio-decoder-ogg-vorbis: bf7c407c2cedff20999df2af8eb42d56 -> 
  custom:audio-encoder-webm-vorbis: bf7c407c2cedff20999df2af8eb42d56 -> 
========================================================================
Received Prepare
Begin MonoManager ReloadAssembly
- Loaded All Assemblies, in  6.806 seconds
Refreshing native plugins compatible for Editor in 39.14 ms, found 3 plugins.
Native extension for LinuxStandalone target not found
Native extension for WindowsStandalone target not found
Native extension for OSXStandalone target not found
Native extension for WebGL target not found
Mono: successfully reloaded assembly
- Finished resetting the current domain, in 15.645 seconds
Domain Reload Profiling: 22431ms
	BeginReloadAssembly (3024ms)
		ExecutionOrderSort (0ms)
		DisableScriptedObjects (196ms)
		BackupInstance (0ms)
		ReleaseScriptingObjects (0ms)
		CreateAndSetChildDomain (655ms)
	RebuildCommonClasses (191ms)
	RebuildNativeTypeToScriptingClass (224ms)
	initialDomainReloadingComplete (666ms)
	LoadAllAssembliesAndSetupDomain (2678ms)
		LoadAssemblies (3035ms)
		RebuildTransferFunctionScriptingTraits (0ms)
		AnalyzeDomain (340ms)
			TypeCache.Refresh (191ms)
				TypeCache.ScanAssembly (0ms)
			ScanForSourceGeneratedMonoScriptInfo (1ms)
			ResolveRequiredComponents (140ms)
	FinalizeReload (15649ms)
		ReleaseScriptCaches (0ms)
		RebuildScriptCaches (0ms)
		SetupLoadedEditorAssemblies (4955ms)
			LogAssemblyErrors (0ms)
			InitializePlatformSupportModulesInManaged (277ms)
			SetLoadedEditorAssemblies (15ms)
			RefreshPlugins (0ms)
			BeforeProcessingInitializeOnLoad (961ms)
			ProcessInitializeOnLoadAttributes (3124ms)
			ProcessInitializeOnLoadMethodAttributes (512ms)
			AfterProcessingInitializeOnLoad (65ms)
			EditorAssembliesLoaded (1ms)
		ExecutionOrderSort2 (0ms)
		AwakeInstancesAfterBackupRestoration (108ms)
Refreshing native plugins compatible for Editor in 57.73 ms, found 3 plugins.
Preloading 0 native plugins for Editor in 0.00 ms.
Unloading 4985 Unused Serialized files (Serialized files now loaded: 0)
Unloading 40 unused Assets / (368.4 KB). Loaded Objects now: 5822.
Memory consumption went from 257.1 MB to 256.8 MB.
Total: 25.645300 ms (FindLiveObjects: 8.063300 ms CreateObjectMapping: 1.672200 ms MarkObjects: 14.846600 ms  DeleteObjects: 1.060300 ms)

Prepare: number of updated asset objects reloaded= 0
AssetImportParameters requested are different than current active one (requested -> active):
  custom:container-demuxer-ogg: 62fdf1f143b41e24485cea50d1cbac27 -> 
  custom:video-decoder-ogg-theora: a1e56fd34408186e4bbccfd4996cb3dc -> 
  custom:framework-win-MediaFoundation: 216162199b28c13a410421893ffa2e32 -> 
  custom:CustomObjectIndexerAttribute: 4d1d7186bcbbfe361de5f0ad951e585c -> 
  custom:container-demuxer-webm: 4f35f7cbe854078d1ac9338744f61a02 -> 
  custom:container-muxer-webm: aa71ff27fc2769a1b78a27578f13a17b -> 
  custom:video-decoder-webm-vp8: 9c59270c3fd7afecdb556c50c9e8de78 -> 
  custom:SearchIndexIgnoredProperties: e643bd26f0fe6173181afceb89e7c659 -> 
  custom:AudioImporter_EditorPlatform: d09bf68614088b80899f8185d706f6e7 -> 
  custom:video-encoder-webm-vp8: eb34c28f22e8b96e1ab97ce403110664 -> 
  custom:audio-decoder-ogg-vorbis: bf7c407c2cedff20999df2af8eb42d56 -> 
  custom:audio-encoder-webm-vorbis: bf7c407c2cedff20999df2af8eb42d56 -> 
========================================================================
Received Prepare
Begin MonoManager ReloadAssembly
- Loaded All Assemblies, in  4.233 seconds
Refreshing native plugins compatible for Editor in 24.45 ms, found 3 plugins.
Native extension for LinuxStandalone target not found
Native extension for WindowsStandalone target not found
Native extension for OSXStandalone target not found
Native extension for WebGL target not found
Mono: successfully reloaded assembly
- Finished resetting the current domain, in 17.212 seconds
Domain Reload Profiling: 21422ms
	BeginReloadAssembly (973ms)
		ExecutionOrderSort (0ms)
		DisableScriptedObjects (23ms)
		BackupInstance (0ms)
		ReleaseScriptingObjects (0ms)
		CreateAndSetChildDomain (220ms)
	RebuildCommonClasses (285ms)
	RebuildNativeTypeToScriptingClass (52ms)
	initialDomainReloadingComplete (223ms)
	LoadAllAssembliesAndSetupDomain (2675ms)
		LoadAssemblies (2956ms)
		RebuildTransferFunctionScriptingTraits (0ms)
		AnalyzeDomain (289ms)
			TypeCache.Refresh (29ms)
				TypeCache.ScanAssembly (0ms)
			ScanForSourceGeneratedMonoScriptInfo (1ms)
			ResolveRequiredComponents (251ms)
	FinalizeReload (17215ms)
		ReleaseScriptCaches (0ms)
		RebuildScriptCaches (0ms)
		SetupLoadedEditorAssemblies (6385ms)
			LogAssemblyErrors (0ms)
			InitializePlatformSupportModulesInManaged (121ms)
			SetLoadedEditorAssemblies (76ms)
			RefreshPlugins (0ms)
			BeforeProcessingInitializeOnLoad (414ms)
			ProcessInitializeOnLoadAttributes (4928ms)
			ProcessInitializeOnLoadMethodAttributes (766ms)
			AfterProcessingInitializeOnLoad (80ms)
			EditorAssembliesLoaded (1ms)
		ExecutionOrderSort2 (0ms)
		AwakeInstancesAfterBackupRestoration (159ms)
Refreshing native plugins compatible for Editor in 33.98 ms, found 3 plugins.
Preloading 0 native plugins for Editor in 0.00 ms.
Unloading 4985 Unused Serialized files (Serialized files now loaded: 0)
Unloading 40 unused Assets / (368.5 KB). Loaded Objects now: 5826.
Memory consumption went from 259.0 MB to 258.7 MB.
Total: 13.418500 ms (FindLiveObjects: 1.079400 ms CreateObjectMapping: 3.449000 ms MarkObjects: 8.296800 ms  DeleteObjects: 0.590500 ms)

Prepare: number of updated asset objects reloaded= 0
AssetImportParameters requested are different than current active one (requested -> active):
  custom:container-demuxer-ogg: 62fdf1f143b41e24485cea50d1cbac27 -> 
  custom:video-decoder-ogg-theora: a1e56fd34408186e4bbccfd4996cb3dc -> 
  custom:framework-win-MediaFoundation: 216162199b28c13a410421893ffa2e32 -> 
  custom:CustomObjectIndexerAttribute: 4d1d7186bcbbfe361de5f0ad951e585c -> 
  custom:container-demuxer-webm: 4f35f7cbe854078d1ac9338744f61a02 -> 
  custom:container-muxer-webm: aa71ff27fc2769a1b78a27578f13a17b -> 
  custom:video-decoder-webm-vp8: 9c59270c3fd7afecdb556c50c9e8de78 -> 
  custom:SearchIndexIgnoredProperties: e643bd26f0fe6173181afceb89e7c659 -> 
  custom:AudioImporter_EditorPlatform: d09bf68614088b80899f8185d706f6e7 -> 
  custom:video-encoder-webm-vp8: eb34c28f22e8b96e1ab97ce403110664 -> 
  custom:audio-decoder-ogg-vorbis: bf7c407c2cedff20999df2af8eb42d56 -> 
  custom:audio-encoder-webm-vorbis: bf7c407c2cedff20999df2af8eb42d56 -> 
========================================================================
Received Prepare
Begin MonoManager ReloadAssembly
- Loaded All Assemblies, in 16.722 seconds
Refreshing native plugins compatible for Editor in 95.14 ms, found 3 plugins.
Native extension for LinuxStandalone target not found
Native extension for WindowsStandalone target not found
Native extension for OSXStandalone target not found
Native extension for WebGL target not found
Mono: successfully reloaded assembly
- Finished resetting the current domain, in 34.203 seconds
Domain Reload Profiling: 50910ms
	BeginReloadAssembly (4115ms)
		ExecutionOrderSort (0ms)
		DisableScriptedObjects (70ms)
		BackupInstance (0ms)
		ReleaseScriptingObjects (0ms)
		CreateAndSetChildDomain (422ms)
	RebuildCommonClasses (2108ms)
	RebuildNativeTypeToScriptingClass (118ms)
	initialDomainReloadingComplete (549ms)
	LoadAllAssembliesAndSetupDomain (9814ms)
		LoadAssemblies (11653ms)
		RebuildTransferFunctionScriptingTraits (0ms)
		AnalyzeDomain (1390ms)
			TypeCache.Refresh (151ms)
				TypeCache.ScanAssembly (0ms)
			ScanForSourceGeneratedMonoScriptInfo (1ms)
			ResolveRequiredComponents (1218ms)
	FinalizeReload (34206ms)
		ReleaseScriptCaches (0ms)
		RebuildScriptCaches (0ms)
		SetupLoadedEditorAssemblies (15069ms)
			LogAssemblyErrors (0ms)
			InitializePlatformSupportModulesInManaged (145ms)
			SetLoadedEditorAssemblies (200ms)
			RefreshPlugins (0ms)
			BeforeProcessingInitializeOnLoad (1122ms)
			ProcessInitializeOnLoadAttributes (11145ms)
			ProcessInitializeOnLoadMethodAttributes (2325ms)
			AfterProcessingInitializeOnLoad (132ms)
			EditorAssembliesLoaded (1ms)
		ExecutionOrderSort2 (3ms)
		AwakeInstancesAfterBackupRestoration (199ms)
Refreshing native plugins compatible for Editor in 290.21 ms, found 3 plugins.
Preloading 0 native plugins for Editor in 0.00 ms.
Unloading 4985 Unused Serialized files (Serialized files now loaded: 0)
Unloading 40 unused Assets / (368.4 KB). Loaded Objects now: 5830.
Memory consumption went from 260.9 MB to 260.6 MB.
Total: 340.279400 ms (FindLiveObjects: 3.808800 ms CreateObjectMapping: 12.591000 ms MarkObjects: 323.171400 ms  DeleteObjects: 0.705100 ms)

Prepare: number of updated asset objects reloaded= 0
AssetImportParameters requested are different than current active one (requested -> active):
  custom:container-demuxer-ogg: 62fdf1f143b41e24485cea50d1cbac27 -> 
  custom:video-decoder-ogg-theora: a1e56fd34408186e4bbccfd4996cb3dc -> 
  custom:framework-win-MediaFoundation: 216162199b28c13a410421893ffa2e32 -> 
  custom:CustomObjectIndexerAttribute: 4d1d7186bcbbfe361de5f0ad951e585c -> 
  custom:container-demuxer-webm: 4f35f7cbe854078d1ac9338744f61a02 -> 
  custom:container-muxer-webm: aa71ff27fc2769a1b78a27578f13a17b -> 
  custom:video-decoder-webm-vp8: 9c59270c3fd7afecdb556c50c9e8de78 -> 
  custom:SearchIndexIgnoredProperties: e643bd26f0fe6173181afceb89e7c659 -> 
  custom:AudioImporter_EditorPlatform: d09bf68614088b80899f8185d706f6e7 -> 
  custom:video-encoder-webm-vp8: eb34c28f22e8b96e1ab97ce403110664 -> 
  custom:audio-decoder-ogg-vorbis: bf7c407c2cedff20999df2af8eb42d56 -> 
  custom:audio-encoder-webm-vorbis: bf7c407c2cedff20999df2af8eb42d56 -> 
========================================================================
Received Prepare
Begin MonoManager ReloadAssembly
- Loaded All Assemblies, in 26.113 seconds
Refreshing native plugins compatible for Editor in 113.13 ms, found 3 plugins.
Native extension for LinuxStandalone target not found
Native extension for WindowsStandalone target not found
Native extension for OSXStandalone target not found
Native extension for WebGL target not found
Mono: successfully reloaded assembly
- Finished resetting the current domain, in 44.074 seconds
Domain Reload Profiling: 69843ms
	BeginReloadAssembly (6969ms)
		ExecutionOrderSort (0ms)
		DisableScriptedObjects (195ms)
		BackupInstance (0ms)
		ReleaseScriptingObjects (0ms)
		CreateAndSetChildDomain (468ms)
	RebuildCommonClasses (1020ms)
	RebuildNativeTypeToScriptingClass (717ms)
	initialDomainReloadingComplete (2732ms)
	LoadAllAssembliesAndSetupDomain (14330ms)
		LoadAssemblies (18963ms)
		RebuildTransferFunctionScriptingTraits (0ms)
		AnalyzeDomain (1076ms)
			TypeCache.Refresh (62ms)
				TypeCache.ScanAssembly (0ms)
			ScanForSourceGeneratedMonoScriptInfo (1ms)
			ResolveRequiredComponents (986ms)
	FinalizeReload (44075ms)
		ReleaseScriptCaches (0ms)
		RebuildScriptCaches (0ms)
		SetupLoadedEditorAssemblies (5576ms)
			LogAssemblyErrors (0ms)
			InitializePlatformSupportModulesInManaged (114ms)
			SetLoadedEditorAssemblies (27ms)
			RefreshPlugins (0ms)
			BeforeProcessingInitializeOnLoad (576ms)
			ProcessInitializeOnLoadAttributes (4330ms)
			ProcessInitializeOnLoadMethodAttributes (435ms)
			AfterProcessingInitializeOnLoad (94ms)
			EditorAssembliesLoaded (1ms)
		ExecutionOrderSort2 (0ms)
		AwakeInstancesAfterBackupRestoration (189ms)
Script is not up to date after domain reload: guid(a60a7757baeef6349afd4e5d4e003ffc) path("Assets/HoverIdleEffect.cs") state(2)
Refreshing native plugins compatible for Editor in 150.54 ms, found 3 plugins.
Preloading 0 native plugins for Editor in 0.00 ms.
Unloading 4984 Unused Serialized files (Serialized files now loaded: 0)
Unloading 40 unused Assets / (368.4 KB). Loaded Objects now: 5833.
Memory consumption went from 263.0 MB to 262.6 MB.
Total: 301.467800 ms (FindLiveObjects: 95.102000 ms CreateObjectMapping: 115.129600 ms MarkObjects: 90.489100 ms  DeleteObjects: 0.744200 ms)

Prepare: number of updated asset objects reloaded= 0
AssetImportParameters requested are different than current active one (requested -> active):
  custom:container-demuxer-ogg: 62fdf1f143b41e24485cea50d1cbac27 -> 
  custom:video-decoder-ogg-theora: a1e56fd34408186e4bbccfd4996cb3dc -> 
  custom:framework-win-MediaFoundation: 216162199b28c13a410421893ffa2e32 -> 
  custom:CustomObjectIndexerAttribute: 4d1d7186bcbbfe361de5f0ad951e585c -> 
  custom:container-demuxer-webm: 4f35f7cbe854078d1ac9338744f61a02 -> 
  custom:container-muxer-webm: aa71ff27fc2769a1b78a27578f13a17b -> 
  custom:video-decoder-webm-vp8: 9c59270c3fd7afecdb556c50c9e8de78 -> 
  custom:SearchIndexIgnoredProperties: e643bd26f0fe6173181afceb89e7c659 -> 
  custom:AudioImporter_EditorPlatform: d09bf68614088b80899f8185d706f6e7 -> 
  custom:video-encoder-webm-vp8: eb34c28f22e8b96e1ab97ce403110664 -> 
  custom:audio-decoder-ogg-vorbis: bf7c407c2cedff20999df2af8eb42d56 -> 
  custom:audio-encoder-webm-vorbis: bf7c407c2cedff20999df2af8eb42d56 -> 
========================================================================
Received Prepare
Begin MonoManager ReloadAssembly
- Loaded All Assemblies, in 15.245 seconds
Refreshing native plugins compatible for Editor in 72.61 ms, found 3 plugins.
Native extension for LinuxStandalone target not found
Native extension for WindowsStandalone target not found
Native extension for OSXStandalone target not found
Native extension for WebGL target not found
Mono: successfully reloaded assembly
- Finished resetting the current domain, in 43.441 seconds
Domain Reload Profiling: 58567ms
	BeginReloadAssembly (5274ms)
		ExecutionOrderSort (0ms)
		DisableScriptedObjects (199ms)
		BackupInstance (0ms)
		ReleaseScriptingObjects (0ms)
		CreateAndSetChildDomain (368ms)
	RebuildCommonClasses (1784ms)
	RebuildNativeTypeToScriptingClass (296ms)
	initialDomainReloadingComplete (1272ms)
	LoadAllAssembliesAndSetupDomain (6494ms)
		LoadAssemblies (9112ms)
		RebuildTransferFunctionScriptingTraits (0ms)
		AnalyzeDomain (723ms)
			TypeCache.Refresh (140ms)
				TypeCache.ScanAssembly (6ms)
			ScanForSourceGeneratedMonoScriptInfo (423ms)
			ResolveRequiredComponents (151ms)
	FinalizeReload (43445ms)
		ReleaseScriptCaches (0ms)
		RebuildScriptCaches (0ms)
		SetupLoadedEditorAssemblies (17109ms)
			LogAssemblyErrors (0ms)
			InitializePlatformSupportModulesInManaged (668ms)
			SetLoadedEditorAssemblies (66ms)
			RefreshPlugins (0ms)
			BeforeProcessingInitializeOnLoad (2441ms)
			ProcessInitializeOnLoadAttributes (11157ms)
			ProcessInitializeOnLoadMethodAttributes (2609ms)
			AfterProcessingInitializeOnLoad (166ms)
			EditorAssembliesLoaded (2ms)
		ExecutionOrderSort2 (0ms)
		AwakeInstancesAfterBackupRestoration (190ms)
Refreshing native plugins compatible for Editor in 102.57 ms, found 3 plugins.
Preloading 0 native plugins for Editor in 0.00 ms.
Unloading 4985 Unused Serialized files (Serialized files now loaded: 0)
Unloading 40 unused Assets / (368.6 KB). Loaded Objects now: 5838.
Memory consumption went from 264.9 MB to 264.5 MB.
Total: 220.749400 ms (FindLiveObjects: 63.149400 ms CreateObjectMapping: 19.893600 ms MarkObjects: 97.678200 ms  DeleteObjects: 40.025200 ms)

Prepare: number of updated asset objects reloaded= 0
AssetImportParameters requested are different than current active one (requested -> active):
  custom:container-demuxer-ogg: 62fdf1f143b41e24485cea50d1cbac27 -> 
  custom:video-decoder-ogg-theora: a1e56fd34408186e4bbccfd4996cb3dc -> 
  custom:framework-win-MediaFoundation: 216162199b28c13a410421893ffa2e32 -> 
  custom:CustomObjectIndexerAttribute: 4d1d7186bcbbfe361de5f0ad951e585c -> 
  custom:container-demuxer-webm: 4f35f7cbe854078d1ac9338744f61a02 -> 
  custom:container-muxer-webm: aa71ff27fc2769a1b78a27578f13a17b -> 
  custom:video-decoder-webm-vp8: 9c59270c3fd7afecdb556c50c9e8de78 -> 
  custom:SearchIndexIgnoredProperties: e643bd26f0fe6173181afceb89e7c659 -> 
  custom:AudioImporter_EditorPlatform: d09bf68614088b80899f8185d706f6e7 -> 
  custom:video-encoder-webm-vp8: eb34c28f22e8b96e1ab97ce403110664 -> 
  custom:audio-decoder-ogg-vorbis: bf7c407c2cedff20999df2af8eb42d56 -> 
  custom:audio-encoder-webm-vorbis: bf7c407c2cedff20999df2af8eb42d56 -> 
========================================================================
Received Prepare
Begin MonoManager ReloadAssembly
- Loaded All Assemblies, in 17.326 seconds
Refreshing native plugins compatible for Editor in 1257.17 ms, found 3 plugins.
Native extension for LinuxStandalone target not found
Native extension for WindowsStandalone target not found
Native extension for OSXStandalone target not found
Native extension for WebGL target not found
Mono: successfully reloaded assembly
- Finished resetting the current domain, in 60.952 seconds
Domain Reload Profiling: 78012ms
	BeginReloadAssembly (7274ms)
		ExecutionOrderSort (1ms)
		DisableScriptedObjects (61ms)
		BackupInstance (0ms)
		ReleaseScriptingObjects (0ms)
		CreateAndSetChildDomain (1258ms)
	RebuildCommonClasses (442ms)
	RebuildNativeTypeToScriptingClass (120ms)
	initialDomainReloadingComplete (709ms)
	LoadAllAssembliesAndSetupDomain (8511ms)
		LoadAssemblies (10208ms)
		RebuildTransferFunctionScriptingTraits (0ms)
		AnalyzeDomain (1540ms)
			TypeCache.Refresh (259ms)
				TypeCache.ScanAssembly (7ms)
			ScanForSourceGeneratedMonoScriptInfo (1036ms)
			ResolveRequiredComponents (207ms)
	FinalizeReload (60955ms)
		ReleaseScriptCaches (0ms)
		RebuildScriptCaches (0ms)
		SetupLoadedEditorAssemblies (21298ms)
			LogAssemblyErrors (6ms)
			InitializePlatformSupportModulesInManaged (601ms)
			SetLoadedEditorAssemblies (79ms)
			RefreshPlugins (0ms)
			BeforeProcessingInitializeOnLoad (1854ms)
			ProcessInitializeOnLoadAttributes (16495ms)
			ProcessInitializeOnLoadMethodAttributes (2142ms)
			AfterProcessingInitializeOnLoad (120ms)
			EditorAssembliesLoaded (2ms)
		ExecutionOrderSort2 (1ms)
		AwakeInstancesAfterBackupRestoration (798ms)
Refreshing native plugins compatible for Editor in 63.15 ms, found 3 plugins.
Preloading 0 native plugins for Editor in 0.00 ms.
Unloading 4985 Unused Serialized files (Serialized files now loaded: 0)
Unloading 40 unused Assets / (368.6 KB). Loaded Objects now: 5842.
Memory consumption went from 266.8 MB to 266.5 MB.
Total: 29.937200 ms (FindLiveObjects: 6.654900 ms CreateObjectMapping: 2.895400 ms MarkObjects: 18.032400 ms  DeleteObjects: 2.347700 ms)

Prepare: number of updated asset objects reloaded= 0
AssetImportParameters requested are different than current active one (requested -> active):
  custom:container-demuxer-ogg: 62fdf1f143b41e24485cea50d1cbac27 -> 
  custom:video-decoder-ogg-theora: a1e56fd34408186e4bbccfd4996cb3dc -> 
  custom:framework-win-MediaFoundation: 216162199b28c13a410421893ffa2e32 -> 
  custom:CustomObjectIndexerAttribute: 4d1d7186bcbbfe361de5f0ad951e585c -> 
  custom:container-demuxer-webm: 4f35f7cbe854078d1ac9338744f61a02 -> 
  custom:container-muxer-webm: aa71ff27fc2769a1b78a27578f13a17b -> 
  custom:video-decoder-webm-vp8: 9c59270c3fd7afecdb556c50c9e8de78 -> 
  custom:SearchIndexIgnoredProperties: e643bd26f0fe6173181afceb89e7c659 -> 
  custom:AudioImporter_EditorPlatform: d09bf68614088b80899f8185d706f6e7 -> 
  custom:video-encoder-webm-vp8: eb34c28f22e8b96e1ab97ce403110664 -> 
  custom:audio-decoder-ogg-vorbis: bf7c407c2cedff20999df2af8eb42d56 -> 
  custom:audio-encoder-webm-vorbis: bf7c407c2cedff20999df2af8eb42d56 -> 
========================================================================
Received Prepare
Begin MonoManager ReloadAssembly
- Loaded All Assemblies, in 13.728 seconds
Refreshing native plugins compatible for Editor in 75.94 ms, found 3 plugins.
Native extension for LinuxStandalone target not found
Native extension for WindowsStandalone target not found
Native extension for OSXStandalone target not found
Native extension for WebGL target not found
Mono: successfully reloaded assembly
- Finished resetting the current domain, in  8.862 seconds
Domain Reload Profiling: 22549ms
	BeginReloadAssembly (7820ms)
		ExecutionOrderSort (0ms)
		DisableScriptedObjects (63ms)
		BackupInstance (0ms)
		ReleaseScriptingObjects (0ms)
		CreateAndSetChildDomain (2102ms)
	RebuildCommonClasses (457ms)
	RebuildNativeTypeToScriptingClass (180ms)
	initialDomainReloadingComplete (466ms)
	LoadAllAssembliesAndSetupDomain (4761ms)
		LoadAssemblies (9290ms)
		RebuildTransferFunctionScriptingTraits (0ms)
		AnalyzeDomain (751ms)
			TypeCache.Refresh (195ms)
				TypeCache.ScanAssembly (4ms)
			ScanForSourceGeneratedMonoScriptInfo (440ms)
			ResolveRequiredComponents (94ms)
	FinalizeReload (8864ms)
		ReleaseScriptCaches (0ms)
		RebuildScriptCaches (0ms)
		SetupLoadedEditorAssemblies (3017ms)
			LogAssemblyErrors (0ms)
			InitializePlatformSupportModulesInManaged (78ms)
			SetLoadedEditorAssemblies (10ms)
			RefreshPlugins (0ms)
			BeforeProcessingInitializeOnLoad (440ms)
			ProcessInitializeOnLoadAttributes (2125ms)
			ProcessInitializeOnLoadMethodAttributes (320ms)
			AfterProcessingInitializeOnLoad (43ms)
			EditorAssembliesLoaded (0ms)
		ExecutionOrderSort2 (0ms)
		AwakeInstancesAfterBackupRestoration (85ms)
Refreshing native plugins compatible for Editor in 29.86 ms, found 3 plugins.
Preloading 0 native plugins for Editor in 0.00 ms.
Unloading 4985 Unused Serialized files (Serialized files now loaded: 0)
Unloading 40 unused Assets / (368.5 KB). Loaded Objects now: 5846.
Memory consumption went from 268.7 MB to 268.4 MB.
Total: 34.250000 ms (FindLiveObjects: 1.475600 ms CreateObjectMapping: 2.568600 ms MarkObjects: 29.435000 ms  DeleteObjects: 0.768700 ms)

Prepare: number of updated asset objects reloaded= 0
AssetImportParameters requested are different than current active one (requested -> active):
  custom:container-demuxer-ogg: 62fdf1f143b41e24485cea50d1cbac27 -> 
  custom:video-decoder-ogg-theora: a1e56fd34408186e4bbccfd4996cb3dc -> 
  custom:framework-win-MediaFoundation: 216162199b28c13a410421893ffa2e32 -> 
  custom:CustomObjectIndexerAttribute: 4d1d7186bcbbfe361de5f0ad951e585c -> 
  custom:container-demuxer-webm: 4f35f7cbe854078d1ac9338744f61a02 -> 
  custom:container-muxer-webm: aa71ff27fc2769a1b78a27578f13a17b -> 
  custom:video-decoder-webm-vp8: 9c59270c3fd7afecdb556c50c9e8de78 -> 
  custom:SearchIndexIgnoredProperties: e643bd26f0fe6173181afceb89e7c659 -> 
  custom:AudioImporter_EditorPlatform: d09bf68614088b80899f8185d706f6e7 -> 
  custom:video-encoder-webm-vp8: eb34c28f22e8b96e1ab97ce403110664 -> 
  custom:audio-decoder-ogg-vorbis: bf7c407c2cedff20999df2af8eb42d56 -> 
  custom:audio-encoder-webm-vorbis: bf7c407c2cedff20999df2af8eb42d56 -> 
========================================================================
Received Prepare
Begin MonoManager ReloadAssembly
- Loaded All Assemblies, in  3.700 seconds
Refreshing native plugins compatible for Editor in 38.65 ms, found 3 plugins.
Native extension for LinuxStandalone target not found
Native extension for WindowsStandalone target not found
Native extension for OSXStandalone target not found
Native extension for WebGL target not found
Mono: successfully reloaded assembly
- Finished resetting the current domain, in 14.587 seconds
Domain Reload Profiling: 18211ms
	BeginReloadAssembly (1049ms)
		ExecutionOrderSort (0ms)
		DisableScriptedObjects (29ms)
		BackupInstance (0ms)
		ReleaseScriptingObjects (0ms)
		CreateAndSetChildDomain (202ms)
	RebuildCommonClasses (305ms)
	RebuildNativeTypeToScriptingClass (114ms)
	initialDomainReloadingComplete (234ms)
	LoadAllAssembliesAndSetupDomain (1921ms)
		LoadAssemblies (2430ms)
		RebuildTransferFunctionScriptingTraits (0ms)
		AnalyzeDomain (118ms)
			TypeCache.Refresh (22ms)
				TypeCache.ScanAssembly (0ms)
			ScanForSourceGeneratedMonoScriptInfo (1ms)
			ResolveRequiredComponents (82ms)
	FinalizeReload (14588ms)
		ReleaseScriptCaches (0ms)
		RebuildScriptCaches (0ms)
		SetupLoadedEditorAssemblies (3719ms)
			LogAssemblyErrors (0ms)
			InitializePlatformSupportModulesInManaged (78ms)
			SetLoadedEditorAssemblies (14ms)
			RefreshPlugins (0ms)
			BeforeProcessingInitializeOnLoad (585ms)
			ProcessInitializeOnLoadAttributes (2650ms)
			ProcessInitializeOnLoadMethodAttributes (296ms)
			AfterProcessingInitializeOnLoad (94ms)
			EditorAssembliesLoaded (2ms)
		ExecutionOrderSort2 (0ms)
		AwakeInstancesAfterBackupRestoration (115ms)
Refreshing native plugins compatible for Editor in 30.64 ms, found 3 plugins.
Preloading 0 native plugins for Editor in 0.00 ms.
Unloading 4985 Unused Serialized files (Serialized files now loaded: 0)
Unloading 40 unused Assets / (368.4 KB). Loaded Objects now: 5850.
Memory consumption went from 270.7 MB to 270.3 MB.
Total: 14.385200 ms (FindLiveObjects: 0.845300 ms CreateObjectMapping: 0.894800 ms MarkObjects: 12.183200 ms  DeleteObjects: 0.456400 ms)

Prepare: number of updated asset objects reloaded= 0
AssetImportParameters requested are different than current active one (requested -> active):
  custom:container-demuxer-ogg: 62fdf1f143b41e24485cea50d1cbac27 -> 
  custom:video-decoder-ogg-theora: a1e56fd34408186e4bbccfd4996cb3dc -> 
  custom:framework-win-MediaFoundation: 216162199b28c13a410421893ffa2e32 -> 
  custom:CustomObjectIndexerAttribute: 4d1d7186bcbbfe361de5f0ad951e585c -> 
  custom:container-demuxer-webm: 4f35f7cbe854078d1ac9338744f61a02 -> 
  custom:container-muxer-webm: aa71ff27fc2769a1b78a27578f13a17b -> 
  custom:video-decoder-webm-vp8: 9c59270c3fd7afecdb556c50c9e8de78 -> 
  custom:SearchIndexIgnoredProperties: e643bd26f0fe6173181afceb89e7c659 -> 
  custom:AudioImporter_EditorPlatform: d09bf68614088b80899f8185d706f6e7 -> 
  custom:video-encoder-webm-vp8: eb34c28f22e8b96e1ab97ce403110664 -> 
  custom:audio-decoder-ogg-vorbis: bf7c407c2cedff20999df2af8eb42d56 -> 
  custom:audio-encoder-webm-vorbis: bf7c407c2cedff20999df2af8eb42d56 -> 
========================================================================
Received Prepare
Begin MonoManager ReloadAssembly
- Loaded All Assemblies, in  8.064 seconds
Refreshing native plugins compatible for Editor in 48.70 ms, found 3 plugins.
Native extension for LinuxStandalone target not found
Native extension for WindowsStandalone target not found
Native extension for OSXStandalone target not found
Native extension for WebGL target not found
Mono: successfully reloaded assembly
- Finished resetting the current domain, in 91.689 seconds
Domain Reload Profiling: 99721ms
	BeginReloadAssembly (3232ms)
		ExecutionOrderSort (0ms)
		DisableScriptedObjects (163ms)
		BackupInstance (0ms)
		ReleaseScriptingObjects (0ms)
		CreateAndSetChildDomain (312ms)
	RebuildCommonClasses (241ms)
	RebuildNativeTypeToScriptingClass (410ms)
	initialDomainReloadingComplete (314ms)
	LoadAllAssembliesAndSetupDomain (3832ms)
		LoadAssemblies (5600ms)
		RebuildTransferFunctionScriptingTraits (0ms)
		AnalyzeDomain (519ms)
			TypeCache.Refresh (60ms)
				TypeCache.ScanAssembly (3ms)
			ScanForSourceGeneratedMonoScriptInfo (351ms)
			ResolveRequiredComponents (101ms)
	FinalizeReload (91692ms)
		ReleaseScriptCaches (0ms)
		RebuildScriptCaches (0ms)
		SetupLoadedEditorAssemblies (57952ms)
			LogAssemblyErrors (0ms)
			InitializePlatformSupportModulesInManaged (11637ms)
			SetLoadedEditorAssemblies (3438ms)
			RefreshPlugins (0ms)
			BeforeProcessingInitializeOnLoad (7817ms)
			ProcessInitializeOnLoadAttributes (27948ms)
			ProcessInitializeOnLoadMethodAttributes (5719ms)
			AfterProcessingInitializeOnLoad (1364ms)
			EditorAssembliesLoaded (30ms)
		ExecutionOrderSort2 (1ms)
		AwakeInstancesAfterBackupRestoration (13854ms)
Refreshing native plugins compatible for Editor in 114.69 ms, found 3 plugins.
Preloading 0 native plugins for Editor in 0.00 ms.
Unloading 4985 Unused Serialized files (Serialized files now loaded: 0)
Unloading 40 unused Assets / (368.7 KB). Loaded Objects now: 5854.
Memory consumption went from 272.6 MB to 272.2 MB.
Total: 317.527100 ms (FindLiveObjects: 20.977600 ms CreateObjectMapping: 58.278800 ms MarkObjects: 237.169400 ms  DeleteObjects: 1.098100 ms)

Prepare: number of updated asset objects reloaded= 0
AssetImportParameters requested are different than current active one (requested -> active):
  custom:container-demuxer-ogg: 62fdf1f143b41e24485cea50d1cbac27 -> 
  custom:video-decoder-ogg-theora: a1e56fd34408186e4bbccfd4996cb3dc -> 
  custom:framework-win-MediaFoundation: 216162199b28c13a410421893ffa2e32 -> 
  custom:CustomObjectIndexerAttribute: 4d1d7186bcbbfe361de5f0ad951e585c -> 
  custom:container-demuxer-webm: 4f35f7cbe854078d1ac9338744f61a02 -> 
  custom:container-muxer-webm: aa71ff27fc2769a1b78a27578f13a17b -> 
  custom:video-decoder-webm-vp8: 9c59270c3fd7afecdb556c50c9e8de78 -> 
  custom:SearchIndexIgnoredProperties: e643bd26f0fe6173181afceb89e7c659 -> 
  custom:AudioImporter_EditorPlatform: d09bf68614088b80899f8185d706f6e7 -> 
  custom:video-encoder-webm-vp8: eb34c28f22e8b96e1ab97ce403110664 -> 
  custom:audio-decoder-ogg-vorbis: bf7c407c2cedff20999df2af8eb42d56 -> 
  custom:audio-encoder-webm-vorbis: bf7c407c2cedff20999df2af8eb42d56 -> 
========================================================================
Received Prepare
Begin MonoManager ReloadAssembly
- Loaded All Assemblies, in 17.573 seconds
Refreshing native plugins compatible for Editor in 151.87 ms, found 3 plugins.
Native extension for LinuxStandalone target not found
Native extension for WindowsStandalone target not found
Native extension for OSXStandalone target not found
Native extension for WebGL target not found
Mono: successfully reloaded assembly
- Finished resetting the current domain, in 76.122 seconds
Domain Reload Profiling: 93341ms
	BeginReloadAssembly (6715ms)
		ExecutionOrderSort (0ms)
		DisableScriptedObjects (361ms)
		BackupInstance (0ms)
		ReleaseScriptingObjects (0ms)
		CreateAndSetChildDomain (296ms)
	RebuildCommonClasses (1716ms)
	RebuildNativeTypeToScriptingClass (326ms)
	initialDomainReloadingComplete (353ms)
	LoadAllAssembliesAndSetupDomain (8102ms)
		LoadAssemblies (10365ms)
		RebuildTransferFunctionScriptingTraits (0ms)
		AnalyzeDomain (210ms)
			TypeCache.Refresh (53ms)
				TypeCache.ScanAssembly (0ms)
			ScanForSourceGeneratedMonoScriptInfo (1ms)
			ResolveRequiredComponents (139ms)
	FinalizeReload (76129ms)
		ReleaseScriptCaches (0ms)
		RebuildScriptCaches (0ms)
		SetupLoadedEditorAssemblies (35573ms)
			LogAssemblyErrors (0ms)
			InitializePlatformSupportModulesInManaged (1200ms)
			SetLoadedEditorAssemblies (147ms)
			RefreshPlugins (0ms)
			BeforeProcessingInitializeOnLoad (2255ms)
			ProcessInitializeOnLoadAttributes (10594ms)
			ProcessInitializeOnLoadMethodAttributes (19686ms)
			AfterProcessingInitializeOnLoad (1632ms)
			EditorAssembliesLoaded (59ms)
		ExecutionOrderSort2 (10ms)
		AwakeInstancesAfterBackupRestoration (3220ms)
Refreshing native plugins compatible for Editor in 108.38 ms, found 3 plugins.
Preloading 0 native plugins for Editor in 0.00 ms.
Unloading 4985 Unused Serialized files (Serialized files now loaded: 0)
Unloading 40 unused Assets / (368.6 KB). Loaded Objects now: 5858.
Memory consumption went from 274.5 MB to 274.1 MB.
Total: 520.864300 ms (FindLiveObjects: 499.841800 ms CreateObjectMapping: 3.955800 ms MarkObjects: 16.211800 ms  DeleteObjects: 0.851700 ms)

Prepare: number of updated asset objects reloaded= 0
AssetImportParameters requested are different than current active one (requested -> active):
  custom:container-demuxer-ogg: 62fdf1f143b41e24485cea50d1cbac27 -> 
  custom:video-decoder-ogg-theora: a1e56fd34408186e4bbccfd4996cb3dc -> 
  custom:framework-win-MediaFoundation: 216162199b28c13a410421893ffa2e32 -> 
  custom:CustomObjectIndexerAttribute: 4d1d7186bcbbfe361de5f0ad951e585c -> 
  custom:container-demuxer-webm: 4f35f7cbe854078d1ac9338744f61a02 -> 
  custom:container-muxer-webm: aa71ff27fc2769a1b78a27578f13a17b -> 
  custom:video-decoder-webm-vp8: 9c59270c3fd7afecdb556c50c9e8de78 -> 
  custom:SearchIndexIgnoredProperties: e643bd26f0fe6173181afceb89e7c659 -> 
  custom:AudioImporter_EditorPlatform: d09bf68614088b80899f8185d706f6e7 -> 
  custom:video-encoder-webm-vp8: eb34c28f22e8b96e1ab97ce403110664 -> 
  custom:audio-decoder-ogg-vorbis: bf7c407c2cedff20999df2af8eb42d56 -> 
  custom:audio-encoder-webm-vorbis: bf7c407c2cedff20999df2af8eb42d56 -> 
========================================================================
Received Import Request.
  Time since last request: 1533.179716 seconds.
  path: Assets/HoverIdleEffect.cs
  artifactKey: Guid(a60a7757baeef6349afd4e5d4e003ffc) Importer(815301076,1909f56bfc062723c751e8b465ee728b)
Start importing Assets/HoverIdleEffect.cs using Guid(a60a7757baeef6349afd4e5d4e003ffc) Importer(815301076,1909f56bfc062723c751e8b465ee728b)  -> (artifact id: '96f88990921c7a4940aff0c0ba174e59') in 0.062617 seconds
Number of updated asset objects reloaded before import = 0
Number of asset objects unloaded after import = 0
========================================================================
Received Prepare
Begin MonoManager ReloadAssembly
- Loaded All Assemblies, in  5.925 seconds
Refreshing native plugins compatible for Editor in 46.25 ms, found 3 plugins.
Native extension for LinuxStandalone target not found
Native extension for WindowsStandalone target not found
Native extension for OSXStandalone target not found
Native extension for WebGL target not found
Mono: successfully reloaded assembly
- Finished resetting the current domain, in 19.533 seconds
Domain Reload Profiling: 25436ms
	BeginReloadAssembly (1739ms)
		ExecutionOrderSort (0ms)
		DisableScriptedObjects (26ms)
		BackupInstance (0ms)
		ReleaseScriptingObjects (0ms)
		CreateAndSetChildDomain (603ms)
	RebuildCommonClasses (264ms)
	RebuildNativeTypeToScriptingClass (132ms)
	initialDomainReloadingComplete (253ms)
	LoadAllAssembliesAndSetupDomain (3512ms)
		LoadAssemblies (4076ms)
		RebuildTransferFunctionScriptingTraits (0ms)
		AnalyzeDomain (321ms)
			TypeCache.Refresh (70ms)
				TypeCache.ScanAssembly (9ms)
			ScanForSourceGeneratedMonoScriptInfo (162ms)
			ResolveRequiredComponents (82ms)
	FinalizeReload (19535ms)
		ReleaseScriptCaches (0ms)
		RebuildScriptCaches (0ms)
		SetupLoadedEditorAssemblies (5068ms)
			LogAssemblyErrors (0ms)
			InitializePlatformSupportModulesInManaged (409ms)
			SetLoadedEditorAssemblies (21ms)
			RefreshPlugins (0ms)
			BeforeProcessingInitializeOnLoad (537ms)
			ProcessInitializeOnLoadAttributes (3682ms)
			ProcessInitializeOnLoadMethodAttributes (380ms)
			AfterProcessingInitializeOnLoad (38ms)
			EditorAssembliesLoaded (1ms)
		ExecutionOrderSort2 (0ms)
		AwakeInstancesAfterBackupRestoration (132ms)
Refreshing native plugins compatible for Editor in 32.09 ms, found 3 plugins.
Preloading 0 native plugins for Editor in 0.00 ms.
Unloading 4985 Unused Serialized files (Serialized files now loaded: 0)
Unloading 40 unused Assets / (368.7 KB). Loaded Objects now: 5862.
Memory consumption went from 276.4 MB to 276.1 MB.
Total: 9.785400 ms (FindLiveObjects: 0.972600 ms CreateObjectMapping: 1.266600 ms MarkObjects: 7.076700 ms  DeleteObjects: 0.467500 ms)

Prepare: number of updated asset objects reloaded= 0
AssetImportParameters requested are different than current active one (requested -> active):
  custom:container-demuxer-ogg: 62fdf1f143b41e24485cea50d1cbac27 -> 
  custom:video-decoder-ogg-theora: a1e56fd34408186e4bbccfd4996cb3dc -> 
  custom:framework-win-MediaFoundation: 216162199b28c13a410421893ffa2e32 -> 
  custom:CustomObjectIndexerAttribute: 4d1d7186bcbbfe361de5f0ad951e585c -> 
  custom:container-demuxer-webm: 4f35f7cbe854078d1ac9338744f61a02 -> 
  custom:container-muxer-webm: aa71ff27fc2769a1b78a27578f13a17b -> 
  custom:video-decoder-webm-vp8: 9c59270c3fd7afecdb556c50c9e8de78 -> 
  custom:SearchIndexIgnoredProperties: e643bd26f0fe6173181afceb89e7c659 -> 
  custom:AudioImporter_EditorPlatform: d09bf68614088b80899f8185d706f6e7 -> 
  custom:video-encoder-webm-vp8: eb34c28f22e8b96e1ab97ce403110664 -> 
  custom:audio-decoder-ogg-vorbis: bf7c407c2cedff20999df2af8eb42d56 -> 
  custom:audio-encoder-webm-vorbis: bf7c407c2cedff20999df2af8eb42d56 -> 
========================================================================
Received Prepare
Begin MonoManager ReloadAssembly
- Loaded All Assemblies, in  3.500 seconds
Refreshing native plugins compatible for Editor in 27.56 ms, found 3 plugins.
Native extension for LinuxStandalone target not found
Native extension for WindowsStandalone target not found
Native extension for OSXStandalone target not found
Native extension for WebGL target not found
Mono: successfully reloaded assembly
- Finished resetting the current domain, in 10.180 seconds
Domain Reload Profiling: 13659ms
	BeginReloadAssembly (1196ms)
		ExecutionOrderSort (0ms)
		DisableScriptedObjects (29ms)
		BackupInstance (0ms)
		ReleaseScriptingObjects (0ms)
		CreateAndSetChildDomain (136ms)
	RebuildCommonClasses (630ms)
	RebuildNativeTypeToScriptingClass (60ms)
	initialDomainReloadingComplete (162ms)
	LoadAllAssembliesAndSetupDomain (1430ms)
		LoadAssemblies (2166ms)
		RebuildTransferFunctionScriptingTraits (0ms)
		AnalyzeDomain (92ms)
			TypeCache.Refresh (16ms)
				TypeCache.ScanAssembly (0ms)
			ScanForSourceGeneratedMonoScriptInfo (1ms)
			ResolveRequiredComponents (67ms)
	FinalizeReload (10181ms)
		ReleaseScriptCaches (0ms)
		RebuildScriptCaches (0ms)
		SetupLoadedEditorAssemblies (4566ms)
			LogAssemblyErrors (0ms)
			InitializePlatformSupportModulesInManaged (89ms)
			SetLoadedEditorAssemblies (12ms)
			RefreshPlugins (0ms)
			BeforeProcessingInitializeOnLoad (402ms)
			ProcessInitializeOnLoadAttributes (2711ms)
			ProcessInitializeOnLoadMethodAttributes (1301ms)
			AfterProcessingInitializeOnLoad (50ms)
			EditorAssembliesLoaded (1ms)
		ExecutionOrderSort2 (0ms)
		AwakeInstancesAfterBackupRestoration (149ms)
Refreshing native plugins compatible for Editor in 70.21 ms, found 3 plugins.
Preloading 0 native plugins for Editor in 0.00 ms.
Unloading 4985 Unused Serialized files (Serialized files now loaded: 0)
Unloading 40 unused Assets / (368.5 KB). Loaded Objects now: 5866.
Memory consumption went from 278.3 MB to 278.0 MB.
Total: 22.055800 ms (FindLiveObjects: 1.339800 ms CreateObjectMapping: 1.481300 ms MarkObjects: 18.552700 ms  DeleteObjects: 0.679600 ms)

Prepare: number of updated asset objects reloaded= 0
AssetImportParameters requested are different than current active one (requested -> active):
  custom:container-demuxer-ogg: 62fdf1f143b41e24485cea50d1cbac27 -> 
  custom:video-decoder-ogg-theora: a1e56fd34408186e4bbccfd4996cb3dc -> 
  custom:framework-win-MediaFoundation: 216162199b28c13a410421893ffa2e32 -> 
  custom:CustomObjectIndexerAttribute: 4d1d7186bcbbfe361de5f0ad951e585c -> 
  custom:container-demuxer-webm: 4f35f7cbe854078d1ac9338744f61a02 -> 
  custom:container-muxer-webm: aa71ff27fc2769a1b78a27578f13a17b -> 
  custom:video-decoder-webm-vp8: 9c59270c3fd7afecdb556c50c9e8de78 -> 
  custom:SearchIndexIgnoredProperties: e643bd26f0fe6173181afceb89e7c659 -> 
  custom:AudioImporter_EditorPlatform: d09bf68614088b80899f8185d706f6e7 -> 
  custom:video-encoder-webm-vp8: eb34c28f22e8b96e1ab97ce403110664 -> 
  custom:audio-decoder-ogg-vorbis: bf7c407c2cedff20999df2af8eb42d56 -> 
  custom:audio-encoder-webm-vorbis: bf7c407c2cedff20999df2af8eb42d56 -> 
========================================================================
Received Prepare
Begin MonoManager ReloadAssembly
- Loaded All Assemblies, in  5.306 seconds
Refreshing native plugins compatible for Editor in 29.42 ms, found 3 plugins.
Native extension for LinuxStandalone target not found
Native extension for WindowsStandalone target not found
Native extension for OSXStandalone target not found
Native extension for WebGL target not found
Mono: successfully reloaded assembly
- Finished resetting the current domain, in 20.503 seconds
Domain Reload Profiling: 25794ms
	BeginReloadAssembly (2462ms)
		ExecutionOrderSort (4ms)
		DisableScriptedObjects (57ms)
		BackupInstance (0ms)
		ReleaseScriptingObjects (0ms)
		CreateAndSetChildDomain (586ms)
	RebuildCommonClasses (193ms)
	RebuildNativeTypeToScriptingClass (57ms)
	initialDomainReloadingComplete (163ms)
	LoadAllAssembliesAndSetupDomain (2409ms)
		LoadAssemblies (3653ms)
		RebuildTransferFunctionScriptingTraits (0ms)
		AnalyzeDomain (81ms)
			TypeCache.Refresh (19ms)
				TypeCache.ScanAssembly (0ms)
			ScanForSourceGeneratedMonoScriptInfo (1ms)
			ResolveRequiredComponents (52ms)
	FinalizeReload (20509ms)
		ReleaseScriptCaches (0ms)
		RebuildScriptCaches (0ms)
		SetupLoadedEditorAssemblies (9766ms)
			LogAssemblyErrors (0ms)
			InitializePlatformSupportModulesInManaged (158ms)
			SetLoadedEditorAssemblies (19ms)
			RefreshPlugins (0ms)
			BeforeProcessingInitializeOnLoad (644ms)
			ProcessInitializeOnLoadAttributes (6723ms)
			ProcessInitializeOnLoadMethodAttributes (2113ms)
			AfterProcessingInitializeOnLoad (105ms)
			EditorAssembliesLoaded (2ms)
		ExecutionOrderSort2 (0ms)
		AwakeInstancesAfterBackupRestoration (186ms)
Refreshing native plugins compatible for Editor in 97.77 ms, found 3 plugins.
Preloading 0 native plugins for Editor in 0.00 ms.
Unloading 4985 Unused Serialized files (Serialized files now loaded: 0)
Unloading 40 unused Assets / (368.3 KB). Loaded Objects now: 5870.
Memory consumption went from 280.3 MB to 279.9 MB.
Total: 12.863900 ms (FindLiveObjects: 0.855900 ms CreateObjectMapping: 1.052700 ms MarkObjects: 10.373300 ms  DeleteObjects: 0.579800 ms)

Prepare: number of updated asset objects reloaded= 0
AssetImportParameters requested are different than current active one (requested -> active):
  custom:container-demuxer-ogg: 62fdf1f143b41e24485cea50d1cbac27 -> 
  custom:video-decoder-ogg-theora: a1e56fd34408186e4bbccfd4996cb3dc -> 
  custom:framework-win-MediaFoundation: 216162199b28c13a410421893ffa2e32 -> 
  custom:CustomObjectIndexerAttribute: 4d1d7186bcbbfe361de5f0ad951e585c -> 
  custom:container-demuxer-webm: 4f35f7cbe854078d1ac9338744f61a02 -> 
  custom:container-muxer-webm: aa71ff27fc2769a1b78a27578f13a17b -> 
  custom:video-decoder-webm-vp8: 9c59270c3fd7afecdb556c50c9e8de78 -> 
  custom:SearchIndexIgnoredProperties: e643bd26f0fe6173181afceb89e7c659 -> 
  custom:AudioImporter_EditorPlatform: d09bf68614088b80899f8185d706f6e7 -> 
  custom:video-encoder-webm-vp8: eb34c28f22e8b96e1ab97ce403110664 -> 
  custom:audio-decoder-ogg-vorbis: bf7c407c2cedff20999df2af8eb42d56 -> 
  custom:audio-encoder-webm-vorbis: bf7c407c2cedff20999df2af8eb42d56 -> 
========================================================================
Received Prepare
Begin MonoManager ReloadAssembly
- Loaded All Assemblies, in  4.107 seconds
Refreshing native plugins compatible for Editor in 39.92 ms, found 3 plugins.
Native extension for LinuxStandalone target not found
Native extension for WindowsStandalone target not found
Native extension for OSXStandalone target not found
Native extension for WebGL target not found
Mono: successfully reloaded assembly
- Finished resetting the current domain, in 21.356 seconds
Domain Reload Profiling: 25445ms
	BeginReloadAssembly (1340ms)
		ExecutionOrderSort (0ms)
		DisableScriptedObjects (37ms)
		BackupInstance (0ms)
		ReleaseScriptingObjects (0ms)
		CreateAndSetChildDomain (142ms)
	RebuildCommonClasses (169ms)
	RebuildNativeTypeToScriptingClass (106ms)
	initialDomainReloadingComplete (247ms)
	LoadAllAssembliesAndSetupDomain (2221ms)
		LoadAssemblies (3061ms)
		RebuildTransferFunctionScriptingTraits (0ms)
		AnalyzeDomain (123ms)
			TypeCache.Refresh (24ms)
				TypeCache.ScanAssembly (0ms)
			ScanForSourceGeneratedMonoScriptInfo (1ms)
			ResolveRequiredComponents (88ms)
	FinalizeReload (21362ms)
		ReleaseScriptCaches (0ms)
		RebuildScriptCaches (0ms)
		SetupLoadedEditorAssemblies (9981ms)
			LogAssemblyErrors (0ms)
			InitializePlatformSupportModulesInManaged (242ms)
			SetLoadedEditorAssemblies (17ms)
			RefreshPlugins (0ms)
			BeforeProcessingInitializeOnLoad (942ms)
			ProcessInitializeOnLoadAttributes (5911ms)
			ProcessInitializeOnLoadMethodAttributes (2729ms)
			AfterProcessingInitializeOnLoad (139ms)
			EditorAssembliesLoaded (1ms)
		ExecutionOrderSort2 (0ms)
		AwakeInstancesAfterBackupRestoration (337ms)
Refreshing native plugins compatible for Editor in 48.34 ms, found 3 plugins.
Preloading 0 native plugins for Editor in 0.00 ms.
Unloading 4985 Unused Serialized files (Serialized files now loaded: 0)
Unloading 40 unused Assets / (368.5 KB). Loaded Objects now: 5874.
Memory consumption went from 282.2 MB to 281.8 MB.
Total: 123.794800 ms (FindLiveObjects: 8.382700 ms CreateObjectMapping: 2.310100 ms MarkObjects: 110.247800 ms  DeleteObjects: 2.850800 ms)

Prepare: number of updated asset objects reloaded= 0
AssetImportParameters requested are different than current active one (requested -> active):
  custom:container-demuxer-ogg: 62fdf1f143b41e24485cea50d1cbac27 -> 
  custom:video-decoder-ogg-theora: a1e56fd34408186e4bbccfd4996cb3dc -> 
  custom:framework-win-MediaFoundation: 216162199b28c13a410421893ffa2e32 -> 
  custom:CustomObjectIndexerAttribute: 4d1d7186bcbbfe361de5f0ad951e585c -> 
  custom:container-demuxer-webm: 4f35f7cbe854078d1ac9338744f61a02 -> 
  custom:container-muxer-webm: aa71ff27fc2769a1b78a27578f13a17b -> 
  custom:video-decoder-webm-vp8: 9c59270c3fd7afecdb556c50c9e8de78 -> 
  custom:SearchIndexIgnoredProperties: e643bd26f0fe6173181afceb89e7c659 -> 
  custom:AudioImporter_EditorPlatform: d09bf68614088b80899f8185d706f6e7 -> 
  custom:video-encoder-webm-vp8: eb34c28f22e8b96e1ab97ce403110664 -> 
  custom:audio-decoder-ogg-vorbis: bf7c407c2cedff20999df2af8eb42d56 -> 
  custom:audio-encoder-webm-vorbis: bf7c407c2cedff20999df2af8eb42d56 -> 
========================================================================
Received Prepare
Begin MonoManager ReloadAssembly
- Loaded All Assemblies, in 36.842 seconds
Refreshing native plugins compatible for Editor in 1918.18 ms, found 3 plugins.
Native extension for LinuxStandalone target not found
Native extension for WindowsStandalone target not found
Native extension for OSXStandalone target not found
Native extension for WebGL target not found
Mono: successfully reloaded assembly
- Finished resetting the current domain, in 33.304 seconds
Domain Reload Profiling: 70023ms
	BeginReloadAssembly (4156ms)
		ExecutionOrderSort (1ms)
		DisableScriptedObjects (59ms)
		BackupInstance (0ms)
		ReleaseScriptingObjects (1ms)
		CreateAndSetChildDomain (912ms)
	RebuildCommonClasses (592ms)
	RebuildNativeTypeToScriptingClass (281ms)
	initialDomainReloadingComplete (800ms)
	LoadAllAssembliesAndSetupDomain (30887ms)
		LoadAssemblies (13766ms)
		RebuildTransferFunctionScriptingTraits (0ms)
		AnalyzeDomain (18652ms)
			TypeCache.Refresh (4521ms)
				TypeCache.ScanAssembly (0ms)
			ScanForSourceGeneratedMonoScriptInfo (151ms)
			ResolveRequiredComponents (12910ms)
	FinalizeReload (33307ms)
		ReleaseScriptCaches (0ms)
		RebuildScriptCaches (0ms)
		SetupLoadedEditorAssemblies (3755ms)
			LogAssemblyErrors (0ms)
			InitializePlatformSupportModulesInManaged (94ms)
			SetLoadedEditorAssemblies (16ms)
			RefreshPlugins (0ms)
			BeforeProcessingInitializeOnLoad (481ms)
			ProcessInitializeOnLoadAttributes (1877ms)
			ProcessInitializeOnLoadMethodAttributes (1238ms)
			AfterProcessingInitializeOnLoad (49ms)
			EditorAssembliesLoaded (0ms)
		ExecutionOrderSort2 (0ms)
		AwakeInstancesAfterBackupRestoration (99ms)
Refreshing native plugins compatible for Editor in 3239.81 ms, found 3 plugins.
Preloading 0 native plugins for Editor in 0.00 ms.
Unloading 4985 Unused Serialized files (Serialized files now loaded: 0)
Unloading 40 unused Assets / (368.7 KB). Loaded Objects now: 5878.
Memory consumption went from 284.1 MB to 283.7 MB.
Total: 1461.129100 ms (FindLiveObjects: 513.085800 ms CreateObjectMapping: 578.189100 ms MarkObjects: 368.766100 ms  DeleteObjects: 0.580500 ms)

Prepare: number of updated asset objects reloaded= 0
AssetImportParameters requested are different than current active one (requested -> active):
  custom:container-demuxer-ogg: 62fdf1f143b41e24485cea50d1cbac27 -> 
  custom:video-decoder-ogg-theora: a1e56fd34408186e4bbccfd4996cb3dc -> 
  custom:framework-win-MediaFoundation: 216162199b28c13a410421893ffa2e32 -> 
  custom:CustomObjectIndexerAttribute: 4d1d7186bcbbfe361de5f0ad951e585c -> 
  custom:container-demuxer-webm: 4f35f7cbe854078d1ac9338744f61a02 -> 
  custom:container-muxer-webm: aa71ff27fc2769a1b78a27578f13a17b -> 
  custom:video-decoder-webm-vp8: 9c59270c3fd7afecdb556c50c9e8de78 -> 
  custom:SearchIndexIgnoredProperties: e643bd26f0fe6173181afceb89e7c659 -> 
  custom:AudioImporter_EditorPlatform: d09bf68614088b80899f8185d706f6e7 -> 
  custom:video-encoder-webm-vp8: eb34c28f22e8b96e1ab97ce403110664 -> 
  custom:audio-decoder-ogg-vorbis: bf7c407c2cedff20999df2af8eb42d56 -> 
  custom:audio-encoder-webm-vorbis: bf7c407c2cedff20999df2af8eb42d56 -> 
========================================================================
Received Import Request.
  Time since last request: 777.104898 seconds.
  path: Assets/DOTween/Editor
  artifactKey: Guid(72df2891f05d3304f8efb3ba9bfcfa8b) Importer(815301076,1909f56bfc062723c751e8b465ee728b)
Start importing Assets/DOTween/Editor using Guid(72df2891f05d3304f8efb3ba9bfcfa8b) Importer(815301076,1909f56bfc062723c751e8b465ee728b)  -> (artifact id: '81eafe3f611d59d6f3afcfd0f951b8b3') in 6.243139 seconds
Number of updated asset objects reloaded before import = 0
Number of asset objects unloaded after import = 0
========================================================================
Received Import Request.
  Time since last request: 0.219493 seconds.
  path: Assets/DOTween/Editor/Imgs
  artifactKey: Guid(5094f48d123a589488b81b94fe194453) Importer(815301076,1909f56bfc062723c751e8b465ee728b)
Start importing Assets/DOTween/Editor/Imgs using Guid(5094f48d123a589488b81b94fe194453) Importer(815301076,1909f56bfc062723c751e8b465ee728b)  -> (artifact id: '17c0e4dc4be8a5b8b831125c20d4680f') in 0.001620 seconds
Number of updated asset objects reloaded before import = 0
Number of asset objects unloaded after import = 0
========================================================================
Received Import Request.
  Time since last request: 112.970980 seconds.
  path: Assets/DOTween/Modules
  artifactKey: Guid(c9ad8dadb10d3df4e9c285524dd0ba3c) Importer(815301076,1909f56bfc062723c751e8b465ee728b)
Start importing Assets/DOTween/Modules using Guid(c9ad8dadb10d3df4e9c285524dd0ba3c) Importer(815301076,1909f56bfc062723c751e8b465ee728b)  -> (artifact id: '9513a3f7f6be0487704c0b7ec9770a04') in 0.005215 seconds
Number of updated asset objects reloaded before import = 0
Number of asset objects unloaded after import = 0
========================================================================
Received Prepare
Begin MonoManager ReloadAssembly
- Loaded All Assemblies, in 34.514 seconds
Refreshing native plugins compatible for Editor in 66.13 ms, found 3 plugins.
Native extension for LinuxStandalone target not found
Native extension for WindowsStandalone target not found
Native extension for OSXStandalone target not found
Native extension for WebGL target not found
Mono: successfully reloaded assembly
- Finished resetting the current domain, in 164.597 seconds
Domain Reload Profiling: 199082ms
	BeginReloadAssembly (4538ms)
		ExecutionOrderSort (0ms)
		DisableScriptedObjects (989ms)
		BackupInstance (0ms)
		ReleaseScriptingObjects (1ms)
		CreateAndSetChildDomain (648ms)
	RebuildCommonClasses (507ms)
	RebuildNativeTypeToScriptingClass (53ms)
	initialDomainReloadingComplete (335ms)
	LoadAllAssembliesAndSetupDomain (29048ms)
		LoadAssemblies (27179ms)
		RebuildTransferFunctionScriptingTraits (0ms)
		AnalyzeDomain (3201ms)
			TypeCache.Refresh (2570ms)
				TypeCache.ScanAssembly (2034ms)
			ScanForSourceGeneratedMonoScriptInfo (474ms)
			ResolveRequiredComponents (126ms)
	FinalizeReload (164601ms)
		ReleaseScriptCaches (0ms)
		RebuildScriptCaches (0ms)
		SetupLoadedEditorAssemblies (38401ms)
			LogAssemblyErrors (0ms)
			InitializePlatformSupportModulesInManaged (421ms)
			SetLoadedEditorAssemblies (131ms)
			RefreshPlugins (0ms)
			BeforeProcessingInitializeOnLoad (3686ms)
			ProcessInitializeOnLoadAttributes (29173ms)
			ProcessInitializeOnLoadMethodAttributes (3769ms)
			AfterProcessingInitializeOnLoad (1217ms)
			EditorAssembliesLoaded (2ms)
		ExecutionOrderSort2 (0ms)
		AwakeInstancesAfterBackupRestoration (979ms)
Script is not up to date after domain reload: guid(a60a7757baeef6349afd4e5d4e003ffc) path("Assets/HoverIdleEffect.cs") state(2)
Refreshing native plugins compatible for Editor in 20.02 ms, found 3 plugins.
Preloading 0 native plugins for Editor in 0.00 ms.
Unloading 4994 Unused Serialized files (Serialized files now loaded: 0)
Unloading 42 unused Assets / (368.1 KB). Loaded Objects now: 5894.
Memory consumption went from 286.3 MB to 285.9 MB.
Total: 94.741300 ms (FindLiveObjects: 10.671000 ms CreateObjectMapping: 35.979700 ms MarkObjects: 47.195000 ms  DeleteObjects: 0.892500 ms)

Prepare: number of updated asset objects reloaded= 0
AssetImportParameters requested are different than current active one (requested -> active):
  custom:container-demuxer-ogg: 62fdf1f143b41e24485cea50d1cbac27 -> 
  custom:video-decoder-ogg-theora: a1e56fd34408186e4bbccfd4996cb3dc -> 
  custom:framework-win-MediaFoundation: 216162199b28c13a410421893ffa2e32 -> 
  custom:CustomObjectIndexerAttribute: 4d1d7186bcbbfe361de5f0ad951e585c -> 
  custom:container-demuxer-webm: 4f35f7cbe854078d1ac9338744f61a02 -> 
  custom:container-muxer-webm: aa71ff27fc2769a1b78a27578f13a17b -> 
  custom:video-decoder-webm-vp8: 9c59270c3fd7afecdb556c50c9e8de78 -> 
  custom:SearchIndexIgnoredProperties: e643bd26f0fe6173181afceb89e7c659 -> 
  custom:AudioImporter_EditorPlatform: d09bf68614088b80899f8185d706f6e7 -> 
  custom:video-encoder-webm-vp8: eb34c28f22e8b96e1ab97ce403110664 -> 
  custom:audio-decoder-ogg-vorbis: bf7c407c2cedff20999df2af8eb42d56 -> 
  custom:scripting/precompiled-assembly-types:DOTweenUpgradeManager: 16e542c52fa73d4cbcd5cf54d161ea3b -> 
  custom:audio-encoder-webm-vorbis: bf7c407c2cedff20999df2af8eb42d56 -> 
========================================================================
Received Prepare
Begin MonoManager ReloadAssembly
- Loaded All Assemblies, in 17.123 seconds
Refreshing native plugins compatible for Editor in 55.62 ms, found 3 plugins.
Native extension for LinuxStandalone target not found
Native extension for WindowsStandalone target not found
Native extension for OSXStandalone target not found
Native extension for WebGL target not found
Mono: successfully reloaded assembly
- Finished resetting the current domain, in 32.662 seconds
Domain Reload Profiling: 49745ms
	BeginReloadAssembly (5616ms)
		ExecutionOrderSort (0ms)
		DisableScriptedObjects (32ms)
		BackupInstance (0ms)
		ReleaseScriptingObjects (0ms)
		CreateAndSetChildDomain (324ms)
	RebuildCommonClasses (233ms)
	RebuildNativeTypeToScriptingClass (123ms)
	initialDomainReloadingComplete (489ms)
	LoadAllAssembliesAndSetupDomain (10618ms)
		LoadAssemblies (14135ms)
		RebuildTransferFunctionScriptingTraits (0ms)
		AnalyzeDomain (1463ms)
			TypeCache.Refresh (365ms)
				TypeCache.ScanAssembly (89ms)
			ScanForSourceGeneratedMonoScriptInfo (772ms)
			ResolveRequiredComponents (315ms)
	FinalizeReload (32666ms)
		ReleaseScriptCaches (0ms)
		RebuildScriptCaches (0ms)
		SetupLoadedEditorAssemblies (6644ms)
			LogAssemblyErrors (0ms)
			InitializePlatformSupportModulesInManaged (239ms)
			SetLoadedEditorAssemblies (45ms)
			RefreshPlugins (0ms)
			BeforeProcessingInitializeOnLoad (974ms)
			ProcessInitializeOnLoadAttributes (4016ms)
			ProcessInitializeOnLoadMethodAttributes (844ms)
			AfterProcessingInitializeOnLoad (525ms)
			EditorAssembliesLoaded (1ms)
		ExecutionOrderSort2 (1ms)
		AwakeInstancesAfterBackupRestoration (329ms)
Refreshing native plugins compatible for Editor in 74.12 ms, found 3 plugins.
Preloading 0 native plugins for Editor in 0.00 ms.
Unloading 4995 Unused Serialized files (Serialized files now loaded: 0)
Unloading 42 unused Assets / (368.0 KB). Loaded Objects now: 5899.
Memory consumption went from 288.2 MB to 287.9 MB.
Total: 53.326300 ms (FindLiveObjects: 1.635400 ms CreateObjectMapping: 3.094900 ms MarkObjects: 47.105500 ms  DeleteObjects: 1.487100 ms)

Prepare: number of updated asset objects reloaded= 0
AssetImportParameters requested are different than current active one (requested -> active):
  custom:container-demuxer-ogg: 62fdf1f143b41e24485cea50d1cbac27 -> 
  custom:video-decoder-ogg-theora: a1e56fd34408186e4bbccfd4996cb3dc -> 
  custom:framework-win-MediaFoundation: 216162199b28c13a410421893ffa2e32 -> 
  custom:CustomObjectIndexerAttribute: 4d1d7186bcbbfe361de5f0ad951e585c -> 
  custom:container-demuxer-webm: 4f35f7cbe854078d1ac9338744f61a02 -> 
  custom:container-muxer-webm: aa71ff27fc2769a1b78a27578f13a17b -> 
  custom:video-decoder-webm-vp8: 9c59270c3fd7afecdb556c50c9e8de78 -> 
  custom:SearchIndexIgnoredProperties: e643bd26f0fe6173181afceb89e7c659 -> 
  custom:AudioImporter_EditorPlatform: d09bf68614088b80899f8185d706f6e7 -> 
  custom:video-encoder-webm-vp8: eb34c28f22e8b96e1ab97ce403110664 -> 
  custom:audio-decoder-ogg-vorbis: bf7c407c2cedff20999df2af8eb42d56 -> 
  custom:audio-encoder-webm-vorbis: bf7c407c2cedff20999df2af8eb42d56 -> 
========================================================================
Received Prepare
Begin MonoManager ReloadAssembly
- Loaded All Assemblies, in 24.418 seconds
Refreshing native plugins compatible for Editor in 43.88 ms, found 3 plugins.
Native extension for LinuxStandalone target not found
Native extension for WindowsStandalone target not found
Native extension for OSXStandalone target not found
Native extension for WebGL target not found
Mono: successfully reloaded assembly
- Finished resetting the current domain, in 25.446 seconds
Domain Reload Profiling: 49767ms
	BeginReloadAssembly (5243ms)
		ExecutionOrderSort (2ms)
		DisableScriptedObjects (100ms)
		BackupInstance (0ms)
		ReleaseScriptingObjects (0ms)
		CreateAndSetChildDomain (1280ms)
	RebuildCommonClasses (292ms)
	RebuildNativeTypeToScriptingClass (5796ms)
	initialDomainReloadingComplete (6577ms)
	LoadAllAssembliesAndSetupDomain (6410ms)
		LoadAssemblies (9399ms)
		RebuildTransferFunctionScriptingTraits (0ms)
		AnalyzeDomain (265ms)
			TypeCache.Refresh (59ms)
				TypeCache.ScanAssembly (9ms)
			ScanForSourceGeneratedMonoScriptInfo (126ms)
			ResolveRequiredComponents (73ms)
	FinalizeReload (25449ms)
		ReleaseScriptCaches (0ms)
		RebuildScriptCaches (0ms)
		SetupLoadedEditorAssemblies (10205ms)
			LogAssemblyErrors (0ms)
			InitializePlatformSupportModulesInManaged (451ms)
			SetLoadedEditorAssemblies (61ms)
			RefreshPlugins (0ms)
			BeforeProcessingInitializeOnLoad (1690ms)
			ProcessInitializeOnLoadAttributes (6967ms)
			ProcessInitializeOnLoadMethodAttributes (965ms)
			AfterProcessingInitializeOnLoad (70ms)
			EditorAssembliesLoaded (0ms)
		ExecutionOrderSort2 (0ms)
		AwakeInstancesAfterBackupRestoration (165ms)
Script is not up to date after domain reload: guid(a60a7757baeef6349afd4e5d4e003ffc) path("Assets/HoverIdleEffect.cs") state(2)
Refreshing native plugins compatible for Editor in 412.02 ms, found 3 plugins.
Preloading 0 native plugins for Editor in 0.00 ms.
Unloading 4994 Unused Serialized files (Serialized files now loaded: 0)
Unloading 42 unused Assets / (368.5 KB). Loaded Objects now: 5902.
Memory consumption went from 290.1 MB to 289.8 MB.
Total: 16.564700 ms (FindLiveObjects: 6.667200 ms CreateObjectMapping: 1.338500 ms MarkObjects: 8.088800 ms  DeleteObjects: 0.454000 ms)

Prepare: number of updated asset objects reloaded= 0
AssetImportParameters requested are different than current active one (requested -> active):
  custom:container-demuxer-ogg: 62fdf1f143b41e24485cea50d1cbac27 -> 
  custom:video-decoder-ogg-theora: a1e56fd34408186e4bbccfd4996cb3dc -> 
  custom:framework-win-MediaFoundation: 216162199b28c13a410421893ffa2e32 -> 
  custom:CustomObjectIndexerAttribute: 4d1d7186bcbbfe361de5f0ad951e585c -> 
  custom:container-demuxer-webm: 4f35f7cbe854078d1ac9338744f61a02 -> 
  custom:container-muxer-webm: aa71ff27fc2769a1b78a27578f13a17b -> 
  custom:video-decoder-webm-vp8: 9c59270c3fd7afecdb556c50c9e8de78 -> 
  custom:SearchIndexIgnoredProperties: e643bd26f0fe6173181afceb89e7c659 -> 
  custom:AudioImporter_EditorPlatform: d09bf68614088b80899f8185d706f6e7 -> 
  custom:scripting/monoscript/fileName/HoverIdleEffect.cs: 7a5e139c76993c704cd769494aa2f01b -> b894028b0056033c0d8ea301b18d59c1
  custom:video-encoder-webm-vp8: eb34c28f22e8b96e1ab97ce403110664 -> 
  custom:audio-decoder-ogg-vorbis: bf7c407c2cedff20999df2af8eb42d56 -> 
  custom:audio-encoder-webm-vorbis: bf7c407c2cedff20999df2af8eb42d56 -> 
  custom:scripting/precompiled-assembly-types:Assembly-CSharp: 517a0c9956bdfa2d1c90ef31d158d4c7 -> 9f3bacfae546af87c26f7a8e8f856dfe
========================================================================
Received Prepare
Begin MonoManager ReloadAssembly
- Loaded All Assemblies, in 19.985 seconds
Refreshing native plugins compatible for Editor in 123.69 ms, found 3 plugins.
Native extension for LinuxStandalone target not found
Native extension for WindowsStandalone target not found
Native extension for OSXStandalone target not found
Native extension for WebGL target not found
Mono: successfully reloaded assembly
- Finished resetting the current domain, in 57.432 seconds
Domain Reload Profiling: 77234ms
	BeginReloadAssembly (8242ms)
		ExecutionOrderSort (1ms)
		DisableScriptedObjects (82ms)
		BackupInstance (0ms)
		ReleaseScriptingObjects (1ms)
		CreateAndSetChildDomain (1517ms)
	RebuildCommonClasses (733ms)
	RebuildNativeTypeToScriptingClass (193ms)
	initialDomainReloadingComplete (1217ms)
	LoadAllAssembliesAndSetupDomain (9389ms)
		LoadAssemblies (15226ms)
		RebuildTransferFunctionScriptingTraits (0ms)
		AnalyzeDomain (283ms)
			TypeCache.Refresh (41ms)
				TypeCache.ScanAssembly (0ms)
			ScanForSourceGeneratedMonoScriptInfo (1ms)
			ResolveRequiredComponents (218ms)
	FinalizeReload (57460ms)
		ReleaseScriptCaches (0ms)
		RebuildScriptCaches (0ms)
		SetupLoadedEditorAssemblies (19058ms)
			LogAssemblyErrors (0ms)
			InitializePlatformSupportModulesInManaged (274ms)
			SetLoadedEditorAssemblies (181ms)
			RefreshPlugins (0ms)
			BeforeProcessingInitializeOnLoad (2639ms)
			ProcessInitializeOnLoadAttributes (11273ms)
			ProcessInitializeOnLoadMethodAttributes (4559ms)
			AfterProcessingInitializeOnLoad (128ms)
			EditorAssembliesLoaded (4ms)
		ExecutionOrderSort2 (0ms)
		AwakeInstancesAfterBackupRestoration (587ms)
Refreshing native plugins compatible for Editor in 142.26 ms, found 3 plugins.
Preloading 0 native plugins for Editor in 0.00 ms.
Unloading 4995 Unused Serialized files (Serialized files now loaded: 0)
Unloading 42 unused Assets / (368.7 KB). Loaded Objects now: 5907.
Memory consumption went from 292.1 MB to 291.7 MB.
Total: 42.356800 ms (FindLiveObjects: 24.462500 ms CreateObjectMapping: 2.296500 ms MarkObjects: 14.744500 ms  DeleteObjects: 0.850600 ms)

Prepare: number of updated asset objects reloaded= 0
AssetImportParameters requested are different than current active one (requested -> active):
  custom:container-demuxer-ogg: 62fdf1f143b41e24485cea50d1cbac27 -> 
  custom:video-decoder-ogg-theora: a1e56fd34408186e4bbccfd4996cb3dc -> 
  custom:framework-win-MediaFoundation: 216162199b28c13a410421893ffa2e32 -> 
  custom:CustomObjectIndexerAttribute: 4d1d7186bcbbfe361de5f0ad951e585c -> 
  custom:container-demuxer-webm: 4f35f7cbe854078d1ac9338744f61a02 -> 
  custom:container-muxer-webm: aa71ff27fc2769a1b78a27578f13a17b -> 
  custom:video-decoder-webm-vp8: 9c59270c3fd7afecdb556c50c9e8de78 -> 
  custom:SearchIndexIgnoredProperties: e643bd26f0fe6173181afceb89e7c659 -> 
  custom:AudioImporter_EditorPlatform: d09bf68614088b80899f8185d706f6e7 -> 
  custom:video-encoder-webm-vp8: eb34c28f22e8b96e1ab97ce403110664 -> 
  custom:audio-decoder-ogg-vorbis: bf7c407c2cedff20999df2af8eb42d56 -> 
  custom:audio-encoder-webm-vorbis: bf7c407c2cedff20999df2af8eb42d56 -> 
========================================================================
Received Prepare
Begin MonoManager ReloadAssembly
- Loaded All Assemblies, in  6.081 seconds
Refreshing native plugins compatible for Editor in 30.48 ms, found 3 plugins.
Native extension for LinuxStandalone target not found
Native extension for WindowsStandalone target not found
Native extension for OSXStandalone target not found
Native extension for WebGL target not found
Mono: successfully reloaded assembly
- Finished resetting the current domain, in 71.387 seconds
Domain Reload Profiling: 77436ms
	BeginReloadAssembly (1906ms)
		ExecutionOrderSort (9ms)
		DisableScriptedObjects (205ms)
		BackupInstance (0ms)
		ReleaseScriptingObjects (3ms)
		CreateAndSetChildDomain (257ms)
	RebuildCommonClasses (1014ms)
	RebuildNativeTypeToScriptingClass (161ms)
	initialDomainReloadingComplete (418ms)
	LoadAllAssembliesAndSetupDomain (2547ms)
		LoadAssemblies (3307ms)
		RebuildTransferFunctionScriptingTraits (0ms)
		AnalyzeDomain (272ms)
			TypeCache.Refresh (36ms)
				TypeCache.ScanAssembly (6ms)
			ScanForSourceGeneratedMonoScriptInfo (168ms)
			ResolveRequiredComponents (50ms)
	FinalizeReload (71389ms)
		ReleaseScriptCaches (0ms)
		RebuildScriptCaches (0ms)
		SetupLoadedEditorAssemblies (14948ms)
			LogAssemblyErrors (0ms)
			InitializePlatformSupportModulesInManaged (374ms)
			SetLoadedEditorAssemblies (40ms)
			RefreshPlugins (0ms)
			BeforeProcessingInitializeOnLoad (1401ms)
			ProcessInitializeOnLoadAttributes (10444ms)
			ProcessInitializeOnLoadMethodAttributes (2082ms)
			AfterProcessingInitializeOnLoad (599ms)
			EditorAssembliesLoaded (9ms)
		ExecutionOrderSort2 (0ms)
		AwakeInstancesAfterBackupRestoration (175ms)
Refreshing native plugins compatible for Editor in 63.30 ms, found 3 plugins.
Preloading 0 native plugins for Editor in 0.00 ms.
Unloading 4995 Unused Serialized files (Serialized files now loaded: 0)
Unloading 42 unused Assets / (368.7 KB). Loaded Objects now: 5911.
Memory consumption went from 294.0 MB to 293.6 MB.
Total: 44.510700 ms (FindLiveObjects: 6.816200 ms CreateObjectMapping: 5.195600 ms MarkObjects: 31.630100 ms  DeleteObjects: 0.866400 ms)

Prepare: number of updated asset objects reloaded= 0
AssetImportParameters requested are different than current active one (requested -> active):
  custom:container-demuxer-ogg: 62fdf1f143b41e24485cea50d1cbac27 -> 
  custom:video-decoder-ogg-theora: a1e56fd34408186e4bbccfd4996cb3dc -> 
  custom:framework-win-MediaFoundation: 216162199b28c13a410421893ffa2e32 -> 
  custom:CustomObjectIndexerAttribute: 4d1d7186bcbbfe361de5f0ad951e585c -> 
  custom:container-demuxer-webm: 4f35f7cbe854078d1ac9338744f61a02 -> 
  custom:container-muxer-webm: aa71ff27fc2769a1b78a27578f13a17b -> 
  custom:video-decoder-webm-vp8: 9c59270c3fd7afecdb556c50c9e8de78 -> 
  custom:SearchIndexIgnoredProperties: e643bd26f0fe6173181afceb89e7c659 -> 
  custom:AudioImporter_EditorPlatform: d09bf68614088b80899f8185d706f6e7 -> 
  custom:video-encoder-webm-vp8: eb34c28f22e8b96e1ab97ce403110664 -> 
  custom:audio-decoder-ogg-vorbis: bf7c407c2cedff20999df2af8eb42d56 -> 
  custom:audio-encoder-webm-vorbis: bf7c407c2cedff20999df2af8eb42d56 -> 
========================================================================
Received Prepare
Begin MonoManager ReloadAssembly
- Loaded All Assemblies, in 13.259 seconds
Refreshing native plugins compatible for Editor in 219.49 ms, found 3 plugins.
Native extension for LinuxStandalone target not found
Native extension for WindowsStandalone target not found
Native extension for OSXStandalone target not found
Native extension for WebGL target not found
Mono: successfully reloaded assembly
- Finished resetting the current domain, in 45.478 seconds
Domain Reload Profiling: 58689ms
	BeginReloadAssembly (3879ms)
		ExecutionOrderSort (0ms)
		DisableScriptedObjects (105ms)
		BackupInstance (0ms)
		ReleaseScriptingObjects (0ms)
		CreateAndSetChildDomain (473ms)
	RebuildCommonClasses (503ms)
	RebuildNativeTypeToScriptingClass (751ms)
	initialDomainReloadingComplete (760ms)
	LoadAllAssembliesAndSetupDomain (7315ms)
		LoadAssemblies (8924ms)
		RebuildTransferFunctionScriptingTraits (0ms)
		AnalyzeDomain (1071ms)
			TypeCache.Refresh (68ms)
				TypeCache.ScanAssembly (0ms)
			ScanForSourceGeneratedMonoScriptInfo (4ms)
			ResolveRequiredComponents (799ms)
	FinalizeReload (45481ms)
		ReleaseScriptCaches (0ms)
		RebuildScriptCaches (0ms)
		SetupLoadedEditorAssemblies (18621ms)
			LogAssemblyErrors (0ms)
			InitializePlatformSupportModulesInManaged (395ms)
			SetLoadedEditorAssemblies (384ms)
			RefreshPlugins (0ms)
			BeforeProcessingInitializeOnLoad (1646ms)
			ProcessInitializeOnLoadAttributes (11153ms)
			ProcessInitializeOnLoadMethodAttributes (3462ms)
			AfterProcessingInitializeOnLoad (1574ms)
			EditorAssembliesLoaded (8ms)
		ExecutionOrderSort2 (1ms)
		AwakeInstancesAfterBackupRestoration (1007ms)
Refreshing native plugins compatible for Editor in 52.85 ms, found 3 plugins.
Preloading 0 native plugins for Editor in 0.00 ms.
Unloading 4995 Unused Serialized files (Serialized files now loaded: 0)
Unloading 42 unused Assets / (368.7 KB). Loaded Objects now: 5915.
Memory consumption went from 295.9 MB to 295.5 MB.
Total: 16.466600 ms (FindLiveObjects: 1.421100 ms CreateObjectMapping: 3.378000 ms MarkObjects: 11.200800 ms  DeleteObjects: 0.464300 ms)

Prepare: number of updated asset objects reloaded= 0
AssetImportParameters requested are different than current active one (requested -> active):
  custom:container-demuxer-ogg: 62fdf1f143b41e24485cea50d1cbac27 -> 
  custom:video-decoder-ogg-theora: a1e56fd34408186e4bbccfd4996cb3dc -> 
  custom:framework-win-MediaFoundation: 216162199b28c13a410421893ffa2e32 -> 
  custom:CustomObjectIndexerAttribute: 4d1d7186bcbbfe361de5f0ad951e585c -> 
  custom:container-demuxer-webm: 4f35f7cbe854078d1ac9338744f61a02 -> 
  custom:container-muxer-webm: aa71ff27fc2769a1b78a27578f13a17b -> 
  custom:video-decoder-webm-vp8: 9c59270c3fd7afecdb556c50c9e8de78 -> 
  custom:SearchIndexIgnoredProperties: e643bd26f0fe6173181afceb89e7c659 -> 
  custom:AudioImporter_EditorPlatform: d09bf68614088b80899f8185d706f6e7 -> 
  custom:video-encoder-webm-vp8: eb34c28f22e8b96e1ab97ce403110664 -> 
  custom:audio-decoder-ogg-vorbis: bf7c407c2cedff20999df2af8eb42d56 -> 
  custom:audio-encoder-webm-vorbis: bf7c407c2cedff20999df2af8eb42d56 -> 
========================================================================
Received Prepare
Begin MonoManager ReloadAssembly
- Loaded All Assemblies, in 18.082 seconds
Refreshing native plugins compatible for Editor in 251.46 ms, found 3 plugins.
Native extension for LinuxStandalone target not found
Native extension for WindowsStandalone target not found
Native extension for OSXStandalone target not found
Native extension for WebGL target not found
Mono: successfully reloaded assembly
- Finished resetting the current domain, in 55.097 seconds
Domain Reload Profiling: 73081ms
	BeginReloadAssembly (5137ms)
		ExecutionOrderSort (0ms)
		DisableScriptedObjects (89ms)
		BackupInstance (0ms)
		ReleaseScriptingObjects (0ms)
		CreateAndSetChildDomain (1207ms)
	RebuildCommonClasses (2367ms)
	RebuildNativeTypeToScriptingClass (1144ms)
	initialDomainReloadingComplete (764ms)
	LoadAllAssembliesAndSetupDomain (8570ms)
		LoadAssemblies (10927ms)
		RebuildTransferFunctionScriptingTraits (0ms)
		AnalyzeDomain (999ms)
			TypeCache.Refresh (61ms)
				TypeCache.ScanAssembly (0ms)
			ScanForSourceGeneratedMonoScriptInfo (1ms)
			ResolveRequiredComponents (871ms)
	FinalizeReload (55100ms)
		ReleaseScriptCaches (0ms)
		RebuildScriptCaches (0ms)
		SetupLoadedEditorAssemblies (22235ms)
			LogAssemblyErrors (0ms)
			InitializePlatformSupportModulesInManaged (315ms)
			SetLoadedEditorAssemblies (50ms)
			RefreshPlugins (0ms)
			BeforeProcessingInitializeOnLoad (2730ms)
			ProcessInitializeOnLoadAttributes (15657ms)
			ProcessInitializeOnLoadMethodAttributes (3362ms)
			AfterProcessingInitializeOnLoad (118ms)
			EditorAssembliesLoaded (4ms)
		ExecutionOrderSort2 (2ms)
		AwakeInstancesAfterBackupRestoration (389ms)
Refreshing native plugins compatible for Editor in 33.67 ms, found 3 plugins.
Preloading 0 native plugins for Editor in 0.00 ms.
Unloading 4995 Unused Serialized files (Serialized files now loaded: 0)
Unloading 42 unused Assets / (368.7 KB). Loaded Objects now: 5919.
Memory consumption went from 298.3 MB to 298.0 MB.
Total: 60.077100 ms (FindLiveObjects: 0.820400 ms CreateObjectMapping: 1.998100 ms MarkObjects: 56.806000 ms  DeleteObjects: 0.450400 ms)

Prepare: number of updated asset objects reloaded= 0
AssetImportParameters requested are different than current active one (requested -> active):
  custom:container-demuxer-ogg: 62fdf1f143b41e24485cea50d1cbac27 -> 
  custom:video-decoder-ogg-theora: a1e56fd34408186e4bbccfd4996cb3dc -> 
  custom:framework-win-MediaFoundation: 216162199b28c13a410421893ffa2e32 -> 
  custom:CustomObjectIndexerAttribute: 4d1d7186bcbbfe361de5f0ad951e585c -> 
  custom:container-demuxer-webm: 4f35f7cbe854078d1ac9338744f61a02 -> 
  custom:container-muxer-webm: aa71ff27fc2769a1b78a27578f13a17b -> 
  custom:video-decoder-webm-vp8: 9c59270c3fd7afecdb556c50c9e8de78 -> 
  custom:SearchIndexIgnoredProperties: e643bd26f0fe6173181afceb89e7c659 -> 
  custom:AudioImporter_EditorPlatform: d09bf68614088b80899f8185d706f6e7 -> 
  custom:video-encoder-webm-vp8: eb34c28f22e8b96e1ab97ce403110664 -> 
  custom:audio-decoder-ogg-vorbis: bf7c407c2cedff20999df2af8eb42d56 -> 
  custom:audio-encoder-webm-vorbis: bf7c407c2cedff20999df2af8eb42d56 -> 
========================================================================
Received Prepare
Begin MonoManager ReloadAssembly
- Loaded All Assemblies, in 18.149 seconds
Refreshing native plugins compatible for Editor in 69.36 ms, found 3 plugins.
Native extension for LinuxStandalone target not found
Native extension for WindowsStandalone target not found
Native extension for OSXStandalone target not found
Native extension for WebGL target not found
Mono: successfully reloaded assembly
- Finished resetting the current domain, in 37.916 seconds
Domain Reload Profiling: 55820ms
	BeginReloadAssembly (1487ms)
		ExecutionOrderSort (0ms)
		DisableScriptedObjects (26ms)
		BackupInstance (0ms)
		ReleaseScriptingObjects (0ms)
		CreateAndSetChildDomain (399ms)
	RebuildCommonClasses (2171ms)
	RebuildNativeTypeToScriptingClass (883ms)
	initialDomainReloadingComplete (719ms)
	LoadAllAssembliesAndSetupDomain (12643ms)
		LoadAssemblies (13170ms)
		RebuildTransferFunctionScriptingTraits (0ms)
		AnalyzeDomain (356ms)
			TypeCache.Refresh (89ms)
				TypeCache.ScanAssembly (0ms)
			ScanForSourceGeneratedMonoScriptInfo (2ms)
			ResolveRequiredComponents (250ms)
	FinalizeReload (37917ms)
		ReleaseScriptCaches (0ms)
		RebuildScriptCaches (0ms)
		SetupLoadedEditorAssemblies (14637ms)
			LogAssemblyErrors (0ms)
			InitializePlatformSupportModulesInManaged (1189ms)
			SetLoadedEditorAssemblies (48ms)
			RefreshPlugins (0ms)
			BeforeProcessingInitializeOnLoad (1805ms)
			ProcessInitializeOnLoadAttributes (9453ms)
			ProcessInitializeOnLoadMethodAttributes (1830ms)
			AfterProcessingInitializeOnLoad (308ms)
			EditorAssembliesLoaded (2ms)
		ExecutionOrderSort2 (0ms)
		AwakeInstancesAfterBackupRestoration (296ms)
Refreshing native plugins compatible for Editor in 183.23 ms, found 3 plugins.
Preloading 0 native plugins for Editor in 0.00 ms.
Unloading 4995 Unused Serialized files (Serialized files now loaded: 0)
Unloading 42 unused Assets / (368.7 KB). Loaded Objects now: 5923.
Memory consumption went from 300.2 MB to 299.9 MB.
Total: 32.273500 ms (FindLiveObjects: 1.329400 ms CreateObjectMapping: 2.056300 ms MarkObjects: 27.794500 ms  DeleteObjects: 1.090700 ms)

Prepare: number of updated asset objects reloaded= 0
AssetImportParameters requested are different than current active one (requested -> active):
  custom:container-demuxer-ogg: 62fdf1f143b41e24485cea50d1cbac27 -> 
  custom:video-decoder-ogg-theora: a1e56fd34408186e4bbccfd4996cb3dc -> 
  custom:framework-win-MediaFoundation: 216162199b28c13a410421893ffa2e32 -> 
  custom:CustomObjectIndexerAttribute: 4d1d7186bcbbfe361de5f0ad951e585c -> 
  custom:container-demuxer-webm: 4f35f7cbe854078d1ac9338744f61a02 -> 
  custom:container-muxer-webm: aa71ff27fc2769a1b78a27578f13a17b -> 
  custom:video-decoder-webm-vp8: 9c59270c3fd7afecdb556c50c9e8de78 -> 
  custom:SearchIndexIgnoredProperties: e643bd26f0fe6173181afceb89e7c659 -> 
  custom:AudioImporter_EditorPlatform: d09bf68614088b80899f8185d706f6e7 -> 
  custom:video-encoder-webm-vp8: eb34c28f22e8b96e1ab97ce403110664 -> 
  custom:audio-decoder-ogg-vorbis: bf7c407c2cedff20999df2af8eb42d56 -> 
  custom:audio-encoder-webm-vorbis: bf7c407c2cedff20999df2af8eb42d56 -> 
========================================================================
Received Prepare
Begin MonoManager ReloadAssembly
- Loaded All Assemblies, in 35.276 seconds
Refreshing native plugins compatible for Editor in 42.65 ms, found 3 plugins.
Native extension for LinuxStandalone target not found
Native extension for WindowsStandalone target not found
Native extension for OSXStandalone target not found
Native extension for WebGL target not found
Mono: successfully reloaded assembly
- Finished resetting the current domain, in 90.585 seconds
Domain Reload Profiling: 125876ms
	BeginReloadAssembly (2515ms)
		ExecutionOrderSort (0ms)
		DisableScriptedObjects (34ms)
		BackupInstance (0ms)
		ReleaseScriptingObjects (1ms)
		CreateAndSetChildDomain (691ms)
	RebuildCommonClasses (249ms)
	RebuildNativeTypeToScriptingClass (88ms)
	initialDomainReloadingComplete (1361ms)
	LoadAllAssembliesAndSetupDomain (31076ms)
		LoadAssemblies (27155ms)
		RebuildTransferFunctionScriptingTraits (0ms)
		AnalyzeDomain (5025ms)
			TypeCache.Refresh (3916ms)
				TypeCache.ScanAssembly (3493ms)
			ScanForSourceGeneratedMonoScriptInfo (780ms)
			ResolveRequiredComponents (307ms)
	FinalizeReload (90587ms)
		ReleaseScriptCaches (0ms)
		RebuildScriptCaches (0ms)
		SetupLoadedEditorAssemblies (5480ms)
			LogAssemblyErrors (0ms)
			InitializePlatformSupportModulesInManaged (139ms)
			SetLoadedEditorAssemblies (22ms)
			RefreshPlugins (0ms)
			BeforeProcessingInitializeOnLoad (688ms)
			ProcessInitializeOnLoadAttributes (4143ms)
			ProcessInitializeOnLoadMethodAttributes (440ms)
			AfterProcessingInitializeOnLoad (45ms)
			EditorAssembliesLoaded (4ms)
		ExecutionOrderSort2 (1ms)
		AwakeInstancesAfterBackupRestoration (222ms)
Refreshing native plugins compatible for Editor in 30.51 ms, found 3 plugins.
Preloading 0 native plugins for Editor in 0.00 ms.
Unloading 4995 Unused Serialized files (Serialized files now loaded: 0)
Unloading 42 unused Assets / (368.2 KB). Loaded Objects now: 5927.
Memory consumption went from 302.2 MB to 301.8 MB.
Total: 34.058900 ms (FindLiveObjects: 1.492100 ms CreateObjectMapping: 2.656100 ms MarkObjects: 29.355600 ms  DeleteObjects: 0.552800 ms)

Prepare: number of updated asset objects reloaded= 0
AssetImportParameters requested are different than current active one (requested -> active):
  custom:container-demuxer-ogg: 62fdf1f143b41e24485cea50d1cbac27 -> 
  custom:video-decoder-ogg-theora: a1e56fd34408186e4bbccfd4996cb3dc -> 
  custom:framework-win-MediaFoundation: 216162199b28c13a410421893ffa2e32 -> 
  custom:CustomObjectIndexerAttribute: 4d1d7186bcbbfe361de5f0ad951e585c -> 
  custom:container-demuxer-webm: 4f35f7cbe854078d1ac9338744f61a02 -> 
  custom:container-muxer-webm: aa71ff27fc2769a1b78a27578f13a17b -> 
  custom:video-decoder-webm-vp8: 9c59270c3fd7afecdb556c50c9e8de78 -> 
  custom:SearchIndexIgnoredProperties: e643bd26f0fe6173181afceb89e7c659 -> 
  custom:AudioImporter_EditorPlatform: d09bf68614088b80899f8185d706f6e7 -> 
  custom:video-encoder-webm-vp8: eb34c28f22e8b96e1ab97ce403110664 -> 
  custom:audio-decoder-ogg-vorbis: bf7c407c2cedff20999df2af8eb42d56 -> 
  custom:audio-encoder-webm-vorbis: bf7c407c2cedff20999df2af8eb42d56 -> 
========================================================================
Received Prepare
Begin MonoManager ReloadAssembly
- Loaded All Assemblies, in  3.430 seconds
Refreshing native plugins compatible for Editor in 90.14 ms, found 3 plugins.
Native extension for LinuxStandalone target not found
Native extension for WindowsStandalone target not found
Native extension for OSXStandalone target not found
Native extension for WebGL target not found
Mono: successfully reloaded assembly
- Finished resetting the current domain, in  8.206 seconds
Domain Reload Profiling: 11617ms
	BeginReloadAssembly (1142ms)
		ExecutionOrderSort (0ms)
		DisableScriptedObjects (19ms)
		BackupInstance (0ms)
		ReleaseScriptingObjects (0ms)
		CreateAndSetChildDomain (357ms)
	RebuildCommonClasses (165ms)
	RebuildNativeTypeToScriptingClass (49ms)
	initialDomainReloadingComplete (192ms)
	LoadAllAssembliesAndSetupDomain (1862ms)
		LoadAssemblies (2156ms)
		RebuildTransferFunctionScriptingTraits (0ms)
		AnalyzeDomain (316ms)
			TypeCache.Refresh (85ms)
				TypeCache.ScanAssembly (0ms)
			ScanForSourceGeneratedMonoScriptInfo (0ms)
			ResolveRequiredComponents (200ms)
	FinalizeReload (8207ms)
		ReleaseScriptCaches (0ms)
		RebuildScriptCaches (0ms)
		SetupLoadedEditorAssemblies (3686ms)
			LogAssemblyErrors (0ms)
			InitializePlatformSupportModulesInManaged (67ms)
			SetLoadedEditorAssemblies (11ms)
			RefreshPlugins (0ms)
			BeforeProcessingInitializeOnLoad (362ms)
			ProcessInitializeOnLoadAttributes (2735ms)
			ProcessInitializeOnLoadMethodAttributes (470ms)
			AfterProcessingInitializeOnLoad (39ms)
			EditorAssembliesLoaded (0ms)
		ExecutionOrderSort2 (0ms)
		AwakeInstancesAfterBackupRestoration (81ms)
Refreshing native plugins compatible for Editor in 25.37 ms, found 3 plugins.
Preloading 0 native plugins for Editor in 0.00 ms.
Unloading 4995 Unused Serialized files (Serialized files now loaded: 0)
Unloading 42 unused Assets / (368.7 KB). Loaded Objects now: 5931.
Memory consumption went from 304.1 MB to 303.7 MB.
Total: 19.869900 ms (FindLiveObjects: 2.861000 ms CreateObjectMapping: 2.378400 ms MarkObjects: 14.129100 ms  DeleteObjects: 0.498900 ms)

Prepare: number of updated asset objects reloaded= 0
AssetImportParameters requested are different than current active one (requested -> active):
  custom:container-demuxer-ogg: 62fdf1f143b41e24485cea50d1cbac27 -> 
  custom:video-decoder-ogg-theora: a1e56fd34408186e4bbccfd4996cb3dc -> 
  custom:framework-win-MediaFoundation: 216162199b28c13a410421893ffa2e32 -> 
  custom:CustomObjectIndexerAttribute: 4d1d7186bcbbfe361de5f0ad951e585c -> 
  custom:container-demuxer-webm: 4f35f7cbe854078d1ac9338744f61a02 -> 
  custom:container-muxer-webm: aa71ff27fc2769a1b78a27578f13a17b -> 
  custom:video-decoder-webm-vp8: 9c59270c3fd7afecdb556c50c9e8de78 -> 
  custom:SearchIndexIgnoredProperties: e643bd26f0fe6173181afceb89e7c659 -> 
  custom:AudioImporter_EditorPlatform: d09bf68614088b80899f8185d706f6e7 -> 
  custom:video-encoder-webm-vp8: eb34c28f22e8b96e1ab97ce403110664 -> 
  custom:audio-decoder-ogg-vorbis: bf7c407c2cedff20999df2af8eb42d56 -> 
  custom:audio-encoder-webm-vorbis: bf7c407c2cedff20999df2af8eb42d56 -> 
========================================================================
Received Prepare
Begin MonoManager ReloadAssembly
- Loaded All Assemblies, in 14.934 seconds
Refreshing native plugins compatible for Editor in 69.37 ms, found 3 plugins.
Native extension for LinuxStandalone target not found
Native extension for WindowsStandalone target not found
Native extension for OSXStandalone target not found
Native extension for WebGL target not found
Mono: successfully reloaded assembly
- Finished resetting the current domain, in 13.072 seconds
Domain Reload Profiling: 27916ms
	BeginReloadAssembly (8387ms)
		ExecutionOrderSort (0ms)
		DisableScriptedObjects (42ms)
		BackupInstance (0ms)
		ReleaseScriptingObjects (0ms)
		CreateAndSetChildDomain (999ms)
	RebuildCommonClasses (2477ms)
	RebuildNativeTypeToScriptingClass (481ms)
	initialDomainReloadingComplete (376ms)
	LoadAllAssembliesAndSetupDomain (3122ms)
		LoadAssemblies (10078ms)
		RebuildTransferFunctionScriptingTraits (0ms)
		AnalyzeDomain (117ms)
			TypeCache.Refresh (25ms)
				TypeCache.ScanAssembly (0ms)
			ScanForSourceGeneratedMonoScriptInfo (1ms)
			ResolveRequiredComponents (67ms)
	FinalizeReload (13073ms)
		ReleaseScriptCaches (0ms)
		RebuildScriptCaches (0ms)
		SetupLoadedEditorAssemblies (4235ms)
			LogAssemblyErrors (0ms)
			InitializePlatformSupportModulesInManaged (156ms)
			SetLoadedEditorAssemblies (14ms)
			RefreshPlugins (0ms)
			BeforeProcessingInitializeOnLoad (434ms)
			ProcessInitializeOnLoadAttributes (3199ms)
			ProcessInitializeOnLoadMethodAttributes (387ms)
			AfterProcessingInitializeOnLoad (46ms)
			EditorAssembliesLoaded (1ms)
		ExecutionOrderSort2 (0ms)
		AwakeInstancesAfterBackupRestoration (78ms)
Refreshing native plugins compatible for Editor in 66.37 ms, found 3 plugins.
Preloading 0 native plugins for Editor in 0.00 ms.
Unloading 4995 Unused Serialized files (Serialized files now loaded: 0)
Unloading 42 unused Assets / (368.6 KB). Loaded Objects now: 5935.
Memory consumption went from 306.0 MB to 305.6 MB.
Total: 24.678900 ms (FindLiveObjects: 1.190600 ms CreateObjectMapping: 2.111100 ms MarkObjects: 20.892100 ms  DeleteObjects: 0.483100 ms)

Prepare: number of updated asset objects reloaded= 0
AssetImportParameters requested are different than current active one (requested -> active):
  custom:container-demuxer-ogg: 62fdf1f143b41e24485cea50d1cbac27 -> 
  custom:video-decoder-ogg-theora: a1e56fd34408186e4bbccfd4996cb3dc -> 
  custom:framework-win-MediaFoundation: 216162199b28c13a410421893ffa2e32 -> 
  custom:CustomObjectIndexerAttribute: 4d1d7186bcbbfe361de5f0ad951e585c -> 
  custom:container-demuxer-webm: 4f35f7cbe854078d1ac9338744f61a02 -> 
  custom:container-muxer-webm: aa71ff27fc2769a1b78a27578f13a17b -> 
  custom:video-decoder-webm-vp8: 9c59270c3fd7afecdb556c50c9e8de78 -> 
  custom:SearchIndexIgnoredProperties: e643bd26f0fe6173181afceb89e7c659 -> 
  custom:AudioImporter_EditorPlatform: d09bf68614088b80899f8185d706f6e7 -> 
  custom:video-encoder-webm-vp8: eb34c28f22e8b96e1ab97ce403110664 -> 
  custom:audio-decoder-ogg-vorbis: bf7c407c2cedff20999df2af8eb42d56 -> 
  custom:audio-encoder-webm-vorbis: bf7c407c2cedff20999df2af8eb42d56 -> 
========================================================================
Received Prepare
Begin MonoManager ReloadAssembly
- Loaded All Assemblies, in 21.815 seconds
Refreshing native plugins compatible for Editor in 90.78 ms, found 3 plugins.
Native extension for LinuxStandalone target not found
Native extension for WindowsStandalone target not found
Native extension for OSXStandalone target not found
Native extension for WebGL target not found
Mono: successfully reloaded assembly
- Finished resetting the current domain, in 36.074 seconds
Domain Reload Profiling: 57831ms
	BeginReloadAssembly (11828ms)
		ExecutionOrderSort (0ms)
		DisableScriptedObjects (795ms)
		BackupInstance (0ms)
		ReleaseScriptingObjects (0ms)
		CreateAndSetChildDomain (2643ms)
	RebuildCommonClasses (3026ms)
	RebuildNativeTypeToScriptingClass (698ms)
	initialDomainReloadingComplete (683ms)
	LoadAllAssembliesAndSetupDomain (5516ms)
		LoadAssemblies (6970ms)
		RebuildTransferFunctionScriptingTraits (0ms)
		AnalyzeDomain (264ms)
			TypeCache.Refresh (55ms)
				TypeCache.ScanAssembly (0ms)
			ScanForSourceGeneratedMonoScriptInfo (1ms)
			ResolveRequiredComponents (182ms)
	FinalizeReload (36080ms)
		ReleaseScriptCaches (0ms)
		RebuildScriptCaches (0ms)
		SetupLoadedEditorAssemblies (11808ms)
			LogAssemblyErrors (0ms)
			InitializePlatformSupportModulesInManaged (97ms)
			SetLoadedEditorAssemblies (32ms)
			RefreshPlugins (0ms)
			BeforeProcessingInitializeOnLoad (537ms)
			ProcessInitializeOnLoadAttributes (9617ms)
			ProcessInitializeOnLoadMethodAttributes (1487ms)
			AfterProcessingInitializeOnLoad (37ms)
			EditorAssembliesLoaded (1ms)
		ExecutionOrderSort2 (0ms)
		AwakeInstancesAfterBackupRestoration (83ms)
Refreshing native plugins compatible for Editor in 55.31 ms, found 3 plugins.
Preloading 0 native plugins for Editor in 0.00 ms.
Unloading 4995 Unused Serialized files (Serialized files now loaded: 0)
Unloading 42 unused Assets / (368.6 KB). Loaded Objects now: 5939.
Memory consumption went from 307.9 MB to 307.6 MB.
Total: 19.501800 ms (FindLiveObjects: 1.068400 ms CreateObjectMapping: 1.027600 ms MarkObjects: 16.923000 ms  DeleteObjects: 0.480600 ms)

Prepare: number of updated asset objects reloaded= 0
AssetImportParameters requested are different than current active one (requested -> active):
  custom:container-demuxer-ogg: 62fdf1f143b41e24485cea50d1cbac27 -> 
  custom:video-decoder-ogg-theora: a1e56fd34408186e4bbccfd4996cb3dc -> 
  custom:framework-win-MediaFoundation: 216162199b28c13a410421893ffa2e32 -> 
  custom:CustomObjectIndexerAttribute: 4d1d7186bcbbfe361de5f0ad951e585c -> 
  custom:container-demuxer-webm: 4f35f7cbe854078d1ac9338744f61a02 -> 
  custom:container-muxer-webm: aa71ff27fc2769a1b78a27578f13a17b -> 
  custom:video-decoder-webm-vp8: 9c59270c3fd7afecdb556c50c9e8de78 -> 
  custom:SearchIndexIgnoredProperties: e643bd26f0fe6173181afceb89e7c659 -> 
  custom:AudioImporter_EditorPlatform: d09bf68614088b80899f8185d706f6e7 -> 
  custom:video-encoder-webm-vp8: eb34c28f22e8b96e1ab97ce403110664 -> 
  custom:audio-decoder-ogg-vorbis: bf7c407c2cedff20999df2af8eb42d56 -> 
  custom:audio-encoder-webm-vorbis: bf7c407c2cedff20999df2af8eb42d56 -> 
========================================================================
Received Prepare
Begin MonoManager ReloadAssembly
- Loaded All Assemblies, in 20.814 seconds
Refreshing native plugins compatible for Editor in 45.06 ms, found 3 plugins.
Native extension for LinuxStandalone target not found
Native extension for WindowsStandalone target not found
Native extension for OSXStandalone target not found
Native extension for WebGL target not found
Mono: successfully reloaded assembly
- Finished resetting the current domain, in 17.915 seconds
Domain Reload Profiling: 38521ms
	BeginReloadAssembly (3565ms)
		ExecutionOrderSort (0ms)
		DisableScriptedObjects (80ms)
		BackupInstance (0ms)
		ReleaseScriptingObjects (1ms)
		CreateAndSetChildDomain (1500ms)
	RebuildCommonClasses (921ms)
	RebuildNativeTypeToScriptingClass (487ms)
	initialDomainReloadingComplete (6644ms)
	LoadAllAssembliesAndSetupDomain (8982ms)
		LoadAssemblies (10538ms)
		RebuildTransferFunctionScriptingTraits (0ms)
		AnalyzeDomain (152ms)
			TypeCache.Refresh (19ms)
				TypeCache.ScanAssembly (0ms)
			ScanForSourceGeneratedMonoScriptInfo (1ms)
			ResolveRequiredComponents (123ms)
	FinalizeReload (17922ms)
		ReleaseScriptCaches (0ms)
		RebuildScriptCaches (0ms)
		SetupLoadedEditorAssemblies (4618ms)
			LogAssemblyErrors (0ms)
			InitializePlatformSupportModulesInManaged (144ms)
			SetLoadedEditorAssemblies (17ms)
			RefreshPlugins (0ms)
			BeforeProcessingInitializeOnLoad (440ms)
			ProcessInitializeOnLoadAttributes (2720ms)
			ProcessInitializeOnLoadMethodAttributes (1114ms)
			AfterProcessingInitializeOnLoad (162ms)
			EditorAssembliesLoaded (21ms)
		ExecutionOrderSort2 (0ms)
		AwakeInstancesAfterBackupRestoration (2220ms)
Refreshing native plugins compatible for Editor in 58.81 ms, found 3 plugins.
Preloading 0 native plugins for Editor in 0.00 ms.
Unloading 4995 Unused Serialized files (Serialized files now loaded: 0)
Unloading 42 unused Assets / (368.7 KB). Loaded Objects now: 5943.
Memory consumption went from 309.9 MB to 309.5 MB.
Total: 11.003400 ms (FindLiveObjects: 0.969500 ms CreateObjectMapping: 0.869500 ms MarkObjects: 8.660500 ms  DeleteObjects: 0.501400 ms)

Prepare: number of updated asset objects reloaded= 0
AssetImportParameters requested are different than current active one (requested -> active):
  custom:container-demuxer-ogg: 62fdf1f143b41e24485cea50d1cbac27 -> 
  custom:video-decoder-ogg-theora: a1e56fd34408186e4bbccfd4996cb3dc -> 
  custom:framework-win-MediaFoundation: 216162199b28c13a410421893ffa2e32 -> 
  custom:CustomObjectIndexerAttribute: 4d1d7186bcbbfe361de5f0ad951e585c -> 
  custom:container-demuxer-webm: 4f35f7cbe854078d1ac9338744f61a02 -> 
  custom:container-muxer-webm: aa71ff27fc2769a1b78a27578f13a17b -> 
  custom:video-decoder-webm-vp8: 9c59270c3fd7afecdb556c50c9e8de78 -> 
  custom:SearchIndexIgnoredProperties: e643bd26f0fe6173181afceb89e7c659 -> 
  custom:AudioImporter_EditorPlatform: d09bf68614088b80899f8185d706f6e7 -> 
  custom:video-encoder-webm-vp8: eb34c28f22e8b96e1ab97ce403110664 -> 
  custom:audio-decoder-ogg-vorbis: bf7c407c2cedff20999df2af8eb42d56 -> 
  custom:audio-encoder-webm-vorbis: bf7c407c2cedff20999df2af8eb42d56 -> 
========================================================================
Received Prepare
Begin MonoManager ReloadAssembly
- Loaded All Assemblies, in 15.377 seconds
Refreshing native plugins compatible for Editor in 80.54 ms, found 3 plugins.
Native extension for LinuxStandalone target not found
Native extension for WindowsStandalone target not found
Native extension for OSXStandalone target not found
Native extension for WebGL target not found
Mono: successfully reloaded assembly
- Finished resetting the current domain, in 33.357 seconds
Domain Reload Profiling: 48654ms
	BeginReloadAssembly (4115ms)
		ExecutionOrderSort (0ms)
		DisableScriptedObjects (204ms)
		BackupInstance (0ms)
		ReleaseScriptingObjects (0ms)
		CreateAndSetChildDomain (451ms)
	RebuildCommonClasses (2436ms)
	RebuildNativeTypeToScriptingClass (264ms)
	initialDomainReloadingComplete (539ms)
	LoadAllAssembliesAndSetupDomain (7941ms)
		LoadAssemblies (10021ms)
		RebuildTransferFunctionScriptingTraits (0ms)
		AnalyzeDomain (892ms)
			TypeCache.Refresh (181ms)
				TypeCache.ScanAssembly (0ms)
			ScanForSourceGeneratedMonoScriptInfo (19ms)
			ResolveRequiredComponents (574ms)
	FinalizeReload (33358ms)
		ReleaseScriptCaches (0ms)
		RebuildScriptCaches (0ms)
		SetupLoadedEditorAssemblies (4319ms)
			LogAssemblyErrors (0ms)
			InitializePlatformSupportModulesInManaged (396ms)
			SetLoadedEditorAssemblies (82ms)
			RefreshPlugins (0ms)
			BeforeProcessingInitializeOnLoad (826ms)
			ProcessInitializeOnLoadAttributes (2683ms)
			ProcessInitializeOnLoadMethodAttributes (246ms)
			AfterProcessingInitializeOnLoad (85ms)
			EditorAssembliesLoaded (0ms)
		ExecutionOrderSort2 (0ms)
		AwakeInstancesAfterBackupRestoration (209ms)
Refreshing native plugins compatible for Editor in 69.64 ms, found 3 plugins.
Preloading 0 native plugins for Editor in 0.00 ms.
Unloading 4995 Unused Serialized files (Serialized files now loaded: 0)
Unloading 42 unused Assets / (368.5 KB). Loaded Objects now: 5947.
Memory consumption went from 311.8 MB to 311.4 MB.
Total: 60.387000 ms (FindLiveObjects: 10.263000 ms CreateObjectMapping: 2.875400 ms MarkObjects: 46.357300 ms  DeleteObjects: 0.888400 ms)

Prepare: number of updated asset objects reloaded= 0
AssetImportParameters requested are different than current active one (requested -> active):
  custom:container-demuxer-ogg: 62fdf1f143b41e24485cea50d1cbac27 -> 
  custom:video-decoder-ogg-theora: a1e56fd34408186e4bbccfd4996cb3dc -> 
  custom:framework-win-MediaFoundation: 216162199b28c13a410421893ffa2e32 -> 
  custom:CustomObjectIndexerAttribute: 4d1d7186bcbbfe361de5f0ad951e585c -> 
  custom:container-demuxer-webm: 4f35f7cbe854078d1ac9338744f61a02 -> 
  custom:container-muxer-webm: aa71ff27fc2769a1b78a27578f13a17b -> 
  custom:video-decoder-webm-vp8: 9c59270c3fd7afecdb556c50c9e8de78 -> 
  custom:SearchIndexIgnoredProperties: e643bd26f0fe6173181afceb89e7c659 -> 
  custom:AudioImporter_EditorPlatform: d09bf68614088b80899f8185d706f6e7 -> 
  custom:video-encoder-webm-vp8: eb34c28f22e8b96e1ab97ce403110664 -> 
  custom:audio-decoder-ogg-vorbis: bf7c407c2cedff20999df2af8eb42d56 -> 
  custom:audio-encoder-webm-vorbis: bf7c407c2cedff20999df2af8eb42d56 -> 
========================================================================
Received Prepare
Begin MonoManager ReloadAssembly
- Loaded All Assemblies, in 49.470 seconds
Refreshing native plugins compatible for Editor in 142.62 ms, found 3 plugins.
Native extension for LinuxStandalone target not found
Native extension for WindowsStandalone target not found
Native extension for OSXStandalone target not found
Native extension for WebGL target not found
Mono: successfully reloaded assembly
- Finished resetting the current domain, in 48.936 seconds
Domain Reload Profiling: 98381ms
	BeginReloadAssembly (36631ms)
		ExecutionOrderSort (0ms)
		DisableScriptedObjects (134ms)
		BackupInstance (0ms)
		ReleaseScriptingObjects (0ms)
		CreateAndSetChildDomain (570ms)
	RebuildCommonClasses (907ms)
	RebuildNativeTypeToScriptingClass (304ms)
	initialDomainReloadingComplete (635ms)
	LoadAllAssembliesAndSetupDomain (10951ms)
		LoadAssemblies (46033ms)
		RebuildTransferFunctionScriptingTraits (0ms)
		AnalyzeDomain (408ms)
			TypeCache.Refresh (49ms)
				TypeCache.ScanAssembly (0ms)
			ScanForSourceGeneratedMonoScriptInfo (1ms)
			ResolveRequiredComponents (313ms)
	FinalizeReload (48953ms)
		ReleaseScriptCaches (0ms)
		RebuildScriptCaches (0ms)
		SetupLoadedEditorAssemblies (18235ms)
			LogAssemblyErrors (0ms)
			InitializePlatformSupportModulesInManaged (7099ms)
			SetLoadedEditorAssemblies (147ms)
			RefreshPlugins (0ms)
			BeforeProcessingInitializeOnLoad (1936ms)
			ProcessInitializeOnLoadAttributes (7521ms)
			ProcessInitializeOnLoadMethodAttributes (1393ms)
			AfterProcessingInitializeOnLoad (138ms)
			EditorAssembliesLoaded (0ms)
		ExecutionOrderSort2 (0ms)
		AwakeInstancesAfterBackupRestoration (312ms)
Refreshing native plugins compatible for Editor in 79.79 ms, found 3 plugins.
Preloading 0 native plugins for Editor in 0.00 ms.
Unloading 4995 Unused Serialized files (Serialized files now loaded: 0)
Unloading 42 unused Assets / (368.6 KB). Loaded Objects now: 5951.
Memory consumption went from 313.7 MB to 313.4 MB.
Total: 16.213200 ms (FindLiveObjects: 0.960300 ms CreateObjectMapping: 0.876300 ms MarkObjects: 13.828700 ms  DeleteObjects: 0.546200 ms)

Prepare: number of updated asset objects reloaded= 0
AssetImportParameters requested are different than current active one (requested -> active):
  custom:container-demuxer-ogg: 62fdf1f143b41e24485cea50d1cbac27 -> 
  custom:video-decoder-ogg-theora: a1e56fd34408186e4bbccfd4996cb3dc -> 
  custom:framework-win-MediaFoundation: 216162199b28c13a410421893ffa2e32 -> 
  custom:CustomObjectIndexerAttribute: 4d1d7186bcbbfe361de5f0ad951e585c -> 
  custom:container-demuxer-webm: 4f35f7cbe854078d1ac9338744f61a02 -> 
  custom:container-muxer-webm: aa71ff27fc2769a1b78a27578f13a17b -> 
  custom:video-decoder-webm-vp8: 9c59270c3fd7afecdb556c50c9e8de78 -> 
  custom:SearchIndexIgnoredProperties: e643bd26f0fe6173181afceb89e7c659 -> 
  custom:AudioImporter_EditorPlatform: d09bf68614088b80899f8185d706f6e7 -> 
  custom:video-encoder-webm-vp8: eb34c28f22e8b96e1ab97ce403110664 -> 
  custom:audio-decoder-ogg-vorbis: bf7c407c2cedff20999df2af8eb42d56 -> 
  custom:audio-encoder-webm-vorbis: bf7c407c2cedff20999df2af8eb42d56 -> 
========================================================================
Received Prepare
Begin MonoManager ReloadAssembly
- Loaded All Assemblies, in  7.671 seconds
Refreshing native plugins compatible for Editor in 80.71 ms, found 3 plugins.
Native extension for LinuxStandalone target not found
Native extension for WindowsStandalone target not found
Native extension for OSXStandalone target not found
Native extension for WebGL target not found
Mono: successfully reloaded assembly
- Finished resetting the current domain, in 13.364 seconds
Domain Reload Profiling: 21011ms
	BeginReloadAssembly (3374ms)
		ExecutionOrderSort (0ms)
		DisableScriptedObjects (38ms)
		BackupInstance (0ms)
		ReleaseScriptingObjects (0ms)
		CreateAndSetChildDomain (558ms)
	RebuildCommonClasses (615ms)
	RebuildNativeTypeToScriptingClass (240ms)
	initialDomainReloadingComplete (1647ms)
	LoadAllAssembliesAndSetupDomain (1768ms)
		LoadAssemblies (4089ms)
		RebuildTransferFunctionScriptingTraits (0ms)
		AnalyzeDomain (122ms)
			TypeCache.Refresh (38ms)
				TypeCache.ScanAssembly (0ms)
			ScanForSourceGeneratedMonoScriptInfo (0ms)
			ResolveRequiredComponents (71ms)
	FinalizeReload (13367ms)
		ReleaseScriptCaches (0ms)
		RebuildScriptCaches (0ms)
		SetupLoadedEditorAssemblies (3598ms)
			LogAssemblyErrors (0ms)
			InitializePlatformSupportModulesInManaged (89ms)
			SetLoadedEditorAssemblies (14ms)
			RefreshPlugins (0ms)
			BeforeProcessingInitializeOnLoad (582ms)
			ProcessInitializeOnLoadAttributes (2482ms)
			ProcessInitializeOnLoadMethodAttributes (371ms)
			AfterProcessingInitializeOnLoad (59ms)
			EditorAssembliesLoaded (0ms)
		ExecutionOrderSort2 (0ms)
		AwakeInstancesAfterBackupRestoration (79ms)
Refreshing native plugins compatible for Editor in 32.95 ms, found 3 plugins.
Preloading 0 native plugins for Editor in 0.00 ms.
Unloading 4995 Unused Serialized files (Serialized files now loaded: 0)
Unloading 42 unused Assets / (368.6 KB). Loaded Objects now: 5955.
Memory consumption went from 315.6 MB to 315.3 MB.
Total: 36.984300 ms (FindLiveObjects: 2.324200 ms CreateObjectMapping: 1.843300 ms MarkObjects: 31.920500 ms  DeleteObjects: 0.894000 ms)

Prepare: number of updated asset objects reloaded= 0
AssetImportParameters requested are different than current active one (requested -> active):
  custom:container-demuxer-ogg: 62fdf1f143b41e24485cea50d1cbac27 -> 
  custom:video-decoder-ogg-theora: a1e56fd34408186e4bbccfd4996cb3dc -> 
  custom:framework-win-MediaFoundation: 216162199b28c13a410421893ffa2e32 -> 
  custom:CustomObjectIndexerAttribute: 4d1d7186bcbbfe361de5f0ad951e585c -> 
  custom:container-demuxer-webm: 4f35f7cbe854078d1ac9338744f61a02 -> 
  custom:container-muxer-webm: aa71ff27fc2769a1b78a27578f13a17b -> 
  custom:video-decoder-webm-vp8: 9c59270c3fd7afecdb556c50c9e8de78 -> 
  custom:SearchIndexIgnoredProperties: e643bd26f0fe6173181afceb89e7c659 -> 
  custom:AudioImporter_EditorPlatform: d09bf68614088b80899f8185d706f6e7 -> 
  custom:video-encoder-webm-vp8: eb34c28f22e8b96e1ab97ce403110664 -> 
  custom:audio-decoder-ogg-vorbis: bf7c407c2cedff20999df2af8eb42d56 -> 
  custom:audio-encoder-webm-vorbis: bf7c407c2cedff20999df2af8eb42d56 -> 
========================================================================
Received Prepare
Begin MonoManager ReloadAssembly
- Loaded All Assemblies, in 10.487 seconds
Refreshing native plugins compatible for Editor in 30.74 ms, found 3 plugins.
Native extension for LinuxStandalone target not found
Native extension for WindowsStandalone target not found
Native extension for OSXStandalone target not found
Native extension for WebGL target not found
Mono: successfully reloaded assembly
- Finished resetting the current domain, in 14.561 seconds
Domain Reload Profiling: 24975ms
	BeginReloadAssembly (5897ms)
		ExecutionOrderSort (0ms)
		DisableScriptedObjects (59ms)
		BackupInstance (0ms)
		ReleaseScriptingObjects (0ms)
		CreateAndSetChildDomain (712ms)
	RebuildCommonClasses (264ms)
	RebuildNativeTypeToScriptingClass (69ms)
	initialDomainReloadingComplete (260ms)
	LoadAllAssembliesAndSetupDomain (3922ms)
		LoadAssemblies (8699ms)
		RebuildTransferFunctionScriptingTraits (0ms)
		AnalyzeDomain (77ms)
			TypeCache.Refresh (17ms)
				TypeCache.ScanAssembly (0ms)
			ScanForSourceGeneratedMonoScriptInfo (2ms)
			ResolveRequiredComponents (52ms)
	FinalizeReload (14562ms)
		ReleaseScriptCaches (0ms)
		RebuildScriptCaches (0ms)
		SetupLoadedEditorAssemblies (8041ms)
			LogAssemblyErrors (0ms)
			InitializePlatformSupportModulesInManaged (77ms)
			SetLoadedEditorAssemblies (25ms)
			RefreshPlugins (0ms)
			BeforeProcessingInitializeOnLoad (4267ms)
			ProcessInitializeOnLoadAttributes (3212ms)
			ProcessInitializeOnLoadMethodAttributes (418ms)
			AfterProcessingInitializeOnLoad (41ms)
			EditorAssembliesLoaded (0ms)
		ExecutionOrderSort2 (0ms)
		AwakeInstancesAfterBackupRestoration (81ms)
Refreshing native plugins compatible for Editor in 27.70 ms, found 3 plugins.
Preloading 0 native plugins for Editor in 0.00 ms.
Unloading 4995 Unused Serialized files (Serialized files now loaded: 0)
Unloading 42 unused Assets / (368.7 KB). Loaded Objects now: 5959.
Memory consumption went from 317.5 MB to 317.2 MB.
Total: 32.187900 ms (FindLiveObjects: 2.195400 ms CreateObjectMapping: 1.573000 ms MarkObjects: 27.386000 ms  DeleteObjects: 1.029900 ms)

Prepare: number of updated asset objects reloaded= 0
AssetImportParameters requested are different than current active one (requested -> active):
  custom:container-demuxer-ogg: 62fdf1f143b41e24485cea50d1cbac27 -> 
  custom:video-decoder-ogg-theora: a1e56fd34408186e4bbccfd4996cb3dc -> 
  custom:framework-win-MediaFoundation: 216162199b28c13a410421893ffa2e32 -> 
  custom:CustomObjectIndexerAttribute: 4d1d7186bcbbfe361de5f0ad951e585c -> 
  custom:container-demuxer-webm: 4f35f7cbe854078d1ac9338744f61a02 -> 
  custom:container-muxer-webm: aa71ff27fc2769a1b78a27578f13a17b -> 
  custom:video-decoder-webm-vp8: 9c59270c3fd7afecdb556c50c9e8de78 -> 
  custom:SearchIndexIgnoredProperties: e643bd26f0fe6173181afceb89e7c659 -> 
  custom:AudioImporter_EditorPlatform: d09bf68614088b80899f8185d706f6e7 -> 
  custom:video-encoder-webm-vp8: eb34c28f22e8b96e1ab97ce403110664 -> 
  custom:audio-decoder-ogg-vorbis: bf7c407c2cedff20999df2af8eb42d56 -> 
  custom:audio-encoder-webm-vorbis: bf7c407c2cedff20999df2af8eb42d56 -> 
========================================================================
Received Prepare
Begin MonoManager ReloadAssembly
- Loaded All Assemblies, in 12.638 seconds
Refreshing native plugins compatible for Editor in 159.21 ms, found 3 plugins.
Native extension for LinuxStandalone target not found
Native extension for WindowsStandalone target not found
Native extension for OSXStandalone target not found
Native extension for WebGL target not found
Mono: successfully reloaded assembly
- Finished resetting the current domain, in 29.815 seconds
Domain Reload Profiling: 42401ms
	BeginReloadAssembly (4234ms)
		ExecutionOrderSort (0ms)
		DisableScriptedObjects (98ms)
		BackupInstance (0ms)
		ReleaseScriptingObjects (0ms)
		CreateAndSetChildDomain (505ms)
	RebuildCommonClasses (582ms)
	RebuildNativeTypeToScriptingClass (243ms)
	initialDomainReloadingComplete (692ms)
	LoadAllAssembliesAndSetupDomain (6834ms)
		LoadAssemblies (9441ms)
		RebuildTransferFunctionScriptingTraits (0ms)
		AnalyzeDomain (413ms)
			TypeCache.Refresh (225ms)
				TypeCache.ScanAssembly (0ms)
			ScanForSourceGeneratedMonoScriptInfo (2ms)
			ResolveRequiredComponents (159ms)
	FinalizeReload (29817ms)
		ReleaseScriptCaches (0ms)
		RebuildScriptCaches (0ms)
		SetupLoadedEditorAssemblies (13372ms)
			LogAssemblyErrors (0ms)
			InitializePlatformSupportModulesInManaged (124ms)
			SetLoadedEditorAssemblies (25ms)
			RefreshPlugins (0ms)
			BeforeProcessingInitializeOnLoad (804ms)
			ProcessInitializeOnLoadAttributes (10952ms)
			ProcessInitializeOnLoadMethodAttributes (1230ms)
			AfterProcessingInitializeOnLoad (236ms)
			EditorAssembliesLoaded (2ms)
		ExecutionOrderSort2 (0ms)
		AwakeInstancesAfterBackupRestoration (351ms)
Refreshing native plugins compatible for Editor in 27.96 ms, found 3 plugins.
Preloading 0 native plugins for Editor in 0.00 ms.
Unloading 4995 Unused Serialized files (Serialized files now loaded: 0)
Unloading 42 unused Assets / (368.8 KB). Loaded Objects now: 5963.
Memory consumption went from 319.5 MB to 319.1 MB.
Total: 11.965500 ms (FindLiveObjects: 0.918400 ms CreateObjectMapping: 0.903900 ms MarkObjects: 9.710100 ms  DeleteObjects: 0.431100 ms)

Prepare: number of updated asset objects reloaded= 0
AssetImportParameters requested are different than current active one (requested -> active):
  custom:container-demuxer-ogg: 62fdf1f143b41e24485cea50d1cbac27 -> 
  custom:video-decoder-ogg-theora: a1e56fd34408186e4bbccfd4996cb3dc -> 
  custom:framework-win-MediaFoundation: 216162199b28c13a410421893ffa2e32 -> 
  custom:CustomObjectIndexerAttribute: 4d1d7186bcbbfe361de5f0ad951e585c -> 
  custom:container-demuxer-webm: 4f35f7cbe854078d1ac9338744f61a02 -> 
  custom:container-muxer-webm: aa71ff27fc2769a1b78a27578f13a17b -> 
  custom:video-decoder-webm-vp8: 9c59270c3fd7afecdb556c50c9e8de78 -> 
  custom:SearchIndexIgnoredProperties: e643bd26f0fe6173181afceb89e7c659 -> 
  custom:AudioImporter_EditorPlatform: d09bf68614088b80899f8185d706f6e7 -> 
  custom:video-encoder-webm-vp8: eb34c28f22e8b96e1ab97ce403110664 -> 
  custom:audio-decoder-ogg-vorbis: bf7c407c2cedff20999df2af8eb42d56 -> 
  custom:audio-encoder-webm-vorbis: bf7c407c2cedff20999df2af8eb42d56 -> 
========================================================================
Received Prepare
Begin MonoManager ReloadAssembly
- Loaded All Assemblies, in  3.771 seconds
Refreshing native plugins compatible for Editor in 29.00 ms, found 3 plugins.
Native extension for LinuxStandalone target not found
Native extension for WindowsStandalone target not found
Native extension for OSXStandalone target not found
Native extension for WebGL target not found
Mono: successfully reloaded assembly
- Finished resetting the current domain, in 13.433 seconds
Domain Reload Profiling: 17176ms
	BeginReloadAssembly (1245ms)
		ExecutionOrderSort (0ms)
		DisableScriptedObjects (88ms)
		BackupInstance (0ms)
		ReleaseScriptingObjects (0ms)
		CreateAndSetChildDomain (183ms)
	RebuildCommonClasses (251ms)
	RebuildNativeTypeToScriptingClass (92ms)
	initialDomainReloadingComplete (186ms)
	LoadAllAssembliesAndSetupDomain (1966ms)
		LoadAssemblies (2640ms)
		RebuildTransferFunctionScriptingTraits (0ms)
		AnalyzeDomain (91ms)
			TypeCache.Refresh (22ms)
				TypeCache.ScanAssembly (0ms)
			ScanForSourceGeneratedMonoScriptInfo (0ms)
			ResolveRequiredComponents (59ms)
	FinalizeReload (13436ms)
		ReleaseScriptCaches (0ms)
		RebuildScriptCaches (0ms)
		SetupLoadedEditorAssemblies (4427ms)
			LogAssemblyErrors (0ms)
			InitializePlatformSupportModulesInManaged (318ms)
			SetLoadedEditorAssemblies (43ms)
			RefreshPlugins (0ms)
			BeforeProcessingInitializeOnLoad (557ms)
			ProcessInitializeOnLoadAttributes (2280ms)
			ProcessInitializeOnLoadMethodAttributes (1139ms)
			AfterProcessingInitializeOnLoad (90ms)
			EditorAssembliesLoaded (0ms)
		ExecutionOrderSort2 (0ms)
		AwakeInstancesAfterBackupRestoration (211ms)
Refreshing native plugins compatible for Editor in 35.62 ms, found 3 plugins.
Preloading 0 native plugins for Editor in 0.00 ms.
Unloading 4995 Unused Serialized files (Serialized files now loaded: 0)
Unloading 42 unused Assets / (368.7 KB). Loaded Objects now: 5967.
Memory consumption went from 321.4 MB to 321.0 MB.
Total: 13.214500 ms (FindLiveObjects: 0.931400 ms CreateObjectMapping: 0.951900 ms MarkObjects: 9.895200 ms  DeleteObjects: 1.433700 ms)

Prepare: number of updated asset objects reloaded= 0
AssetImportParameters requested are different than current active one (requested -> active):
  custom:container-demuxer-ogg: 62fdf1f143b41e24485cea50d1cbac27 -> 
  custom:video-decoder-ogg-theora: a1e56fd34408186e4bbccfd4996cb3dc -> 
  custom:framework-win-MediaFoundation: 216162199b28c13a410421893ffa2e32 -> 
  custom:CustomObjectIndexerAttribute: 4d1d7186bcbbfe361de5f0ad951e585c -> 
  custom:container-demuxer-webm: 4f35f7cbe854078d1ac9338744f61a02 -> 
  custom:container-muxer-webm: aa71ff27fc2769a1b78a27578f13a17b -> 
  custom:video-decoder-webm-vp8: 9c59270c3fd7afecdb556c50c9e8de78 -> 
  custom:SearchIndexIgnoredProperties: e643bd26f0fe6173181afceb89e7c659 -> 
  custom:AudioImporter_EditorPlatform: d09bf68614088b80899f8185d706f6e7 -> 
  custom:video-encoder-webm-vp8: eb34c28f22e8b96e1ab97ce403110664 -> 
  custom:audio-decoder-ogg-vorbis: bf7c407c2cedff20999df2af8eb42d56 -> 
  custom:audio-encoder-webm-vorbis: bf7c407c2cedff20999df2af8eb42d56 -> 
========================================================================
Received Prepare
Begin MonoManager ReloadAssembly
- Loaded All Assemblies, in 21.418 seconds
Refreshing native plugins compatible for Editor in 81.47 ms, found 3 plugins.
Native extension for LinuxStandalone target not found
Native extension for WindowsStandalone target not found
Native extension for OSXStandalone target not found
Native extension for WebGL target not found
Mono: successfully reloaded assembly
- Finished resetting the current domain, in 12.608 seconds
Domain Reload Profiling: 33787ms
	BeginReloadAssembly (8600ms)
		ExecutionOrderSort (0ms)
		DisableScriptedObjects (32ms)
		BackupInstance (0ms)
		ReleaseScriptingObjects (0ms)
		CreateAndSetChildDomain (360ms)
	RebuildCommonClasses (642ms)
	RebuildNativeTypeToScriptingClass (350ms)
	initialDomainReloadingComplete (1753ms)
	LoadAllAssembliesAndSetupDomain (9832ms)
		LoadAssemblies (17516ms)
		RebuildTransferFunctionScriptingTraits (0ms)
		AnalyzeDomain (249ms)
			TypeCache.Refresh (36ms)
				TypeCache.ScanAssembly (0ms)
			ScanForSourceGeneratedMonoScriptInfo (1ms)
			ResolveRequiredComponents (180ms)
	FinalizeReload (12610ms)
		ReleaseScriptCaches (0ms)
		RebuildScriptCaches (0ms)
		SetupLoadedEditorAssemblies (4047ms)
			LogAssemblyErrors (0ms)
			InitializePlatformSupportModulesInManaged (87ms)
			SetLoadedEditorAssemblies (16ms)
			RefreshPlugins (0ms)
			BeforeProcessingInitializeOnLoad (507ms)
			ProcessInitializeOnLoadAttributes (2985ms)
			ProcessInitializeOnLoadMethodAttributes (398ms)
			AfterProcessingInitializeOnLoad (53ms)
			EditorAssembliesLoaded (0ms)
		ExecutionOrderSort2 (0ms)
		AwakeInstancesAfterBackupRestoration (82ms)
Refreshing native plugins compatible for Editor in 75.30 ms, found 3 plugins.
Preloading 0 native plugins for Editor in 0.00 ms.
Unloading 4995 Unused Serialized files (Serialized files now loaded: 0)
Unloading 42 unused Assets / (368.7 KB). Loaded Objects now: 5971.
Memory consumption went from 323.3 MB to 322.9 MB.
Total: 235.554100 ms (FindLiveObjects: 3.180500 ms CreateObjectMapping: 185.153000 ms MarkObjects: 46.637100 ms  DeleteObjects: 0.580900 ms)

Prepare: number of updated asset objects reloaded= 0
AssetImportParameters requested are different than current active one (requested -> active):
  custom:container-demuxer-ogg: 62fdf1f143b41e24485cea50d1cbac27 -> 
  custom:video-decoder-ogg-theora: a1e56fd34408186e4bbccfd4996cb3dc -> 
  custom:framework-win-MediaFoundation: 216162199b28c13a410421893ffa2e32 -> 
  custom:CustomObjectIndexerAttribute: 4d1d7186bcbbfe361de5f0ad951e585c -> 
  custom:container-demuxer-webm: 4f35f7cbe854078d1ac9338744f61a02 -> 
  custom:container-muxer-webm: aa71ff27fc2769a1b78a27578f13a17b -> 
  custom:video-decoder-webm-vp8: 9c59270c3fd7afecdb556c50c9e8de78 -> 
  custom:SearchIndexIgnoredProperties: e643bd26f0fe6173181afceb89e7c659 -> 
  custom:AudioImporter_EditorPlatform: d09bf68614088b80899f8185d706f6e7 -> 
  custom:video-encoder-webm-vp8: eb34c28f22e8b96e1ab97ce403110664 -> 
  custom:audio-decoder-ogg-vorbis: bf7c407c2cedff20999df2af8eb42d56 -> 
  custom:audio-encoder-webm-vorbis: bf7c407c2cedff20999df2af8eb42d56 -> 
========================================================================
Received Prepare
Begin MonoManager ReloadAssembly
- Loaded All Assemblies, in  2.978 seconds
Refreshing native plugins compatible for Editor in 28.26 ms, found 3 plugins.
Native extension for LinuxStandalone target not found
Native extension for WindowsStandalone target not found
Native extension for OSXStandalone target not found
Native extension for WebGL target not found
Mono: successfully reloaded assembly
- Finished resetting the current domain, in 10.087 seconds
Domain Reload Profiling: 13036ms
	BeginReloadAssembly (741ms)
		ExecutionOrderSort (0ms)
		DisableScriptedObjects (51ms)
		BackupInstance (0ms)
		ReleaseScriptingObjects (0ms)
		CreateAndSetChildDomain (167ms)
	RebuildCommonClasses (241ms)
	RebuildNativeTypeToScriptingClass (66ms)
	initialDomainReloadingComplete (171ms)
	LoadAllAssembliesAndSetupDomain (1725ms)
		LoadAssemblies (2014ms)
		RebuildTransferFunctionScriptingTraits (0ms)
		AnalyzeDomain (108ms)
			TypeCache.Refresh (21ms)
				TypeCache.ScanAssembly (0ms)
			ScanForSourceGeneratedMonoScriptInfo (0ms)
			ResolveRequiredComponents (77ms)
	FinalizeReload (10091ms)
		ReleaseScriptCaches (0ms)
		RebuildScriptCaches (0ms)
		SetupLoadedEditorAssemblies (3931ms)
			LogAssemblyErrors (0ms)
			InitializePlatformSupportModulesInManaged (89ms)
			SetLoadedEditorAssemblies (13ms)
			RefreshPlugins (0ms)
			BeforeProcessingInitializeOnLoad (849ms)
			ProcessInitializeOnLoadAttributes (2454ms)
			ProcessInitializeOnLoadMethodAttributes (484ms)
			AfterProcessingInitializeOnLoad (43ms)
			EditorAssembliesLoaded (0ms)
		ExecutionOrderSort2 (0ms)
		AwakeInstancesAfterBackupRestoration (82ms)
Refreshing native plugins compatible for Editor in 29.45 ms, found 3 plugins.
Preloading 0 native plugins for Editor in 0.00 ms.
Unloading 4995 Unused Serialized files (Serialized files now loaded: 0)
Unloading 42 unused Assets / (368.7 KB). Loaded Objects now: 5975.
Memory consumption went from 325.2 MB to 324.9 MB.
Total: 13.853000 ms (FindLiveObjects: 1.978300 ms CreateObjectMapping: 0.985300 ms MarkObjects: 10.129400 ms  DeleteObjects: 0.757800 ms)

Prepare: number of updated asset objects reloaded= 0
AssetImportParameters requested are different than current active one (requested -> active):
  custom:container-demuxer-ogg: 62fdf1f143b41e24485cea50d1cbac27 -> 
  custom:video-decoder-ogg-theora: a1e56fd34408186e4bbccfd4996cb3dc -> 
  custom:framework-win-MediaFoundation: 216162199b28c13a410421893ffa2e32 -> 
  custom:CustomObjectIndexerAttribute: 4d1d7186bcbbfe361de5f0ad951e585c -> 
  custom:container-demuxer-webm: 4f35f7cbe854078d1ac9338744f61a02 -> 
  custom:container-muxer-webm: aa71ff27fc2769a1b78a27578f13a17b -> 
  custom:video-decoder-webm-vp8: 9c59270c3fd7afecdb556c50c9e8de78 -> 
  custom:SearchIndexIgnoredProperties: e643bd26f0fe6173181afceb89e7c659 -> 
  custom:AudioImporter_EditorPlatform: d09bf68614088b80899f8185d706f6e7 -> 
  custom:video-encoder-webm-vp8: eb34c28f22e8b96e1ab97ce403110664 -> 
  custom:audio-decoder-ogg-vorbis: bf7c407c2cedff20999df2af8eb42d56 -> 
  custom:audio-encoder-webm-vorbis: bf7c407c2cedff20999df2af8eb42d56 -> 
========================================================================
Received Prepare
Begin MonoManager ReloadAssembly
- Loaded All Assemblies, in 16.529 seconds
Refreshing native plugins compatible for Editor in 127.73 ms, found 3 plugins.
Native extension for LinuxStandalone target not found
Native extension for WindowsStandalone target not found
Native extension for OSXStandalone target not found
Native extension for WebGL target not found
Mono: successfully reloaded assembly
- Finished resetting the current domain, in 12.627 seconds
Domain Reload Profiling: 28993ms
	BeginReloadAssembly (5072ms)
		ExecutionOrderSort (0ms)
		DisableScriptedObjects (917ms)
		BackupInstance (0ms)
		ReleaseScriptingObjects (0ms)
		CreateAndSetChildDomain (256ms)
	RebuildCommonClasses (2039ms)
	RebuildNativeTypeToScriptingClass (201ms)
	initialDomainReloadingComplete (823ms)
	LoadAllAssembliesAndSetupDomain (8228ms)
		LoadAssemblies (11043ms)
		RebuildTransferFunctionScriptingTraits (0ms)
		AnalyzeDomain (390ms)
			TypeCache.Refresh (46ms)
				TypeCache.ScanAssembly (0ms)
			ScanForSourceGeneratedMonoScriptInfo (0ms)
			ResolveRequiredComponents (233ms)
	FinalizeReload (12630ms)
		ReleaseScriptCaches (0ms)
		RebuildScriptCaches (0ms)
		SetupLoadedEditorAssemblies (3111ms)
			LogAssemblyErrors (0ms)
			InitializePlatformSupportModulesInManaged (86ms)
			SetLoadedEditorAssemblies (14ms)
			RefreshPlugins (0ms)
			BeforeProcessingInitializeOnLoad (490ms)
			ProcessInitializeOnLoadAttributes (1907ms)
			ProcessInitializeOnLoadMethodAttributes (557ms)
			AfterProcessingInitializeOnLoad (56ms)
			EditorAssembliesLoaded (0ms)
		ExecutionOrderSort2 (0ms)
		AwakeInstancesAfterBackupRestoration (229ms)
Refreshing native plugins compatible for Editor in 45.05 ms, found 3 plugins.
Preloading 0 native plugins for Editor in 0.00 ms.
Unloading 4995 Unused Serialized files (Serialized files now loaded: 0)
Unloading 42 unused Assets / (368.9 KB). Loaded Objects now: 5979.
Memory consumption went from 327.1 MB to 326.8 MB.
Total: 9.571300 ms (FindLiveObjects: 1.144100 ms CreateObjectMapping: 1.456000 ms MarkObjects: 6.602200 ms  DeleteObjects: 0.367100 ms)

Prepare: number of updated asset objects reloaded= 0
AssetImportParameters requested are different than current active one (requested -> active):
  custom:container-demuxer-ogg: 62fdf1f143b41e24485cea50d1cbac27 -> 
  custom:video-decoder-ogg-theora: a1e56fd34408186e4bbccfd4996cb3dc -> 
  custom:framework-win-MediaFoundation: 216162199b28c13a410421893ffa2e32 -> 
  custom:CustomObjectIndexerAttribute: 4d1d7186bcbbfe361de5f0ad951e585c -> 
  custom:container-demuxer-webm: 4f35f7cbe854078d1ac9338744f61a02 -> 
  custom:container-muxer-webm: aa71ff27fc2769a1b78a27578f13a17b -> 
  custom:video-decoder-webm-vp8: 9c59270c3fd7afecdb556c50c9e8de78 -> 
  custom:SearchIndexIgnoredProperties: e643bd26f0fe6173181afceb89e7c659 -> 
  custom:AudioImporter_EditorPlatform: d09bf68614088b80899f8185d706f6e7 -> 
  custom:video-encoder-webm-vp8: eb34c28f22e8b96e1ab97ce403110664 -> 
  custom:audio-decoder-ogg-vorbis: bf7c407c2cedff20999df2af8eb42d56 -> 
  custom:audio-encoder-webm-vorbis: bf7c407c2cedff20999df2af8eb42d56 -> 
========================================================================
Received Prepare
Begin MonoManager ReloadAssembly
- Loaded All Assemblies, in 30.092 seconds
Refreshing native plugins compatible for Editor in 378.39 ms, found 3 plugins.
Native extension for LinuxStandalone target not found
Native extension for WindowsStandalone target not found
Native extension for OSXStandalone target not found
Native extension for WebGL target not found
Mono: successfully reloaded assembly
- Finished resetting the current domain, in 16.588 seconds
Domain Reload Profiling: 46456ms
	BeginReloadAssembly (6959ms)
		ExecutionOrderSort (0ms)
		DisableScriptedObjects (172ms)
		BackupInstance (0ms)
		ReleaseScriptingObjects (1ms)
		CreateAndSetChildDomain (575ms)
	RebuildCommonClasses (2233ms)
	RebuildNativeTypeToScriptingClass (235ms)
	initialDomainReloadingComplete (798ms)
	LoadAllAssembliesAndSetupDomain (19642ms)
		LoadAssemblies (23432ms)
		RebuildTransferFunctionScriptingTraits (0ms)
		AnalyzeDomain (1633ms)
			TypeCache.Refresh (51ms)
				TypeCache.ScanAssembly (0ms)
			ScanForSourceGeneratedMonoScriptInfo (1ms)
			ResolveRequiredComponents (1268ms)
	FinalizeReload (16590ms)
		ReleaseScriptCaches (0ms)
		RebuildScriptCaches (0ms)
		SetupLoadedEditorAssemblies (5499ms)
			LogAssemblyErrors (0ms)
			InitializePlatformSupportModulesInManaged (94ms)
			SetLoadedEditorAssemblies (91ms)
			RefreshPlugins (0ms)
			BeforeProcessingInitializeOnLoad (772ms)
			ProcessInitializeOnLoadAttributes (4133ms)
			ProcessInitializeOnLoadMethodAttributes (365ms)
			AfterProcessingInitializeOnLoad (43ms)
			EditorAssembliesLoaded (1ms)
		ExecutionOrderSort2 (0ms)
		AwakeInstancesAfterBackupRestoration (109ms)
Refreshing native plugins compatible for Editor in 25.74 ms, found 3 plugins.
Preloading 0 native plugins for Editor in 0.00 ms.
Unloading 4995 Unused Serialized files (Serialized files now loaded: 0)
Unloading 42 unused Assets / (368.8 KB). Loaded Objects now: 5983.
Memory consumption went from 329.1 MB to 328.7 MB.
Total: 28.832400 ms (FindLiveObjects: 7.775800 ms CreateObjectMapping: 9.119800 ms MarkObjects: 11.346000 ms  DeleteObjects: 0.588000 ms)

Prepare: number of updated asset objects reloaded= 0
AssetImportParameters requested are different than current active one (requested -> active):
  custom:container-demuxer-ogg: 62fdf1f143b41e24485cea50d1cbac27 -> 
  custom:video-decoder-ogg-theora: a1e56fd34408186e4bbccfd4996cb3dc -> 
  custom:framework-win-MediaFoundation: 216162199b28c13a410421893ffa2e32 -> 
  custom:CustomObjectIndexerAttribute: 4d1d7186bcbbfe361de5f0ad951e585c -> 
  custom:container-demuxer-webm: 4f35f7cbe854078d1ac9338744f61a02 -> 
  custom:container-muxer-webm: aa71ff27fc2769a1b78a27578f13a17b -> 
  custom:video-decoder-webm-vp8: 9c59270c3fd7afecdb556c50c9e8de78 -> 
  custom:SearchIndexIgnoredProperties: e643bd26f0fe6173181afceb89e7c659 -> 
  custom:AudioImporter_EditorPlatform: d09bf68614088b80899f8185d706f6e7 -> 
  custom:video-encoder-webm-vp8: eb34c28f22e8b96e1ab97ce403110664 -> 
  custom:audio-decoder-ogg-vorbis: bf7c407c2cedff20999df2af8eb42d56 -> 
  custom:audio-encoder-webm-vorbis: bf7c407c2cedff20999df2af8eb42d56 -> 
========================================================================
Received Prepare
Begin MonoManager ReloadAssembly
- Loaded All Assemblies, in 21.029 seconds
Refreshing native plugins compatible for Editor in 952.53 ms, found 3 plugins.
Native extension for LinuxStandalone target not found
Native extension for WindowsStandalone target not found
Native extension for OSXStandalone target not found
Native extension for WebGL target not found
Mono: successfully reloaded assembly
- Finished resetting the current domain, in 41.999 seconds
Domain Reload Profiling: 62854ms
	BeginReloadAssembly (4482ms)
		ExecutionOrderSort (1ms)
		DisableScriptedObjects (59ms)
		BackupInstance (0ms)
		ReleaseScriptingObjects (0ms)
		CreateAndSetChildDomain (959ms)
	RebuildCommonClasses (1272ms)
	RebuildNativeTypeToScriptingClass (564ms)
	initialDomainReloadingComplete (1778ms)
	LoadAllAssembliesAndSetupDomain (12757ms)
		LoadAssemblies (15303ms)
		RebuildTransferFunctionScriptingTraits (0ms)
		AnalyzeDomain (535ms)
			TypeCache.Refresh (54ms)
				TypeCache.ScanAssembly (0ms)
			ScanForSourceGeneratedMonoScriptInfo (1ms)
			ResolveRequiredComponents (462ms)
	FinalizeReload (42001ms)
		ReleaseScriptCaches (0ms)
		RebuildScriptCaches (0ms)
		SetupLoadedEditorAssemblies (11389ms)
			LogAssemblyErrors (0ms)
			InitializePlatformSupportModulesInManaged (735ms)
			SetLoadedEditorAssemblies (46ms)
			RefreshPlugins (0ms)
			BeforeProcessingInitializeOnLoad (2258ms)
			ProcessInitializeOnLoadAttributes (8005ms)
			ProcessInitializeOnLoadMethodAttributes (302ms)
			AfterProcessingInitializeOnLoad (42ms)
			EditorAssembliesLoaded (0ms)
		ExecutionOrderSort2 (0ms)
		AwakeInstancesAfterBackupRestoration (88ms)
Refreshing native plugins compatible for Editor in 34.02 ms, found 3 plugins.
Preloading 0 native plugins for Editor in 0.00 ms.
Unloading 4995 Unused Serialized files (Serialized files now loaded: 0)
Unloading 42 unused Assets / (368.6 KB). Loaded Objects now: 5987.
Memory consumption went from 331.0 MB to 330.6 MB.
Total: 11.387300 ms (FindLiveObjects: 2.125200 ms CreateObjectMapping: 1.677500 ms MarkObjects: 7.112300 ms  DeleteObjects: 0.470400 ms)

Prepare: number of updated asset objects reloaded= 0
AssetImportParameters requested are different than current active one (requested -> active):
  custom:container-demuxer-ogg: 62fdf1f143b41e24485cea50d1cbac27 -> 
  custom:video-decoder-ogg-theora: a1e56fd34408186e4bbccfd4996cb3dc -> 
  custom:framework-win-MediaFoundation: 216162199b28c13a410421893ffa2e32 -> 
  custom:CustomObjectIndexerAttribute: 4d1d7186bcbbfe361de5f0ad951e585c -> 
  custom:container-demuxer-webm: 4f35f7cbe854078d1ac9338744f61a02 -> 
  custom:container-muxer-webm: aa71ff27fc2769a1b78a27578f13a17b -> 
  custom:video-decoder-webm-vp8: 9c59270c3fd7afecdb556c50c9e8de78 -> 
  custom:SearchIndexIgnoredProperties: e643bd26f0fe6173181afceb89e7c659 -> 
  custom:AudioImporter_EditorPlatform: d09bf68614088b80899f8185d706f6e7 -> 
  custom:video-encoder-webm-vp8: eb34c28f22e8b96e1ab97ce403110664 -> 
  custom:audio-decoder-ogg-vorbis: bf7c407c2cedff20999df2af8eb42d56 -> 
  custom:audio-encoder-webm-vorbis: bf7c407c2cedff20999df2af8eb42d56 -> 
========================================================================
Received Prepare
Begin MonoManager ReloadAssembly
- Loaded All Assemblies, in 17.163 seconds
Refreshing native plugins compatible for Editor in 89.23 ms, found 3 plugins.
Native extension for LinuxStandalone target not found
Native extension for WindowsStandalone target not found
Native extension for OSXStandalone target not found
Native extension for WebGL target not found
Mono: successfully reloaded assembly
- Finished resetting the current domain, in 12.771 seconds
Domain Reload Profiling: 29828ms
	BeginReloadAssembly (4515ms)
		ExecutionOrderSort (0ms)
		DisableScriptedObjects (45ms)
		BackupInstance (0ms)
		ReleaseScriptingObjects (0ms)
		CreateAndSetChildDomain (285ms)
	RebuildCommonClasses (786ms)
	RebuildNativeTypeToScriptingClass (215ms)
	initialDomainReloadingComplete (3926ms)
	LoadAllAssembliesAndSetupDomain (7614ms)
		LoadAssemblies (11100ms)
		RebuildTransferFunctionScriptingTraits (0ms)
		AnalyzeDomain (416ms)
			TypeCache.Refresh (142ms)
				TypeCache.ScanAssembly (0ms)
			ScanForSourceGeneratedMonoScriptInfo (13ms)
			ResolveRequiredComponents (236ms)
	FinalizeReload (12773ms)
		ReleaseScriptCaches (0ms)
		RebuildScriptCaches (0ms)
		SetupLoadedEditorAssemblies (3121ms)
			LogAssemblyErrors (0ms)
			InitializePlatformSupportModulesInManaged (85ms)
			SetLoadedEditorAssemblies (16ms)
			RefreshPlugins (0ms)
			BeforeProcessingInitializeOnLoad (461ms)
			ProcessInitializeOnLoadAttributes (2202ms)
			ProcessInitializeOnLoadMethodAttributes (319ms)
			AfterProcessingInitializeOnLoad (38ms)
			EditorAssembliesLoaded (1ms)
		ExecutionOrderSort2 (1ms)
		AwakeInstancesAfterBackupRestoration (77ms)
Refreshing native plugins compatible for Editor in 37.53 ms, found 3 plugins.
Preloading 0 native plugins for Editor in 0.00 ms.
Unloading 4995 Unused Serialized files (Serialized files now loaded: 0)
Unloading 42 unused Assets / (368.7 KB). Loaded Objects now: 5991.
Memory consumption went from 332.9 MB to 332.5 MB.
Total: 66.534700 ms (FindLiveObjects: 7.175100 ms CreateObjectMapping: 9.611500 ms MarkObjects: 48.926800 ms  DeleteObjects: 0.818700 ms)

Prepare: number of updated asset objects reloaded= 0
AssetImportParameters requested are different than current active one (requested -> active):
  custom:container-demuxer-ogg: 62fdf1f143b41e24485cea50d1cbac27 -> 
  custom:video-decoder-ogg-theora: a1e56fd34408186e4bbccfd4996cb3dc -> 
  custom:framework-win-MediaFoundation: 216162199b28c13a410421893ffa2e32 -> 
  custom:CustomObjectIndexerAttribute: 4d1d7186bcbbfe361de5f0ad951e585c -> 
  custom:container-demuxer-webm: 4f35f7cbe854078d1ac9338744f61a02 -> 
  custom:container-muxer-webm: aa71ff27fc2769a1b78a27578f13a17b -> 
  custom:video-decoder-webm-vp8: 9c59270c3fd7afecdb556c50c9e8de78 -> 
  custom:SearchIndexIgnoredProperties: e643bd26f0fe6173181afceb89e7c659 -> 
  custom:AudioImporter_EditorPlatform: d09bf68614088b80899f8185d706f6e7 -> 
  custom:video-encoder-webm-vp8: eb34c28f22e8b96e1ab97ce403110664 -> 
  custom:audio-decoder-ogg-vorbis: bf7c407c2cedff20999df2af8eb42d56 -> 
  custom:audio-encoder-webm-vorbis: bf7c407c2cedff20999df2af8eb42d56 -> 
========================================================================
Received Prepare
Begin MonoManager ReloadAssembly
- Loaded All Assemblies, in 25.282 seconds
Refreshing native plugins compatible for Editor in 130.55 ms, found 3 plugins.
Native extension for LinuxStandalone target not found
Native extension for WindowsStandalone target not found
Native extension for OSXStandalone target not found
Native extension for WebGL target not found
Mono: successfully reloaded assembly
- Finished resetting the current domain, in 23.388 seconds
Domain Reload Profiling: 48483ms
	BeginReloadAssembly (8604ms)
		ExecutionOrderSort (0ms)
		DisableScriptedObjects (832ms)
		BackupInstance (0ms)
		ReleaseScriptingObjects (2ms)
		CreateAndSetChildDomain (3397ms)
	RebuildCommonClasses (1060ms)
	RebuildNativeTypeToScriptingClass (469ms)
	initialDomainReloadingComplete (1024ms)
	LoadAllAssembliesAndSetupDomain (13936ms)
		LoadAssemblies (15823ms)
		RebuildTransferFunctionScriptingTraits (0ms)
		AnalyzeDomain (1967ms)
			TypeCache.Refresh (124ms)
				TypeCache.ScanAssembly (0ms)
			ScanForSourceGeneratedMonoScriptInfo (1ms)
			ResolveRequiredComponents (1805ms)
	FinalizeReload (23390ms)
		ReleaseScriptCaches (0ms)
		RebuildScriptCaches (0ms)
		SetupLoadedEditorAssemblies (5958ms)
			LogAssemblyErrors (0ms)
			InitializePlatformSupportModulesInManaged (90ms)
			SetLoadedEditorAssemblies (14ms)
			RefreshPlugins (0ms)
			BeforeProcessingInitializeOnLoad (584ms)
			ProcessInitializeOnLoadAttributes (3690ms)
			ProcessInitializeOnLoadMethodAttributes (1536ms)
			AfterProcessingInitializeOnLoad (44ms)
			EditorAssembliesLoaded (0ms)
		ExecutionOrderSort2 (1ms)
		AwakeInstancesAfterBackupRestoration (108ms)
Refreshing native plugins compatible for Editor in 26.78 ms, found 3 plugins.
Preloading 0 native plugins for Editor in 0.00 ms.
Unloading 4995 Unused Serialized files (Serialized files now loaded: 0)
Unloading 42 unused Assets / (368.8 KB). Loaded Objects now: 5995.
Memory consumption went from 334.8 MB to 334.5 MB.
Total: 18.284300 ms (FindLiveObjects: 6.055200 ms CreateObjectMapping: 1.046400 ms MarkObjects: 8.956500 ms  DeleteObjects: 2.223300 ms)

Prepare: number of updated asset objects reloaded= 0
AssetImportParameters requested are different than current active one (requested -> active):
  custom:container-demuxer-ogg: 62fdf1f143b41e24485cea50d1cbac27 -> 
  custom:video-decoder-ogg-theora: a1e56fd34408186e4bbccfd4996cb3dc -> 
  custom:framework-win-MediaFoundation: 216162199b28c13a410421893ffa2e32 -> 
  custom:CustomObjectIndexerAttribute: 4d1d7186bcbbfe361de5f0ad951e585c -> 
  custom:container-demuxer-webm: 4f35f7cbe854078d1ac9338744f61a02 -> 
  custom:container-muxer-webm: aa71ff27fc2769a1b78a27578f13a17b -> 
  custom:video-decoder-webm-vp8: 9c59270c3fd7afecdb556c50c9e8de78 -> 
  custom:SearchIndexIgnoredProperties: e643bd26f0fe6173181afceb89e7c659 -> 
  custom:AudioImporter_EditorPlatform: d09bf68614088b80899f8185d706f6e7 -> 
  custom:video-encoder-webm-vp8: eb34c28f22e8b96e1ab97ce403110664 -> 
  custom:audio-decoder-ogg-vorbis: bf7c407c2cedff20999df2af8eb42d56 -> 
  custom:audio-encoder-webm-vorbis: bf7c407c2cedff20999df2af8eb42d56 -> 
========================================================================
Received Prepare
Begin MonoManager ReloadAssembly
- Loaded All Assemblies, in 20.956 seconds
Refreshing native plugins compatible for Editor in 103.16 ms, found 3 plugins.
Native extension for LinuxStandalone target not found
Native extension for WindowsStandalone target not found
Native extension for OSXStandalone target not found
Native extension for WebGL target not found
Mono: successfully reloaded assembly
- Finished resetting the current domain, in 64.160 seconds
Domain Reload Profiling: 84964ms
	BeginReloadAssembly (4355ms)
		ExecutionOrderSort (0ms)
		DisableScriptedObjects (31ms)
		BackupInstance (0ms)
		ReleaseScriptingObjects (2ms)
		CreateAndSetChildDomain (1737ms)
	RebuildCommonClasses (1069ms)
	RebuildNativeTypeToScriptingClass (450ms)
	initialDomainReloadingComplete (2963ms)
	LoadAllAssembliesAndSetupDomain (11966ms)
		LoadAssemblies (13400ms)
		RebuildTransferFunctionScriptingTraits (0ms)
		AnalyzeDomain (538ms)
			TypeCache.Refresh (215ms)
				TypeCache.ScanAssembly (0ms)
			ScanForSourceGeneratedMonoScriptInfo (1ms)
			ResolveRequiredComponents (298ms)
	FinalizeReload (64162ms)
		ReleaseScriptCaches (0ms)
		RebuildScriptCaches (0ms)
		SetupLoadedEditorAssemblies (21388ms)
			LogAssemblyErrors (0ms)
			InitializePlatformSupportModulesInManaged (250ms)
			SetLoadedEditorAssemblies (188ms)
			RefreshPlugins (0ms)
			BeforeProcessingInitializeOnLoad (3727ms)
			ProcessInitializeOnLoadAttributes (16634ms)
			ProcessInitializeOnLoadMethodAttributes (531ms)
			AfterProcessingInitializeOnLoad (58ms)
			EditorAssembliesLoaded (1ms)
		ExecutionOrderSort2 (0ms)
		AwakeInstancesAfterBackupRestoration (189ms)
Refreshing native plugins compatible for Editor in 46.86 ms, found 3 plugins.
Preloading 0 native plugins for Editor in 0.00 ms.
Unloading 4995 Unused Serialized files (Serialized files now loaded: 0)
Unloading 42 unused Assets / (369.8 KB). Loaded Objects now: 5999.
Memory consumption went from 336.8 MB to 336.4 MB.
Total: 14.181400 ms (FindLiveObjects: 0.971200 ms CreateObjectMapping: 2.098400 ms MarkObjects: 8.279000 ms  DeleteObjects: 2.830900 ms)

Prepare: number of updated asset objects reloaded= 0
AssetImportParameters requested are different than current active one (requested -> active):
  custom:container-demuxer-ogg: 62fdf1f143b41e24485cea50d1cbac27 -> 
  custom:video-decoder-ogg-theora: a1e56fd34408186e4bbccfd4996cb3dc -> 
  custom:framework-win-MediaFoundation: 216162199b28c13a410421893ffa2e32 -> 
  custom:CustomObjectIndexerAttribute: 4d1d7186bcbbfe361de5f0ad951e585c -> 
  custom:container-demuxer-webm: 4f35f7cbe854078d1ac9338744f61a02 -> 
  custom:container-muxer-webm: aa71ff27fc2769a1b78a27578f13a17b -> 
  custom:video-decoder-webm-vp8: 9c59270c3fd7afecdb556c50c9e8de78 -> 
  custom:SearchIndexIgnoredProperties: e643bd26f0fe6173181afceb89e7c659 -> 
  custom:AudioImporter_EditorPlatform: d09bf68614088b80899f8185d706f6e7 -> 
  custom:video-encoder-webm-vp8: eb34c28f22e8b96e1ab97ce403110664 -> 
  custom:audio-decoder-ogg-vorbis: bf7c407c2cedff20999df2af8eb42d56 -> 
  custom:audio-encoder-webm-vorbis: bf7c407c2cedff20999df2af8eb42d56 -> 
========================================================================
Received Prepare
Begin MonoManager ReloadAssembly
- Loaded All Assemblies, in 18.258 seconds
Refreshing native plugins compatible for Editor in 69.80 ms, found 3 plugins.
Native extension for LinuxStandalone target not found
Native extension for WindowsStandalone target not found
Native extension for OSXStandalone target not found
Native extension for WebGL target not found
Mono: successfully reloaded assembly
- Finished resetting the current domain, in 53.784 seconds
Domain Reload Profiling: 71661ms
	BeginReloadAssembly (6771ms)
		ExecutionOrderSort (6ms)
		DisableScriptedObjects (383ms)
		BackupInstance (0ms)
		ReleaseScriptingObjects (7ms)
		CreateAndSetChildDomain (872ms)
	RebuildCommonClasses (1395ms)
	RebuildNativeTypeToScriptingClass (163ms)
	initialDomainReloadingComplete (808ms)
	LoadAllAssembliesAndSetupDomain (8733ms)
		LoadAssemblies (13135ms)
		RebuildTransferFunctionScriptingTraits (0ms)
		AnalyzeDomain (429ms)
			TypeCache.Refresh (67ms)
				TypeCache.ScanAssembly (0ms)
			ScanForSourceGeneratedMonoScriptInfo (1ms)
			ResolveRequiredComponents (282ms)
	FinalizeReload (53791ms)
		ReleaseScriptCaches (0ms)
		RebuildScriptCaches (0ms)
		SetupLoadedEditorAssemblies (17024ms)
			LogAssemblyErrors (0ms)
			InitializePlatformSupportModulesInManaged (233ms)
			SetLoadedEditorAssemblies (49ms)
			RefreshPlugins (0ms)
			BeforeProcessingInitializeOnLoad (967ms)
			ProcessInitializeOnLoadAttributes (11488ms)
			ProcessInitializeOnLoadMethodAttributes (4116ms)
			AfterProcessingInitializeOnLoad (169ms)
			EditorAssembliesLoaded (1ms)
		ExecutionOrderSort2 (1ms)
		AwakeInstancesAfterBackupRestoration (550ms)
Refreshing native plugins compatible for Editor in 499.26 ms, found 3 plugins.
Preloading 0 native plugins for Editor in 0.00 ms.
Unloading 4995 Unused Serialized files (Serialized files now loaded: 0)
Unloading 42 unused Assets / (368.7 KB). Loaded Objects now: 6003.
Memory consumption went from 338.7 MB to 338.3 MB.
Total: 47.886600 ms (FindLiveObjects: 1.485600 ms CreateObjectMapping: 5.700800 ms MarkObjects: 39.608900 ms  DeleteObjects: 1.088100 ms)

Prepare: number of updated asset objects reloaded= 0
AssetImportParameters requested are different than current active one (requested -> active):
  custom:container-demuxer-ogg: 62fdf1f143b41e24485cea50d1cbac27 -> 
  custom:video-decoder-ogg-theora: a1e56fd34408186e4bbccfd4996cb3dc -> 
  custom:framework-win-MediaFoundation: 216162199b28c13a410421893ffa2e32 -> 
  custom:CustomObjectIndexerAttribute: 4d1d7186bcbbfe361de5f0ad951e585c -> 
  custom:container-demuxer-webm: 4f35f7cbe854078d1ac9338744f61a02 -> 
  custom:container-muxer-webm: aa71ff27fc2769a1b78a27578f13a17b -> 
  custom:video-decoder-webm-vp8: 9c59270c3fd7afecdb556c50c9e8de78 -> 
  custom:SearchIndexIgnoredProperties: e643bd26f0fe6173181afceb89e7c659 -> 
  custom:AudioImporter_EditorPlatform: d09bf68614088b80899f8185d706f6e7 -> 
  custom:video-encoder-webm-vp8: eb34c28f22e8b96e1ab97ce403110664 -> 
  custom:audio-decoder-ogg-vorbis: bf7c407c2cedff20999df2af8eb42d56 -> 
  custom:audio-encoder-webm-vorbis: bf7c407c2cedff20999df2af8eb42d56 -> 
========================================================================
Received Prepare
Begin MonoManager ReloadAssembly
- Loaded All Assemblies, in 32.636 seconds
Refreshing native plugins compatible for Editor in 246.92 ms, found 3 plugins.
Native extension for LinuxStandalone target not found
Native extension for WindowsStandalone target not found
Native extension for OSXStandalone target not found
Native extension for WebGL target not found
Mono: successfully reloaded assembly
- Finished resetting the current domain, in 86.616 seconds
Domain Reload Profiling: 118922ms
	BeginReloadAssembly (6781ms)
		ExecutionOrderSort (6ms)
		DisableScriptedObjects (165ms)
		BackupInstance (0ms)
		ReleaseScriptingObjects (0ms)
		CreateAndSetChildDomain (3233ms)
	RebuildCommonClasses (761ms)
	RebuildNativeTypeToScriptingClass (843ms)
	initialDomainReloadingComplete (1524ms)
	LoadAllAssembliesAndSetupDomain (22382ms)
		LoadAssemblies (19603ms)
		RebuildTransferFunctionScriptingTraits (0ms)
		AnalyzeDomain (4717ms)
			TypeCache.Refresh (53ms)
				TypeCache.ScanAssembly (0ms)
			ScanForSourceGeneratedMonoScriptInfo (6ms)
			ResolveRequiredComponents (4635ms)
	FinalizeReload (86631ms)
		ReleaseScriptCaches (0ms)
		RebuildScriptCaches (0ms)
		SetupLoadedEditorAssemblies (37738ms)
			LogAssemblyErrors (0ms)
			InitializePlatformSupportModulesInManaged (937ms)
			SetLoadedEditorAssemblies (81ms)
			RefreshPlugins (0ms)
			BeforeProcessingInitializeOnLoad (5582ms)
			ProcessInitializeOnLoadAttributes (23718ms)
			ProcessInitializeOnLoadMethodAttributes (5360ms)
			AfterProcessingInitializeOnLoad (2060ms)
			EditorAssembliesLoaded (0ms)
		ExecutionOrderSort2 (0ms)
		AwakeInstancesAfterBackupRestoration (1028ms)
Refreshing native plugins compatible for Editor in 1785.42 ms, found 3 plugins.
Preloading 0 native plugins for Editor in 0.00 ms.
Unloading 4995 Unused Serialized files (Serialized files now loaded: 0)
Unloading 42 unused Assets / (368.7 KB). Loaded Objects now: 6007.
Memory consumption went from 340.6 MB to 340.3 MB.
Total: 183.065300 ms (FindLiveObjects: 33.805900 ms CreateObjectMapping: 4.518700 ms MarkObjects: 132.985300 ms  DeleteObjects: 11.752300 ms)

Prepare: number of updated asset objects reloaded= 0
AssetImportParameters requested are different than current active one (requested -> active):
  custom:container-demuxer-ogg: 62fdf1f143b41e24485cea50d1cbac27 -> 
  custom:video-decoder-ogg-theora: a1e56fd34408186e4bbccfd4996cb3dc -> 
  custom:framework-win-MediaFoundation: 216162199b28c13a410421893ffa2e32 -> 
  custom:CustomObjectIndexerAttribute: 4d1d7186bcbbfe361de5f0ad951e585c -> 
  custom:container-demuxer-webm: 4f35f7cbe854078d1ac9338744f61a02 -> 
  custom:container-muxer-webm: aa71ff27fc2769a1b78a27578f13a17b -> 
  custom:video-decoder-webm-vp8: 9c59270c3fd7afecdb556c50c9e8de78 -> 
  custom:SearchIndexIgnoredProperties: e643bd26f0fe6173181afceb89e7c659 -> 
  custom:AudioImporter_EditorPlatform: d09bf68614088b80899f8185d706f6e7 -> 
  custom:video-encoder-webm-vp8: eb34c28f22e8b96e1ab97ce403110664 -> 
  custom:audio-decoder-ogg-vorbis: bf7c407c2cedff20999df2af8eb42d56 -> 
  custom:audio-encoder-webm-vorbis: bf7c407c2cedff20999df2af8eb42d56 -> 
========================================================================
Received Prepare
Begin MonoManager ReloadAssembly
- Loaded All Assemblies, in 35.238 seconds
Refreshing native plugins compatible for Editor in 414.44 ms, found 3 plugins.
Native extension for LinuxStandalone target not found
Native extension for WindowsStandalone target not found
Native extension for OSXStandalone target not found
Native extension for WebGL target not found
Mono: successfully reloaded assembly
- Finished resetting the current domain, in 60.785 seconds
Domain Reload Profiling: 96114ms
	BeginReloadAssembly (8498ms)
		ExecutionOrderSort (0ms)
		DisableScriptedObjects (54ms)
		BackupInstance (0ms)
		ReleaseScriptingObjects (0ms)
		CreateAndSetChildDomain (1399ms)
	RebuildCommonClasses (2899ms)
	RebuildNativeTypeToScriptingClass (202ms)
	initialDomainReloadingComplete (1217ms)
	LoadAllAssembliesAndSetupDomain (22508ms)
		LoadAssemblies (25277ms)
		RebuildTransferFunctionScriptingTraits (0ms)
		AnalyzeDomain (3589ms)
			TypeCache.Refresh (266ms)
				TypeCache.ScanAssembly (0ms)
			ScanForSourceGeneratedMonoScriptInfo (3ms)
			ResolveRequiredComponents (2733ms)
	FinalizeReload (60791ms)
		ReleaseScriptCaches (0ms)
		RebuildScriptCaches (0ms)
		SetupLoadedEditorAssemblies (20679ms)
			LogAssemblyErrors (0ms)
			InitializePlatformSupportModulesInManaged (1074ms)
			SetLoadedEditorAssemblies (59ms)
			RefreshPlugins (0ms)
			BeforeProcessingInitializeOnLoad (5438ms)
			ProcessInitializeOnLoadAttributes (10928ms)
			ProcessInitializeOnLoadMethodAttributes (2953ms)
			AfterProcessingInitializeOnLoad (226ms)
			EditorAssembliesLoaded (0ms)
		ExecutionOrderSort2 (1ms)
		AwakeInstancesAfterBackupRestoration (415ms)
Refreshing native plugins compatible for Editor in 200.41 ms, found 3 plugins.
Preloading 0 native plugins for Editor in 0.00 ms.
Unloading 4995 Unused Serialized files (Serialized files now loaded: 0)
Unloading 42 unused Assets / (368.7 KB). Loaded Objects now: 6011.
Memory consumption went from 342.6 MB to 342.2 MB.
Total: 66.587800 ms (FindLiveObjects: 8.150600 ms CreateObjectMapping: 1.783000 ms MarkObjects: 40.216200 ms  DeleteObjects: 16.435900 ms)

Prepare: number of updated asset objects reloaded= 0
AssetImportParameters requested are different than current active one (requested -> active):
  custom:container-demuxer-ogg: 62fdf1f143b41e24485cea50d1cbac27 -> 
  custom:video-decoder-ogg-theora: a1e56fd34408186e4bbccfd4996cb3dc -> 
  custom:framework-win-MediaFoundation: 216162199b28c13a410421893ffa2e32 -> 
  custom:CustomObjectIndexerAttribute: 4d1d7186bcbbfe361de5f0ad951e585c -> 
  custom:container-demuxer-webm: 4f35f7cbe854078d1ac9338744f61a02 -> 
  custom:container-muxer-webm: aa71ff27fc2769a1b78a27578f13a17b -> 
  custom:video-decoder-webm-vp8: 9c59270c3fd7afecdb556c50c9e8de78 -> 
  custom:SearchIndexIgnoredProperties: e643bd26f0fe6173181afceb89e7c659 -> 
  custom:AudioImporter_EditorPlatform: d09bf68614088b80899f8185d706f6e7 -> 
  custom:video-encoder-webm-vp8: eb34c28f22e8b96e1ab97ce403110664 -> 
  custom:audio-decoder-ogg-vorbis: bf7c407c2cedff20999df2af8eb42d56 -> 
  custom:audio-encoder-webm-vorbis: bf7c407c2cedff20999df2af8eb42d56 -> 
========================================================================
Received Import Request.
  Time since last request: 6788.236480 seconds.
  path: Assets/xddd/Materials/Concrete_Block_8x8_Gray.mat
  artifactKey: Guid(3f3ef014fef8e434aab826331791a5f6) Importer(815301076,1909f56bfc062723c751e8b465ee728b)
Start importing Assets/xddd/Materials/Concrete_Block_8x8_Gray.mat using Guid(3f3ef014fef8e434aab826331791a5f6) Importer(815301076,1909f56bfc062723c751e8b465ee728b)  -> (artifact id: 'c97eb3037c3fbede834c080342993d37') in 32.024966 seconds
Number of updated asset objects reloaded before import = 0
Number of asset objects unloaded after import = 21
========================================================================
Received Import Request.
  Time since last request: 0.003360 seconds.
  path: Assets/xddd/Materials/Stone_Masonry_Multi.mat
  artifactKey: Guid(db807bf8f0519ee4c81ebe1d47628ebf) Importer(815301076,1909f56bfc062723c751e8b465ee728b)
Start importing Assets/xddd/Materials/Stone_Masonry_Multi.mat using Guid(db807bf8f0519ee4c81ebe1d47628ebf) Importer(815301076,1909f56bfc062723c751e8b465ee728b)  -> (artifact id: '9c0e37aaaec4b59e7d6c724b59de6643') in 1.244819 seconds
Number of updated asset objects reloaded before import = 0
Number of asset objects unloaded after import = 2
========================================================================
Received Import Request.
  Time since last request: 0.007340 seconds.
  path: Assets/xddd/Materials/Concrete_Block_8x8_Gray72.jpg
  artifactKey: Guid(354db1255a1d91e439987b880ecc9551) Importer(815301076,1909f56bfc062723c751e8b465ee728b)
Start importing Assets/xddd/Materials/Concrete_Block_8x8_Gray72.jpg using Guid(354db1255a1d91e439987b880ecc9551) Importer(815301076,1909f56bfc062723c751e8b465ee728b)  -> (artifact id: '858fcd0182545902671c6128b70645da') in 1.030583 seconds
Number of updated asset objects reloaded before import = 0
Number of asset objects unloaded after import = 2
========================================================================
Received Import Request.
  Time since last request: 0.001484 seconds.
  path: Assets/xddd/Materials/Concrete_Block_8x8_Gray80.jpg
  artifactKey: Guid(0a568a7a824ab934b804e6dcf5db8850) Importer(815301076,1909f56bfc062723c751e8b465ee728b)
Start importing Assets/xddd/Materials/Concrete_Block_8x8_Gray80.jpg using Guid(0a568a7a824ab934b804e6dcf5db8850) Importer(815301076,1909f56bfc062723c751e8b465ee728b)  -> (artifact id: '6ddeb9a9a5e448e81ca9eb22d0dd2335') in 0.538913 seconds
Number of updated asset objects reloaded before import = 0
Number of asset objects unloaded after import = 2
========================================================================
Received Import Request.
  Time since last request: 0.045892 seconds.
  path: Assets/xddd/Materials/Niraj_Hair_Dark26.jpg
  artifactKey: Guid(b07ccdb202c1c384fb661cf77f1cf41f) Importer(815301076,1909f56bfc062723c751e8b465ee728b)
Start importing Assets/xddd/Materials/Niraj_Hair_Dark26.jpg using Guid(b07ccdb202c1c384fb661cf77f1cf41f) Importer(815301076,1909f56bfc062723c751e8b465ee728b)  -> (artifact id: '75416799b9ea23327e16609b7bc637ef') in 1.240134 seconds
Number of updated asset objects reloaded before import = 0
Number of asset objects unloaded after import = 2
========================================================================
Received Import Request.
  Time since last request: 0.056605 seconds.
  path: Assets/xddd/Materials/Concrete_Block_8x8_Gray44.jpg
  artifactKey: Guid(6e4e7a34d8c531047b84ff2494582593) Importer(815301076,1909f56bfc062723c751e8b465ee728b)
Start importing Assets/xddd/Materials/Concrete_Block_8x8_Gray44.jpg using Guid(6e4e7a34d8c531047b84ff2494582593) Importer(815301076,1909f56bfc062723c751e8b465ee728b)  -> (artifact id: '82da31985983bba97c181d44e3e134ae') in 0.219395 seconds
Number of updated asset objects reloaded before import = 0
Number of asset objects unloaded after import = 2
========================================================================
Received Import Request.
  Time since last request: 0.162498 seconds.
  path: Assets/xddd/Materials/Concrete_Block_8x8_Gray73.jpg
  artifactKey: Guid(448c363d19b144c448919e350e57a093) Importer(815301076,1909f56bfc062723c751e8b465ee728b)
Start importing Assets/xddd/Materials/Concrete_Block_8x8_Gray73.jpg using Guid(448c363d19b144c448919e350e57a093) Importer(815301076,1909f56bfc062723c751e8b465ee728b)  -> (artifact id: '7ec9a4875b2269cacc5fcb8f7235a9f1') in 0.727329 seconds
Number of updated asset objects reloaded before import = 0
Number of asset objects unloaded after import = 2
========================================================================
Received Import Request.
  Time since last request: 0.012888 seconds.
  path: Assets/xddd/Materials/Niraj_Hair_Dark19.jpg
  artifactKey: Guid(d0b5ac7bd25af1745bf952fd0d3d7074) Importer(815301076,1909f56bfc062723c751e8b465ee728b)
Start importing Assets/xddd/Materials/Niraj_Hair_Dark19.jpg using Guid(d0b5ac7bd25af1745bf952fd0d3d7074) Importer(815301076,1909f56bfc062723c751e8b465ee728b)  -> (artifact id: '6b898be1b835b4a2a8819071f6393830') in 0.593513 seconds
Number of updated asset objects reloaded before import = 0
Number of asset objects unloaded after import = 2
========================================================================
Received Import Request.
  Time since last request: 0.000053 seconds.
  path: Assets/xddd/Materials/Niraj_Hair_Dark27.jpg
  artifactKey: Guid(12f199be75e2734449243cf882c3d4c1) Importer(815301076,1909f56bfc062723c751e8b465ee728b)
Start importing Assets/xddd/Materials/Niraj_Hair_Dark27.jpg using Guid(12f199be75e2734449243cf882c3d4c1) Importer(815301076,1909f56bfc062723c751e8b465ee728b)  -> (artifact id: '3422871c2c7a3b51f9b2e614d386a32a') in 2.462177 seconds
Number of updated asset objects reloaded before import = 0
Number of asset objects unloaded after import = 2
========================================================================
Received Import Request.
  Time since last request: 0.019095 seconds.
  path: Assets/xddd/Materials/Concrete_Block_8x8_Gray31.jpg
  artifactKey: Guid(c4587b19dad415545a15f944a64f1b8a) Importer(815301076,1909f56bfc062723c751e8b465ee728b)
Start importing Assets/xddd/Materials/Concrete_Block_8x8_Gray31.jpg using Guid(c4587b19dad415545a15f944a64f1b8a) Importer(815301076,1909f56bfc062723c751e8b465ee728b)  -> (artifact id: '1bf4d3c82be565e26266ad0aa9309523') in 1.732830 seconds
Number of updated asset objects reloaded before import = 0
Number of asset objects unloaded after import = 2
========================================================================
Received Import Request.
  Time since last request: 0.027440 seconds.
  path: Assets/xddd/Materials/Niraj_Hair_Dark36.jpg
  artifactKey: Guid(e009ab00dae6a754782594c3ff652732) Importer(815301076,1909f56bfc062723c751e8b465ee728b)
Start importing Assets/xddd/Materials/Niraj_Hair_Dark36.jpg using Guid(e009ab00dae6a754782594c3ff652732) Importer(815301076,1909f56bfc062723c751e8b465ee728b)  -> (artifact id: '9c73238310a76668cfec595ef6c55722') in 0.344859 seconds
Number of updated asset objects reloaded before import = 0
Number of asset objects unloaded after import = 2
========================================================================
Received Import Request.
  Time since last request: 0.015239 seconds.
  path: Assets/xddd/Materials/Niraj_Hair_Dark32.jpg
  artifactKey: Guid(09c8e1c0da6d7f04fb41ca2d1bebceab) Importer(815301076,1909f56bfc062723c751e8b465ee728b)
Start importing Assets/xddd/Materials/Niraj_Hair_Dark32.jpg using Guid(09c8e1c0da6d7f04fb41ca2d1bebceab) Importer(815301076,1909f56bfc062723c751e8b465ee728b)  -> (artifact id: 'a0d33cd5dba712cee1732db7042e70f2') in 0.980101 seconds
Number of updated asset objects reloaded before import = 0
Number of asset objects unloaded after import = 2
========================================================================
Received Import Request.
  Time since last request: 0.000054 seconds.
  path: Assets/xddd/Materials/SketchUV_Texture2.jpg
  artifactKey: Guid(c676d35484e662f49bd9d2f68aedf14f) Importer(815301076,1909f56bfc062723c751e8b465ee728b)
Start importing Assets/xddd/Materials/SketchUV_Texture2.jpg using Guid(c676d35484e662f49bd9d2f68aedf14f) Importer(815301076,1909f56bfc062723c751e8b465ee728b)  -> (artifact id: 'c6032cac9c53e1566e66792556bc3eb6') in 0.588112 seconds
Number of updated asset objects reloaded before import = 0
Number of asset objects unloaded after import = 2
========================================================================
Received Import Request.
  Time since last request: 0.001421 seconds.
  path: Assets/xddd/Materials/Concrete_Block_8x8_Gray13.jpg
  artifactKey: Guid(9e6497f3b4d0f0d408a70483db24fe36) Importer(815301076,1909f56bfc062723c751e8b465ee728b)
Start importing Assets/xddd/Materials/Concrete_Block_8x8_Gray13.jpg using Guid(9e6497f3b4d0f0d408a70483db24fe36) Importer(815301076,1909f56bfc062723c751e8b465ee728b)  -> (artifact id: '1cb2dc090f79a6eb355b2a0faba260a5') in 0.255385 seconds
Number of updated asset objects reloaded before import = 0
Number of asset objects unloaded after import = 2
========================================================================
Received Import Request.
  Time since last request: 0.000185 seconds.
  path: Assets/xddd/Materials/Concrete_Block_8x8_Gray17.jpg
  artifactKey: Guid(9cb0114b2a2b5a849abc560214d11122) Importer(815301076,1909f56bfc062723c751e8b465ee728b)
Start importing Assets/xddd/Materials/Concrete_Block_8x8_Gray17.jpg using Guid(9cb0114b2a2b5a849abc560214d11122) Importer(815301076,1909f56bfc062723c751e8b465ee728b)  -> (artifact id: '83065851c9c4c3edb6d430f7bd94ea09') in 0.190333 seconds
Number of updated asset objects reloaded before import = 0
Number of asset objects unloaded after import = 2
========================================================================
Received Import Request.
  Time since last request: 0.002257 seconds.
  path: Assets/xddd/Materials/Niraj_Hair_Dark24.jpg
  artifactKey: Guid(bd5f1f9d216412b4c8d4339346344d3d) Importer(815301076,1909f56bfc062723c751e8b465ee728b)
Start importing Assets/xddd/Materials/Niraj_Hair_Dark24.jpg using Guid(bd5f1f9d216412b4c8d4339346344d3d) Importer(815301076,1909f56bfc062723c751e8b465ee728b)  -> (artifact id: 'f5838bf41be3533b500789d3e28c9413') in 0.369012 seconds
Number of updated asset objects reloaded before import = 0
Number of asset objects unloaded after import = 2
========================================================================
Received Import Request.
  Time since last request: 0.003736 seconds.
  path: Assets/xddd/Materials/Concrete_Block_8x8_Gray27.jpg
  artifactKey: Guid(d54c5de8079144c498a674016767e7d1) Importer(815301076,1909f56bfc062723c751e8b465ee728b)
Start importing Assets/xddd/Materials/Concrete_Block_8x8_Gray27.jpg using Guid(d54c5de8079144c498a674016767e7d1) Importer(815301076,1909f56bfc062723c751e8b465ee728b)  -> (artifact id: 'f2e1cc07de6243b1141d5bc2e6bf68b2') in 0.343574 seconds
Number of updated asset objects reloaded before import = 0
Number of asset objects unloaded after import = 2
========================================================================
Received Import Request.
  Time since last request: 0.007452 seconds.
  path: Assets/xddd/Materials/Concrete_Block_8x8_Gray55.jpg
  artifactKey: Guid(517a0ea8f165d2b4eaeaee1c5999a89c) Importer(815301076,1909f56bfc062723c751e8b465ee728b)
Start importing Assets/xddd/Materials/Concrete_Block_8x8_Gray55.jpg using Guid(517a0ea8f165d2b4eaeaee1c5999a89c) Importer(815301076,1909f56bfc062723c751e8b465ee728b)  -> (artifact id: '1dfa9d2c01426ed5b986014b94def9cf') in 0.476374 seconds
Number of updated asset objects reloaded before import = 0
Number of asset objects unloaded after import = 2
========================================================================
Received Import Request.
  Time since last request: 0.003201 seconds.
  path: Assets/xddd/Materials/Niraj_Hair_Dark31.jpg
  artifactKey: Guid(6de1903751b17464c9189fcd4c801690) Importer(815301076,1909f56bfc062723c751e8b465ee728b)
Start importing Assets/xddd/Materials/Niraj_Hair_Dark31.jpg using Guid(6de1903751b17464c9189fcd4c801690) Importer(815301076,1909f56bfc062723c751e8b465ee728b)  -> (artifact id: '410924315235b5cc41483035f4992d04') in 2.181250 seconds
Number of updated asset objects reloaded before import = 0
Number of asset objects unloaded after import = 2
========================================================================
Received Import Request.
  Time since last request: 0.012761 seconds.
  path: Assets/xddd/Materials/Concrete_Block_8x8_Gray43.jpg
  artifactKey: Guid(cff5dc3cd9ce8ce4d93d68645c14ae7f) Importer(815301076,1909f56bfc062723c751e8b465ee728b)
Start importing Assets/xddd/Materials/Concrete_Block_8x8_Gray43.jpg using Guid(cff5dc3cd9ce8ce4d93d68645c14ae7f) Importer(815301076,1909f56bfc062723c751e8b465ee728b)  -> (artifact id: '3fea3ad9bc042a7eb8f74204645ca6a2') in 0.595649 seconds
Number of updated asset objects reloaded before import = 0
Number of asset objects unloaded after import = 2
========================================================================
Received Import Request.
  Time since last request: 0.140417 seconds.
  path: Assets/xddd/Materials/Concrete_Block_8x8_Gray23.jpg
  artifactKey: Guid(b6b98067821f94f4faddb5097c2b6710) Importer(815301076,1909f56bfc062723c751e8b465ee728b)
Start importing Assets/xddd/Materials/Concrete_Block_8x8_Gray23.jpg using Guid(b6b98067821f94f4faddb5097c2b6710) Importer(815301076,1909f56bfc062723c751e8b465ee728b)  -> (artifact id: 'e71577cb012385cb02e075d2c84ed552') in 0.454808 seconds
Number of updated asset objects reloaded before import = 0
Number of asset objects unloaded after import = 2
========================================================================
Received Import Request.
  Time since last request: 0.233185 seconds.
  path: Assets/xddd/Materials/Translucent_Resin_Crush_Gray.mat
  artifactKey: Guid(256982ba3c42d6e45954532c56dd0541) Importer(815301076,1909f56bfc062723c751e8b465ee728b)
Start importing Assets/xddd/Materials/Translucent_Resin_Crush_Gray.mat using Guid(256982ba3c42d6e45954532c56dd0541) Importer(815301076,1909f56bfc062723c751e8b465ee728b)  -> (artifact id: '554e7d2d9987ce7ccaf7efd3a7ce65bc') in 1.209960 seconds
Number of updated asset objects reloaded before import = 0
Number of asset objects unloaded after import = 2
========================================================================
Received Import Request.
  Time since last request: 0.966919 seconds.
  path: Assets/xddd/Materials/Wood_Square_Tile_01.jpg
  artifactKey: Guid(4ef0af651ff48034189bedfac8fb4916) Importer(815301076,1909f56bfc062723c751e8b465ee728b)
Start importing Assets/xddd/Materials/Wood_Square_Tile_01.jpg using Guid(4ef0af651ff48034189bedfac8fb4916) Importer(815301076,1909f56bfc062723c751e8b465ee728b)  -> (artifact id: '7a27ec41da39d0f43a0b4952b90dd790') in 0.098847 seconds
Number of updated asset objects reloaded before import = 0
Number of asset objects unloaded after import = 2
========================================================================
Received Import Request.
  Time since last request: 0.001213 seconds.
  path: Assets/xddd/Materials/Concrete_Block_8x8_Gray37.jpg
  artifactKey: Guid(a93e685c01c16324595f6150376c3869) Importer(815301076,1909f56bfc062723c751e8b465ee728b)
Start importing Assets/xddd/Materials/Concrete_Block_8x8_Gray37.jpg using Guid(a93e685c01c16324595f6150376c3869) Importer(815301076,1909f56bfc062723c751e8b465ee728b)  -> (artifact id: 'b4738c3390a00c33d08b1f6613a62145') in 7.531185 seconds
Number of updated asset objects reloaded before import = 0
Number of asset objects unloaded after import = 2
========================================================================
Received Import Request.
  Time since last request: 0.267165 seconds.
  path: Assets/xddd/Materials/Concrete_Block_8x8_Gray21.jpg
  artifactKey: Guid(5323d26431fe1fb4bac3d3ab37219c11) Importer(815301076,1909f56bfc062723c751e8b465ee728b)
Start importing Assets/xddd/Materials/Concrete_Block_8x8_Gray21.jpg using Guid(5323d26431fe1fb4bac3d3ab37219c11) Importer(815301076,1909f56bfc062723c751e8b465ee728b)  -> (artifact id: 'c03e2fceb4fa4145a3061e2e156499b5') in 0.532492 seconds
Number of updated asset objects reloaded before import = 0
Number of asset objects unloaded after import = 2
========================================================================
Received Import Request.
  Time since last request: 0.378959 seconds.
  path: Assets/xddd/Materials/Concrete_Block_8x8_Gray56.jpg
  artifactKey: Guid(e0ed5fe85b780de4ebc005cf622f0e81) Importer(815301076,1909f56bfc062723c751e8b465ee728b)
Start importing Assets/xddd/Materials/Concrete_Block_8x8_Gray56.jpg using Guid(e0ed5fe85b780de4ebc005cf622f0e81) Importer(815301076,1909f56bfc062723c751e8b465ee728b)  -> (artifact id: '56a31328abd3ded640d36a7ebb3bc0f4') in 0.400919 seconds
Number of updated asset objects reloaded before import = 0
Number of asset objects unloaded after import = 2
========================================================================
Received Import Request.
  Time since last request: 1.457973 seconds.
  path: Assets/xddd/Materials/Concrete_Block_8x8_Gray66.jpg
  artifactKey: Guid(95e49adb42559524a84e03b7787a3179) Importer(815301076,1909f56bfc062723c751e8b465ee728b)
Start importing Assets/xddd/Materials/Concrete_Block_8x8_Gray66.jpg using Guid(95e49adb42559524a84e03b7787a3179) Importer(815301076,1909f56bfc062723c751e8b465ee728b)  -> (artifact id: '475fc1face761a9fb4dfb1861d0d1f8c') in 0.539589 seconds
Number of updated asset objects reloaded before import = 0
Number of asset objects unloaded after import = 2
========================================================================
Received Import Request.
  Time since last request: 0.005163 seconds.
  path: Assets/xddd/Materials/Concrete_Block_8x8_Gray29.jpg
  artifactKey: Guid(97595a3272c6fa146b65eb39694c6142) Importer(815301076,1909f56bfc062723c751e8b465ee728b)
Start importing Assets/xddd/Materials/Concrete_Block_8x8_Gray29.jpg using Guid(97595a3272c6fa146b65eb39694c6142) Importer(815301076,1909f56bfc062723c751e8b465ee728b)  -> (artifact id: '604d32ca9991af861627caf13edf26e8') in 0.457238 seconds
Number of updated asset objects reloaded before import = 0
Number of asset objects unloaded after import = 2
========================================================================
Received Import Request.
  Time since last request: 0.004131 seconds.
  path: Assets/xddd/Materials/Niraj_Hair_Dark41.jpg
  artifactKey: Guid(39d9692e63428214f93c2645a447c590) Importer(815301076,1909f56bfc062723c751e8b465ee728b)
Start importing Assets/xddd/Materials/Niraj_Hair_Dark41.jpg using Guid(39d9692e63428214f93c2645a447c590) Importer(815301076,1909f56bfc062723c751e8b465ee728b)  -> (artifact id: 'd9c96805fbabbe20f786a8b89fcc9b67') in 0.331584 seconds
Number of updated asset objects reloaded before import = 0
Number of asset objects unloaded after import = 2
========================================================================
Received Import Request.
  Time since last request: 0.004554 seconds.
  path: Assets/xddd/Materials/Concrete_Block_8x8_Gray74.jpg
  artifactKey: Guid(0a47c0010b4525a47a68374ef97d1c7a) Importer(815301076,1909f56bfc062723c751e8b465ee728b)
Start importing Assets/xddd/Materials/Concrete_Block_8x8_Gray74.jpg using Guid(0a47c0010b4525a47a68374ef97d1c7a) Importer(815301076,1909f56bfc062723c751e8b465ee728b)  -> (artifact id: '8c78eaa9ffd2180836b15ee653c4bb55') in 1.058886 seconds
Number of updated asset objects reloaded before import = 0
Number of asset objects unloaded after import = 2
========================================================================
Received Import Request.
  Time since last request: 0.000553 seconds.
  path: Assets/xddd/Materials/Concrete_Block_8x8_Gray41.jpg
  artifactKey: Guid(db09e48a089341149a46c7495f31aa61) Importer(815301076,1909f56bfc062723c751e8b465ee728b)
Start importing Assets/xddd/Materials/Concrete_Block_8x8_Gray41.jpg using Guid(db09e48a089341149a46c7495f31aa61) Importer(815301076,1909f56bfc062723c751e8b465ee728b)  -> (artifact id: 'b21ee59d564c58c4b25e177533fbdbc5') in 0.754335 seconds
Number of updated asset objects reloaded before import = 0
Number of asset objects unloaded after import = 2
========================================================================
Received Import Request.
  Time since last request: 0.000960 seconds.
  path: Assets/xddd/Materials/Translucent_Resin_Crush_Gray.jpg
  artifactKey: Guid(daa7db6bfccf3114c9294e563324fbb6) Importer(815301076,1909f56bfc062723c751e8b465ee728b)
Start importing Assets/xddd/Materials/Translucent_Resin_Crush_Gray.jpg using Guid(daa7db6bfccf3114c9294e563324fbb6) Importer(815301076,1909f56bfc062723c751e8b465ee728b)  -> (artifact id: 'c5c87619903296d989b3a4dc7a40856e') in 1.567489 seconds
Number of updated asset objects reloaded before import = 0
Number of asset objects unloaded after import = 2
========================================================================
Received Import Request.
  Time since last request: 0.000804 seconds.
  path: Assets/xddd/Materials/Concrete_Block_8x8_Gray14.jpg
  artifactKey: Guid(bbae421d6a1cd0b4bb040678d33227f7) Importer(815301076,1909f56bfc062723c751e8b465ee728b)
Start importing Assets/xddd/Materials/Concrete_Block_8x8_Gray14.jpg using Guid(bbae421d6a1cd0b4bb040678d33227f7) Importer(815301076,1909f56bfc062723c751e8b465ee728b)  -> (artifact id: 'c57bb9cba1b36c04b921853248cd9499') in 0.268454 seconds
Number of updated asset objects reloaded before import = 0
Number of asset objects unloaded after import = 2
========================================================================
Received Import Request.
  Time since last request: 0.002386 seconds.
  path: Assets/xddd/Materials/Niraj_Hair_Dark21.jpg
  artifactKey: Guid(38df2534174ee464ab9ada6ea4d4764d) Importer(815301076,1909f56bfc062723c751e8b465ee728b)
Start importing Assets/xddd/Materials/Niraj_Hair_Dark21.jpg using Guid(38df2534174ee464ab9ada6ea4d4764d) Importer(815301076,1909f56bfc062723c751e8b465ee728b)  -> (artifact id: '1de0b680757b39ecd51da2b6a2ae0bd6') in 1.001370 seconds
Number of updated asset objects reloaded before import = 0
Number of asset objects unloaded after import = 2
========================================================================
Received Import Request.
  Time since last request: 0.002124 seconds.
  path: Assets/xddd/Materials/Concrete_Block_8x8_Gray61.jpg
  artifactKey: Guid(7b7f043d60a066d4eb25cca0ba7fa015) Importer(815301076,1909f56bfc062723c751e8b465ee728b)
Start importing Assets/xddd/Materials/Concrete_Block_8x8_Gray61.jpg using Guid(7b7f043d60a066d4eb25cca0ba7fa015) Importer(815301076,1909f56bfc062723c751e8b465ee728b)  -> (artifact id: 'd821a7d08a0f2174782b0d6e5085fa20') in 0.323144 seconds
Number of updated asset objects reloaded before import = 0
Number of asset objects unloaded after import = 2
========================================================================
Received Import Request.
  Time since last request: 0.000945 seconds.
  path: Assets/xddd/Materials/Concrete_Block_8x8_Gray20.jpg
  artifactKey: Guid(ec4ba8163acc09c4ebdbcb5f42ee7097) Importer(815301076,1909f56bfc062723c751e8b465ee728b)
Start importing Assets/xddd/Materials/Concrete_Block_8x8_Gray20.jpg using Guid(ec4ba8163acc09c4ebdbcb5f42ee7097) Importer(815301076,1909f56bfc062723c751e8b465ee728b)  -> (artifact id: '1b4669d9aa2044b76a60f7f837ec0118') in 0.354054 seconds
Number of updated asset objects reloaded before import = 0
Number of asset objects unloaded after import = 2
========================================================================
Received Import Request.
  Time since last request: 0.007607 seconds.
  path: Assets/xddd/Materials/Concrete_Block_8x8_Gray63.jpg
  artifactKey: Guid(fbd737822e11972459e3d76a29dc0fc6) Importer(815301076,1909f56bfc062723c751e8b465ee728b)
Start importing Assets/xddd/Materials/Concrete_Block_8x8_Gray63.jpg using Guid(fbd737822e11972459e3d76a29dc0fc6) Importer(815301076,1909f56bfc062723c751e8b465ee728b)  -> (artifact id: 'fd28b6ff0c987d80699da4d96ffe8b5d') in 0.676212 seconds
Number of updated asset objects reloaded before import = 0
Number of asset objects unloaded after import = 2
========================================================================
Received Import Request.
  Time since last request: 0.002778 seconds.
  path: Assets/xddd/Materials/Tile_Various_Tan.jpg
  artifactKey: Guid(8dbb0a14296c59148ad0905617ae86b9) Importer(815301076,1909f56bfc062723c751e8b465ee728b)
Start importing Assets/xddd/Materials/Tile_Various_Tan.jpg using Guid(8dbb0a14296c59148ad0905617ae86b9) Importer(815301076,1909f56bfc062723c751e8b465ee728b)  -> (artifact id: 'e7d9d970a6c29875c7428158c00473d2') in 1.688527 seconds
Number of updated asset objects reloaded before import = 0
Number of asset objects unloaded after import = 2
========================================================================
Received Import Request.
  Time since last request: 0.008103 seconds.
  path: Assets/xddd/Materials/Concrete_Block_8x8_Gray39.jpg
  artifactKey: Guid(31db19b2beb6a2d42b9d5b865937324e) Importer(815301076,1909f56bfc062723c751e8b465ee728b)
Start importing Assets/xddd/Materials/Concrete_Block_8x8_Gray39.jpg using Guid(31db19b2beb6a2d42b9d5b865937324e) Importer(815301076,1909f56bfc062723c751e8b465ee728b)  -> (artifact id: '761a4e4172db056600ce871a9d29008d') in 0.326327 seconds
Number of updated asset objects reloaded before import = 0
Number of asset objects unloaded after import = 2
========================================================================
Received Import Request.
  Time since last request: 0.017820 seconds.
  path: Assets/xddd/Materials/Concrete_Block_8x8_Gray57.jpg
  artifactKey: Guid(2678ba224914a1345a509e2b4a252e13) Importer(815301076,1909f56bfc062723c751e8b465ee728b)
Start importing Assets/xddd/Materials/Concrete_Block_8x8_Gray57.jpg using Guid(2678ba224914a1345a509e2b4a252e13) Importer(815301076,1909f56bfc062723c751e8b465ee728b)  -> (artifact id: 'ea11d6bc0a33742eba22b05b78d46439') in 0.391238 seconds
Number of updated asset objects reloaded before import = 0
Number of asset objects unloaded after import = 2
========================================================================
Received Import Request.
  Time since last request: 0.039446 seconds.
  path: Assets/xddd/Materials/Niraj_Hair_Dark39.jpg
  artifactKey: Guid(26e949b94632cfe4fa81f305ef636753) Importer(815301076,1909f56bfc062723c751e8b465ee728b)
Start importing Assets/xddd/Materials/Niraj_Hair_Dark39.jpg using Guid(26e949b94632cfe4fa81f305ef636753) Importer(815301076,1909f56bfc062723c751e8b465ee728b)  -> (artifact id: 'e895703fa0a9ec64255b3253981ba470') in 0.419910 seconds
Number of updated asset objects reloaded before import = 0
Number of asset objects unloaded after import = 2
========================================================================
Received Import Request.
  Time since last request: 0.017571 seconds.
  path: Assets/xddd/Materials/Concrete_Block_8x8_Gray30.jpg
  artifactKey: Guid(87df877987e6fa84aa5ffc8dcb783704) Importer(815301076,1909f56bfc062723c751e8b465ee728b)
Start importing Assets/xddd/Materials/Concrete_Block_8x8_Gray30.jpg using Guid(87df877987e6fa84aa5ffc8dcb783704) Importer(815301076,1909f56bfc062723c751e8b465ee728b)  -> (artifact id: 'e5bf733caf86d827c232b02c8f5a8ed4') in 0.412645 seconds
Number of updated asset objects reloaded before import = 0
Number of asset objects unloaded after import = 2
========================================================================
Received Import Request.
  Time since last request: 0.312511 seconds.
  path: Assets/xddd/Materials/Concrete_Block_8x8_Gray15.jpg
  artifactKey: Guid(190807ca734aa464fadcdedaf6f56803) Importer(815301076,1909f56bfc062723c751e8b465ee728b)
Start importing Assets/xddd/Materials/Concrete_Block_8x8_Gray15.jpg using Guid(190807ca734aa464fadcdedaf6f56803) Importer(815301076,1909f56bfc062723c751e8b465ee728b)  -> (artifact id: '341293ef08c3ca383c18395e15976ea5') in 0.361218 seconds
Number of updated asset objects reloaded before import = 0
Number of asset objects unloaded after import = 2
========================================================================
Received Import Request.
  Time since last request: 0.001171 seconds.
  path: Assets/xddd/Materials/SketchUV_Texture4.jpg
  artifactKey: Guid(6322c5e2c24d7ce40aa3f1be699e2195) Importer(815301076,1909f56bfc062723c751e8b465ee728b)
Start importing Assets/xddd/Materials/SketchUV_Texture4.jpg using Guid(6322c5e2c24d7ce40aa3f1be699e2195) Importer(815301076,1909f56bfc062723c751e8b465ee728b)  -> (artifact id: 'b34ac81e3fa5b8d8dd80753c0daee44e') in 0.136270 seconds
Number of updated asset objects reloaded before import = 0
Number of asset objects unloaded after import = 2
========================================================================
Received Import Request.
  Time since last request: 0.016307 seconds.
  path: Assets/xddd/Materials/Concrete_Block_8x8_Gray32.jpg
  artifactKey: Guid(bca92455b66961445ba4bbcd0fa5b481) Importer(815301076,1909f56bfc062723c751e8b465ee728b)
Start importing Assets/xddd/Materials/Concrete_Block_8x8_Gray32.jpg using Guid(bca92455b66961445ba4bbcd0fa5b481) Importer(815301076,1909f56bfc062723c751e8b465ee728b)  -> (artifact id: 'd415522b73c5047b3d429f7a3d0f413c') in 0.164353 seconds
Number of updated asset objects reloaded before import = 0
Number of asset objects unloaded after import = 2
========================================================================
Received Import Request.
  Time since last request: 0.003979 seconds.
  path: Assets/xddd/Materials/Niraj_Hair_Dark28.jpg
  artifactKey: Guid(628a4a3d5c892ee4ebedd3f3ce99cf5c) Importer(815301076,1909f56bfc062723c751e8b465ee728b)
Start importing Assets/xddd/Materials/Niraj_Hair_Dark28.jpg using Guid(628a4a3d5c892ee4ebedd3f3ce99cf5c) Importer(815301076,1909f56bfc062723c751e8b465ee728b)  -> (artifact id: '6bcdc85968edf593337990d3b59b17e6') in 0.294298 seconds
Number of updated asset objects reloaded before import = 0
Number of asset objects unloaded after import = 2
========================================================================
Received Import Request.
  Time since last request: 0.002407 seconds.
  path: Assets/xddd/Materials/Translucent_Resin_Crush_Gray 1.jpg
  artifactKey: Guid(1a8c541e1943e984198de68ae1a53f22) Importer(815301076,1909f56bfc062723c751e8b465ee728b)
Start importing Assets/xddd/Materials/Translucent_Resin_Crush_Gray 1.jpg using Guid(1a8c541e1943e984198de68ae1a53f22) Importer(815301076,1909f56bfc062723c751e8b465ee728b)  -> (artifact id: 'c18d244f00c9fb85e5d7926264c149a9') in 0.368388 seconds
Number of updated asset objects reloaded before import = 0
Number of asset objects unloaded after import = 2
========================================================================
Received Import Request.
  Time since last request: 0.003024 seconds.
  path: Assets/xddd/Materials/Concrete_Block_8x8_Gray36.jpg
  artifactKey: Guid(7d0abc71499038b4c82799bdc504f9f6) Importer(815301076,1909f56bfc062723c751e8b465ee728b)
Start importing Assets/xddd/Materials/Concrete_Block_8x8_Gray36.jpg using Guid(7d0abc71499038b4c82799bdc504f9f6) Importer(815301076,1909f56bfc062723c751e8b465ee728b)  -> (artifact id: 'aca5ff9602353ec30268fae5ea070c80') in 0.541909 seconds
Number of updated asset objects reloaded before import = 0
Number of asset objects unloaded after import = 2
========================================================================
Received Import Request.
  Time since last request: 0.001334 seconds.
  path: Assets/xddd/Materials/Concrete_Block_8x8_Gray75.jpg
  artifactKey: Guid(96b345c4314839a4189489d16afd9b49) Importer(815301076,1909f56bfc062723c751e8b465ee728b)
Start importing Assets/xddd/Materials/Concrete_Block_8x8_Gray75.jpg using Guid(96b345c4314839a4189489d16afd9b49) Importer(815301076,1909f56bfc062723c751e8b465ee728b)  -> (artifact id: 'ddb48d5497e75829df043d7762196c59') in 0.263699 seconds
Number of updated asset objects reloaded before import = 0
Number of asset objects unloaded after import = 2
========================================================================
Received Prepare
Begin MonoManager ReloadAssembly
- Loaded All Assemblies, in 16.775 seconds
Refreshing native plugins compatible for Editor in 84.70 ms, found 3 plugins.
Native extension for LinuxStandalone target not found
Native extension for WindowsStandalone target not found
Native extension for OSXStandalone target not found
Native extension for WebGL target not found
Mono: successfully reloaded assembly
- Finished resetting the current domain, in 26.377 seconds
Domain Reload Profiling: 43113ms
	BeginReloadAssembly (7917ms)
		ExecutionOrderSort (1ms)
		DisableScriptedObjects (1895ms)
		BackupInstance (0ms)
		ReleaseScriptingObjects (0ms)
		CreateAndSetChildDomain (1583ms)
	RebuildCommonClasses (433ms)
	RebuildNativeTypeToScriptingClass (230ms)
	initialDomainReloadingComplete (380ms)
	LoadAllAssembliesAndSetupDomain (7774ms)
		LoadAssemblies (10194ms)
		RebuildTransferFunctionScriptingTraits (0ms)
		AnalyzeDomain (649ms)
			TypeCache.Refresh (377ms)
				TypeCache.ScanAssembly (0ms)
			ScanForSourceGeneratedMonoScriptInfo (1ms)
			ResolveRequiredComponents (170ms)
	FinalizeReload (26380ms)
		ReleaseScriptCaches (0ms)
		RebuildScriptCaches (0ms)
		SetupLoadedEditorAssemblies (4629ms)
			LogAssemblyErrors (0ms)
			InitializePlatformSupportModulesInManaged (108ms)
			SetLoadedEditorAssemblies (28ms)
			RefreshPlugins (0ms)
			BeforeProcessingInitializeOnLoad (490ms)
			ProcessInitializeOnLoadAttributes (3574ms)
			ProcessInitializeOnLoadMethodAttributes (377ms)
			AfterProcessingInitializeOnLoad (52ms)
			EditorAssembliesLoaded (0ms)
		ExecutionOrderSort2 (0ms)
		AwakeInstancesAfterBackupRestoration (78ms)
Refreshing native plugins compatible for Editor in 154.40 ms, found 3 plugins.
Preloading 0 native plugins for Editor in 0.00 ms.
Unloading 4995 Unused Serialized files (Serialized files now loaded: 0)
Unloading 42 unused Assets / (368.9 KB). Loaded Objects now: 6056.
Memory consumption went from 349.0 MB to 348.6 MB.
Total: 55.405300 ms (FindLiveObjects: 25.915200 ms CreateObjectMapping: 4.517400 ms MarkObjects: 24.118900 ms  DeleteObjects: 0.850200 ms)

Prepare: number of updated asset objects reloaded= 0
AssetImportParameters requested are different than current active one (requested -> active):
  custom:container-demuxer-ogg: 62fdf1f143b41e24485cea50d1cbac27 -> 
  custom:video-decoder-ogg-theora: a1e56fd34408186e4bbccfd4996cb3dc -> 
  custom:framework-win-MediaFoundation: 216162199b28c13a410421893ffa2e32 -> 
  custom:CustomObjectIndexerAttribute: 4d1d7186bcbbfe361de5f0ad951e585c -> 
  custom:container-demuxer-webm: 4f35f7cbe854078d1ac9338744f61a02 -> 
  custom:container-muxer-webm: aa71ff27fc2769a1b78a27578f13a17b -> 
  custom:video-decoder-webm-vp8: 9c59270c3fd7afecdb556c50c9e8de78 -> 
  custom:SearchIndexIgnoredProperties: e643bd26f0fe6173181afceb89e7c659 -> 
  custom:AudioImporter_EditorPlatform: d09bf68614088b80899f8185d706f6e7 -> 
  custom:video-encoder-webm-vp8: eb34c28f22e8b96e1ab97ce403110664 -> 
  custom:audio-decoder-ogg-vorbis: bf7c407c2cedff20999df2af8eb42d56 -> 
  custom:audio-encoder-webm-vorbis: bf7c407c2cedff20999df2af8eb42d56 -> 
========================================================================
Received Prepare
Begin MonoManager ReloadAssembly
- Loaded All Assemblies, in  9.159 seconds
Refreshing native plugins compatible for Editor in 69.60 ms, found 3 plugins.
Native extension for LinuxStandalone target not found
Native extension for WindowsStandalone target not found
Native extension for OSXStandalone target not found
Native extension for WebGL target not found
Mono: successfully reloaded assembly
- Finished resetting the current domain, in 24.531 seconds
Domain Reload Profiling: 33657ms
	BeginReloadAssembly (1380ms)
		ExecutionOrderSort (0ms)
		DisableScriptedObjects (53ms)
		BackupInstance (0ms)
		ReleaseScriptingObjects (0ms)
		CreateAndSetChildDomain (267ms)
	RebuildCommonClasses (502ms)
	RebuildNativeTypeToScriptingClass (134ms)
	initialDomainReloadingComplete (1169ms)
	LoadAllAssembliesAndSetupDomain (5925ms)
		LoadAssemblies (6545ms)
		RebuildTransferFunctionScriptingTraits (0ms)
		AnalyzeDomain (226ms)
			TypeCache.Refresh (49ms)
				TypeCache.ScanAssembly (0ms)
			ScanForSourceGeneratedMonoScriptInfo (1ms)
			ResolveRequiredComponents (167ms)
	FinalizeReload (24547ms)
		ReleaseScriptCaches (0ms)
		RebuildScriptCaches (0ms)
		SetupLoadedEditorAssemblies (5978ms)
			LogAssemblyErrors (0ms)
			InitializePlatformSupportModulesInManaged (176ms)
			SetLoadedEditorAssemblies (32ms)
			RefreshPlugins (0ms)
			BeforeProcessingInitializeOnLoad (2135ms)
			ProcessInitializeOnLoadAttributes (3236ms)
			ProcessInitializeOnLoadMethodAttributes (350ms)
			AfterProcessingInitializeOnLoad (49ms)
			EditorAssembliesLoaded (1ms)
		ExecutionOrderSort2 (0ms)
		AwakeInstancesAfterBackupRestoration (89ms)
Refreshing native plugins compatible for Editor in 22.76 ms, found 3 plugins.
Preloading 0 native plugins for Editor in 0.00 ms.
Unloading 4995 Unused Serialized files (Serialized files now loaded: 0)
Unloading 42 unused Assets / (369.8 KB). Loaded Objects now: 6060.
Memory consumption went from 350.8 MB to 350.4 MB.
Total: 17.415800 ms (FindLiveObjects: 3.376300 ms CreateObjectMapping: 1.026300 ms MarkObjects: 12.091400 ms  DeleteObjects: 0.919600 ms)

Prepare: number of updated asset objects reloaded= 0
AssetImportParameters requested are different than current active one (requested -> active):
  custom:container-demuxer-ogg: 62fdf1f143b41e24485cea50d1cbac27 -> 
  custom:video-decoder-ogg-theora: a1e56fd34408186e4bbccfd4996cb3dc -> 
  custom:framework-win-MediaFoundation: 216162199b28c13a410421893ffa2e32 -> 
  custom:CustomObjectIndexerAttribute: 4d1d7186bcbbfe361de5f0ad951e585c -> 
  custom:container-demuxer-webm: 4f35f7cbe854078d1ac9338744f61a02 -> 
  custom:container-muxer-webm: aa71ff27fc2769a1b78a27578f13a17b -> 
  custom:video-decoder-webm-vp8: 9c59270c3fd7afecdb556c50c9e8de78 -> 
  custom:SearchIndexIgnoredProperties: e643bd26f0fe6173181afceb89e7c659 -> 
  custom:AudioImporter_EditorPlatform: d09bf68614088b80899f8185d706f6e7 -> 
  custom:video-encoder-webm-vp8: eb34c28f22e8b96e1ab97ce403110664 -> 
  custom:audio-decoder-ogg-vorbis: bf7c407c2cedff20999df2af8eb42d56 -> 
  custom:audio-encoder-webm-vorbis: bf7c407c2cedff20999df2af8eb42d56 -> 
========================================================================
Received Prepare
Begin MonoManager ReloadAssembly
- Loaded All Assemblies, in 13.221 seconds
Refreshing native plugins compatible for Editor in 58.36 ms, found 3 plugins.
Native extension for LinuxStandalone target not found
Native extension for WindowsStandalone target not found
Native extension for OSXStandalone target not found
Native extension for WebGL target not found
Mono: successfully reloaded assembly
- Finished resetting the current domain, in 30.087 seconds
Domain Reload Profiling: 43182ms
	BeginReloadAssembly (2975ms)
		ExecutionOrderSort (2ms)
		DisableScriptedObjects (42ms)
		BackupInstance (0ms)
		ReleaseScriptingObjects (0ms)
		CreateAndSetChildDomain (1385ms)
	RebuildCommonClasses (684ms)
	RebuildNativeTypeToScriptingClass (209ms)
	initialDomainReloadingComplete (552ms)
	LoadAllAssembliesAndSetupDomain (8670ms)
		LoadAssemblies (9614ms)
		RebuildTransferFunctionScriptingTraits (0ms)
		AnalyzeDomain (242ms)
			TypeCache.Refresh (71ms)
				TypeCache.ScanAssembly (0ms)
			ScanForSourceGeneratedMonoScriptInfo (1ms)
			ResolveRequiredComponents (158ms)
	FinalizeReload (30092ms)
		ReleaseScriptCaches (0ms)
		RebuildScriptCaches (0ms)
		SetupLoadedEditorAssemblies (12743ms)
			LogAssemblyErrors (0ms)
			InitializePlatformSupportModulesInManaged (279ms)
			SetLoadedEditorAssemblies (23ms)
			RefreshPlugins (0ms)
			BeforeProcessingInitializeOnLoad (1210ms)
			ProcessInitializeOnLoadAttributes (10005ms)
			ProcessInitializeOnLoadMethodAttributes (1158ms)
			AfterProcessingInitializeOnLoad (68ms)
			EditorAssembliesLoaded (0ms)
		ExecutionOrderSort2 (0ms)
		AwakeInstancesAfterBackupRestoration (274ms)
Refreshing native plugins compatible for Editor in 80.48 ms, found 3 plugins.
Preloading 0 native plugins for Editor in 0.00 ms.
Unloading 4995 Unused Serialized files (Serialized files now loaded: 0)
Unloading 42 unused Assets / (368.7 KB). Loaded Objects now: 6064.
Memory consumption went from 352.7 MB to 352.3 MB.
Total: 53.056900 ms (FindLiveObjects: 4.504800 ms CreateObjectMapping: 1.495400 ms MarkObjects: 45.865800 ms  DeleteObjects: 1.152300 ms)

Prepare: number of updated asset objects reloaded= 0
AssetImportParameters requested are different than current active one (requested -> active):
  custom:container-demuxer-ogg: 62fdf1f143b41e24485cea50d1cbac27 -> 
  custom:video-decoder-ogg-theora: a1e56fd34408186e4bbccfd4996cb3dc -> 
  custom:framework-win-MediaFoundation: 216162199b28c13a410421893ffa2e32 -> 
  custom:CustomObjectIndexerAttribute: 4d1d7186bcbbfe361de5f0ad951e585c -> 
  custom:container-demuxer-webm: 4f35f7cbe854078d1ac9338744f61a02 -> 
  custom:container-muxer-webm: aa71ff27fc2769a1b78a27578f13a17b -> 
  custom:video-decoder-webm-vp8: 9c59270c3fd7afecdb556c50c9e8de78 -> 
  custom:SearchIndexIgnoredProperties: e643bd26f0fe6173181afceb89e7c659 -> 
  custom:AudioImporter_EditorPlatform: d09bf68614088b80899f8185d706f6e7 -> 
  custom:video-encoder-webm-vp8: eb34c28f22e8b96e1ab97ce403110664 -> 
  custom:audio-decoder-ogg-vorbis: bf7c407c2cedff20999df2af8eb42d56 -> 
  custom:audio-encoder-webm-vorbis: bf7c407c2cedff20999df2af8eb42d56 -> 
========================================================================
Received Prepare
Begin MonoManager ReloadAssembly
- Loaded All Assemblies, in 16.937 seconds
Refreshing native plugins compatible for Editor in 23.42 ms, found 3 plugins.
Native extension for LinuxStandalone target not found
Native extension for WindowsStandalone target not found
Native extension for OSXStandalone target not found
Native extension for WebGL target not found
Mono: successfully reloaded assembly
- Finished resetting the current domain, in 25.001 seconds
Domain Reload Profiling: 41914ms
	BeginReloadAssembly (11243ms)
		ExecutionOrderSort (0ms)
		DisableScriptedObjects (387ms)
		BackupInstance (0ms)
		ReleaseScriptingObjects (3ms)
		CreateAndSetChildDomain (7996ms)
	RebuildCommonClasses (681ms)
	RebuildNativeTypeToScriptingClass (532ms)
	initialDomainReloadingComplete (1554ms)
	LoadAllAssembliesAndSetupDomain (2901ms)
		LoadAssemblies (4989ms)
		RebuildTransferFunctionScriptingTraits (0ms)
		AnalyzeDomain (107ms)
			TypeCache.Refresh (19ms)
				TypeCache.ScanAssembly (0ms)
			ScanForSourceGeneratedMonoScriptInfo (1ms)
			ResolveRequiredComponents (68ms)
	FinalizeReload (25003ms)
		ReleaseScriptCaches (0ms)
		RebuildScriptCaches (0ms)
		SetupLoadedEditorAssemblies (8490ms)
			LogAssemblyErrors (0ms)
			InitializePlatformSupportModulesInManaged (747ms)
			SetLoadedEditorAssemblies (31ms)
			RefreshPlugins (0ms)
			BeforeProcessingInitializeOnLoad (1792ms)
			ProcessInitializeOnLoadAttributes (4482ms)
			ProcessInitializeOnLoadMethodAttributes (1277ms)
			AfterProcessingInitializeOnLoad (161ms)
			EditorAssembliesLoaded (0ms)
		ExecutionOrderSort2 (0ms)
		AwakeInstancesAfterBackupRestoration (874ms)
Refreshing native plugins compatible for Editor in 72.56 ms, found 3 plugins.
Preloading 0 native plugins for Editor in 0.00 ms.
Unloading 4995 Unused Serialized files (Serialized files now loaded: 0)
Unloading 42 unused Assets / (368.9 KB). Loaded Objects now: 6068.
Memory consumption went from 354.6 MB to 354.3 MB.
Total: 54.218800 ms (FindLiveObjects: 3.448800 ms CreateObjectMapping: 1.534700 ms MarkObjects: 48.831700 ms  DeleteObjects: 0.400700 ms)

Prepare: number of updated asset objects reloaded= 0
AssetImportParameters requested are different than current active one (requested -> active):
  custom:container-demuxer-ogg: 62fdf1f143b41e24485cea50d1cbac27 -> 
  custom:video-decoder-ogg-theora: a1e56fd34408186e4bbccfd4996cb3dc -> 
  custom:framework-win-MediaFoundation: 216162199b28c13a410421893ffa2e32 -> 
  custom:CustomObjectIndexerAttribute: 4d1d7186bcbbfe361de5f0ad951e585c -> 
  custom:container-demuxer-webm: 4f35f7cbe854078d1ac9338744f61a02 -> 
  custom:container-muxer-webm: aa71ff27fc2769a1b78a27578f13a17b -> 
  custom:video-decoder-webm-vp8: 9c59270c3fd7afecdb556c50c9e8de78 -> 
  custom:SearchIndexIgnoredProperties: e643bd26f0fe6173181afceb89e7c659 -> 
  custom:AudioImporter_EditorPlatform: d09bf68614088b80899f8185d706f6e7 -> 
  custom:video-encoder-webm-vp8: eb34c28f22e8b96e1ab97ce403110664 -> 
  custom:audio-decoder-ogg-vorbis: bf7c407c2cedff20999df2af8eb42d56 -> 
  custom:audio-encoder-webm-vorbis: bf7c407c2cedff20999df2af8eb42d56 -> 
========================================================================
Received Prepare
Begin MonoManager ReloadAssembly
- Loaded All Assemblies, in  6.774 seconds
Refreshing native plugins compatible for Editor in 90.47 ms, found 3 plugins.
Native extension for LinuxStandalone target not found
Native extension for WindowsStandalone target not found
Native extension for OSXStandalone target not found
Native extension for WebGL target not found
Mono: successfully reloaded assembly
- Finished resetting the current domain, in 37.355 seconds
Domain Reload Profiling: 44070ms
	BeginReloadAssembly (1684ms)
		ExecutionOrderSort (0ms)
		DisableScriptedObjects (27ms)
		BackupInstance (0ms)
		ReleaseScriptingObjects (0ms)
		CreateAndSetChildDomain (468ms)
	RebuildCommonClasses (839ms)
	RebuildNativeTypeToScriptingClass (172ms)
	initialDomainReloadingComplete (308ms)
	LoadAllAssembliesAndSetupDomain (3711ms)
		LoadAssemblies (4240ms)
		RebuildTransferFunctionScriptingTraits (0ms)
		AnalyzeDomain (278ms)
			TypeCache.Refresh (106ms)
				TypeCache.ScanAssembly (0ms)
			ScanForSourceGeneratedMonoScriptInfo (1ms)
			ResolveRequiredComponents (143ms)
	FinalizeReload (37356ms)
		ReleaseScriptCaches (0ms)
		RebuildScriptCaches (0ms)
		SetupLoadedEditorAssemblies (12001ms)
			LogAssemblyErrors (0ms)
			InitializePlatformSupportModulesInManaged (658ms)
			SetLoadedEditorAssemblies (88ms)
			RefreshPlugins (0ms)
			BeforeProcessingInitializeOnLoad (1330ms)
			ProcessInitializeOnLoadAttributes (8770ms)
			ProcessInitializeOnLoadMethodAttributes (1104ms)
			AfterProcessingInitializeOnLoad (51ms)
			EditorAssembliesLoaded (1ms)
		ExecutionOrderSort2 (1ms)
		AwakeInstancesAfterBackupRestoration (144ms)
Refreshing native plugins compatible for Editor in 24.20 ms, found 3 plugins.
Preloading 0 native plugins for Editor in 0.00 ms.
Unloading 4995 Unused Serialized files (Serialized files now loaded: 0)
Unloading 42 unused Assets / (368.7 KB). Loaded Objects now: 6072.
Memory consumption went from 356.6 MB to 356.2 MB.
Total: 9.355800 ms (FindLiveObjects: 1.423000 ms CreateObjectMapping: 0.984400 ms MarkObjects: 6.542500 ms  DeleteObjects: 0.403300 ms)

Prepare: number of updated asset objects reloaded= 0
AssetImportParameters requested are different than current active one (requested -> active):
  custom:container-demuxer-ogg: 62fdf1f143b41e24485cea50d1cbac27 -> 
  custom:video-decoder-ogg-theora: a1e56fd34408186e4bbccfd4996cb3dc -> 
  custom:framework-win-MediaFoundation: 216162199b28c13a410421893ffa2e32 -> 
  custom:CustomObjectIndexerAttribute: 4d1d7186bcbbfe361de5f0ad951e585c -> 
  custom:container-demuxer-webm: 4f35f7cbe854078d1ac9338744f61a02 -> 
  custom:container-muxer-webm: aa71ff27fc2769a1b78a27578f13a17b -> 
  custom:video-decoder-webm-vp8: 9c59270c3fd7afecdb556c50c9e8de78 -> 
  custom:SearchIndexIgnoredProperties: e643bd26f0fe6173181afceb89e7c659 -> 
  custom:AudioImporter_EditorPlatform: d09bf68614088b80899f8185d706f6e7 -> 
  custom:video-encoder-webm-vp8: eb34c28f22e8b96e1ab97ce403110664 -> 
  custom:audio-decoder-ogg-vorbis: bf7c407c2cedff20999df2af8eb42d56 -> 
  custom:audio-encoder-webm-vorbis: bf7c407c2cedff20999df2af8eb42d56 -> 
========================================================================
Received Prepare
Begin MonoManager ReloadAssembly
- Loaded All Assemblies, in  4.032 seconds
Refreshing native plugins compatible for Editor in 49.62 ms, found 3 plugins.
Native extension for LinuxStandalone target not found
Native extension for WindowsStandalone target not found
Native extension for OSXStandalone target not found
Native extension for WebGL target not found
Mono: successfully reloaded assembly
- Finished resetting the current domain, in 10.349 seconds
Domain Reload Profiling: 14354ms
	BeginReloadAssembly (1304ms)
		ExecutionOrderSort (4ms)
		DisableScriptedObjects (51ms)
		BackupInstance (0ms)
		ReleaseScriptingObjects (0ms)
		CreateAndSetChildDomain (229ms)
	RebuildCommonClasses (249ms)
	RebuildNativeTypeToScriptingClass (71ms)
	initialDomainReloadingComplete (266ms)
	LoadAllAssembliesAndSetupDomain (2103ms)
		LoadAssemblies (2815ms)
		RebuildTransferFunctionScriptingTraits (0ms)
		AnalyzeDomain (104ms)
			TypeCache.Refresh (23ms)
				TypeCache.ScanAssembly (0ms)
			ScanForSourceGeneratedMonoScriptInfo (1ms)
			ResolveRequiredComponents (67ms)
	FinalizeReload (10362ms)
		ReleaseScriptCaches (0ms)
		RebuildScriptCaches (0ms)
		SetupLoadedEditorAssemblies (3262ms)
			LogAssemblyErrors (0ms)
			InitializePlatformSupportModulesInManaged (96ms)
			SetLoadedEditorAssemblies (14ms)
			RefreshPlugins (0ms)
			BeforeProcessingInitializeOnLoad (338ms)
			ProcessInitializeOnLoadAttributes (2242ms)
			ProcessInitializeOnLoadMethodAttributes (509ms)
			AfterProcessingInitializeOnLoad (52ms)
			EditorAssembliesLoaded (9ms)
		ExecutionOrderSort2 (1ms)
		AwakeInstancesAfterBackupRestoration (148ms)
Refreshing native plugins compatible for Editor in 33.23 ms, found 3 plugins.
Preloading 0 native plugins for Editor in 0.00 ms.
Unloading 4995 Unused Serialized files (Serialized files now loaded: 0)
Unloading 42 unused Assets / (368.7 KB). Loaded Objects now: 6076.
Memory consumption went from 358.5 MB to 358.2 MB.
Total: 24.216900 ms (FindLiveObjects: 1.473500 ms CreateObjectMapping: 9.873900 ms MarkObjects: 12.442000 ms  DeleteObjects: 0.425700 ms)

Prepare: number of updated asset objects reloaded= 0
AssetImportParameters requested are different than current active one (requested -> active):
  custom:container-demuxer-ogg: 62fdf1f143b41e24485cea50d1cbac27 -> 
  custom:video-decoder-ogg-theora: a1e56fd34408186e4bbccfd4996cb3dc -> 
  custom:framework-win-MediaFoundation: 216162199b28c13a410421893ffa2e32 -> 
  custom:CustomObjectIndexerAttribute: 4d1d7186bcbbfe361de5f0ad951e585c -> 
  custom:container-demuxer-webm: 4f35f7cbe854078d1ac9338744f61a02 -> 
  custom:container-muxer-webm: aa71ff27fc2769a1b78a27578f13a17b -> 
  custom:video-decoder-webm-vp8: 9c59270c3fd7afecdb556c50c9e8de78 -> 
  custom:SearchIndexIgnoredProperties: e643bd26f0fe6173181afceb89e7c659 -> 
  custom:AudioImporter_EditorPlatform: d09bf68614088b80899f8185d706f6e7 -> 
  custom:video-encoder-webm-vp8: eb34c28f22e8b96e1ab97ce403110664 -> 
  custom:audio-decoder-ogg-vorbis: bf7c407c2cedff20999df2af8eb42d56 -> 
  custom:audio-encoder-webm-vorbis: bf7c407c2cedff20999df2af8eb42d56 -> 
========================================================================
Received Prepare
Begin MonoManager ReloadAssembly
- Loaded All Assemblies, in  6.550 seconds
Refreshing native plugins compatible for Editor in 66.71 ms, found 3 plugins.
Native extension for LinuxStandalone target not found
Native extension for WindowsStandalone target not found
Native extension for OSXStandalone target not found
Native extension for WebGL target not found
Mono: successfully reloaded assembly
- Finished resetting the current domain, in 26.054 seconds
Domain Reload Profiling: 32559ms
	BeginReloadAssembly (1802ms)
		ExecutionOrderSort (0ms)
		DisableScriptedObjects (36ms)
		BackupInstance (0ms)
		ReleaseScriptingObjects (0ms)
		CreateAndSetChildDomain (500ms)
	RebuildCommonClasses (286ms)
	RebuildNativeTypeToScriptingClass (216ms)
	initialDomainReloadingComplete (434ms)
	LoadAllAssembliesAndSetupDomain (3765ms)
		LoadAssemblies (4608ms)
		RebuildTransferFunctionScriptingTraits (0ms)
		AnalyzeDomain (200ms)
			TypeCache.Refresh (20ms)
				TypeCache.ScanAssembly (0ms)
			ScanForSourceGeneratedMonoScriptInfo (1ms)
			ResolveRequiredComponents (124ms)
	FinalizeReload (26056ms)
		ReleaseScriptCaches (0ms)
		RebuildScriptCaches (0ms)
		SetupLoadedEditorAssemblies (10930ms)
			LogAssemblyErrors (0ms)
			InitializePlatformSupportModulesInManaged (172ms)
			SetLoadedEditorAssemblies (28ms)
			RefreshPlugins (0ms)
			BeforeProcessingInitializeOnLoad (1009ms)
			ProcessInitializeOnLoadAttributes (8139ms)
			ProcessInitializeOnLoadMethodAttributes (1539ms)
			AfterProcessingInitializeOnLoad (43ms)
			EditorAssembliesLoaded (1ms)
		ExecutionOrderSort2 (0ms)
		AwakeInstancesAfterBackupRestoration (115ms)
Refreshing native plugins compatible for Editor in 67.96 ms, found 3 plugins.
Preloading 0 native plugins for Editor in 0.00 ms.
Unloading 4995 Unused Serialized files (Serialized files now loaded: 0)
Unloading 42 unused Assets / (368.6 KB). Loaded Objects now: 6080.
Memory consumption went from 360.4 MB to 360.1 MB.
Total: 12.487400 ms (FindLiveObjects: 2.037600 ms CreateObjectMapping: 1.580600 ms MarkObjects: 7.928500 ms  DeleteObjects: 0.938500 ms)

Prepare: number of updated asset objects reloaded= 0
AssetImportParameters requested are different than current active one (requested -> active):
  custom:container-demuxer-ogg: 62fdf1f143b41e24485cea50d1cbac27 -> 
  custom:video-decoder-ogg-theora: a1e56fd34408186e4bbccfd4996cb3dc -> 
  custom:framework-win-MediaFoundation: 216162199b28c13a410421893ffa2e32 -> 
  custom:CustomObjectIndexerAttribute: 4d1d7186bcbbfe361de5f0ad951e585c -> 
  custom:container-demuxer-webm: 4f35f7cbe854078d1ac9338744f61a02 -> 
  custom:container-muxer-webm: aa71ff27fc2769a1b78a27578f13a17b -> 
  custom:video-decoder-webm-vp8: 9c59270c3fd7afecdb556c50c9e8de78 -> 
  custom:SearchIndexIgnoredProperties: e643bd26f0fe6173181afceb89e7c659 -> 
  custom:AudioImporter_EditorPlatform: d09bf68614088b80899f8185d706f6e7 -> 
  custom:video-encoder-webm-vp8: eb34c28f22e8b96e1ab97ce403110664 -> 
  custom:audio-decoder-ogg-vorbis: bf7c407c2cedff20999df2af8eb42d56 -> 
  custom:audio-encoder-webm-vorbis: bf7c407c2cedff20999df2af8eb42d56 -> 
========================================================================
Received Prepare
Begin MonoManager ReloadAssembly
- Loaded All Assemblies, in  4.515 seconds
Refreshing native plugins compatible for Editor in 27.52 ms, found 3 plugins.
Native extension for LinuxStandalone target not found
Native extension for WindowsStandalone target not found
Native extension for OSXStandalone target not found
Native extension for WebGL target not found
Mono: successfully reloaded assembly
- Finished resetting the current domain, in  9.284 seconds
Domain Reload Profiling: 13770ms
	BeginReloadAssembly (1313ms)
		ExecutionOrderSort (0ms)
		DisableScriptedObjects (33ms)
		BackupInstance (0ms)
		ReleaseScriptingObjects (0ms)
		CreateAndSetChildDomain (125ms)
	RebuildCommonClasses (342ms)
	RebuildNativeTypeToScriptingClass (60ms)
	initialDomainReloadingComplete (271ms)
	LoadAllAssembliesAndSetupDomain (2499ms)
		LoadAssemblies (3355ms)
		RebuildTransferFunctionScriptingTraits (0ms)
		AnalyzeDomain (127ms)
			TypeCache.Refresh (28ms)
				TypeCache.ScanAssembly (0ms)
			ScanForSourceGeneratedMonoScriptInfo (1ms)
			ResolveRequiredComponents (92ms)
	FinalizeReload (9286ms)
		ReleaseScriptCaches (0ms)
		RebuildScriptCaches (0ms)
		SetupLoadedEditorAssemblies (3337ms)
			LogAssemblyErrors (0ms)
			InitializePlatformSupportModulesInManaged (90ms)
			SetLoadedEditorAssemblies (14ms)
			RefreshPlugins (0ms)
			BeforeProcessingInitializeOnLoad (370ms)
			ProcessInitializeOnLoadAttributes (2508ms)
			ProcessInitializeOnLoadMethodAttributes (308ms)
			AfterProcessingInitializeOnLoad (45ms)
			EditorAssembliesLoaded (0ms)
		ExecutionOrderSort2 (0ms)
		AwakeInstancesAfterBackupRestoration (81ms)
Refreshing native plugins compatible for Editor in 51.89 ms, found 3 plugins.
Preloading 0 native plugins for Editor in 0.00 ms.
Unloading 4995 Unused Serialized files (Serialized files now loaded: 0)
Unloading 42 unused Assets / (368.8 KB). Loaded Objects now: 6084.
Memory consumption went from 362.4 MB to 362.0 MB.
Total: 14.918600 ms (FindLiveObjects: 0.965900 ms CreateObjectMapping: 1.670000 ms MarkObjects: 11.787300 ms  DeleteObjects: 0.493000 ms)

Prepare: number of updated asset objects reloaded= 0
AssetImportParameters requested are different than current active one (requested -> active):
  custom:container-demuxer-ogg: 62fdf1f143b41e24485cea50d1cbac27 -> 
  custom:video-decoder-ogg-theora: a1e56fd34408186e4bbccfd4996cb3dc -> 
  custom:framework-win-MediaFoundation: 216162199b28c13a410421893ffa2e32 -> 
  custom:CustomObjectIndexerAttribute: 4d1d7186bcbbfe361de5f0ad951e585c -> 
  custom:container-demuxer-webm: 4f35f7cbe854078d1ac9338744f61a02 -> 
  custom:container-muxer-webm: aa71ff27fc2769a1b78a27578f13a17b -> 
  custom:video-decoder-webm-vp8: 9c59270c3fd7afecdb556c50c9e8de78 -> 
  custom:SearchIndexIgnoredProperties: e643bd26f0fe6173181afceb89e7c659 -> 
  custom:AudioImporter_EditorPlatform: d09bf68614088b80899f8185d706f6e7 -> 
  custom:video-encoder-webm-vp8: eb34c28f22e8b96e1ab97ce403110664 -> 
  custom:audio-decoder-ogg-vorbis: bf7c407c2cedff20999df2af8eb42d56 -> 
  custom:audio-encoder-webm-vorbis: bf7c407c2cedff20999df2af8eb42d56 -> 
========================================================================
Received Prepare
Begin MonoManager ReloadAssembly
- Loaded All Assemblies, in  8.686 seconds
Refreshing native plugins compatible for Editor in 60.37 ms, found 3 plugins.
Native extension for LinuxStandalone target not found
Native extension for WindowsStandalone target not found
Native extension for OSXStandalone target not found
Native extension for WebGL target not found
Mono: successfully reloaded assembly
- Finished resetting the current domain, in 33.378 seconds
Domain Reload Profiling: 42011ms
	BeginReloadAssembly (2649ms)
		ExecutionOrderSort (20ms)
		DisableScriptedObjects (61ms)
		BackupInstance (0ms)
		ReleaseScriptingObjects (0ms)
		CreateAndSetChildDomain (1009ms)
	RebuildCommonClasses (740ms)
	RebuildNativeTypeToScriptingClass (132ms)
	initialDomainReloadingComplete (1268ms)
	LoadAllAssembliesAndSetupDomain (3834ms)
		LoadAssemblies (4816ms)
		RebuildTransferFunctionScriptingTraits (0ms)
		AnalyzeDomain (315ms)
			TypeCache.Refresh (55ms)
				TypeCache.ScanAssembly (0ms)
			ScanForSourceGeneratedMonoScriptInfo (1ms)
			ResolveRequiredComponents (250ms)
	FinalizeReload (33389ms)
		ReleaseScriptCaches (0ms)
		RebuildScriptCaches (0ms)
		SetupLoadedEditorAssemblies (10348ms)
			LogAssemblyErrors (0ms)
			InitializePlatformSupportModulesInManaged (431ms)
			SetLoadedEditorAssemblies (60ms)
			RefreshPlugins (0ms)
			BeforeProcessingInitializeOnLoad (2235ms)
			ProcessInitializeOnLoadAttributes (6112ms)
			ProcessInitializeOnLoadMethodAttributes (1320ms)
			AfterProcessingInitializeOnLoad (190ms)
			EditorAssembliesLoaded (0ms)
		ExecutionOrderSort2 (0ms)
		AwakeInstancesAfterBackupRestoration (458ms)
Refreshing native plugins compatible for Editor in 60.66 ms, found 3 plugins.
Preloading 0 native plugins for Editor in 0.00 ms.
Unloading 4995 Unused Serialized files (Serialized files now loaded: 0)
Unloading 42 unused Assets / (368.7 KB). Loaded Objects now: 6088.
Memory consumption went from 364.3 MB to 363.9 MB.
Total: 24.032600 ms (FindLiveObjects: 1.520900 ms CreateObjectMapping: 1.379400 ms MarkObjects: 20.448600 ms  DeleteObjects: 0.681200 ms)

Prepare: number of updated asset objects reloaded= 0
AssetImportParameters requested are different than current active one (requested -> active):
  custom:container-demuxer-ogg: 62fdf1f143b41e24485cea50d1cbac27 -> 
  custom:video-decoder-ogg-theora: a1e56fd34408186e4bbccfd4996cb3dc -> 
  custom:framework-win-MediaFoundation: 216162199b28c13a410421893ffa2e32 -> 
  custom:CustomObjectIndexerAttribute: 4d1d7186bcbbfe361de5f0ad951e585c -> 
  custom:container-demuxer-webm: 4f35f7cbe854078d1ac9338744f61a02 -> 
  custom:container-muxer-webm: aa71ff27fc2769a1b78a27578f13a17b -> 
  custom:video-decoder-webm-vp8: 9c59270c3fd7afecdb556c50c9e8de78 -> 
  custom:SearchIndexIgnoredProperties: e643bd26f0fe6173181afceb89e7c659 -> 
  custom:AudioImporter_EditorPlatform: d09bf68614088b80899f8185d706f6e7 -> 
  custom:video-encoder-webm-vp8: eb34c28f22e8b96e1ab97ce403110664 -> 
  custom:audio-decoder-ogg-vorbis: bf7c407c2cedff20999df2af8eb42d56 -> 
  custom:audio-encoder-webm-vorbis: bf7c407c2cedff20999df2af8eb42d56 -> 
========================================================================
Received Prepare
Begin MonoManager ReloadAssembly
- Loaded All Assemblies, in 13.901 seconds
Refreshing native plugins compatible for Editor in 77.90 ms, found 3 plugins.
Native extension for LinuxStandalone target not found
Native extension for WindowsStandalone target not found
Native extension for OSXStandalone target not found
Native extension for WebGL target not found
Mono: successfully reloaded assembly
- Finished resetting the current domain, in 25.030 seconds
Domain Reload Profiling: 37981ms
	BeginReloadAssembly (3415ms)
		ExecutionOrderSort (0ms)
		DisableScriptedObjects (68ms)
		BackupInstance (0ms)
		ReleaseScriptingObjects (0ms)
		CreateAndSetChildDomain (783ms)
	RebuildCommonClasses (1418ms)
	RebuildNativeTypeToScriptingClass (190ms)
	initialDomainReloadingComplete (698ms)
	LoadAllAssembliesAndSetupDomain (7228ms)
		LoadAssemblies (8582ms)
		RebuildTransferFunctionScriptingTraits (0ms)
		AnalyzeDomain (268ms)
			TypeCache.Refresh (31ms)
				TypeCache.ScanAssembly (0ms)
			ScanForSourceGeneratedMonoScriptInfo (1ms)
			ResolveRequiredComponents (220ms)
	FinalizeReload (25032ms)
		ReleaseScriptCaches (0ms)
		RebuildScriptCaches (0ms)
		SetupLoadedEditorAssemblies (5424ms)
			LogAssemblyErrors (0ms)
			InitializePlatformSupportModulesInManaged (140ms)
			SetLoadedEditorAssemblies (28ms)
			RefreshPlugins (0ms)
			BeforeProcessingInitializeOnLoad (746ms)
			ProcessInitializeOnLoadAttributes (4048ms)
			ProcessInitializeOnLoadMethodAttributes (420ms)
			AfterProcessingInitializeOnLoad (41ms)
			EditorAssembliesLoaded (2ms)
		ExecutionOrderSort2 (0ms)
		AwakeInstancesAfterBackupRestoration (112ms)
Refreshing native plugins compatible for Editor in 37.07 ms, found 3 plugins.
Preloading 0 native plugins for Editor in 0.00 ms.
Unloading 4995 Unused Serialized files (Serialized files now loaded: 0)
Unloading 42 unused Assets / (368.8 KB). Loaded Objects now: 6092.
Memory consumption went from 366.2 MB to 365.9 MB.
Total: 29.983700 ms (FindLiveObjects: 1.942300 ms CreateObjectMapping: 1.926900 ms MarkObjects: 25.618000 ms  DeleteObjects: 0.494200 ms)

Prepare: number of updated asset objects reloaded= 0
AssetImportParameters requested are different than current active one (requested -> active):
  custom:container-demuxer-ogg: 62fdf1f143b41e24485cea50d1cbac27 -> 
  custom:video-decoder-ogg-theora: a1e56fd34408186e4bbccfd4996cb3dc -> 
  custom:framework-win-MediaFoundation: 216162199b28c13a410421893ffa2e32 -> 
  custom:CustomObjectIndexerAttribute: 4d1d7186bcbbfe361de5f0ad951e585c -> 
  custom:container-demuxer-webm: 4f35f7cbe854078d1ac9338744f61a02 -> 
  custom:container-muxer-webm: aa71ff27fc2769a1b78a27578f13a17b -> 
  custom:video-decoder-webm-vp8: 9c59270c3fd7afecdb556c50c9e8de78 -> 
  custom:SearchIndexIgnoredProperties: e643bd26f0fe6173181afceb89e7c659 -> 
  custom:AudioImporter_EditorPlatform: d09bf68614088b80899f8185d706f6e7 -> 
  custom:video-encoder-webm-vp8: eb34c28f22e8b96e1ab97ce403110664 -> 
  custom:audio-decoder-ogg-vorbis: bf7c407c2cedff20999df2af8eb42d56 -> 
  custom:audio-encoder-webm-vorbis: bf7c407c2cedff20999df2af8eb42d56 -> 
========================================================================
Received Prepare
Begin MonoManager ReloadAssembly
- Loaded All Assemblies, in 16.647 seconds
Refreshing native plugins compatible for Editor in 122.29 ms, found 3 plugins.
Native extension for LinuxStandalone target not found
Native extension for WindowsStandalone target not found
Native extension for OSXStandalone target not found
Native extension for WebGL target not found
Mono: successfully reloaded assembly
- Finished resetting the current domain, in 21.604 seconds
Domain Reload Profiling: 38180ms
	BeginReloadAssembly (8263ms)
		ExecutionOrderSort (0ms)
		DisableScriptedObjects (81ms)
		BackupInstance (0ms)
		ReleaseScriptingObjects (1ms)
		CreateAndSetChildDomain (320ms)
	RebuildCommonClasses (659ms)
	RebuildNativeTypeToScriptingClass (254ms)
	initialDomainReloadingComplete (869ms)
	LoadAllAssembliesAndSetupDomain (6531ms)
		LoadAssemblies (13412ms)
		RebuildTransferFunctionScriptingTraits (0ms)
		AnalyzeDomain (297ms)
			TypeCache.Refresh (102ms)
				TypeCache.ScanAssembly (0ms)
			ScanForSourceGeneratedMonoScriptInfo (1ms)
			ResolveRequiredComponents (181ms)
	FinalizeReload (21605ms)
		ReleaseScriptCaches (0ms)
		RebuildScriptCaches (0ms)
		SetupLoadedEditorAssemblies (7089ms)
			LogAssemblyErrors (0ms)
			InitializePlatformSupportModulesInManaged (465ms)
			SetLoadedEditorAssemblies (42ms)
			RefreshPlugins (0ms)
			BeforeProcessingInitializeOnLoad (923ms)
			ProcessInitializeOnLoadAttributes (4721ms)
			ProcessInitializeOnLoadMethodAttributes (874ms)
			AfterProcessingInitializeOnLoad (64ms)
			EditorAssembliesLoaded (1ms)
		ExecutionOrderSort2 (0ms)
		AwakeInstancesAfterBackupRestoration (124ms)
Refreshing native plugins compatible for Editor in 58.57 ms, found 3 plugins.
Preloading 0 native plugins for Editor in 0.00 ms.
Unloading 4995 Unused Serialized files (Serialized files now loaded: 0)
Unloading 42 unused Assets / (368.7 KB). Loaded Objects now: 6096.
Memory consumption went from 368.1 MB to 367.8 MB.
Total: 40.349100 ms (FindLiveObjects: 0.864200 ms CreateObjectMapping: 0.732700 ms MarkObjects: 32.553400 ms  DeleteObjects: 6.196100 ms)

Prepare: number of updated asset objects reloaded= 0
AssetImportParameters requested are different than current active one (requested -> active):
  custom:container-demuxer-ogg: 62fdf1f143b41e24485cea50d1cbac27 -> 
  custom:video-decoder-ogg-theora: a1e56fd34408186e4bbccfd4996cb3dc -> 
  custom:framework-win-MediaFoundation: 216162199b28c13a410421893ffa2e32 -> 
  custom:CustomObjectIndexerAttribute: 4d1d7186bcbbfe361de5f0ad951e585c -> 
  custom:container-demuxer-webm: 4f35f7cbe854078d1ac9338744f61a02 -> 
  custom:container-muxer-webm: aa71ff27fc2769a1b78a27578f13a17b -> 
  custom:video-decoder-webm-vp8: 9c59270c3fd7afecdb556c50c9e8de78 -> 
  custom:SearchIndexIgnoredProperties: e643bd26f0fe6173181afceb89e7c659 -> 
  custom:AudioImporter_EditorPlatform: d09bf68614088b80899f8185d706f6e7 -> 
  custom:video-encoder-webm-vp8: eb34c28f22e8b96e1ab97ce403110664 -> 
  custom:audio-decoder-ogg-vorbis: bf7c407c2cedff20999df2af8eb42d56 -> 
  custom:audio-encoder-webm-vorbis: bf7c407c2cedff20999df2af8eb42d56 -> 
========================================================================
Received Prepare
Begin MonoManager ReloadAssembly
- Loaded All Assemblies, in 13.462 seconds
Refreshing native plugins compatible for Editor in 115.52 ms, found 3 plugins.
Native extension for LinuxStandalone target not found
Native extension for WindowsStandalone target not found
Native extension for OSXStandalone target not found
Native extension for WebGL target not found
Mono: successfully reloaded assembly
- Finished resetting the current domain, in 26.135 seconds
Domain Reload Profiling: 39541ms
	BeginReloadAssembly (3352ms)
		ExecutionOrderSort (0ms)
		DisableScriptedObjects (293ms)
		BackupInstance (0ms)
		ReleaseScriptingObjects (9ms)
		CreateAndSetChildDomain (508ms)
	RebuildCommonClasses (963ms)
	RebuildNativeTypeToScriptingClass (549ms)
	initialDomainReloadingComplete (1411ms)
	LoadAllAssembliesAndSetupDomain (7129ms)
		LoadAssemblies (6643ms)
		RebuildTransferFunctionScriptingTraits (0ms)
		AnalyzeDomain (1681ms)
			TypeCache.Refresh (136ms)
				TypeCache.ScanAssembly (0ms)
			ScanForSourceGeneratedMonoScriptInfo (6ms)
			ResolveRequiredComponents (1527ms)
	FinalizeReload (26137ms)
		ReleaseScriptCaches (0ms)
		RebuildScriptCaches (0ms)
		SetupLoadedEditorAssemblies (10493ms)
			LogAssemblyErrors (0ms)
			InitializePlatformSupportModulesInManaged (164ms)
			SetLoadedEditorAssemblies (50ms)
			RefreshPlugins (0ms)
			BeforeProcessingInitializeOnLoad (2291ms)
			ProcessInitializeOnLoadAttributes (6579ms)
			ProcessInitializeOnLoadMethodAttributes (1172ms)
			AfterProcessingInitializeOnLoad (237ms)
			EditorAssembliesLoaded (1ms)
		ExecutionOrderSort2 (1ms)
		AwakeInstancesAfterBackupRestoration (269ms)
Refreshing native plugins compatible for Editor in 58.13 ms, found 3 plugins.
Preloading 0 native plugins for Editor in 0.00 ms.
Unloading 4995 Unused Serialized files (Serialized files now loaded: 0)
Unloading 42 unused Assets / (368.7 KB). Loaded Objects now: 6100.
Memory consumption went from 370.0 MB to 369.7 MB.
Total: 42.086900 ms (FindLiveObjects: 7.028400 ms CreateObjectMapping: 3.686500 ms MarkObjects: 30.784400 ms  DeleteObjects: 0.584800 ms)

Prepare: number of updated asset objects reloaded= 0
AssetImportParameters requested are different than current active one (requested -> active):
  custom:container-demuxer-ogg: 62fdf1f143b41e24485cea50d1cbac27 -> 
  custom:video-decoder-ogg-theora: a1e56fd34408186e4bbccfd4996cb3dc -> 
  custom:framework-win-MediaFoundation: 216162199b28c13a410421893ffa2e32 -> 
  custom:CustomObjectIndexerAttribute: 4d1d7186bcbbfe361de5f0ad951e585c -> 
  custom:container-demuxer-webm: 4f35f7cbe854078d1ac9338744f61a02 -> 
  custom:container-muxer-webm: aa71ff27fc2769a1b78a27578f13a17b -> 
  custom:video-decoder-webm-vp8: 9c59270c3fd7afecdb556c50c9e8de78 -> 
  custom:SearchIndexIgnoredProperties: e643bd26f0fe6173181afceb89e7c659 -> 
  custom:AudioImporter_EditorPlatform: d09bf68614088b80899f8185d706f6e7 -> 
  custom:video-encoder-webm-vp8: eb34c28f22e8b96e1ab97ce403110664 -> 
  custom:audio-decoder-ogg-vorbis: bf7c407c2cedff20999df2af8eb42d56 -> 
  custom:audio-encoder-webm-vorbis: bf7c407c2cedff20999df2af8eb42d56 -> 
========================================================================
Received Prepare
Begin MonoManager ReloadAssembly
- Loaded All Assemblies, in 10.747 seconds
Refreshing native plugins compatible for Editor in 66.22 ms, found 3 plugins.
Native extension for LinuxStandalone target not found
Native extension for WindowsStandalone target not found
Native extension for OSXStandalone target not found
Native extension for WebGL target not found
Mono: successfully reloaded assembly
- Finished resetting the current domain, in 26.714 seconds
Domain Reload Profiling: 37441ms
	BeginReloadAssembly (2733ms)
		ExecutionOrderSort (1ms)
		DisableScriptedObjects (56ms)
		BackupInstance (0ms)
		ReleaseScriptingObjects (1ms)
		CreateAndSetChildDomain (406ms)
	RebuildCommonClasses (477ms)
	RebuildNativeTypeToScriptingClass (145ms)
	initialDomainReloadingComplete (523ms)
	LoadAllAssembliesAndSetupDomain (6847ms)
		LoadAssemblies (7930ms)
		RebuildTransferFunctionScriptingTraits (0ms)
		AnalyzeDomain (940ms)
			TypeCache.Refresh (42ms)
				TypeCache.ScanAssembly (0ms)
			ScanForSourceGeneratedMonoScriptInfo (1ms)
			ResolveRequiredComponents (316ms)
	FinalizeReload (26716ms)
		ReleaseScriptCaches (0ms)
		RebuildScriptCaches (0ms)
		SetupLoadedEditorAssemblies (6510ms)
			LogAssemblyErrors (0ms)
			InitializePlatformSupportModulesInManaged (72ms)
			SetLoadedEditorAssemblies (15ms)
			RefreshPlugins (0ms)
			BeforeProcessingInitializeOnLoad (433ms)
			ProcessInitializeOnLoadAttributes (5553ms)
			ProcessInitializeOnLoadMethodAttributes (393ms)
			AfterProcessingInitializeOnLoad (42ms)
			EditorAssembliesLoaded (0ms)
		ExecutionOrderSort2 (0ms)
		AwakeInstancesAfterBackupRestoration (171ms)
Refreshing native plugins compatible for Editor in 43.23 ms, found 3 plugins.
Preloading 0 native plugins for Editor in 0.00 ms.
Unloading 4995 Unused Serialized files (Serialized files now loaded: 0)
Unloading 42 unused Assets / (368.7 KB). Loaded Objects now: 6104.
Memory consumption went from 372.0 MB to 371.6 MB.
Total: 15.230000 ms (FindLiveObjects: 0.871000 ms CreateObjectMapping: 0.672700 ms MarkObjects: 13.067300 ms  DeleteObjects: 0.616200 ms)

Prepare: number of updated asset objects reloaded= 0
AssetImportParameters requested are different than current active one (requested -> active):
  custom:container-demuxer-ogg: 62fdf1f143b41e24485cea50d1cbac27 -> 
  custom:video-decoder-ogg-theora: a1e56fd34408186e4bbccfd4996cb3dc -> 
  custom:framework-win-MediaFoundation: 216162199b28c13a410421893ffa2e32 -> 
  custom:CustomObjectIndexerAttribute: 4d1d7186bcbbfe361de5f0ad951e585c -> 
  custom:container-demuxer-webm: 4f35f7cbe854078d1ac9338744f61a02 -> 
  custom:container-muxer-webm: aa71ff27fc2769a1b78a27578f13a17b -> 
  custom:video-decoder-webm-vp8: 9c59270c3fd7afecdb556c50c9e8de78 -> 
  custom:SearchIndexIgnoredProperties: e643bd26f0fe6173181afceb89e7c659 -> 
  custom:AudioImporter_EditorPlatform: d09bf68614088b80899f8185d706f6e7 -> 
  custom:video-encoder-webm-vp8: eb34c28f22e8b96e1ab97ce403110664 -> 
  custom:audio-decoder-ogg-vorbis: bf7c407c2cedff20999df2af8eb42d56 -> 
  custom:audio-encoder-webm-vorbis: bf7c407c2cedff20999df2af8eb42d56 -> 
========================================================================
Received Prepare
Begin MonoManager ReloadAssembly
- Loaded All Assemblies, in 38.337 seconds
Refreshing native plugins compatible for Editor in 186.53 ms, found 3 plugins.
Native extension for LinuxStandalone target not found
Native extension for WindowsStandalone target not found
Native extension for OSXStandalone target not found
Native extension for WebGL target not found
Mono: successfully reloaded assembly
- Finished resetting the current domain, in 64.111 seconds
Domain Reload Profiling: 102395ms
	BeginReloadAssembly (12270ms)
		ExecutionOrderSort (0ms)
		DisableScriptedObjects (90ms)
		BackupInstance (0ms)
		ReleaseScriptingObjects (0ms)
		CreateAndSetChildDomain (629ms)
	RebuildCommonClasses (1637ms)
	RebuildNativeTypeToScriptingClass (788ms)
	initialDomainReloadingComplete (2240ms)
	LoadAllAssembliesAndSetupDomain (21346ms)
		LoadAssemblies (29085ms)
		RebuildTransferFunctionScriptingTraits (0ms)
		AnalyzeDomain (2405ms)
			TypeCache.Refresh (320ms)
				TypeCache.ScanAssembly (0ms)
			ScanForSourceGeneratedMonoScriptInfo (1ms)
			ResolveRequiredComponents (1988ms)
	FinalizeReload (64114ms)
		ReleaseScriptCaches (0ms)
		RebuildScriptCaches (0ms)
		SetupLoadedEditorAssemblies (6579ms)
			LogAssemblyErrors (0ms)
			InitializePlatformSupportModulesInManaged (91ms)
			SetLoadedEditorAssemblies (15ms)
			RefreshPlugins (0ms)
			BeforeProcessingInitializeOnLoad (721ms)
			ProcessInitializeOnLoadAttributes (4889ms)
			ProcessInitializeOnLoadMethodAttributes (820ms)
			AfterProcessingInitializeOnLoad (42ms)
			EditorAssembliesLoaded (1ms)
		ExecutionOrderSort2 (1ms)
		AwakeInstancesAfterBackupRestoration (104ms)
Refreshing native plugins compatible for Editor in 26.37 ms, found 3 plugins.
Preloading 0 native plugins for Editor in 0.00 ms.
Unloading 4995 Unused Serialized files (Serialized files now loaded: 0)
Unloading 42 unused Assets / (384.7 KB). Loaded Objects now: 6108.
Memory consumption went from 373.9 MB to 373.5 MB.
Total: 40.330400 ms (FindLiveObjects: 1.889400 ms CreateObjectMapping: 1.685100 ms MarkObjects: 36.088400 ms  DeleteObjects: 0.665300 ms)

Prepare: number of updated asset objects reloaded= 0
AssetImportParameters requested are different than current active one (requested -> active):
  custom:container-demuxer-ogg: 62fdf1f143b41e24485cea50d1cbac27 -> 
  custom:video-decoder-ogg-theora: a1e56fd34408186e4bbccfd4996cb3dc -> 
  custom:framework-win-MediaFoundation: 216162199b28c13a410421893ffa2e32 -> 
  custom:CustomObjectIndexerAttribute: 4d1d7186bcbbfe361de5f0ad951e585c -> 
  custom:container-demuxer-webm: 4f35f7cbe854078d1ac9338744f61a02 -> 
  custom:container-muxer-webm: aa71ff27fc2769a1b78a27578f13a17b -> 
  custom:video-decoder-webm-vp8: 9c59270c3fd7afecdb556c50c9e8de78 -> 
  custom:SearchIndexIgnoredProperties: e643bd26f0fe6173181afceb89e7c659 -> 
  custom:AudioImporter_EditorPlatform: d09bf68614088b80899f8185d706f6e7 -> 
  custom:video-encoder-webm-vp8: eb34c28f22e8b96e1ab97ce403110664 -> 
  custom:audio-decoder-ogg-vorbis: bf7c407c2cedff20999df2af8eb42d56 -> 
  custom:audio-encoder-webm-vorbis: bf7c407c2cedff20999df2af8eb42d56 -> 
========================================================================
Received Prepare
Begin MonoManager ReloadAssembly
- Loaded All Assemblies, in 22.213 seconds
Refreshing native plugins compatible for Editor in 2187.23 ms, found 3 plugins.
Native extension for LinuxStandalone target not found
Native extension for WindowsStandalone target not found
Native extension for OSXStandalone target not found
Native extension for WebGL target not found
Mono: successfully reloaded assembly
- Finished resetting the current domain, in 85.052 seconds
Domain Reload Profiling: 107184ms
	BeginReloadAssembly (2117ms)
		ExecutionOrderSort (0ms)
		DisableScriptedObjects (99ms)
		BackupInstance (0ms)
		ReleaseScriptingObjects (0ms)
		CreateAndSetChildDomain (221ms)
	RebuildCommonClasses (965ms)
	RebuildNativeTypeToScriptingClass (1167ms)
	initialDomainReloadingComplete (6739ms)
	LoadAllAssembliesAndSetupDomain (11137ms)
		LoadAssemblies (11060ms)
		RebuildTransferFunctionScriptingTraits (0ms)
		AnalyzeDomain (1565ms)
			TypeCache.Refresh (455ms)
				TypeCache.ScanAssembly (0ms)
			ScanForSourceGeneratedMonoScriptInfo (1ms)
			ResolveRequiredComponents (884ms)
	FinalizeReload (85059ms)
		ReleaseScriptCaches (0ms)
		RebuildScriptCaches (0ms)
		SetupLoadedEditorAssemblies (20028ms)
			LogAssemblyErrors (0ms)
			InitializePlatformSupportModulesInManaged (541ms)
			SetLoadedEditorAssemblies (100ms)
			RefreshPlugins (0ms)
			BeforeProcessingInitializeOnLoad (6167ms)
			ProcessInitializeOnLoadAttributes (11083ms)
			ProcessInitializeOnLoadMethodAttributes (1570ms)
			AfterProcessingInitializeOnLoad (547ms)
			EditorAssembliesLoaded (21ms)
		ExecutionOrderSort2 (1ms)
		AwakeInstancesAfterBackupRestoration (1442ms)
