Using pre-set license
Built from '2022.3/staging' branch; Version is '2022.3.16f1 (d2c21f0ef2f1) revision 13812255'; Using compiler version '192829333'; Build Type 'Release'
OS: 'Windows 11  (10.0.26100) 64bit Core' Language: 'es' Physical Memory: 10116 MB
BatchMode: 1, IsHumanControllingUs: 0, StartBugReporterOnCrash: 0, Is64bit: 1, IsPro: 1

COMMAND LINE ARGUMENTS:
C:\Program Files\Unity\Hub\Editor\2022.3.16f1\Editor\Unity.exe
-adb2
-batchMode
-noUpm
-name
AssetImportWorker0
-projectPath
C:/Users/User/Downloads/omar/omar
-logFile
Logs/AssetImportWorker0.log
-srvPort
54685
Successfully changed project path to: C:/Users/User/Downloads/omar/omar
C:/Users/User/Downloads/omar/omar
[UnityMemory] Configuration Parameters - Can be set up in boot.config
    "memorysetup-bucket-allocator-granularity=16"
    "memorysetup-bucket-allocator-bucket-count=8"
    "memorysetup-bucket-allocator-block-size=33554432"
    "memorysetup-bucket-allocator-block-count=8"
    "memorysetup-main-allocator-block-size=16777216"
    "memorysetup-thread-allocator-block-size=16777216"
    "memorysetup-gfx-main-allocator-block-size=16777216"
    "memorysetup-gfx-thread-allocator-block-size=16777216"
    "memorysetup-cache-allocator-block-size=4194304"
    "memorysetup-typetree-allocator-block-size=2097152"
    "memorysetup-profiler-bucket-allocator-granularity=16"
    "memorysetup-profiler-bucket-allocator-bucket-count=8"
    "memorysetup-profiler-bucket-allocator-block-size=33554432"
    "memorysetup-profiler-bucket-allocator-block-count=8"
    "memorysetup-profiler-allocator-block-size=16777216"
    "memorysetup-profiler-editor-allocator-block-size=1048576"
    "memorysetup-temp-allocator-size-main=16777216"
    "memorysetup-job-temp-allocator-block-size=2097152"
    "memorysetup-job-temp-allocator-block-size-background=1048576"
    "memorysetup-job-temp-allocator-reduction-small-platforms=262144"
    "memorysetup-allocator-temp-initial-block-size-main=262144"
    "memorysetup-allocator-temp-initial-block-size-worker=262144"
    "memorysetup-temp-allocator-size-background-worker=32768"
    "memorysetup-temp-allocator-size-job-worker=262144"
    "memorysetup-temp-allocator-size-preload-manager=33554432"
    "memorysetup-temp-allocator-size-nav-mesh-worker=65536"
    "memorysetup-temp-allocator-size-audio-worker=65536"
    "memorysetup-temp-allocator-size-cloud-worker=32768"
    "memorysetup-temp-allocator-size-gi-baking-worker=262144"
    "memorysetup-temp-allocator-size-gfx=262144"
Player connection [18220] Host "[IP] 192.168.1.68 [Port] 0 [Flags] 2 [Guid] 2300876030 [EditorId] 2300876030 [Version] 1048832 [Id] WindowsEditor(7,Portatil) [Debug] 1 [PackageName] WindowsEditor [ProjectName] Editor" joined multi-casting on [225.0.0.222:54997]...

Player connection [18220] Host "[IP] 192.168.1.68 [Port] 0 [Flags] 2 [Guid] 2300876030 [EditorId] 2300876030 [Version] 1048832 [Id] WindowsEditor(7,Portatil) [Debug] 1 [PackageName] WindowsEditor [ProjectName] Editor" joined alternative multi-casting on [225.0.0.222:34997]...

[Physics::Module] Initialized MultithreadedJobDispatcher with 3 workers.
Refreshing native plugins compatible for Editor in 216.53 ms, found 3 plugins.
Preloading 0 native plugins for Editor in 0.00 ms.
Initialize engine version: 2022.3.16f1 (d2c21f0ef2f1)
[Subsystems] Discovering subsystems at path C:/Program Files/Unity/Hub/Editor/2022.3.16f1/Editor/Data/Resources/UnitySubsystems
[Subsystems] Discovering subsystems at path C:/Users/User/Downloads/omar/omar/Assets
GfxDevice: creating device client; threaded=0; jobified=0
Direct3D:
    Version:  Direct3D 11.0 [level 11.1]
    Renderer: AMD Radeon(TM) Vega 3 Graphics (ID=0x15d8)
    Vendor:   ATI
    VRAM:     5058 MB
    Driver:   27.20.11028.10001
Initialize mono
Mono path[0] = 'C:/Program Files/Unity/Hub/Editor/2022.3.16f1/Editor/Data/Managed'
Mono path[1] = 'C:/Program Files/Unity/Hub/Editor/2022.3.16f1/Editor/Data/MonoBleedingEdge/lib/mono/unityjit-win32'
Mono config path = 'C:/Program Files/Unity/Hub/Editor/2022.3.16f1/Editor/Data/MonoBleedingEdge/etc'
Using monoOptions --debugger-agent=transport=dt_socket,embedding=1,server=y,suspend=n,address=127.0.0.1:56284
Begin MonoManager ReloadAssembly
Registering precompiled unity dll's ...
Register platform support module: C:/Program Files/Unity/Hub/Editor/2022.3.16f1/Editor/Data/PlaybackEngines/WebGLSupport/UnityEditor.WebGL.Extensions.dll
Register platform support module: C:/Program Files/Unity/Hub/Editor/2022.3.16f1/Editor/Data/PlaybackEngines/MacStandaloneSupport/UnityEditor.OSXStandalone.Extensions.dll
Register platform support module: C:/Program Files/Unity/Hub/Editor/2022.3.16f1/Editor/Data/PlaybackEngines/WindowsStandaloneSupport/UnityEditor.WindowsStandalone.Extensions.dll
Register platform support module: C:/Program Files/Unity/Hub/Editor/2022.3.16f1/Editor/Data/PlaybackEngines/LinuxStandaloneSupport/UnityEditor.LinuxStandalone.Extensions.dll
Registered in 3.328750 seconds.
- Loaded All Assemblies, in 12.787 seconds
Native extension for LinuxStandalone target not found
Native extension for WindowsStandalone target not found
Native extension for OSXStandalone target not found
Native extension for WebGL target not found
Mono: successfully reloaded assembly
- Finished resetting the current domain, in  7.639 seconds
Domain Reload Profiling: 20398ms
	BeginReloadAssembly (3007ms)
		ExecutionOrderSort (0ms)
		DisableScriptedObjects (0ms)
		BackupInstance (0ms)
		ReleaseScriptingObjects (0ms)
		CreateAndSetChildDomain (3ms)
	RebuildCommonClasses (890ms)
	RebuildNativeTypeToScriptingClass (201ms)
	initialDomainReloadingComplete (4858ms)
	LoadAllAssembliesAndSetupDomain (3791ms)
		LoadAssemblies (3004ms)
		RebuildTransferFunctionScriptingTraits (0ms)
		AnalyzeDomain (3708ms)
			TypeCache.Refresh (3693ms)
				TypeCache.ScanAssembly (3093ms)
			ScanForSourceGeneratedMonoScriptInfo (8ms)
			ResolveRequiredComponents (3ms)
	FinalizeReload (7650ms)
		ReleaseScriptCaches (0ms)
		RebuildScriptCaches (0ms)
		SetupLoadedEditorAssemblies (5278ms)
			LogAssemblyErrors (0ms)
			InitializePlatformSupportModulesInManaged (281ms)
			SetLoadedEditorAssemblies (74ms)
			RefreshPlugins (0ms)
			BeforeProcessingInitializeOnLoad (14ms)
			ProcessInitializeOnLoadAttributes (2672ms)
			ProcessInitializeOnLoadMethodAttributes (2230ms)
			AfterProcessingInitializeOnLoad (0ms)
			EditorAssembliesLoaded (7ms)
		ExecutionOrderSort2 (0ms)
		AwakeInstancesAfterBackupRestoration (0ms)
========================================================================
Worker process is ready to serve import requests
Begin MonoManager ReloadAssembly
- Loaded All Assemblies, in 26.187 seconds
Refreshing native plugins compatible for Editor in 48.44 ms, found 3 plugins.
Native extension for LinuxStandalone target not found
Native extension for WindowsStandalone target not found
Native extension for OSXStandalone target not found
Native extension for WebGL target not found
Mono: successfully reloaded assembly
- Finished resetting the current domain, in 19.310 seconds
Domain Reload Profiling: 45282ms
	BeginReloadAssembly (3200ms)
		ExecutionOrderSort (0ms)
		DisableScriptedObjects (121ms)
		BackupInstance (0ms)
		ReleaseScriptingObjects (1ms)
		CreateAndSetChildDomain (249ms)
	RebuildCommonClasses (2442ms)
	RebuildNativeTypeToScriptingClass (213ms)
	initialDomainReloadingComplete (7660ms)
	LoadAllAssembliesAndSetupDomain (12445ms)
		LoadAssemblies (7638ms)
		RebuildTransferFunctionScriptingTraits (0ms)
		AnalyzeDomain (6190ms)
			TypeCache.Refresh (5585ms)
				TypeCache.ScanAssembly (5403ms)
			ScanForSourceGeneratedMonoScriptInfo (435ms)
			ResolveRequiredComponents (148ms)
	FinalizeReload (19322ms)
		ReleaseScriptCaches (0ms)
		RebuildScriptCaches (0ms)
		SetupLoadedEditorAssemblies (16056ms)
			LogAssemblyErrors (0ms)
			InitializePlatformSupportModulesInManaged (278ms)
			SetLoadedEditorAssemblies (44ms)
			RefreshPlugins (0ms)
			BeforeProcessingInitializeOnLoad (2139ms)
			ProcessInitializeOnLoadAttributes (12041ms)
			ProcessInitializeOnLoadMethodAttributes (1430ms)
			AfterProcessingInitializeOnLoad (124ms)
			EditorAssembliesLoaded (1ms)
		ExecutionOrderSort2 (1ms)
		AwakeInstancesAfterBackupRestoration (138ms)
Launched and connected shader compiler UnityShaderCompiler.exe after 4.26 seconds
Refreshing native plugins compatible for Editor in 426.11 ms, found 3 plugins.
Preloading 0 native plugins for Editor in 0.00 ms.
Unloading 5144 Unused Serialized files (Serialized files now loaded: 0)
Unloading 64 unused Assets / (349.4 KB). Loaded Objects now: 5611.
Memory consumption went from 217.9 MB to 217.6 MB.
Total: 147.647500 ms (FindLiveObjects: 9.332900 ms CreateObjectMapping: 21.162000 ms MarkObjects: 116.526800 ms  DeleteObjects: 0.590300 ms)

AssetImportParameters requested are different than current active one (requested -> active):
  custom:container-demuxer-ogg: 62fdf1f143b41e24485cea50d1cbac27 -> 
  custom:video-decoder-ogg-theora: a1e56fd34408186e4bbccfd4996cb3dc -> 
  custom:framework-win-MediaFoundation: 216162199b28c13a410421893ffa2e32 -> 
  custom:CustomObjectIndexerAttribute: 4d1d7186bcbbfe361de5f0ad951e585c -> 
  custom:container-demuxer-webm: 4f35f7cbe854078d1ac9338744f61a02 -> 
  custom:container-muxer-webm: aa71ff27fc2769a1b78a27578f13a17b -> 
  custom:video-decoder-webm-vp8: 9c59270c3fd7afecdb556c50c9e8de78 -> 
  custom:SearchIndexIgnoredProperties: e643bd26f0fe6173181afceb89e7c659 -> 
  custom:AudioImporter_EditorPlatform: d09bf68614088b80899f8185d706f6e7 -> 
  custom:video-encoder-webm-vp8: eb34c28f22e8b96e1ab97ce403110664 -> 
  custom:audio-decoder-ogg-vorbis: bf7c407c2cedff20999df2af8eb42d56 -> 
  custom:audio-encoder-webm-vorbis: bf7c407c2cedff20999df2af8eb42d56 -> 
========================================================================
Received Import Request.
  Time since last request: 171427.220667 seconds.
  path: Assets/xddd/Materials/Metal_Rough.mat
  artifactKey: Guid(687c9139af1fefe4f86ace380126be28) Importer(815301076,1909f56bfc062723c751e8b465ee728b)
Start importing Assets/xddd/Materials/Metal_Rough.mat using Guid(687c9139af1fefe4f86ace380126be28) Importer(815301076,1909f56bfc062723c751e8b465ee728b)  -> (artifact id: '553cee9928e9fb8c15ad56e4a8747149') in 11.740021 seconds
Number of updated asset objects reloaded before import = 0
Number of asset objects unloaded after import = 4
========================================================================
Received Import Request.
  Time since last request: 416.268031 seconds.
  path: Assets/New Material.mat
  artifactKey: Guid(f06e1e12da2ec884ebaa62ceac4349f2) Importer(815301076,1909f56bfc062723c751e8b465ee728b)
Start importing Assets/New Material.mat using Guid(f06e1e12da2ec884ebaa62ceac4349f2) Importer(815301076,1909f56bfc062723c751e8b465ee728b)  -> (artifact id: '1d30bd0f562dd3ee759d2b5196e8cce4') in 0.133441 seconds
Number of updated asset objects reloaded before import = 0
Number of asset objects unloaded after import = 2
========================================================================
Received Import Request.
  Time since last request: 150.843873 seconds.
  path: Assets/NewUnlitShader.shader
  artifactKey: Guid(683c3a9c6ba1a8d478a92fa67f638220) Importer(815301076,1909f56bfc062723c751e8b465ee728b)
Start importing Assets/NewUnlitShader.shader using Guid(683c3a9c6ba1a8d478a92fa67f638220) Importer(815301076,1909f56bfc062723c751e8b465ee728b)  -> (artifact id: '856dc513731156a308aeb36223a6ca41') in 0.007806 seconds
Number of updated asset objects reloaded before import = 0
Number of asset objects unloaded after import = 1
========================================================================
Received Import Request.
  Time since last request: 14.633988 seconds.
  path: Assets/OutlineShader.shader
  artifactKey: Guid(683c3a9c6ba1a8d478a92fa67f638220) Importer(815301076,1909f56bfc062723c751e8b465ee728b)
Start importing Assets/OutlineShader.shader using Guid(683c3a9c6ba1a8d478a92fa67f638220) Importer(815301076,1909f56bfc062723c751e8b465ee728b)  -> (artifact id: '62f23a77b0f8ec97005f4bd9512bc452') in 0.025480 seconds
Number of updated asset objects reloaded before import = 0
Number of asset objects unloaded after import = 1
========================================================================
Received Import Request.
  Time since last request: 84.361947 seconds.
  path: Assets/OutlineShader.shader
  artifactKey: Guid(683c3a9c6ba1a8d478a92fa67f638220) Importer(815301076,1909f56bfc062723c751e8b465ee728b)
Start importing Assets/OutlineShader.shader using Guid(683c3a9c6ba1a8d478a92fa67f638220) Importer(815301076,1909f56bfc062723c751e8b465ee728b)  -> (artifact id: 'c1ec29594e954bdb619c7def8ba17adc') in 0.013444 seconds
Number of updated asset objects reloaded before import = 0
Number of asset objects unloaded after import = 1
========================================================================
Received Import Request.
  Time since last request: 9.850637 seconds.
  path: Assets/shadercontroller.cs
  artifactKey: Guid(95d74df54734e674fb0e12b6768db0fc) Importer(815301076,1909f56bfc062723c751e8b465ee728b)
Start importing Assets/shadercontroller.cs using Guid(95d74df54734e674fb0e12b6768db0fc) Importer(815301076,1909f56bfc062723c751e8b465ee728b)  -> (artifact id: '589714d1fe5996c67fbcd28a9c07d335') in 0.033527 seconds
Number of updated asset objects reloaded before import = 0
Number of asset objects unloaded after import = 0
========================================================================
Received Import Request.
  Time since last request: 27.881001 seconds.
  path: Assets/shadercontroller.cs
  artifactKey: Guid(95d74df54734e674fb0e12b6768db0fc) Importer(815301076,1909f56bfc062723c751e8b465ee728b)
Start importing Assets/shadercontroller.cs using Guid(95d74df54734e674fb0e12b6768db0fc) Importer(815301076,1909f56bfc062723c751e8b465ee728b)  -> (artifact id: 'fa3736a397b40584cfeebe415e78da55') in 0.005132 seconds
Number of updated asset objects reloaded before import = 0
Number of asset objects unloaded after import = 0
========================================================================
Received Import Request.
  Time since last request: 7.917582 seconds.
  path: Assets/New Material.mat
  artifactKey: Guid(f06e1e12da2ec884ebaa62ceac4349f2) Importer(815301076,1909f56bfc062723c751e8b465ee728b)
Start importing Assets/New Material.mat using Guid(f06e1e12da2ec884ebaa62ceac4349f2) Importer(815301076,1909f56bfc062723c751e8b465ee728b)  -> (artifact id: '6d7a1fa7449b7d4f4cb848e3c1f34067') in 0.516948 seconds
Number of updated asset objects reloaded before import = 0
Number of asset objects unloaded after import = 2
========================================================================
Received Prepare
Begin MonoManager ReloadAssembly
- Loaded All Assemblies, in 29.069 seconds
Refreshing native plugins compatible for Editor in 41.63 ms, found 3 plugins.
Native extension for LinuxStandalone target not found
Native extension for WindowsStandalone target not found
Native extension for OSXStandalone target not found
Native extension for WebGL target not found
Mono: successfully reloaded assembly
- Finished resetting the current domain, in 16.075 seconds
Domain Reload Profiling: 45097ms
	BeginReloadAssembly (11451ms)
		ExecutionOrderSort (0ms)
		DisableScriptedObjects (298ms)
		BackupInstance (0ms)
		ReleaseScriptingObjects (1ms)
		CreateAndSetChildDomain (4442ms)
	RebuildCommonClasses (1759ms)
	RebuildNativeTypeToScriptingClass (140ms)
	initialDomainReloadingComplete (7907ms)
	LoadAllAssembliesAndSetupDomain (7764ms)
		LoadAssemblies (13661ms)
		RebuildTransferFunctionScriptingTraits (0ms)
		AnalyzeDomain (357ms)
			TypeCache.Refresh (107ms)
				TypeCache.ScanAssembly (6ms)
			ScanForSourceGeneratedMonoScriptInfo (185ms)
			ResolveRequiredComponents (58ms)
	FinalizeReload (16076ms)
		ReleaseScriptCaches (0ms)
		RebuildScriptCaches (0ms)
		SetupLoadedEditorAssemblies (3280ms)
			LogAssemblyErrors (0ms)
			InitializePlatformSupportModulesInManaged (81ms)
			SetLoadedEditorAssemblies (28ms)
			RefreshPlugins (0ms)
			BeforeProcessingInitializeOnLoad (287ms)
			ProcessInitializeOnLoadAttributes (2559ms)
			ProcessInitializeOnLoadMethodAttributes (280ms)
			AfterProcessingInitializeOnLoad (43ms)
			EditorAssembliesLoaded (1ms)
		ExecutionOrderSort2 (0ms)
		AwakeInstancesAfterBackupRestoration (105ms)
Script is not up to date after domain reload: guid(69bbb35dcc94c114bad57dcb2050e854) path("Assets/xddf.cs") state(2)
Refreshing native plugins compatible for Editor in 73.91 ms, found 3 plugins.
Preloading 0 native plugins for Editor in 0.00 ms.
Unloading 4983 Unused Serialized files (Serialized files now loaded: 0)
Unloading 40 unused Assets / (366.1 KB). Loaded Objects now: 5696.
Memory consumption went from 199.8 MB to 199.4 MB.
Total: 13.891800 ms (FindLiveObjects: 1.092100 ms CreateObjectMapping: 1.165700 ms MarkObjects: 11.254400 ms  DeleteObjects: 0.376500 ms)

Prepare: number of updated asset objects reloaded= 0
AssetImportParameters requested are different than current active one (requested -> active):
  custom:container-demuxer-ogg: 62fdf1f143b41e24485cea50d1cbac27 -> 
  custom:video-decoder-ogg-theora: a1e56fd34408186e4bbccfd4996cb3dc -> 
  custom:scripting/monoscript/fileName/xddf.cs: 3ab38638f8f73528961d1b0ef9c73fdb -> dd0abf560dd0a8c9de8edc5af66b6c59
  custom:framework-win-MediaFoundation: 216162199b28c13a410421893ffa2e32 -> 
  custom:CustomObjectIndexerAttribute: 4d1d7186bcbbfe361de5f0ad951e585c -> 
  custom:container-demuxer-webm: 4f35f7cbe854078d1ac9338744f61a02 -> 
  custom:container-muxer-webm: aa71ff27fc2769a1b78a27578f13a17b -> 
  custom:video-decoder-webm-vp8: 9c59270c3fd7afecdb556c50c9e8de78 -> 
  custom:SearchIndexIgnoredProperties: e643bd26f0fe6173181afceb89e7c659 -> 
  custom:AudioImporter_EditorPlatform: d09bf68614088b80899f8185d706f6e7 -> 
  custom:video-encoder-webm-vp8: eb34c28f22e8b96e1ab97ce403110664 -> 
  custom:audio-decoder-ogg-vorbis: bf7c407c2cedff20999df2af8eb42d56 -> 
  custom:audio-encoder-webm-vorbis: bf7c407c2cedff20999df2af8eb42d56 -> 
  custom:scripting/precompiled-assembly-types:Assembly-CSharp: f8ae437fcbeb3286a24bcbf3d443f0d3 -> f5855b41ccda8c0aaf6ddf98e0a6340c
========================================================================
Received Prepare
Begin MonoManager ReloadAssembly
- Loaded All Assemblies, in  2.807 seconds
Refreshing native plugins compatible for Editor in 25.54 ms, found 3 plugins.
Native extension for LinuxStandalone target not found
Native extension for WindowsStandalone target not found
Native extension for OSXStandalone target not found
Native extension for WebGL target not found
Mono: successfully reloaded assembly
- Finished resetting the current domain, in  8.616 seconds
Domain Reload Profiling: 11406ms
	BeginReloadAssembly (910ms)
		ExecutionOrderSort (0ms)
		DisableScriptedObjects (29ms)
		BackupInstance (0ms)
		ReleaseScriptingObjects (0ms)
		CreateAndSetChildDomain (215ms)
	RebuildCommonClasses (234ms)
	RebuildNativeTypeToScriptingClass (52ms)
	initialDomainReloadingComplete (168ms)
	LoadAllAssembliesAndSetupDomain (1424ms)
		LoadAssemblies (1777ms)
		RebuildTransferFunctionScriptingTraits (0ms)
		AnalyzeDomain (106ms)
			TypeCache.Refresh (29ms)
				TypeCache.ScanAssembly (0ms)
			ScanForSourceGeneratedMonoScriptInfo (0ms)
			ResolveRequiredComponents (70ms)
	FinalizeReload (8618ms)
		ReleaseScriptCaches (0ms)
		RebuildScriptCaches (0ms)
		SetupLoadedEditorAssemblies (3329ms)
			LogAssemblyErrors (0ms)
			InitializePlatformSupportModulesInManaged (106ms)
			SetLoadedEditorAssemblies (28ms)
			RefreshPlugins (0ms)
			BeforeProcessingInitializeOnLoad (353ms)
			ProcessInitializeOnLoadAttributes (2492ms)
			ProcessInitializeOnLoadMethodAttributes (307ms)
			AfterProcessingInitializeOnLoad (42ms)
			EditorAssembliesLoaded (0ms)
		ExecutionOrderSort2 (0ms)
		AwakeInstancesAfterBackupRestoration (63ms)
Refreshing native plugins compatible for Editor in 35.67 ms, found 3 plugins.
Preloading 0 native plugins for Editor in 0.00 ms.
Unloading 4984 Unused Serialized files (Serialized files now loaded: 0)
Unloading 40 unused Assets / (366.2 KB). Loaded Objects now: 5701.
Memory consumption went from 201.7 MB to 201.3 MB.
Total: 21.549900 ms (FindLiveObjects: 1.521300 ms CreateObjectMapping: 2.240700 ms MarkObjects: 17.211500 ms  DeleteObjects: 0.573700 ms)

Prepare: number of updated asset objects reloaded= 0
AssetImportParameters requested are different than current active one (requested -> active):
  custom:container-demuxer-ogg: 62fdf1f143b41e24485cea50d1cbac27 -> 
  custom:video-decoder-ogg-theora: a1e56fd34408186e4bbccfd4996cb3dc -> 
  custom:framework-win-MediaFoundation: 216162199b28c13a410421893ffa2e32 -> 
  custom:CustomObjectIndexerAttribute: 4d1d7186bcbbfe361de5f0ad951e585c -> 
  custom:container-demuxer-webm: 4f35f7cbe854078d1ac9338744f61a02 -> 
  custom:container-muxer-webm: aa71ff27fc2769a1b78a27578f13a17b -> 
  custom:video-decoder-webm-vp8: 9c59270c3fd7afecdb556c50c9e8de78 -> 
  custom:SearchIndexIgnoredProperties: e643bd26f0fe6173181afceb89e7c659 -> 
  custom:AudioImporter_EditorPlatform: d09bf68614088b80899f8185d706f6e7 -> 
  custom:video-encoder-webm-vp8: eb34c28f22e8b96e1ab97ce403110664 -> 
  custom:audio-decoder-ogg-vorbis: bf7c407c2cedff20999df2af8eb42d56 -> 
  custom:audio-encoder-webm-vorbis: bf7c407c2cedff20999df2af8eb42d56 -> 
========================================================================
Received Import Request.
  Time since last request: 481.589520 seconds.
  path: Assets/xddf.cs
  artifactKey: Guid(69bbb35dcc94c114bad57dcb2050e854) Importer(815301076,1909f56bfc062723c751e8b465ee728b)
Start importing Assets/xddf.cs using Guid(69bbb35dcc94c114bad57dcb2050e854) Importer(815301076,1909f56bfc062723c751e8b465ee728b)  -> (artifact id: '135c3942769899019d0dfd9700094493') in 0.008544 seconds
Number of updated asset objects reloaded before import = 0
Number of asset objects unloaded after import = 0
========================================================================
Received Prepare
Begin MonoManager ReloadAssembly
- Loaded All Assemblies, in 10.718 seconds
Refreshing native plugins compatible for Editor in 125.93 ms, found 3 plugins.
Native extension for LinuxStandalone target not found
Native extension for WindowsStandalone target not found
Native extension for OSXStandalone target not found
Native extension for WebGL target not found
Mono: successfully reloaded assembly
- Finished resetting the current domain, in 10.509 seconds
Domain Reload Profiling: 21160ms
	BeginReloadAssembly (5637ms)
		ExecutionOrderSort (0ms)
		DisableScriptedObjects (24ms)
		BackupInstance (0ms)
		ReleaseScriptingObjects (0ms)
		CreateAndSetChildDomain (920ms)
	RebuildCommonClasses (356ms)
	RebuildNativeTypeToScriptingClass (150ms)
	initialDomainReloadingComplete (328ms)
	LoadAllAssembliesAndSetupDomain (4177ms)
		LoadAssemblies (8286ms)
		RebuildTransferFunctionScriptingTraits (0ms)
		AnalyzeDomain (280ms)
			TypeCache.Refresh (33ms)
				TypeCache.ScanAssembly (0ms)
			ScanForSourceGeneratedMonoScriptInfo (1ms)
			ResolveRequiredComponents (228ms)
	FinalizeReload (10512ms)
		ReleaseScriptCaches (0ms)
		RebuildScriptCaches (0ms)
		SetupLoadedEditorAssemblies (3886ms)
			LogAssemblyErrors (0ms)
			InitializePlatformSupportModulesInManaged (140ms)
			SetLoadedEditorAssemblies (14ms)
			RefreshPlugins (0ms)
			BeforeProcessingInitializeOnLoad (462ms)
			ProcessInitializeOnLoadAttributes (2855ms)
			ProcessInitializeOnLoadMethodAttributes (368ms)
			AfterProcessingInitializeOnLoad (46ms)
			EditorAssembliesLoaded (0ms)
		ExecutionOrderSort2 (0ms)
		AwakeInstancesAfterBackupRestoration (83ms)
Refreshing native plugins compatible for Editor in 101.12 ms, found 3 plugins.
Preloading 0 native plugins for Editor in 0.00 ms.
Unloading 4984 Unused Serialized files (Serialized files now loaded: 0)
Unloading 40 unused Assets / (366.3 KB). Loaded Objects now: 5705.
Memory consumption went from 203.6 MB to 203.3 MB.
Total: 61.407800 ms (FindLiveObjects: 8.748100 ms CreateObjectMapping: 1.001500 ms MarkObjects: 24.327400 ms  DeleteObjects: 27.326500 ms)

Prepare: number of updated asset objects reloaded= 0
AssetImportParameters requested are different than current active one (requested -> active):
  custom:container-demuxer-ogg: 62fdf1f143b41e24485cea50d1cbac27 -> 
  custom:video-decoder-ogg-theora: a1e56fd34408186e4bbccfd4996cb3dc -> 
  custom:framework-win-MediaFoundation: 216162199b28c13a410421893ffa2e32 -> 
  custom:CustomObjectIndexerAttribute: 4d1d7186bcbbfe361de5f0ad951e585c -> 
  custom:container-demuxer-webm: 4f35f7cbe854078d1ac9338744f61a02 -> 
  custom:container-muxer-webm: aa71ff27fc2769a1b78a27578f13a17b -> 
  custom:video-decoder-webm-vp8: 9c59270c3fd7afecdb556c50c9e8de78 -> 
  custom:SearchIndexIgnoredProperties: e643bd26f0fe6173181afceb89e7c659 -> 
  custom:AudioImporter_EditorPlatform: d09bf68614088b80899f8185d706f6e7 -> 
  custom:video-encoder-webm-vp8: eb34c28f22e8b96e1ab97ce403110664 -> 
  custom:audio-decoder-ogg-vorbis: bf7c407c2cedff20999df2af8eb42d56 -> 
  custom:audio-encoder-webm-vorbis: bf7c407c2cedff20999df2af8eb42d56 -> 
========================================================================
Received Prepare
Begin MonoManager ReloadAssembly
- Loaded All Assemblies, in  7.428 seconds
Refreshing native plugins compatible for Editor in 217.29 ms, found 3 plugins.
Native extension for LinuxStandalone target not found
Native extension for WindowsStandalone target not found
Native extension for OSXStandalone target not found
Native extension for WebGL target not found
Mono: successfully reloaded assembly
- Finished resetting the current domain, in 15.635 seconds
Domain Reload Profiling: 23041ms
	BeginReloadAssembly (1230ms)
		ExecutionOrderSort (1ms)
		DisableScriptedObjects (21ms)
		BackupInstance (0ms)
		ReleaseScriptingObjects (0ms)
		CreateAndSetChildDomain (322ms)
	RebuildCommonClasses (353ms)
	RebuildNativeTypeToScriptingClass (85ms)
	initialDomainReloadingComplete (398ms)
	LoadAllAssembliesAndSetupDomain (5337ms)
		LoadAssemblies (5430ms)
		RebuildTransferFunctionScriptingTraits (0ms)
		AnalyzeDomain (572ms)
			TypeCache.Refresh (91ms)
				TypeCache.ScanAssembly (0ms)
			ScanForSourceGeneratedMonoScriptInfo (4ms)
			ResolveRequiredComponents (445ms)
	FinalizeReload (15637ms)
		ReleaseScriptCaches (0ms)
		RebuildScriptCaches (0ms)
		SetupLoadedEditorAssemblies (3407ms)
			LogAssemblyErrors (0ms)
			InitializePlatformSupportModulesInManaged (63ms)
			SetLoadedEditorAssemblies (11ms)
			RefreshPlugins (0ms)
			BeforeProcessingInitializeOnLoad (486ms)
			ProcessInitializeOnLoadAttributes (2462ms)
			ProcessInitializeOnLoadMethodAttributes (329ms)
			AfterProcessingInitializeOnLoad (56ms)
			EditorAssembliesLoaded (0ms)
		ExecutionOrderSort2 (0ms)
		AwakeInstancesAfterBackupRestoration (73ms)
Refreshing native plugins compatible for Editor in 39.89 ms, found 3 plugins.
Preloading 0 native plugins for Editor in 0.00 ms.
Unloading 4984 Unused Serialized files (Serialized files now loaded: 0)
Unloading 40 unused Assets / (366.3 KB). Loaded Objects now: 5709.
Memory consumption went from 205.5 MB to 205.2 MB.
Total: 47.730500 ms (FindLiveObjects: 3.475800 ms CreateObjectMapping: 18.971100 ms MarkObjects: 24.849700 ms  DeleteObjects: 0.431200 ms)

Prepare: number of updated asset objects reloaded= 0
AssetImportParameters requested are different than current active one (requested -> active):
  custom:container-demuxer-ogg: 62fdf1f143b41e24485cea50d1cbac27 -> 
  custom:video-decoder-ogg-theora: a1e56fd34408186e4bbccfd4996cb3dc -> 
  custom:framework-win-MediaFoundation: 216162199b28c13a410421893ffa2e32 -> 
  custom:CustomObjectIndexerAttribute: 4d1d7186bcbbfe361de5f0ad951e585c -> 
  custom:container-demuxer-webm: 4f35f7cbe854078d1ac9338744f61a02 -> 
  custom:container-muxer-webm: aa71ff27fc2769a1b78a27578f13a17b -> 
  custom:video-decoder-webm-vp8: 9c59270c3fd7afecdb556c50c9e8de78 -> 
  custom:SearchIndexIgnoredProperties: e643bd26f0fe6173181afceb89e7c659 -> 
  custom:AudioImporter_EditorPlatform: d09bf68614088b80899f8185d706f6e7 -> 
  custom:video-encoder-webm-vp8: eb34c28f22e8b96e1ab97ce403110664 -> 
  custom:audio-decoder-ogg-vorbis: bf7c407c2cedff20999df2af8eb42d56 -> 
  custom:audio-encoder-webm-vorbis: bf7c407c2cedff20999df2af8eb42d56 -> 
========================================================================
Received Prepare
Begin MonoManager ReloadAssembly
- Loaded All Assemblies, in  7.816 seconds
Refreshing native plugins compatible for Editor in 107.62 ms, found 3 plugins.
Native extension for LinuxStandalone target not found
Native extension for WindowsStandalone target not found
Native extension for OSXStandalone target not found
Native extension for WebGL target not found
Mono: successfully reloaded assembly
- Finished resetting the current domain, in 14.258 seconds
Domain Reload Profiling: 21959ms
	BeginReloadAssembly (1008ms)
		ExecutionOrderSort (0ms)
		DisableScriptedObjects (26ms)
		BackupInstance (0ms)
		ReleaseScriptingObjects (0ms)
		CreateAndSetChildDomain (227ms)
	RebuildCommonClasses (1034ms)
	RebuildNativeTypeToScriptingClass (107ms)
	initialDomainReloadingComplete (329ms)
	LoadAllAssembliesAndSetupDomain (5213ms)
		LoadAssemblies (4459ms)
		RebuildTransferFunctionScriptingTraits (0ms)
		AnalyzeDomain (1318ms)
			TypeCache.Refresh (891ms)
				TypeCache.ScanAssembly (0ms)
			ScanForSourceGeneratedMonoScriptInfo (1ms)
			ResolveRequiredComponents (395ms)
	FinalizeReload (14267ms)
		ReleaseScriptCaches (0ms)
		RebuildScriptCaches (0ms)
		SetupLoadedEditorAssemblies (4238ms)
			LogAssemblyErrors (0ms)
			InitializePlatformSupportModulesInManaged (65ms)
			SetLoadedEditorAssemblies (19ms)
			RefreshPlugins (0ms)
			BeforeProcessingInitializeOnLoad (1089ms)
			ProcessInitializeOnLoadAttributes (2736ms)
			ProcessInitializeOnLoadMethodAttributes (280ms)
			AfterProcessingInitializeOnLoad (49ms)
			EditorAssembliesLoaded (0ms)
		ExecutionOrderSort2 (0ms)
		AwakeInstancesAfterBackupRestoration (120ms)
Refreshing native plugins compatible for Editor in 38.20 ms, found 3 plugins.
Preloading 0 native plugins for Editor in 0.00 ms.
Unloading 4984 Unused Serialized files (Serialized files now loaded: 0)
Unloading 40 unused Assets / (366.3 KB). Loaded Objects now: 5713.
Memory consumption went from 207.4 MB to 207.1 MB.
Total: 11.694200 ms (FindLiveObjects: 0.843200 ms CreateObjectMapping: 0.931600 ms MarkObjects: 9.588100 ms  DeleteObjects: 0.328900 ms)

Prepare: number of updated asset objects reloaded= 0
AssetImportParameters requested are different than current active one (requested -> active):
  custom:container-demuxer-ogg: 62fdf1f143b41e24485cea50d1cbac27 -> 
  custom:video-decoder-ogg-theora: a1e56fd34408186e4bbccfd4996cb3dc -> 
  custom:framework-win-MediaFoundation: 216162199b28c13a410421893ffa2e32 -> 
  custom:CustomObjectIndexerAttribute: 4d1d7186bcbbfe361de5f0ad951e585c -> 
  custom:container-demuxer-webm: 4f35f7cbe854078d1ac9338744f61a02 -> 
  custom:container-muxer-webm: aa71ff27fc2769a1b78a27578f13a17b -> 
  custom:video-decoder-webm-vp8: 9c59270c3fd7afecdb556c50c9e8de78 -> 
  custom:SearchIndexIgnoredProperties: e643bd26f0fe6173181afceb89e7c659 -> 
  custom:AudioImporter_EditorPlatform: d09bf68614088b80899f8185d706f6e7 -> 
  custom:video-encoder-webm-vp8: eb34c28f22e8b96e1ab97ce403110664 -> 
  custom:audio-decoder-ogg-vorbis: bf7c407c2cedff20999df2af8eb42d56 -> 
  custom:audio-encoder-webm-vorbis: bf7c407c2cedff20999df2af8eb42d56 -> 
========================================================================
Received Prepare
Begin MonoManager ReloadAssembly
- Loaded All Assemblies, in  6.040 seconds
Refreshing native plugins compatible for Editor in 23.49 ms, found 3 plugins.
Native extension for LinuxStandalone target not found
Native extension for WindowsStandalone target not found
Native extension for OSXStandalone target not found
Native extension for WebGL target not found
Mono: successfully reloaded assembly
- Finished resetting the current domain, in  9.846 seconds
Domain Reload Profiling: 15867ms
	BeginReloadAssembly (3523ms)
		ExecutionOrderSort (0ms)
		DisableScriptedObjects (32ms)
		BackupInstance (0ms)
		ReleaseScriptingObjects (0ms)
		CreateAndSetChildDomain (753ms)
	RebuildCommonClasses (288ms)
	RebuildNativeTypeToScriptingClass (56ms)
	initialDomainReloadingComplete (203ms)
	LoadAllAssembliesAndSetupDomain (1949ms)
		LoadAssemblies (3078ms)
		RebuildTransferFunctionScriptingTraits (0ms)
		AnalyzeDomain (174ms)
			TypeCache.Refresh (107ms)
				TypeCache.ScanAssembly (0ms)
			ScanForSourceGeneratedMonoScriptInfo (1ms)
			ResolveRequiredComponents (58ms)
	FinalizeReload (9848ms)
		ReleaseScriptCaches (0ms)
		RebuildScriptCaches (0ms)
		SetupLoadedEditorAssemblies (3663ms)
			LogAssemblyErrors (0ms)
			InitializePlatformSupportModulesInManaged (98ms)
			SetLoadedEditorAssemblies (18ms)
			RefreshPlugins (0ms)
			BeforeProcessingInitializeOnLoad (701ms)
			ProcessInitializeOnLoadAttributes (2398ms)
			ProcessInitializeOnLoadMethodAttributes (369ms)
			AfterProcessingInitializeOnLoad (78ms)
			EditorAssembliesLoaded (0ms)
		ExecutionOrderSort2 (0ms)
		AwakeInstancesAfterBackupRestoration (93ms)
Refreshing native plugins compatible for Editor in 47.66 ms, found 3 plugins.
Preloading 0 native plugins for Editor in 0.00 ms.
Unloading 4984 Unused Serialized files (Serialized files now loaded: 0)
Unloading 40 unused Assets / (366.3 KB). Loaded Objects now: 5717.
Memory consumption went from 209.4 MB to 209.0 MB.
Total: 20.543500 ms (FindLiveObjects: 2.352900 ms CreateObjectMapping: 1.494200 ms MarkObjects: 16.133700 ms  DeleteObjects: 0.560000 ms)

Prepare: number of updated asset objects reloaded= 0
AssetImportParameters requested are different than current active one (requested -> active):
  custom:container-demuxer-ogg: 62fdf1f143b41e24485cea50d1cbac27 -> 
  custom:video-decoder-ogg-theora: a1e56fd34408186e4bbccfd4996cb3dc -> 
  custom:framework-win-MediaFoundation: 216162199b28c13a410421893ffa2e32 -> 
  custom:CustomObjectIndexerAttribute: 4d1d7186bcbbfe361de5f0ad951e585c -> 
  custom:container-demuxer-webm: 4f35f7cbe854078d1ac9338744f61a02 -> 
  custom:container-muxer-webm: aa71ff27fc2769a1b78a27578f13a17b -> 
  custom:video-decoder-webm-vp8: 9c59270c3fd7afecdb556c50c9e8de78 -> 
  custom:SearchIndexIgnoredProperties: e643bd26f0fe6173181afceb89e7c659 -> 
  custom:AudioImporter_EditorPlatform: d09bf68614088b80899f8185d706f6e7 -> 
  custom:video-encoder-webm-vp8: eb34c28f22e8b96e1ab97ce403110664 -> 
  custom:audio-decoder-ogg-vorbis: bf7c407c2cedff20999df2af8eb42d56 -> 
  custom:audio-encoder-webm-vorbis: bf7c407c2cedff20999df2af8eb42d56 -> 
========================================================================
Received Prepare
Begin MonoManager ReloadAssembly
- Loaded All Assemblies, in 10.715 seconds
Refreshing native plugins compatible for Editor in 391.88 ms, found 3 plugins.
Native extension for LinuxStandalone target not found
Native extension for WindowsStandalone target not found
Native extension for OSXStandalone target not found
Native extension for WebGL target not found
Mono: successfully reloaded assembly
- Finished resetting the current domain, in 11.781 seconds
Domain Reload Profiling: 22429ms
	BeginReloadAssembly (3270ms)
		ExecutionOrderSort (0ms)
		DisableScriptedObjects (36ms)
		BackupInstance (0ms)
		ReleaseScriptingObjects (0ms)
		CreateAndSetChildDomain (338ms)
	RebuildCommonClasses (530ms)
	RebuildNativeTypeToScriptingClass (166ms)
	initialDomainReloadingComplete (491ms)
	LoadAllAssembliesAndSetupDomain (6190ms)
		LoadAssemblies (7897ms)
		RebuildTransferFunctionScriptingTraits (0ms)
		AnalyzeDomain (904ms)
			TypeCache.Refresh (159ms)
				TypeCache.ScanAssembly (0ms)
			ScanForSourceGeneratedMonoScriptInfo (31ms)
			ResolveRequiredComponents (693ms)
	FinalizeReload (11783ms)
		ReleaseScriptCaches (0ms)
		RebuildScriptCaches (0ms)
		SetupLoadedEditorAssemblies (4991ms)
			LogAssemblyErrors (0ms)
			InitializePlatformSupportModulesInManaged (100ms)
			SetLoadedEditorAssemblies (15ms)
			RefreshPlugins (0ms)
			BeforeProcessingInitializeOnLoad (2454ms)
			ProcessInitializeOnLoadAttributes (2104ms)
			ProcessInitializeOnLoadMethodAttributes (277ms)
			AfterProcessingInitializeOnLoad (41ms)
			EditorAssembliesLoaded (0ms)
		ExecutionOrderSort2 (0ms)
		AwakeInstancesAfterBackupRestoration (80ms)
Refreshing native plugins compatible for Editor in 32.52 ms, found 3 plugins.
Preloading 0 native plugins for Editor in 0.00 ms.
Unloading 4984 Unused Serialized files (Serialized files now loaded: 0)
Unloading 40 unused Assets / (366.2 KB). Loaded Objects now: 5721.
Memory consumption went from 211.3 MB to 210.9 MB.
Total: 12.278500 ms (FindLiveObjects: 1.084200 ms CreateObjectMapping: 1.338300 ms MarkObjects: 9.231600 ms  DeleteObjects: 0.622000 ms)

Prepare: number of updated asset objects reloaded= 0
AssetImportParameters requested are different than current active one (requested -> active):
  custom:container-demuxer-ogg: 62fdf1f143b41e24485cea50d1cbac27 -> 
  custom:video-decoder-ogg-theora: a1e56fd34408186e4bbccfd4996cb3dc -> 
  custom:framework-win-MediaFoundation: 216162199b28c13a410421893ffa2e32 -> 
  custom:CustomObjectIndexerAttribute: 4d1d7186bcbbfe361de5f0ad951e585c -> 
  custom:container-demuxer-webm: 4f35f7cbe854078d1ac9338744f61a02 -> 
  custom:container-muxer-webm: aa71ff27fc2769a1b78a27578f13a17b -> 
  custom:video-decoder-webm-vp8: 9c59270c3fd7afecdb556c50c9e8de78 -> 
  custom:SearchIndexIgnoredProperties: e643bd26f0fe6173181afceb89e7c659 -> 
  custom:AudioImporter_EditorPlatform: d09bf68614088b80899f8185d706f6e7 -> 
  custom:video-encoder-webm-vp8: eb34c28f22e8b96e1ab97ce403110664 -> 
  custom:audio-decoder-ogg-vorbis: bf7c407c2cedff20999df2af8eb42d56 -> 
  custom:audio-encoder-webm-vorbis: bf7c407c2cedff20999df2af8eb42d56 -> 
========================================================================
Received Prepare
Begin MonoManager ReloadAssembly
- Loaded All Assemblies, in  7.767 seconds
Refreshing native plugins compatible for Editor in 33.93 ms, found 3 plugins.
Native extension for LinuxStandalone target not found
Native extension for WindowsStandalone target not found
Native extension for OSXStandalone target not found
Native extension for WebGL target not found
Mono: successfully reloaded assembly
- Finished resetting the current domain, in 22.181 seconds
Domain Reload Profiling: 29902ms
	BeginReloadAssembly (1521ms)
		ExecutionOrderSort (0ms)
		DisableScriptedObjects (22ms)
		BackupInstance (0ms)
		ReleaseScriptingObjects (0ms)
		CreateAndSetChildDomain (558ms)
	RebuildCommonClasses (553ms)
	RebuildNativeTypeToScriptingClass (101ms)
	initialDomainReloadingComplete (497ms)
	LoadAllAssembliesAndSetupDomain (5043ms)
		LoadAssemblies (5711ms)
		RebuildTransferFunctionScriptingTraits (0ms)
		AnalyzeDomain (110ms)
			TypeCache.Refresh (29ms)
				TypeCache.ScanAssembly (0ms)
			ScanForSourceGeneratedMonoScriptInfo (1ms)
			ResolveRequiredComponents (71ms)
	FinalizeReload (22186ms)
		ReleaseScriptCaches (0ms)
		RebuildScriptCaches (0ms)
		SetupLoadedEditorAssemblies (4149ms)
			LogAssemblyErrors (0ms)
			InitializePlatformSupportModulesInManaged (87ms)
			SetLoadedEditorAssemblies (14ms)
			RefreshPlugins (0ms)
			BeforeProcessingInitializeOnLoad (751ms)
			ProcessInitializeOnLoadAttributes (3004ms)
			ProcessInitializeOnLoadMethodAttributes (247ms)
			AfterProcessingInitializeOnLoad (38ms)
			EditorAssembliesLoaded (8ms)
		ExecutionOrderSort2 (0ms)
		AwakeInstancesAfterBackupRestoration (76ms)
Refreshing native plugins compatible for Editor in 46.71 ms, found 3 plugins.
Preloading 0 native plugins for Editor in 0.00 ms.
Unloading 4984 Unused Serialized files (Serialized files now loaded: 0)
Unloading 40 unused Assets / (365.9 KB). Loaded Objects now: 5725.
Memory consumption went from 213.2 MB to 212.9 MB.
Total: 71.456400 ms (FindLiveObjects: 1.816200 ms CreateObjectMapping: 10.830100 ms MarkObjects: 58.252600 ms  DeleteObjects: 0.554400 ms)

Prepare: number of updated asset objects reloaded= 0
AssetImportParameters requested are different than current active one (requested -> active):
  custom:container-demuxer-ogg: 62fdf1f143b41e24485cea50d1cbac27 -> 
  custom:video-decoder-ogg-theora: a1e56fd34408186e4bbccfd4996cb3dc -> 
  custom:framework-win-MediaFoundation: 216162199b28c13a410421893ffa2e32 -> 
  custom:CustomObjectIndexerAttribute: 4d1d7186bcbbfe361de5f0ad951e585c -> 
  custom:container-demuxer-webm: 4f35f7cbe854078d1ac9338744f61a02 -> 
  custom:container-muxer-webm: aa71ff27fc2769a1b78a27578f13a17b -> 
  custom:video-decoder-webm-vp8: 9c59270c3fd7afecdb556c50c9e8de78 -> 
  custom:SearchIndexIgnoredProperties: e643bd26f0fe6173181afceb89e7c659 -> 
  custom:AudioImporter_EditorPlatform: d09bf68614088b80899f8185d706f6e7 -> 
  custom:video-encoder-webm-vp8: eb34c28f22e8b96e1ab97ce403110664 -> 
  custom:audio-decoder-ogg-vorbis: bf7c407c2cedff20999df2af8eb42d56 -> 
  custom:audio-encoder-webm-vorbis: bf7c407c2cedff20999df2af8eb42d56 -> 
========================================================================
Received Prepare
Begin MonoManager ReloadAssembly
- Loaded All Assemblies, in  3.360 seconds
Refreshing native plugins compatible for Editor in 66.22 ms, found 3 plugins.
Native extension for LinuxStandalone target not found
Native extension for WindowsStandalone target not found
Native extension for OSXStandalone target not found
Native extension for WebGL target not found
Mono: successfully reloaded assembly
- Finished resetting the current domain, in  8.586 seconds
Domain Reload Profiling: 11928ms
	BeginReloadAssembly (1562ms)
		ExecutionOrderSort (0ms)
		DisableScriptedObjects (20ms)
		BackupInstance (0ms)
		ReleaseScriptingObjects (0ms)
		CreateAndSetChildDomain (303ms)
	RebuildCommonClasses (138ms)
	RebuildNativeTypeToScriptingClass (50ms)
	initialDomainReloadingComplete (176ms)
	LoadAllAssembliesAndSetupDomain (1414ms)
		LoadAssemblies (2301ms)
		RebuildTransferFunctionScriptingTraits (0ms)
		AnalyzeDomain (176ms)
			TypeCache.Refresh (25ms)
				TypeCache.ScanAssembly (0ms)
			ScanForSourceGeneratedMonoScriptInfo (1ms)
			ResolveRequiredComponents (144ms)
	FinalizeReload (8587ms)
		ReleaseScriptCaches (0ms)
		RebuildScriptCaches (0ms)
		SetupLoadedEditorAssemblies (3086ms)
			LogAssemblyErrors (0ms)
			InitializePlatformSupportModulesInManaged (67ms)
			SetLoadedEditorAssemblies (11ms)
			RefreshPlugins (0ms)
			BeforeProcessingInitializeOnLoad (388ms)
			ProcessInitializeOnLoadAttributes (1938ms)
			ProcessInitializeOnLoadMethodAttributes (623ms)
			AfterProcessingInitializeOnLoad (58ms)
			EditorAssembliesLoaded (0ms)
		ExecutionOrderSort2 (0ms)
		AwakeInstancesAfterBackupRestoration (89ms)
Refreshing native plugins compatible for Editor in 63.21 ms, found 3 plugins.
Preloading 0 native plugins for Editor in 0.00 ms.
Unloading 4984 Unused Serialized files (Serialized files now loaded: 0)
Unloading 40 unused Assets / (366.5 KB). Loaded Objects now: 5729.
Memory consumption went from 215.1 MB to 214.8 MB.
Total: 70.646600 ms (FindLiveObjects: 2.988000 ms CreateObjectMapping: 24.071900 ms MarkObjects: 43.201400 ms  DeleteObjects: 0.382700 ms)

Prepare: number of updated asset objects reloaded= 0
AssetImportParameters requested are different than current active one (requested -> active):
  custom:container-demuxer-ogg: 62fdf1f143b41e24485cea50d1cbac27 -> 
  custom:video-decoder-ogg-theora: a1e56fd34408186e4bbccfd4996cb3dc -> 
  custom:framework-win-MediaFoundation: 216162199b28c13a410421893ffa2e32 -> 
  custom:CustomObjectIndexerAttribute: 4d1d7186bcbbfe361de5f0ad951e585c -> 
  custom:container-demuxer-webm: 4f35f7cbe854078d1ac9338744f61a02 -> 
  custom:container-muxer-webm: aa71ff27fc2769a1b78a27578f13a17b -> 
  custom:video-decoder-webm-vp8: 9c59270c3fd7afecdb556c50c9e8de78 -> 
  custom:SearchIndexIgnoredProperties: e643bd26f0fe6173181afceb89e7c659 -> 
  custom:AudioImporter_EditorPlatform: d09bf68614088b80899f8185d706f6e7 -> 
  custom:video-encoder-webm-vp8: eb34c28f22e8b96e1ab97ce403110664 -> 
  custom:audio-decoder-ogg-vorbis: bf7c407c2cedff20999df2af8eb42d56 -> 
  custom:audio-encoder-webm-vorbis: bf7c407c2cedff20999df2af8eb42d56 -> 
========================================================================
Received Prepare
Begin MonoManager ReloadAssembly
- Loaded All Assemblies, in 10.907 seconds
Refreshing native plugins compatible for Editor in 106.55 ms, found 3 plugins.
Native extension for LinuxStandalone target not found
Native extension for WindowsStandalone target not found
Native extension for OSXStandalone target not found
Native extension for WebGL target not found
Mono: successfully reloaded assembly
- Finished resetting the current domain, in 47.744 seconds
Domain Reload Profiling: 58573ms
	BeginReloadAssembly (4008ms)
		ExecutionOrderSort (0ms)
		DisableScriptedObjects (21ms)
		BackupInstance (0ms)
		ReleaseScriptingObjects (0ms)
		CreateAndSetChildDomain (211ms)
	RebuildCommonClasses (767ms)
	RebuildNativeTypeToScriptingClass (200ms)
	initialDomainReloadingComplete (738ms)
	LoadAllAssembliesAndSetupDomain (5113ms)
		LoadAssemblies (8334ms)
		RebuildTransferFunctionScriptingTraits (0ms)
		AnalyzeDomain (271ms)
			TypeCache.Refresh (39ms)
				TypeCache.ScanAssembly (0ms)
			ScanForSourceGeneratedMonoScriptInfo (1ms)
			ResolveRequiredComponents (201ms)
	FinalizeReload (47747ms)
		ReleaseScriptCaches (0ms)
		RebuildScriptCaches (0ms)
		SetupLoadedEditorAssemblies (6513ms)
			LogAssemblyErrors (0ms)
			InitializePlatformSupportModulesInManaged (147ms)
			SetLoadedEditorAssemblies (23ms)
			RefreshPlugins (0ms)
			BeforeProcessingInitializeOnLoad (400ms)
			ProcessInitializeOnLoadAttributes (5030ms)
			ProcessInitializeOnLoadMethodAttributes (804ms)
			AfterProcessingInitializeOnLoad (108ms)
			EditorAssembliesLoaded (1ms)
		ExecutionOrderSort2 (0ms)
		AwakeInstancesAfterBackupRestoration (210ms)
Refreshing native plugins compatible for Editor in 29.89 ms, found 3 plugins.
Preloading 0 native plugins for Editor in 0.00 ms.
Unloading 4984 Unused Serialized files (Serialized files now loaded: 0)
Unloading 40 unused Assets / (366.7 KB). Loaded Objects now: 5733.
Memory consumption went from 217.1 MB to 216.7 MB.
Total: 14.881200 ms (FindLiveObjects: 1.938800 ms CreateObjectMapping: 1.952800 ms MarkObjects: 10.541100 ms  DeleteObjects: 0.446800 ms)

Prepare: number of updated asset objects reloaded= 0
AssetImportParameters requested are different than current active one (requested -> active):
  custom:container-demuxer-ogg: 62fdf1f143b41e24485cea50d1cbac27 -> 
  custom:video-decoder-ogg-theora: a1e56fd34408186e4bbccfd4996cb3dc -> 
  custom:framework-win-MediaFoundation: 216162199b28c13a410421893ffa2e32 -> 
  custom:CustomObjectIndexerAttribute: 4d1d7186bcbbfe361de5f0ad951e585c -> 
  custom:container-demuxer-webm: 4f35f7cbe854078d1ac9338744f61a02 -> 
  custom:container-muxer-webm: aa71ff27fc2769a1b78a27578f13a17b -> 
  custom:video-decoder-webm-vp8: 9c59270c3fd7afecdb556c50c9e8de78 -> 
  custom:SearchIndexIgnoredProperties: e643bd26f0fe6173181afceb89e7c659 -> 
  custom:AudioImporter_EditorPlatform: d09bf68614088b80899f8185d706f6e7 -> 
  custom:video-encoder-webm-vp8: eb34c28f22e8b96e1ab97ce403110664 -> 
  custom:audio-decoder-ogg-vorbis: bf7c407c2cedff20999df2af8eb42d56 -> 
  custom:audio-encoder-webm-vorbis: bf7c407c2cedff20999df2af8eb42d56 -> 
========================================================================
Received Prepare
Begin MonoManager ReloadAssembly
- Loaded All Assemblies, in  6.063 seconds
Refreshing native plugins compatible for Editor in 82.89 ms, found 3 plugins.
Native extension for LinuxStandalone target not found
Native extension for WindowsStandalone target not found
Native extension for OSXStandalone target not found
Native extension for WebGL target not found
Mono: successfully reloaded assembly
- Finished resetting the current domain, in 21.445 seconds
Domain Reload Profiling: 27490ms
	BeginReloadAssembly (1016ms)
		ExecutionOrderSort (0ms)
		DisableScriptedObjects (21ms)
		BackupInstance (0ms)
		ReleaseScriptingObjects (0ms)
		CreateAndSetChildDomain (211ms)
	RebuildCommonClasses (322ms)
	RebuildNativeTypeToScriptingClass (72ms)
	initialDomainReloadingComplete (211ms)
	LoadAllAssembliesAndSetupDomain (4423ms)
		LoadAssemblies (2229ms)
		RebuildTransferFunctionScriptingTraits (0ms)
		AnalyzeDomain (2817ms)
			TypeCache.Refresh (15ms)
				TypeCache.ScanAssembly (0ms)
			ScanForSourceGeneratedMonoScriptInfo (1ms)
			ResolveRequiredComponents (2603ms)
	FinalizeReload (21447ms)
		ReleaseScriptCaches (0ms)
		RebuildScriptCaches (0ms)
		SetupLoadedEditorAssemblies (9420ms)
			LogAssemblyErrors (0ms)
			InitializePlatformSupportModulesInManaged (986ms)
			SetLoadedEditorAssemblies (41ms)
			RefreshPlugins (0ms)
			BeforeProcessingInitializeOnLoad (2423ms)
			ProcessInitializeOnLoadAttributes (5276ms)
			ProcessInitializeOnLoadMethodAttributes (647ms)
			AfterProcessingInitializeOnLoad (45ms)
			EditorAssembliesLoaded (0ms)
		ExecutionOrderSort2 (0ms)
		AwakeInstancesAfterBackupRestoration (114ms)
Refreshing native plugins compatible for Editor in 35.85 ms, found 3 plugins.
Preloading 0 native plugins for Editor in 0.00 ms.
Unloading 4984 Unused Serialized files (Serialized files now loaded: 0)
Unloading 40 unused Assets / (366.2 KB). Loaded Objects now: 5737.
Memory consumption went from 219.0 MB to 218.6 MB.
Total: 14.129400 ms (FindLiveObjects: 0.899400 ms CreateObjectMapping: 0.682200 ms MarkObjects: 12.168500 ms  DeleteObjects: 0.377300 ms)

Prepare: number of updated asset objects reloaded= 0
AssetImportParameters requested are different than current active one (requested -> active):
  custom:container-demuxer-ogg: 62fdf1f143b41e24485cea50d1cbac27 -> 
  custom:video-decoder-ogg-theora: a1e56fd34408186e4bbccfd4996cb3dc -> 
  custom:framework-win-MediaFoundation: 216162199b28c13a410421893ffa2e32 -> 
  custom:CustomObjectIndexerAttribute: 4d1d7186bcbbfe361de5f0ad951e585c -> 
  custom:container-demuxer-webm: 4f35f7cbe854078d1ac9338744f61a02 -> 
  custom:container-muxer-webm: aa71ff27fc2769a1b78a27578f13a17b -> 
  custom:video-decoder-webm-vp8: 9c59270c3fd7afecdb556c50c9e8de78 -> 
  custom:SearchIndexIgnoredProperties: e643bd26f0fe6173181afceb89e7c659 -> 
  custom:AudioImporter_EditorPlatform: d09bf68614088b80899f8185d706f6e7 -> 
  custom:video-encoder-webm-vp8: eb34c28f22e8b96e1ab97ce403110664 -> 
  custom:audio-decoder-ogg-vorbis: bf7c407c2cedff20999df2af8eb42d56 -> 
  custom:audio-encoder-webm-vorbis: bf7c407c2cedff20999df2af8eb42d56 -> 
========================================================================
Received Prepare
Begin MonoManager ReloadAssembly
- Loaded All Assemblies, in 122.921 seconds
Refreshing native plugins compatible for Editor in 37.10 ms, found 3 plugins.
Native extension for LinuxStandalone target not found
Native extension for WindowsStandalone target not found
Native extension for OSXStandalone target not found
Native extension for WebGL target not found
Mono: successfully reloaded assembly
- Finished resetting the current domain, in 111.505 seconds
Domain Reload Profiling: 234387ms
	BeginReloadAssembly (71989ms)
		ExecutionOrderSort (0ms)
		DisableScriptedObjects (13ms)
		BackupInstance (0ms)
		ReleaseScriptingObjects (0ms)
		CreateAndSetChildDomain (6486ms)
	RebuildCommonClasses (950ms)
	RebuildNativeTypeToScriptingClass (47ms)
	initialDomainReloadingComplete (224ms)
	LoadAllAssembliesAndSetupDomain (49672ms)
		LoadAssemblies (103192ms)
		RebuildTransferFunctionScriptingTraits (0ms)
		AnalyzeDomain (113ms)
			TypeCache.Refresh (19ms)
				TypeCache.ScanAssembly (0ms)
			ScanForSourceGeneratedMonoScriptInfo (1ms)
			ResolveRequiredComponents (86ms)
	FinalizeReload (111506ms)
		ReleaseScriptCaches (0ms)
		RebuildScriptCaches (0ms)
		SetupLoadedEditorAssemblies (4000ms)
			LogAssemblyErrors (0ms)
			InitializePlatformSupportModulesInManaged (76ms)
			SetLoadedEditorAssemblies (22ms)
			RefreshPlugins (0ms)
			BeforeProcessingInitializeOnLoad (1328ms)
			ProcessInitializeOnLoadAttributes (2051ms)
			ProcessInitializeOnLoadMethodAttributes (485ms)
			AfterProcessingInitializeOnLoad (37ms)
			EditorAssembliesLoaded (0ms)
		ExecutionOrderSort2 (0ms)
		AwakeInstancesAfterBackupRestoration (80ms)
Script is not up to date after domain reload: guid(95d74df54734e674fb0e12b6768db0fc) path("Assets/shadercontroller.cs") state(2)
Refreshing native plugins compatible for Editor in 52.43 ms, found 3 plugins.
Preloading 0 native plugins for Editor in 0.00 ms.
Unloading 4984 Unused Serialized files (Serialized files now loaded: 0)
Unloading 40 unused Assets / (366.7 KB). Loaded Objects now: 5741.
Memory consumption went from 220.9 MB to 220.6 MB.
Total: 41.652500 ms (FindLiveObjects: 3.502500 ms CreateObjectMapping: 2.826700 ms MarkObjects: 34.840100 ms  DeleteObjects: 0.479700 ms)

Prepare: number of updated asset objects reloaded= 0
AssetImportParameters requested are different than current active one (requested -> active):
  custom:container-demuxer-ogg: 62fdf1f143b41e24485cea50d1cbac27 -> 
  custom:video-decoder-ogg-theora: a1e56fd34408186e4bbccfd4996cb3dc -> 
  custom:framework-win-MediaFoundation: 216162199b28c13a410421893ffa2e32 -> 
  custom:CustomObjectIndexerAttribute: 4d1d7186bcbbfe361de5f0ad951e585c -> 
  custom:container-demuxer-webm: 4f35f7cbe854078d1ac9338744f61a02 -> 
  custom:container-muxer-webm: aa71ff27fc2769a1b78a27578f13a17b -> 
  custom:video-decoder-webm-vp8: 9c59270c3fd7afecdb556c50c9e8de78 -> 
  custom:SearchIndexIgnoredProperties: e643bd26f0fe6173181afceb89e7c659 -> 
  custom:AudioImporter_EditorPlatform: d09bf68614088b80899f8185d706f6e7 -> 
  custom:video-encoder-webm-vp8: eb34c28f22e8b96e1ab97ce403110664 -> 
  custom:audio-decoder-ogg-vorbis: bf7c407c2cedff20999df2af8eb42d56 -> 
  custom:audio-encoder-webm-vorbis: bf7c407c2cedff20999df2af8eb42d56 -> 
========================================================================
Received Prepare
Begin MonoManager ReloadAssembly
- Loaded All Assemblies, in  3.806 seconds
Refreshing native plugins compatible for Editor in 28.68 ms, found 3 plugins.
Native extension for LinuxStandalone target not found
Native extension for WindowsStandalone target not found
Native extension for OSXStandalone target not found
Native extension for WebGL target not found
Mono: successfully reloaded assembly
- Finished resetting the current domain, in 11.842 seconds
Domain Reload Profiling: 15627ms
	BeginReloadAssembly (1026ms)
		ExecutionOrderSort (0ms)
		DisableScriptedObjects (16ms)
		BackupInstance (0ms)
		ReleaseScriptingObjects (0ms)
		CreateAndSetChildDomain (209ms)
	RebuildCommonClasses (166ms)
	RebuildNativeTypeToScriptingClass (205ms)
	initialDomainReloadingComplete (208ms)
	LoadAllAssembliesAndSetupDomain (2176ms)
		LoadAssemblies (2760ms)
		RebuildTransferFunctionScriptingTraits (0ms)
		AnalyzeDomain (89ms)
			TypeCache.Refresh (20ms)
				TypeCache.ScanAssembly (0ms)
			ScanForSourceGeneratedMonoScriptInfo (0ms)
			ResolveRequiredComponents (59ms)
	FinalizeReload (11844ms)
		ReleaseScriptCaches (0ms)
		RebuildScriptCaches (0ms)
		SetupLoadedEditorAssemblies (4419ms)
			LogAssemblyErrors (0ms)
			InitializePlatformSupportModulesInManaged (74ms)
			SetLoadedEditorAssemblies (11ms)
			RefreshPlugins (0ms)
			BeforeProcessingInitializeOnLoad (776ms)
			ProcessInitializeOnLoadAttributes (2966ms)
			ProcessInitializeOnLoadMethodAttributes (518ms)
			AfterProcessingInitializeOnLoad (73ms)
			EditorAssembliesLoaded (0ms)
		ExecutionOrderSort2 (0ms)
		AwakeInstancesAfterBackupRestoration (269ms)
Refreshing native plugins compatible for Editor in 33.04 ms, found 3 plugins.
Preloading 0 native plugins for Editor in 0.00 ms.
Unloading 4984 Unused Serialized files (Serialized files now loaded: 0)
Unloading 40 unused Assets / (366.8 KB). Loaded Objects now: 5745.
Memory consumption went from 222.8 MB to 222.5 MB.
Total: 42.885400 ms (FindLiveObjects: 2.592700 ms CreateObjectMapping: 2.995600 ms MarkObjects: 36.824900 ms  DeleteObjects: 0.469800 ms)

Prepare: number of updated asset objects reloaded= 0
AssetImportParameters requested are different than current active one (requested -> active):
  custom:container-demuxer-ogg: 62fdf1f143b41e24485cea50d1cbac27 -> 
  custom:video-decoder-ogg-theora: a1e56fd34408186e4bbccfd4996cb3dc -> 
  custom:framework-win-MediaFoundation: 216162199b28c13a410421893ffa2e32 -> 
  custom:CustomObjectIndexerAttribute: 4d1d7186bcbbfe361de5f0ad951e585c -> 
  custom:container-demuxer-webm: 4f35f7cbe854078d1ac9338744f61a02 -> 
  custom:container-muxer-webm: aa71ff27fc2769a1b78a27578f13a17b -> 
  custom:video-decoder-webm-vp8: 9c59270c3fd7afecdb556c50c9e8de78 -> 
  custom:SearchIndexIgnoredProperties: e643bd26f0fe6173181afceb89e7c659 -> 
  custom:AudioImporter_EditorPlatform: d09bf68614088b80899f8185d706f6e7 -> 
  custom:video-encoder-webm-vp8: eb34c28f22e8b96e1ab97ce403110664 -> 
  custom:audio-decoder-ogg-vorbis: bf7c407c2cedff20999df2af8eb42d56 -> 
  custom:audio-encoder-webm-vorbis: bf7c407c2cedff20999df2af8eb42d56 -> 
========================================================================
Received Import Request.
  Time since last request: 1342.296926 seconds.
  path: Assets/shadercontroller.cs
  artifactKey: Guid(95d74df54734e674fb0e12b6768db0fc) Importer(815301076,1909f56bfc062723c751e8b465ee728b)
Start importing Assets/shadercontroller.cs using Guid(95d74df54734e674fb0e12b6768db0fc) Importer(815301076,1909f56bfc062723c751e8b465ee728b)  -> (artifact id: 'ef54101e3fe71496498dd8205a77e598') in 0.020997 seconds
Number of updated asset objects reloaded before import = 0
Number of asset objects unloaded after import = 0
========================================================================
Received Prepare
Begin MonoManager ReloadAssembly
- Loaded All Assemblies, in  3.693 seconds
Refreshing native plugins compatible for Editor in 247.94 ms, found 3 plugins.
Native extension for LinuxStandalone target not found
Native extension for WindowsStandalone target not found
Native extension for OSXStandalone target not found
Native extension for WebGL target not found
Mono: successfully reloaded assembly
- Finished resetting the current domain, in  9.265 seconds
Domain Reload Profiling: 12936ms
	BeginReloadAssembly (1292ms)
		ExecutionOrderSort (0ms)
		DisableScriptedObjects (29ms)
		BackupInstance (0ms)
		ReleaseScriptingObjects (0ms)
		CreateAndSetChildDomain (143ms)
	RebuildCommonClasses (173ms)
	RebuildNativeTypeToScriptingClass (45ms)
	initialDomainReloadingComplete (196ms)
	LoadAllAssembliesAndSetupDomain (1965ms)
		LoadAssemblies (2607ms)
		RebuildTransferFunctionScriptingTraits (0ms)
		AnalyzeDomain (321ms)
			TypeCache.Refresh (169ms)
				TypeCache.ScanAssembly (0ms)
			ScanForSourceGeneratedMonoScriptInfo (1ms)
			ResolveRequiredComponents (131ms)
	FinalizeReload (9267ms)
		ReleaseScriptCaches (0ms)
		RebuildScriptCaches (0ms)
		SetupLoadedEditorAssemblies (3483ms)
			LogAssemblyErrors (0ms)
			InitializePlatformSupportModulesInManaged (80ms)
			SetLoadedEditorAssemblies (12ms)
			RefreshPlugins (0ms)
			BeforeProcessingInitializeOnLoad (363ms)
			ProcessInitializeOnLoadAttributes (2690ms)
			ProcessInitializeOnLoadMethodAttributes (291ms)
			AfterProcessingInitializeOnLoad (46ms)
			EditorAssembliesLoaded (1ms)
		ExecutionOrderSort2 (0ms)
		AwakeInstancesAfterBackupRestoration (97ms)
Refreshing native plugins compatible for Editor in 33.81 ms, found 3 plugins.
Preloading 0 native plugins for Editor in 0.00 ms.
Unloading 4984 Unused Serialized files (Serialized files now loaded: 0)
Unloading 40 unused Assets / (366.6 KB). Loaded Objects now: 5749.
Memory consumption went from 224.7 MB to 224.4 MB.
Total: 14.485700 ms (FindLiveObjects: 2.546400 ms CreateObjectMapping: 1.759600 ms MarkObjects: 9.797700 ms  DeleteObjects: 0.378800 ms)

Prepare: number of updated asset objects reloaded= 0
AssetImportParameters requested are different than current active one (requested -> active):
  custom:container-demuxer-ogg: 62fdf1f143b41e24485cea50d1cbac27 -> 
  custom:video-decoder-ogg-theora: a1e56fd34408186e4bbccfd4996cb3dc -> 
  custom:framework-win-MediaFoundation: 216162199b28c13a410421893ffa2e32 -> 
  custom:CustomObjectIndexerAttribute: 4d1d7186bcbbfe361de5f0ad951e585c -> 
  custom:container-demuxer-webm: 4f35f7cbe854078d1ac9338744f61a02 -> 
  custom:container-muxer-webm: aa71ff27fc2769a1b78a27578f13a17b -> 
  custom:video-decoder-webm-vp8: 9c59270c3fd7afecdb556c50c9e8de78 -> 
  custom:SearchIndexIgnoredProperties: e643bd26f0fe6173181afceb89e7c659 -> 
  custom:AudioImporter_EditorPlatform: d09bf68614088b80899f8185d706f6e7 -> 
  custom:video-encoder-webm-vp8: eb34c28f22e8b96e1ab97ce403110664 -> 
  custom:audio-decoder-ogg-vorbis: bf7c407c2cedff20999df2af8eb42d56 -> 
  custom:audio-encoder-webm-vorbis: bf7c407c2cedff20999df2af8eb42d56 -> 
========================================================================
Received Prepare
Begin MonoManager ReloadAssembly
- Loaded All Assemblies, in 10.297 seconds
Refreshing native plugins compatible for Editor in 88.36 ms, found 3 plugins.
Native extension for LinuxStandalone target not found
Native extension for WindowsStandalone target not found
Native extension for OSXStandalone target not found
Native extension for WebGL target not found
Mono: successfully reloaded assembly
- Finished resetting the current domain, in 92.917 seconds
Domain Reload Profiling: 103163ms
	BeginReloadAssembly (3943ms)
		ExecutionOrderSort (0ms)
		DisableScriptedObjects (90ms)
		BackupInstance (0ms)
		ReleaseScriptingObjects (0ms)
		CreateAndSetChildDomain (767ms)
	RebuildCommonClasses (590ms)
	RebuildNativeTypeToScriptingClass (153ms)
	initialDomainReloadingComplete (1087ms)
	LoadAllAssembliesAndSetupDomain (4470ms)
		LoadAssemblies (6635ms)
		RebuildTransferFunctionScriptingTraits (0ms)
		AnalyzeDomain (520ms)
			TypeCache.Refresh (158ms)
				TypeCache.ScanAssembly (0ms)
			ScanForSourceGeneratedMonoScriptInfo (1ms)
			ResolveRequiredComponents (343ms)
	FinalizeReload (92919ms)
		ReleaseScriptCaches (0ms)
		RebuildScriptCaches (0ms)
		SetupLoadedEditorAssemblies (48009ms)
			LogAssemblyErrors (0ms)
			InitializePlatformSupportModulesInManaged (1653ms)
			SetLoadedEditorAssemblies (246ms)
			RefreshPlugins (0ms)
			BeforeProcessingInitializeOnLoad (5941ms)
			ProcessInitializeOnLoadAttributes (37233ms)
			ProcessInitializeOnLoadMethodAttributes (2621ms)
			AfterProcessingInitializeOnLoad (311ms)
			EditorAssembliesLoaded (4ms)
		ExecutionOrderSort2 (0ms)
		AwakeInstancesAfterBackupRestoration (436ms)
Refreshing native plugins compatible for Editor in 269.64 ms, found 3 plugins.
Preloading 0 native plugins for Editor in 0.00 ms.
Unloading 4984 Unused Serialized files (Serialized files now loaded: 0)
Unloading 40 unused Assets / (366.8 KB). Loaded Objects now: 5753.
Memory consumption went from 226.7 MB to 226.3 MB.
Total: 78.012700 ms (FindLiveObjects: 1.491000 ms CreateObjectMapping: 6.666500 ms MarkObjects: 68.862200 ms  DeleteObjects: 0.990000 ms)

Prepare: number of updated asset objects reloaded= 0
AssetImportParameters requested are different than current active one (requested -> active):
  custom:container-demuxer-ogg: 62fdf1f143b41e24485cea50d1cbac27 -> 
  custom:video-decoder-ogg-theora: a1e56fd34408186e4bbccfd4996cb3dc -> 
  custom:framework-win-MediaFoundation: 216162199b28c13a410421893ffa2e32 -> 
  custom:CustomObjectIndexerAttribute: 4d1d7186bcbbfe361de5f0ad951e585c -> 
  custom:container-demuxer-webm: 4f35f7cbe854078d1ac9338744f61a02 -> 
  custom:container-muxer-webm: aa71ff27fc2769a1b78a27578f13a17b -> 
  custom:video-decoder-webm-vp8: 9c59270c3fd7afecdb556c50c9e8de78 -> 
  custom:SearchIndexIgnoredProperties: e643bd26f0fe6173181afceb89e7c659 -> 
  custom:AudioImporter_EditorPlatform: d09bf68614088b80899f8185d706f6e7 -> 
  custom:video-encoder-webm-vp8: eb34c28f22e8b96e1ab97ce403110664 -> 
  custom:audio-decoder-ogg-vorbis: bf7c407c2cedff20999df2af8eb42d56 -> 
  custom:audio-encoder-webm-vorbis: bf7c407c2cedff20999df2af8eb42d56 -> 
========================================================================
Received Import Request.
  Time since last request: 323.783866 seconds.
  path: Assets/OutlineShader.shader
  artifactKey: Guid(683c3a9c6ba1a8d478a92fa67f638220) Importer(815301076,1909f56bfc062723c751e8b465ee728b)
Start importing Assets/OutlineShader.shader using Guid(683c3a9c6ba1a8d478a92fa67f638220) Importer(815301076,1909f56bfc062723c751e8b465ee728b)  -> (artifact id: '5fdf53b848ced5c5debdbfd68428df13') in 1.048363 seconds
Number of updated asset objects reloaded before import = 0
Number of asset objects unloaded after import = 1
========================================================================
Received Import Request.
  Time since last request: 17.756292 seconds.
  path: Assets/OutlineShader.shader
  artifactKey: Guid(683c3a9c6ba1a8d478a92fa67f638220) Importer(815301076,1909f56bfc062723c751e8b465ee728b)
Start importing Assets/OutlineShader.shader using Guid(683c3a9c6ba1a8d478a92fa67f638220) Importer(815301076,1909f56bfc062723c751e8b465ee728b)  -> (artifact id: '7987ac9c224538f6bfa59f5112f0ebe8') in 0.037922 seconds
Number of updated asset objects reloaded before import = 0
Number of asset objects unloaded after import = 1
========================================================================
Received Import Request.
  Time since last request: 36.542586 seconds.
  path: Assets/shadercontroller.cs
  artifactKey: Guid(95d74df54734e674fb0e12b6768db0fc) Importer(815301076,1909f56bfc062723c751e8b465ee728b)
Start importing Assets/shadercontroller.cs using Guid(95d74df54734e674fb0e12b6768db0fc) Importer(815301076,1909f56bfc062723c751e8b465ee728b)  -> (artifact id: '6f26a42b7cb7c1e9ecb30f52e6e5a088') in 0.002010 seconds
Number of updated asset objects reloaded before import = 0
Number of asset objects unloaded after import = 0
========================================================================
Received Prepare
Begin MonoManager ReloadAssembly
- Loaded All Assemblies, in  9.662 seconds
Refreshing native plugins compatible for Editor in 25.41 ms, found 3 plugins.
Native extension for LinuxStandalone target not found
Native extension for WindowsStandalone target not found
Native extension for OSXStandalone target not found
Native extension for WebGL target not found
Mono: successfully reloaded assembly
- Finished resetting the current domain, in 27.383 seconds
Domain Reload Profiling: 36964ms
	BeginReloadAssembly (4539ms)
		ExecutionOrderSort (0ms)
		DisableScriptedObjects (72ms)
		BackupInstance (0ms)
		ReleaseScriptingObjects (0ms)
		CreateAndSetChildDomain (330ms)
	RebuildCommonClasses (497ms)
	RebuildNativeTypeToScriptingClass (161ms)
	initialDomainReloadingComplete (702ms)
	LoadAllAssembliesAndSetupDomain (3679ms)
		LoadAssemblies (7269ms)
		RebuildTransferFunctionScriptingTraits (0ms)
		AnalyzeDomain (192ms)
			TypeCache.Refresh (34ms)
				TypeCache.ScanAssembly (3ms)
			ScanForSourceGeneratedMonoScriptInfo (94ms)
			ResolveRequiredComponents (57ms)
	FinalizeReload (27385ms)
		ReleaseScriptCaches (0ms)
		RebuildScriptCaches (0ms)
		SetupLoadedEditorAssemblies (13425ms)
			LogAssemblyErrors (0ms)
			InitializePlatformSupportModulesInManaged (240ms)
			SetLoadedEditorAssemblies (34ms)
			RefreshPlugins (0ms)
			BeforeProcessingInitializeOnLoad (1783ms)
			ProcessInitializeOnLoadAttributes (10366ms)
			ProcessInitializeOnLoadMethodAttributes (859ms)
			AfterProcessingInitializeOnLoad (142ms)
			EditorAssembliesLoaded (1ms)
		ExecutionOrderSort2 (4ms)
		AwakeInstancesAfterBackupRestoration (2002ms)
Refreshing native plugins compatible for Editor in 366.99 ms, found 3 plugins.
Preloading 0 native plugins for Editor in 0.00 ms.
Unloading 4984 Unused Serialized files (Serialized files now loaded: 0)
Unloading 41 unused Assets / (367.2 KB). Loaded Objects now: 5757.
Memory consumption went from 228.6 MB to 228.2 MB.
Total: 47.152300 ms (FindLiveObjects: 1.019900 ms CreateObjectMapping: 2.249700 ms MarkObjects: 41.208200 ms  DeleteObjects: 2.649500 ms)

Prepare: number of updated asset objects reloaded= 0
AssetImportParameters requested are different than current active one (requested -> active):
  custom:container-demuxer-ogg: 62fdf1f143b41e24485cea50d1cbac27 -> 
  custom:video-decoder-ogg-theora: a1e56fd34408186e4bbccfd4996cb3dc -> 
  custom:framework-win-MediaFoundation: 216162199b28c13a410421893ffa2e32 -> 
  custom:CustomObjectIndexerAttribute: 4d1d7186bcbbfe361de5f0ad951e585c -> 
  custom:container-demuxer-webm: 4f35f7cbe854078d1ac9338744f61a02 -> 
  custom:container-muxer-webm: aa71ff27fc2769a1b78a27578f13a17b -> 
  custom:video-decoder-webm-vp8: 9c59270c3fd7afecdb556c50c9e8de78 -> 
  custom:SearchIndexIgnoredProperties: e643bd26f0fe6173181afceb89e7c659 -> 
  custom:AudioImporter_EditorPlatform: d09bf68614088b80899f8185d706f6e7 -> 
  custom:video-encoder-webm-vp8: eb34c28f22e8b96e1ab97ce403110664 -> 
  custom:audio-decoder-ogg-vorbis: bf7c407c2cedff20999df2af8eb42d56 -> 
  custom:audio-encoder-webm-vorbis: bf7c407c2cedff20999df2af8eb42d56 -> 
========================================================================
Received Import Request.
  Time since last request: 125.828585 seconds.
  path: Assets/shadercontroller.cs
  artifactKey: Guid(95d74df54734e674fb0e12b6768db0fc) Importer(815301076,1909f56bfc062723c751e8b465ee728b)
Start importing Assets/shadercontroller.cs using Guid(95d74df54734e674fb0e12b6768db0fc) Importer(815301076,1909f56bfc062723c751e8b465ee728b)  -> (artifact id: '7d2ea8a7c76b4d07b78f56341ed3daa8') in 0.025370 seconds
Number of updated asset objects reloaded before import = 0
Number of asset objects unloaded after import = 0
========================================================================
Received Prepare
Begin MonoManager ReloadAssembly
- Loaded All Assemblies, in  9.033 seconds
Refreshing native plugins compatible for Editor in 32.07 ms, found 3 plugins.
Native extension for LinuxStandalone target not found
Native extension for WindowsStandalone target not found
Native extension for OSXStandalone target not found
Native extension for WebGL target not found
Mono: successfully reloaded assembly
- Finished resetting the current domain, in 12.388 seconds
Domain Reload Profiling: 21387ms
	BeginReloadAssembly (4491ms)
		ExecutionOrderSort (5ms)
		DisableScriptedObjects (45ms)
		BackupInstance (0ms)
		ReleaseScriptingObjects (1ms)
		CreateAndSetChildDomain (1003ms)
	RebuildCommonClasses (640ms)
	RebuildNativeTypeToScriptingClass (323ms)
	initialDomainReloadingComplete (537ms)
	LoadAllAssembliesAndSetupDomain (3008ms)
		LoadAssemblies (6076ms)
		RebuildTransferFunctionScriptingTraits (0ms)
		AnalyzeDomain (166ms)
			TypeCache.Refresh (61ms)
				TypeCache.ScanAssembly (0ms)
			ScanForSourceGeneratedMonoScriptInfo (1ms)
			ResolveRequiredComponents (94ms)
	FinalizeReload (12389ms)
		ReleaseScriptCaches (0ms)
		RebuildScriptCaches (0ms)
		SetupLoadedEditorAssemblies (4537ms)
			LogAssemblyErrors (0ms)
			InitializePlatformSupportModulesInManaged (82ms)
			SetLoadedEditorAssemblies (16ms)
			RefreshPlugins (0ms)
			BeforeProcessingInitializeOnLoad (498ms)
			ProcessInitializeOnLoadAttributes (3427ms)
			ProcessInitializeOnLoadMethodAttributes (432ms)
			AfterProcessingInitializeOnLoad (80ms)
			EditorAssembliesLoaded (3ms)
		ExecutionOrderSort2 (0ms)
		AwakeInstancesAfterBackupRestoration (79ms)
Refreshing native plugins compatible for Editor in 60.16 ms, found 3 plugins.
Preloading 0 native plugins for Editor in 0.00 ms.
Unloading 4984 Unused Serialized files (Serialized files now loaded: 0)
Unloading 40 unused Assets / (366.8 KB). Loaded Objects now: 5761.
Memory consumption went from 230.5 MB to 230.2 MB.
Total: 14.739300 ms (FindLiveObjects: 1.507500 ms CreateObjectMapping: 1.064300 ms MarkObjects: 11.512300 ms  DeleteObjects: 0.653000 ms)

Prepare: number of updated asset objects reloaded= 0
AssetImportParameters requested are different than current active one (requested -> active):
  custom:container-demuxer-ogg: 62fdf1f143b41e24485cea50d1cbac27 -> 
  custom:video-decoder-ogg-theora: a1e56fd34408186e4bbccfd4996cb3dc -> 
  custom:framework-win-MediaFoundation: 216162199b28c13a410421893ffa2e32 -> 
  custom:CustomObjectIndexerAttribute: 4d1d7186bcbbfe361de5f0ad951e585c -> 
  custom:container-demuxer-webm: 4f35f7cbe854078d1ac9338744f61a02 -> 
  custom:container-muxer-webm: aa71ff27fc2769a1b78a27578f13a17b -> 
  custom:video-decoder-webm-vp8: 9c59270c3fd7afecdb556c50c9e8de78 -> 
  custom:SearchIndexIgnoredProperties: e643bd26f0fe6173181afceb89e7c659 -> 
  custom:AudioImporter_EditorPlatform: d09bf68614088b80899f8185d706f6e7 -> 
  custom:video-encoder-webm-vp8: eb34c28f22e8b96e1ab97ce403110664 -> 
  custom:audio-decoder-ogg-vorbis: bf7c407c2cedff20999df2af8eb42d56 -> 
  custom:audio-encoder-webm-vorbis: bf7c407c2cedff20999df2af8eb42d56 -> 
========================================================================
Received Prepare
Begin MonoManager ReloadAssembly
- Loaded All Assemblies, in 20.692 seconds
Refreshing native plugins compatible for Editor in 168.74 ms, found 3 plugins.
Native extension for LinuxStandalone target not found
Native extension for WindowsStandalone target not found
Native extension for OSXStandalone target not found
Native extension for WebGL target not found
Mono: successfully reloaded assembly
- Finished resetting the current domain, in 49.277 seconds
Domain Reload Profiling: 69263ms
	BeginReloadAssembly (2195ms)
		ExecutionOrderSort (0ms)
		DisableScriptedObjects (133ms)
		BackupInstance (0ms)
		ReleaseScriptingObjects (0ms)
		CreateAndSetChildDomain (383ms)
	RebuildCommonClasses (1888ms)
	RebuildNativeTypeToScriptingClass (179ms)
	initialDomainReloadingComplete (1224ms)
	LoadAllAssembliesAndSetupDomain (14496ms)
		LoadAssemblies (14139ms)
		RebuildTransferFunctionScriptingTraits (0ms)
		AnalyzeDomain (1730ms)
			TypeCache.Refresh (73ms)
				TypeCache.ScanAssembly (0ms)
			ScanForSourceGeneratedMonoScriptInfo (1ms)
			ResolveRequiredComponents (1615ms)
	FinalizeReload (49282ms)
		ReleaseScriptCaches (0ms)
		RebuildScriptCaches (0ms)
		SetupLoadedEditorAssemblies (8520ms)
			LogAssemblyErrors (0ms)
			InitializePlatformSupportModulesInManaged (110ms)
			SetLoadedEditorAssemblies (36ms)
			RefreshPlugins (0ms)
			BeforeProcessingInitializeOnLoad (2342ms)
			ProcessInitializeOnLoadAttributes (4378ms)
			ProcessInitializeOnLoadMethodAttributes (1552ms)
			AfterProcessingInitializeOnLoad (95ms)
			EditorAssembliesLoaded (6ms)
		ExecutionOrderSort2 (0ms)
		AwakeInstancesAfterBackupRestoration (177ms)
Refreshing native plugins compatible for Editor in 33.72 ms, found 3 plugins.
Preloading 0 native plugins for Editor in 0.00 ms.
Unloading 4984 Unused Serialized files (Serialized files now loaded: 0)
Unloading 40 unused Assets / (366.3 KB). Loaded Objects now: 5765.
Memory consumption went from 232.4 MB to 232.1 MB.
Total: 33.055000 ms (FindLiveObjects: 1.698700 ms CreateObjectMapping: 4.905800 ms MarkObjects: 12.799200 ms  DeleteObjects: 13.648100 ms)

Prepare: number of updated asset objects reloaded= 0
AssetImportParameters requested are different than current active one (requested -> active):
  custom:container-demuxer-ogg: 62fdf1f143b41e24485cea50d1cbac27 -> 
  custom:video-decoder-ogg-theora: a1e56fd34408186e4bbccfd4996cb3dc -> 
  custom:framework-win-MediaFoundation: 216162199b28c13a410421893ffa2e32 -> 
  custom:CustomObjectIndexerAttribute: 4d1d7186bcbbfe361de5f0ad951e585c -> 
  custom:container-demuxer-webm: 4f35f7cbe854078d1ac9338744f61a02 -> 
  custom:container-muxer-webm: aa71ff27fc2769a1b78a27578f13a17b -> 
  custom:video-decoder-webm-vp8: 9c59270c3fd7afecdb556c50c9e8de78 -> 
  custom:SearchIndexIgnoredProperties: e643bd26f0fe6173181afceb89e7c659 -> 
  custom:AudioImporter_EditorPlatform: d09bf68614088b80899f8185d706f6e7 -> 
  custom:video-encoder-webm-vp8: eb34c28f22e8b96e1ab97ce403110664 -> 
  custom:audio-decoder-ogg-vorbis: bf7c407c2cedff20999df2af8eb42d56 -> 
  custom:audio-encoder-webm-vorbis: bf7c407c2cedff20999df2af8eb42d56 -> 
========================================================================
Received Prepare
Begin MonoManager ReloadAssembly
- Loaded All Assemblies, in  3.696 seconds
Refreshing native plugins compatible for Editor in 28.31 ms, found 3 plugins.
Native extension for LinuxStandalone target not found
Native extension for WindowsStandalone target not found
Native extension for OSXStandalone target not found
Native extension for WebGL target not found
Mono: successfully reloaded assembly
- Finished resetting the current domain, in  9.280 seconds
Domain Reload Profiling: 12962ms
	BeginReloadAssembly (1052ms)
		ExecutionOrderSort (0ms)
		DisableScriptedObjects (26ms)
		BackupInstance (0ms)
		ReleaseScriptingObjects (0ms)
		CreateAndSetChildDomain (171ms)
	RebuildCommonClasses (270ms)
	RebuildNativeTypeToScriptingClass (95ms)
	initialDomainReloadingComplete (192ms)
	LoadAllAssembliesAndSetupDomain (2063ms)
		LoadAssemblies (2685ms)
		RebuildTransferFunctionScriptingTraits (0ms)
		AnalyzeDomain (95ms)
			TypeCache.Refresh (22ms)
				TypeCache.ScanAssembly (0ms)
			ScanForSourceGeneratedMonoScriptInfo (4ms)
			ResolveRequiredComponents (55ms)
	FinalizeReload (9290ms)
		ReleaseScriptCaches (0ms)
		RebuildScriptCaches (0ms)
		SetupLoadedEditorAssemblies (3202ms)
			LogAssemblyErrors (0ms)
			InitializePlatformSupportModulesInManaged (84ms)
			SetLoadedEditorAssemblies (11ms)
			RefreshPlugins (0ms)
			BeforeProcessingInitializeOnLoad (337ms)
			ProcessInitializeOnLoadAttributes (2126ms)
			ProcessInitializeOnLoadMethodAttributes (517ms)
			AfterProcessingInitializeOnLoad (127ms)
			EditorAssembliesLoaded (0ms)
		ExecutionOrderSort2 (0ms)
		AwakeInstancesAfterBackupRestoration (155ms)
Refreshing native plugins compatible for Editor in 34.12 ms, found 3 plugins.
Preloading 0 native plugins for Editor in 0.00 ms.
Unloading 4984 Unused Serialized files (Serialized files now loaded: 0)
Unloading 40 unused Assets / (366.7 KB). Loaded Objects now: 5769.
Memory consumption went from 234.4 MB to 234.0 MB.
Total: 22.501200 ms (FindLiveObjects: 4.546000 ms CreateObjectMapping: 3.464700 ms MarkObjects: 14.109300 ms  DeleteObjects: 0.379000 ms)

Prepare: number of updated asset objects reloaded= 0
AssetImportParameters requested are different than current active one (requested -> active):
  custom:container-demuxer-ogg: 62fdf1f143b41e24485cea50d1cbac27 -> 
  custom:video-decoder-ogg-theora: a1e56fd34408186e4bbccfd4996cb3dc -> 
  custom:framework-win-MediaFoundation: 216162199b28c13a410421893ffa2e32 -> 
  custom:CustomObjectIndexerAttribute: 4d1d7186bcbbfe361de5f0ad951e585c -> 
  custom:container-demuxer-webm: 4f35f7cbe854078d1ac9338744f61a02 -> 
  custom:container-muxer-webm: aa71ff27fc2769a1b78a27578f13a17b -> 
  custom:video-decoder-webm-vp8: 9c59270c3fd7afecdb556c50c9e8de78 -> 
  custom:SearchIndexIgnoredProperties: e643bd26f0fe6173181afceb89e7c659 -> 
  custom:AudioImporter_EditorPlatform: d09bf68614088b80899f8185d706f6e7 -> 
  custom:video-encoder-webm-vp8: eb34c28f22e8b96e1ab97ce403110664 -> 
  custom:audio-decoder-ogg-vorbis: bf7c407c2cedff20999df2af8eb42d56 -> 
  custom:audio-encoder-webm-vorbis: bf7c407c2cedff20999df2af8eb42d56 -> 
========================================================================
Received Prepare
Begin MonoManager ReloadAssembly
- Loaded All Assemblies, in 10.450 seconds
Refreshing native plugins compatible for Editor in 105.60 ms, found 3 plugins.
Native extension for LinuxStandalone target not found
Native extension for WindowsStandalone target not found
Native extension for OSXStandalone target not found
Native extension for WebGL target not found
Mono: successfully reloaded assembly
- Finished resetting the current domain, in 23.147 seconds
Domain Reload Profiling: 33634ms
	BeginReloadAssembly (2958ms)
		ExecutionOrderSort (0ms)
		DisableScriptedObjects (55ms)
		BackupInstance (0ms)
		ReleaseScriptingObjects (0ms)
		CreateAndSetChildDomain (1041ms)
	RebuildCommonClasses (960ms)
	RebuildNativeTypeToScriptingClass (309ms)
	initialDomainReloadingComplete (1282ms)
	LoadAllAssembliesAndSetupDomain (4975ms)
		LoadAssemblies (5876ms)
		RebuildTransferFunctionScriptingTraits (0ms)
		AnalyzeDomain (497ms)
			TypeCache.Refresh (27ms)
				TypeCache.ScanAssembly (0ms)
			ScanForSourceGeneratedMonoScriptInfo (1ms)
			ResolveRequiredComponents (292ms)
	FinalizeReload (23150ms)
		ReleaseScriptCaches (0ms)
		RebuildScriptCaches (0ms)
		SetupLoadedEditorAssemblies (4012ms)
			LogAssemblyErrors (0ms)
			InitializePlatformSupportModulesInManaged (102ms)
			SetLoadedEditorAssemblies (19ms)
			RefreshPlugins (0ms)
			BeforeProcessingInitializeOnLoad (383ms)
			ProcessInitializeOnLoadAttributes (2882ms)
			ProcessInitializeOnLoadMethodAttributes (557ms)
			AfterProcessingInitializeOnLoad (68ms)
			EditorAssembliesLoaded (0ms)
		ExecutionOrderSort2 (0ms)
		AwakeInstancesAfterBackupRestoration (106ms)
Refreshing native plugins compatible for Editor in 85.11 ms, found 3 plugins.
Preloading 0 native plugins for Editor in 0.00 ms.
Unloading 4984 Unused Serialized files (Serialized files now loaded: 0)
Unloading 40 unused Assets / (366.7 KB). Loaded Objects now: 5773.
Memory consumption went from 236.3 MB to 235.9 MB.
Total: 13.059800 ms (FindLiveObjects: 1.023600 ms CreateObjectMapping: 1.037900 ms MarkObjects: 9.572300 ms  DeleteObjects: 1.423800 ms)

Prepare: number of updated asset objects reloaded= 0
AssetImportParameters requested are different than current active one (requested -> active):
  custom:container-demuxer-ogg: 62fdf1f143b41e24485cea50d1cbac27 -> 
  custom:video-decoder-ogg-theora: a1e56fd34408186e4bbccfd4996cb3dc -> 
  custom:framework-win-MediaFoundation: 216162199b28c13a410421893ffa2e32 -> 
  custom:CustomObjectIndexerAttribute: 4d1d7186bcbbfe361de5f0ad951e585c -> 
  custom:container-demuxer-webm: 4f35f7cbe854078d1ac9338744f61a02 -> 
  custom:container-muxer-webm: aa71ff27fc2769a1b78a27578f13a17b -> 
  custom:video-decoder-webm-vp8: 9c59270c3fd7afecdb556c50c9e8de78 -> 
  custom:SearchIndexIgnoredProperties: e643bd26f0fe6173181afceb89e7c659 -> 
  custom:AudioImporter_EditorPlatform: d09bf68614088b80899f8185d706f6e7 -> 
  custom:video-encoder-webm-vp8: eb34c28f22e8b96e1ab97ce403110664 -> 
  custom:audio-decoder-ogg-vorbis: bf7c407c2cedff20999df2af8eb42d56 -> 
  custom:audio-encoder-webm-vorbis: bf7c407c2cedff20999df2af8eb42d56 -> 
========================================================================
Received Prepare
Begin MonoManager ReloadAssembly
- Loaded All Assemblies, in  6.259 seconds
Refreshing native plugins compatible for Editor in 50.54 ms, found 3 plugins.
Native extension for LinuxStandalone target not found
Native extension for WindowsStandalone target not found
Native extension for OSXStandalone target not found
Native extension for WebGL target not found
Mono: successfully reloaded assembly
- Finished resetting the current domain, in 95.859 seconds
Domain Reload Profiling: 102139ms
	BeginReloadAssembly (779ms)
		ExecutionOrderSort (0ms)
		DisableScriptedObjects (30ms)
		BackupInstance (0ms)
		ReleaseScriptingObjects (0ms)
		CreateAndSetChildDomain (133ms)
	RebuildCommonClasses (188ms)
	RebuildNativeTypeToScriptingClass (51ms)
	initialDomainReloadingComplete (163ms)
	LoadAllAssembliesAndSetupDomain (5070ms)
		LoadAssemblies (4959ms)
		RebuildTransferFunctionScriptingTraits (0ms)
		AnalyzeDomain (583ms)
			TypeCache.Refresh (96ms)
				TypeCache.ScanAssembly (6ms)
			ScanForSourceGeneratedMonoScriptInfo (125ms)
			ResolveRequiredComponents (353ms)
	FinalizeReload (95889ms)
		ReleaseScriptCaches (0ms)
		RebuildScriptCaches (0ms)
		SetupLoadedEditorAssemblies (19679ms)
			LogAssemblyErrors (0ms)
			InitializePlatformSupportModulesInManaged (2148ms)
			SetLoadedEditorAssemblies (45ms)
			RefreshPlugins (0ms)
			BeforeProcessingInitializeOnLoad (2077ms)
			ProcessInitializeOnLoadAttributes (13641ms)
			ProcessInitializeOnLoadMethodAttributes (1592ms)
			AfterProcessingInitializeOnLoad (176ms)
			EditorAssembliesLoaded (0ms)
		ExecutionOrderSort2 (0ms)
		AwakeInstancesAfterBackupRestoration (558ms)
Refreshing native plugins compatible for Editor in 437.28 ms, found 3 plugins.
Preloading 0 native plugins for Editor in 0.00 ms.
Unloading 4984 Unused Serialized files (Serialized files now loaded: 0)
Unloading 40 unused Assets / (366.8 KB). Loaded Objects now: 5777.
Memory consumption went from 238.2 MB to 237.8 MB.
Total: 98.563600 ms (FindLiveObjects: 5.523000 ms CreateObjectMapping: 3.597300 ms MarkObjects: 88.928000 ms  DeleteObjects: 0.512500 ms)

Prepare: number of updated asset objects reloaded= 0
AssetImportParameters requested are different than current active one (requested -> active):
  custom:container-demuxer-ogg: 62fdf1f143b41e24485cea50d1cbac27 -> 
  custom:video-decoder-ogg-theora: a1e56fd34408186e4bbccfd4996cb3dc -> 
  custom:framework-win-MediaFoundation: 216162199b28c13a410421893ffa2e32 -> 
  custom:CustomObjectIndexerAttribute: 4d1d7186bcbbfe361de5f0ad951e585c -> 
  custom:container-demuxer-webm: 4f35f7cbe854078d1ac9338744f61a02 -> 
  custom:container-muxer-webm: aa71ff27fc2769a1b78a27578f13a17b -> 
  custom:video-decoder-webm-vp8: 9c59270c3fd7afecdb556c50c9e8de78 -> 
  custom:SearchIndexIgnoredProperties: e643bd26f0fe6173181afceb89e7c659 -> 
  custom:AudioImporter_EditorPlatform: d09bf68614088b80899f8185d706f6e7 -> 
  custom:video-encoder-webm-vp8: eb34c28f22e8b96e1ab97ce403110664 -> 
  custom:audio-decoder-ogg-vorbis: bf7c407c2cedff20999df2af8eb42d56 -> 
  custom:audio-encoder-webm-vorbis: bf7c407c2cedff20999df2af8eb42d56 -> 
========================================================================
Received Prepare
Begin MonoManager ReloadAssembly
- Loaded All Assemblies, in  3.937 seconds
Refreshing native plugins compatible for Editor in 41.83 ms, found 3 plugins.
Native extension for LinuxStandalone target not found
Native extension for WindowsStandalone target not found
Native extension for OSXStandalone target not found
Native extension for WebGL target not found
Mono: successfully reloaded assembly
- Finished resetting the current domain, in 11.011 seconds
Domain Reload Profiling: 14931ms
	BeginReloadAssembly (1511ms)
		ExecutionOrderSort (0ms)
		DisableScriptedObjects (177ms)
		BackupInstance (0ms)
		ReleaseScriptingObjects (0ms)
		CreateAndSetChildDomain (325ms)
	RebuildCommonClasses (176ms)
	RebuildNativeTypeToScriptingClass (77ms)
	initialDomainReloadingComplete (298ms)
	LoadAllAssembliesAndSetupDomain (1854ms)
		LoadAssemblies (2242ms)
		RebuildTransferFunctionScriptingTraits (0ms)
		AnalyzeDomain (179ms)
			TypeCache.Refresh (19ms)
				TypeCache.ScanAssembly (0ms)
			ScanForSourceGeneratedMonoScriptInfo (0ms)
			ResolveRequiredComponents (154ms)
	FinalizeReload (11015ms)
		ReleaseScriptCaches (0ms)
		RebuildScriptCaches (0ms)
		SetupLoadedEditorAssemblies (4115ms)
			LogAssemblyErrors (0ms)
			InitializePlatformSupportModulesInManaged (94ms)
			SetLoadedEditorAssemblies (12ms)
			RefreshPlugins (0ms)
			BeforeProcessingInitializeOnLoad (1454ms)
			ProcessInitializeOnLoadAttributes (2144ms)
			ProcessInitializeOnLoadMethodAttributes (361ms)
			AfterProcessingInitializeOnLoad (51ms)
			EditorAssembliesLoaded (0ms)
		ExecutionOrderSort2 (0ms)
		AwakeInstancesAfterBackupRestoration (69ms)
Refreshing native plugins compatible for Editor in 55.17 ms, found 3 plugins.
Preloading 0 native plugins for Editor in 0.00 ms.
Unloading 4984 Unused Serialized files (Serialized files now loaded: 0)
Unloading 40 unused Assets / (366.6 KB). Loaded Objects now: 5781.
Memory consumption went from 240.1 MB to 239.8 MB.
Total: 13.351300 ms (FindLiveObjects: 1.284200 ms CreateObjectMapping: 0.951200 ms MarkObjects: 10.568200 ms  DeleteObjects: 0.544800 ms)

Prepare: number of updated asset objects reloaded= 0
AssetImportParameters requested are different than current active one (requested -> active):
  custom:container-demuxer-ogg: 62fdf1f143b41e24485cea50d1cbac27 -> 
  custom:video-decoder-ogg-theora: a1e56fd34408186e4bbccfd4996cb3dc -> 
  custom:framework-win-MediaFoundation: 216162199b28c13a410421893ffa2e32 -> 
  custom:CustomObjectIndexerAttribute: 4d1d7186bcbbfe361de5f0ad951e585c -> 
  custom:container-demuxer-webm: 4f35f7cbe854078d1ac9338744f61a02 -> 
  custom:container-muxer-webm: aa71ff27fc2769a1b78a27578f13a17b -> 
  custom:video-decoder-webm-vp8: 9c59270c3fd7afecdb556c50c9e8de78 -> 
  custom:SearchIndexIgnoredProperties: e643bd26f0fe6173181afceb89e7c659 -> 
  custom:AudioImporter_EditorPlatform: d09bf68614088b80899f8185d706f6e7 -> 
  custom:video-encoder-webm-vp8: eb34c28f22e8b96e1ab97ce403110664 -> 
  custom:audio-decoder-ogg-vorbis: bf7c407c2cedff20999df2af8eb42d56 -> 
  custom:audio-encoder-webm-vorbis: bf7c407c2cedff20999df2af8eb42d56 -> 
========================================================================
Received Prepare
Begin MonoManager ReloadAssembly
- Loaded All Assemblies, in 12.778 seconds
Refreshing native plugins compatible for Editor in 86.99 ms, found 3 plugins.
Native extension for LinuxStandalone target not found
Native extension for WindowsStandalone target not found
Native extension for OSXStandalone target not found
Native extension for WebGL target not found
Mono: successfully reloaded assembly
- Finished resetting the current domain, in 70.353 seconds
Domain Reload Profiling: 83110ms
	BeginReloadAssembly (2121ms)
		ExecutionOrderSort (0ms)
		DisableScriptedObjects (60ms)
		BackupInstance (0ms)
		ReleaseScriptingObjects (0ms)
		CreateAndSetChildDomain (475ms)
	RebuildCommonClasses (2030ms)
	RebuildNativeTypeToScriptingClass (199ms)
	initialDomainReloadingComplete (762ms)
	LoadAllAssembliesAndSetupDomain (7601ms)
		LoadAssemblies (8503ms)
		RebuildTransferFunctionScriptingTraits (0ms)
		AnalyzeDomain (223ms)
			TypeCache.Refresh (68ms)
				TypeCache.ScanAssembly (0ms)
			ScanForSourceGeneratedMonoScriptInfo (1ms)
			ResolveRequiredComponents (138ms)
	FinalizeReload (70397ms)
		ReleaseScriptCaches (0ms)
		RebuildScriptCaches (0ms)
		SetupLoadedEditorAssemblies (42417ms)
			LogAssemblyErrors (0ms)
			InitializePlatformSupportModulesInManaged (550ms)
			SetLoadedEditorAssemblies (81ms)
			RefreshPlugins (0ms)
			BeforeProcessingInitializeOnLoad (16029ms)
			ProcessInitializeOnLoadAttributes (24068ms)
			ProcessInitializeOnLoadMethodAttributes (1488ms)
			AfterProcessingInitializeOnLoad (199ms)
			EditorAssembliesLoaded (2ms)
		ExecutionOrderSort2 (0ms)
		AwakeInstancesAfterBackupRestoration (1002ms)
Refreshing native plugins compatible for Editor in 83.14 ms, found 3 plugins.
Preloading 0 native plugins for Editor in 0.00 ms.
Unloading 4984 Unused Serialized files (Serialized files now loaded: 0)
Unloading 40 unused Assets / (366.6 KB). Loaded Objects now: 5785.
Memory consumption went from 242.0 MB to 241.7 MB.
Total: 241.043600 ms (FindLiveObjects: 2.610900 ms CreateObjectMapping: 135.253800 ms MarkObjects: 101.285200 ms  DeleteObjects: 1.889900 ms)

Prepare: number of updated asset objects reloaded= 0
AssetImportParameters requested are different than current active one (requested -> active):
  custom:container-demuxer-ogg: 62fdf1f143b41e24485cea50d1cbac27 -> 
  custom:video-decoder-ogg-theora: a1e56fd34408186e4bbccfd4996cb3dc -> 
  custom:framework-win-MediaFoundation: 216162199b28c13a410421893ffa2e32 -> 
  custom:CustomObjectIndexerAttribute: 4d1d7186bcbbfe361de5f0ad951e585c -> 
  custom:container-demuxer-webm: 4f35f7cbe854078d1ac9338744f61a02 -> 
  custom:container-muxer-webm: aa71ff27fc2769a1b78a27578f13a17b -> 
  custom:video-decoder-webm-vp8: 9c59270c3fd7afecdb556c50c9e8de78 -> 
  custom:SearchIndexIgnoredProperties: e643bd26f0fe6173181afceb89e7c659 -> 
  custom:AudioImporter_EditorPlatform: d09bf68614088b80899f8185d706f6e7 -> 
  custom:video-encoder-webm-vp8: eb34c28f22e8b96e1ab97ce403110664 -> 
  custom:audio-decoder-ogg-vorbis: bf7c407c2cedff20999df2af8eb42d56 -> 
  custom:audio-encoder-webm-vorbis: bf7c407c2cedff20999df2af8eb42d56 -> 
========================================================================
Received Prepare
Begin MonoManager ReloadAssembly
- Loaded All Assemblies, in  6.610 seconds
Refreshing native plugins compatible for Editor in 49.11 ms, found 3 plugins.
Native extension for LinuxStandalone target not found
Native extension for WindowsStandalone target not found
Native extension for OSXStandalone target not found
Native extension for WebGL target not found
Mono: successfully reloaded assembly
- Finished resetting the current domain, in 32.581 seconds
Domain Reload Profiling: 39126ms
	BeginReloadAssembly (986ms)
		ExecutionOrderSort (1ms)
		DisableScriptedObjects (50ms)
		BackupInstance (0ms)
		ReleaseScriptingObjects (0ms)
		CreateAndSetChildDomain (204ms)
	RebuildCommonClasses (229ms)
	RebuildNativeTypeToScriptingClass (141ms)
	initialDomainReloadingComplete (536ms)
	LoadAllAssembliesAndSetupDomain (4645ms)
		LoadAssemblies (4615ms)
		RebuildTransferFunctionScriptingTraits (0ms)
		AnalyzeDomain (543ms)
			TypeCache.Refresh (35ms)
				TypeCache.ScanAssembly (3ms)
			ScanForSourceGeneratedMonoScriptInfo (399ms)
			ResolveRequiredComponents (101ms)
	FinalizeReload (32589ms)
		ReleaseScriptCaches (0ms)
		RebuildScriptCaches (0ms)
		SetupLoadedEditorAssemblies (11605ms)
			LogAssemblyErrors (0ms)
			InitializePlatformSupportModulesInManaged (351ms)
			SetLoadedEditorAssemblies (34ms)
			RefreshPlugins (0ms)
			BeforeProcessingInitializeOnLoad (1740ms)
			ProcessInitializeOnLoadAttributes (7962ms)
			ProcessInitializeOnLoadMethodAttributes (698ms)
			AfterProcessingInitializeOnLoad (814ms)
			EditorAssembliesLoaded (6ms)
		ExecutionOrderSort2 (0ms)
		AwakeInstancesAfterBackupRestoration (543ms)
Refreshing native plugins compatible for Editor in 39.07 ms, found 3 plugins.
Preloading 0 native plugins for Editor in 0.00 ms.
Unloading 4984 Unused Serialized files (Serialized files now loaded: 0)
Unloading 40 unused Assets / (366.6 KB). Loaded Objects now: 5789.
Memory consumption went from 244.0 MB to 243.6 MB.
Total: 31.164500 ms (FindLiveObjects: 1.495500 ms CreateObjectMapping: 1.708800 ms MarkObjects: 24.326400 ms  DeleteObjects: 3.631300 ms)

Prepare: number of updated asset objects reloaded= 0
AssetImportParameters requested are different than current active one (requested -> active):
  custom:container-demuxer-ogg: 62fdf1f143b41e24485cea50d1cbac27 -> 
  custom:video-decoder-ogg-theora: a1e56fd34408186e4bbccfd4996cb3dc -> 
  custom:framework-win-MediaFoundation: 216162199b28c13a410421893ffa2e32 -> 
  custom:CustomObjectIndexerAttribute: 4d1d7186bcbbfe361de5f0ad951e585c -> 
  custom:container-demuxer-webm: 4f35f7cbe854078d1ac9338744f61a02 -> 
  custom:container-muxer-webm: aa71ff27fc2769a1b78a27578f13a17b -> 
  custom:video-decoder-webm-vp8: 9c59270c3fd7afecdb556c50c9e8de78 -> 
  custom:SearchIndexIgnoredProperties: e643bd26f0fe6173181afceb89e7c659 -> 
  custom:AudioImporter_EditorPlatform: d09bf68614088b80899f8185d706f6e7 -> 
  custom:video-encoder-webm-vp8: eb34c28f22e8b96e1ab97ce403110664 -> 
  custom:audio-decoder-ogg-vorbis: bf7c407c2cedff20999df2af8eb42d56 -> 
  custom:audio-encoder-webm-vorbis: bf7c407c2cedff20999df2af8eb42d56 -> 
========================================================================
Received Prepare
Begin MonoManager ReloadAssembly
- Loaded All Assemblies, in  3.814 seconds
Refreshing native plugins compatible for Editor in 29.05 ms, found 3 plugins.
Native extension for LinuxStandalone target not found
Native extension for WindowsStandalone target not found
Native extension for OSXStandalone target not found
Native extension for WebGL target not found
Mono: successfully reloaded assembly
- Finished resetting the current domain, in 12.769 seconds
Domain Reload Profiling: 16554ms
	BeginReloadAssembly (1213ms)
		ExecutionOrderSort (0ms)
		DisableScriptedObjects (23ms)
		BackupInstance (0ms)
		ReleaseScriptingObjects (0ms)
		CreateAndSetChildDomain (242ms)
	RebuildCommonClasses (142ms)
	RebuildNativeTypeToScriptingClass (66ms)
	initialDomainReloadingComplete (171ms)
	LoadAllAssembliesAndSetupDomain (2192ms)
		LoadAssemblies (2528ms)
		RebuildTransferFunctionScriptingTraits (0ms)
		AnalyzeDomain (84ms)
			TypeCache.Refresh (16ms)
				TypeCache.ScanAssembly (0ms)
			ScanForSourceGeneratedMonoScriptInfo (1ms)
			ResolveRequiredComponents (57ms)
	FinalizeReload (12771ms)
		ReleaseScriptCaches (0ms)
		RebuildScriptCaches (0ms)
		SetupLoadedEditorAssemblies (2468ms)
			LogAssemblyErrors (0ms)
			InitializePlatformSupportModulesInManaged (80ms)
			SetLoadedEditorAssemblies (9ms)
			RefreshPlugins (0ms)
			BeforeProcessingInitializeOnLoad (352ms)
			ProcessInitializeOnLoadAttributes (1702ms)
			ProcessInitializeOnLoadMethodAttributes (276ms)
			AfterProcessingInitializeOnLoad (48ms)
			EditorAssembliesLoaded (0ms)
		ExecutionOrderSort2 (0ms)
		AwakeInstancesAfterBackupRestoration (93ms)
Refreshing native plugins compatible for Editor in 45.86 ms, found 3 plugins.
Preloading 0 native plugins for Editor in 0.00 ms.
Unloading 4984 Unused Serialized files (Serialized files now loaded: 0)
Unloading 40 unused Assets / (366.7 KB). Loaded Objects now: 5793.
Memory consumption went from 245.9 MB to 245.5 MB.
Total: 11.277400 ms (FindLiveObjects: 1.713700 ms CreateObjectMapping: 1.097200 ms MarkObjects: 7.195500 ms  DeleteObjects: 1.268900 ms)

Prepare: number of updated asset objects reloaded= 0
AssetImportParameters requested are different than current active one (requested -> active):
  custom:container-demuxer-ogg: 62fdf1f143b41e24485cea50d1cbac27 -> 
  custom:video-decoder-ogg-theora: a1e56fd34408186e4bbccfd4996cb3dc -> 
  custom:framework-win-MediaFoundation: 216162199b28c13a410421893ffa2e32 -> 
  custom:CustomObjectIndexerAttribute: 4d1d7186bcbbfe361de5f0ad951e585c -> 
  custom:container-demuxer-webm: 4f35f7cbe854078d1ac9338744f61a02 -> 
  custom:container-muxer-webm: aa71ff27fc2769a1b78a27578f13a17b -> 
  custom:video-decoder-webm-vp8: 9c59270c3fd7afecdb556c50c9e8de78 -> 
  custom:SearchIndexIgnoredProperties: e643bd26f0fe6173181afceb89e7c659 -> 
  custom:AudioImporter_EditorPlatform: d09bf68614088b80899f8185d706f6e7 -> 
  custom:video-encoder-webm-vp8: eb34c28f22e8b96e1ab97ce403110664 -> 
  custom:audio-decoder-ogg-vorbis: bf7c407c2cedff20999df2af8eb42d56 -> 
  custom:audio-encoder-webm-vorbis: bf7c407c2cedff20999df2af8eb42d56 -> 
========================================================================
Received Prepare
Begin MonoManager ReloadAssembly
- Loaded All Assemblies, in  4.166 seconds
Refreshing native plugins compatible for Editor in 109.20 ms, found 3 plugins.
Native extension for LinuxStandalone target not found
Native extension for WindowsStandalone target not found
Native extension for OSXStandalone target not found
Native extension for WebGL target not found
Mono: successfully reloaded assembly
- Finished resetting the current domain, in 13.845 seconds
Domain Reload Profiling: 17989ms
	BeginReloadAssembly (919ms)
		ExecutionOrderSort (2ms)
		DisableScriptedObjects (32ms)
		BackupInstance (0ms)
		ReleaseScriptingObjects (0ms)
		CreateAndSetChildDomain (196ms)
	RebuildCommonClasses (201ms)
	RebuildNativeTypeToScriptingClass (50ms)
	initialDomainReloadingComplete (245ms)
	LoadAllAssembliesAndSetupDomain (2722ms)
		LoadAssemblies (1899ms)
		RebuildTransferFunctionScriptingTraits (0ms)
		AnalyzeDomain (1287ms)
			TypeCache.Refresh (70ms)
				TypeCache.ScanAssembly (5ms)
			ScanForSourceGeneratedMonoScriptInfo (436ms)
			ResolveRequiredComponents (760ms)
	FinalizeReload (13851ms)
		ReleaseScriptCaches (0ms)
		RebuildScriptCaches (0ms)
		SetupLoadedEditorAssemblies (5126ms)
			LogAssemblyErrors (0ms)
			InitializePlatformSupportModulesInManaged (97ms)
			SetLoadedEditorAssemblies (19ms)
			RefreshPlugins (0ms)
			BeforeProcessingInitializeOnLoad (580ms)
			ProcessInitializeOnLoadAttributes (3773ms)
			ProcessInitializeOnLoadMethodAttributes (573ms)
			AfterProcessingInitializeOnLoad (78ms)
			EditorAssembliesLoaded (6ms)
		ExecutionOrderSort2 (0ms)
		AwakeInstancesAfterBackupRestoration (110ms)
Refreshing native plugins compatible for Editor in 74.93 ms, found 3 plugins.
Preloading 0 native plugins for Editor in 0.00 ms.
Unloading 4984 Unused Serialized files (Serialized files now loaded: 0)
Unloading 40 unused Assets / (366.5 KB). Loaded Objects now: 5797.
Memory consumption went from 247.8 MB to 247.4 MB.
Total: 86.663400 ms (FindLiveObjects: 3.466100 ms CreateObjectMapping: 7.600300 ms MarkObjects: 74.512100 ms  DeleteObjects: 1.082300 ms)

Prepare: number of updated asset objects reloaded= 0
AssetImportParameters requested are different than current active one (requested -> active):
  custom:container-demuxer-ogg: 62fdf1f143b41e24485cea50d1cbac27 -> 
  custom:video-decoder-ogg-theora: a1e56fd34408186e4bbccfd4996cb3dc -> 
  custom:framework-win-MediaFoundation: 216162199b28c13a410421893ffa2e32 -> 
  custom:CustomObjectIndexerAttribute: 4d1d7186bcbbfe361de5f0ad951e585c -> 
  custom:container-demuxer-webm: 4f35f7cbe854078d1ac9338744f61a02 -> 
  custom:container-muxer-webm: aa71ff27fc2769a1b78a27578f13a17b -> 
  custom:video-decoder-webm-vp8: 9c59270c3fd7afecdb556c50c9e8de78 -> 
  custom:SearchIndexIgnoredProperties: e643bd26f0fe6173181afceb89e7c659 -> 
  custom:AudioImporter_EditorPlatform: d09bf68614088b80899f8185d706f6e7 -> 
  custom:video-encoder-webm-vp8: eb34c28f22e8b96e1ab97ce403110664 -> 
  custom:audio-decoder-ogg-vorbis: bf7c407c2cedff20999df2af8eb42d56 -> 
  custom:audio-encoder-webm-vorbis: bf7c407c2cedff20999df2af8eb42d56 -> 
========================================================================
Received Prepare
Begin MonoManager ReloadAssembly
- Loaded All Assemblies, in  2.907 seconds
Refreshing native plugins compatible for Editor in 28.91 ms, found 3 plugins.
Native extension for LinuxStandalone target not found
Native extension for WindowsStandalone target not found
Native extension for OSXStandalone target not found
Native extension for WebGL target not found
Mono: successfully reloaded assembly
- Finished resetting the current domain, in  8.534 seconds
Domain Reload Profiling: 11419ms
	BeginReloadAssembly (865ms)
		ExecutionOrderSort (0ms)
		DisableScriptedObjects (20ms)
		BackupInstance (0ms)
		ReleaseScriptingObjects (0ms)
		CreateAndSetChildDomain (157ms)
	RebuildCommonClasses (307ms)
	RebuildNativeTypeToScriptingClass (73ms)
	initialDomainReloadingComplete (233ms)
	LoadAllAssembliesAndSetupDomain (1406ms)
		LoadAssemblies (1851ms)
		RebuildTransferFunctionScriptingTraits (0ms)
		AnalyzeDomain (106ms)
			TypeCache.Refresh (21ms)
				TypeCache.ScanAssembly (0ms)
			ScanForSourceGeneratedMonoScriptInfo (1ms)
			ResolveRequiredComponents (77ms)
	FinalizeReload (8535ms)
		ReleaseScriptCaches (0ms)
		RebuildScriptCaches (0ms)
		SetupLoadedEditorAssemblies (3359ms)
			LogAssemblyErrors (0ms)
			InitializePlatformSupportModulesInManaged (70ms)
			SetLoadedEditorAssemblies (13ms)
			RefreshPlugins (0ms)
			BeforeProcessingInitializeOnLoad (422ms)
			ProcessInitializeOnLoadAttributes (2542ms)
			ProcessInitializeOnLoadMethodAttributes (273ms)
			AfterProcessingInitializeOnLoad (39ms)
			EditorAssembliesLoaded (1ms)
		ExecutionOrderSort2 (0ms)
		AwakeInstancesAfterBackupRestoration (71ms)
Refreshing native plugins compatible for Editor in 52.53 ms, found 3 plugins.
Preloading 0 native plugins for Editor in 0.00 ms.
Unloading 4984 Unused Serialized files (Serialized files now loaded: 0)
Unloading 40 unused Assets / (366.8 KB). Loaded Objects now: 5801.
Memory consumption went from 249.7 MB to 249.4 MB.
Total: 19.262600 ms (FindLiveObjects: 3.239800 ms CreateObjectMapping: 0.898400 ms MarkObjects: 14.534100 ms  DeleteObjects: 0.587900 ms)

Prepare: number of updated asset objects reloaded= 0
AssetImportParameters requested are different than current active one (requested -> active):
  custom:container-demuxer-ogg: 62fdf1f143b41e24485cea50d1cbac27 -> 
  custom:video-decoder-ogg-theora: a1e56fd34408186e4bbccfd4996cb3dc -> 
  custom:framework-win-MediaFoundation: 216162199b28c13a410421893ffa2e32 -> 
  custom:CustomObjectIndexerAttribute: 4d1d7186bcbbfe361de5f0ad951e585c -> 
  custom:container-demuxer-webm: 4f35f7cbe854078d1ac9338744f61a02 -> 
  custom:container-muxer-webm: aa71ff27fc2769a1b78a27578f13a17b -> 
  custom:video-decoder-webm-vp8: 9c59270c3fd7afecdb556c50c9e8de78 -> 
  custom:SearchIndexIgnoredProperties: e643bd26f0fe6173181afceb89e7c659 -> 
  custom:AudioImporter_EditorPlatform: d09bf68614088b80899f8185d706f6e7 -> 
  custom:video-encoder-webm-vp8: eb34c28f22e8b96e1ab97ce403110664 -> 
  custom:audio-decoder-ogg-vorbis: bf7c407c2cedff20999df2af8eb42d56 -> 
  custom:audio-encoder-webm-vorbis: bf7c407c2cedff20999df2af8eb42d56 -> 
========================================================================
Received Import Request.
  Time since last request: 1884.882088 seconds.
  path: Assets/HoverIdleEffect.cs
  artifactKey: Guid(a60a7757baeef6349afd4e5d4e003ffc) Importer(815301076,1909f56bfc062723c751e8b465ee728b)
Start importing Assets/HoverIdleEffect.cs using Guid(a60a7757baeef6349afd4e5d4e003ffc) Importer(815301076,1909f56bfc062723c751e8b465ee728b)  -> (artifact id: '91f84a20f5dd25dd54506e07115a4b97') in 0.036451 seconds
Number of updated asset objects reloaded before import = 0
Number of asset objects unloaded after import = 0
========================================================================
Received Prepare
Begin MonoManager ReloadAssembly
- Loaded All Assemblies, in  5.578 seconds
Refreshing native plugins compatible for Editor in 165.72 ms, found 3 plugins.
Native extension for LinuxStandalone target not found
Native extension for WindowsStandalone target not found
Native extension for OSXStandalone target not found
Native extension for WebGL target not found
Mono: successfully reloaded assembly
- Finished resetting the current domain, in 52.834 seconds
Domain Reload Profiling: 58384ms
	BeginReloadAssembly (1355ms)
		ExecutionOrderSort (0ms)
		DisableScriptedObjects (37ms)
		BackupInstance (0ms)
		ReleaseScriptingObjects (0ms)
		CreateAndSetChildDomain (306ms)
	RebuildCommonClasses (262ms)
	RebuildNativeTypeToScriptingClass (64ms)
	initialDomainReloadingComplete (344ms)
	LoadAllAssembliesAndSetupDomain (3521ms)
		LoadAssemblies (3525ms)
		RebuildTransferFunctionScriptingTraits (0ms)
		AnalyzeDomain (823ms)
			TypeCache.Refresh (107ms)
				TypeCache.ScanAssembly (17ms)
			ScanForSourceGeneratedMonoScriptInfo (625ms)
			ResolveRequiredComponents (83ms)
	FinalizeReload (52837ms)
		ReleaseScriptCaches (0ms)
		RebuildScriptCaches (0ms)
		SetupLoadedEditorAssemblies (28039ms)
			LogAssemblyErrors (0ms)
			InitializePlatformSupportModulesInManaged (303ms)
			SetLoadedEditorAssemblies (63ms)
			RefreshPlugins (0ms)
			BeforeProcessingInitializeOnLoad (9639ms)
			ProcessInitializeOnLoadAttributes (11052ms)
			ProcessInitializeOnLoadMethodAttributes (6520ms)
			AfterProcessingInitializeOnLoad (449ms)
			EditorAssembliesLoaded (1ms)
		ExecutionOrderSort2 (0ms)
		AwakeInstancesAfterBackupRestoration (405ms)
Refreshing native plugins compatible for Editor in 35.75 ms, found 3 plugins.
Preloading 0 native plugins for Editor in 0.00 ms.
Unloading 4985 Unused Serialized files (Serialized files now loaded: 0)
Unloading 40 unused Assets / (366.7 KB). Loaded Objects now: 5806.
Memory consumption went from 251.7 MB to 251.3 MB.
Total: 13.950500 ms (FindLiveObjects: 1.604100 ms CreateObjectMapping: 1.776300 ms MarkObjects: 9.974700 ms  DeleteObjects: 0.593300 ms)

Prepare: number of updated asset objects reloaded= 0
AssetImportParameters requested are different than current active one (requested -> active):
  custom:container-demuxer-ogg: 62fdf1f143b41e24485cea50d1cbac27 -> 
  custom:video-decoder-ogg-theora: a1e56fd34408186e4bbccfd4996cb3dc -> 
  custom:framework-win-MediaFoundation: 216162199b28c13a410421893ffa2e32 -> 
  custom:CustomObjectIndexerAttribute: 4d1d7186bcbbfe361de5f0ad951e585c -> 
  custom:container-demuxer-webm: 4f35f7cbe854078d1ac9338744f61a02 -> 
  custom:container-muxer-webm: aa71ff27fc2769a1b78a27578f13a17b -> 
  custom:video-decoder-webm-vp8: 9c59270c3fd7afecdb556c50c9e8de78 -> 
  custom:SearchIndexIgnoredProperties: e643bd26f0fe6173181afceb89e7c659 -> 
  custom:AudioImporter_EditorPlatform: d09bf68614088b80899f8185d706f6e7 -> 
  custom:video-encoder-webm-vp8: eb34c28f22e8b96e1ab97ce403110664 -> 
  custom:audio-decoder-ogg-vorbis: bf7c407c2cedff20999df2af8eb42d56 -> 
  custom:audio-encoder-webm-vorbis: bf7c407c2cedff20999df2af8eb42d56 -> 
========================================================================
Received Prepare
Begin MonoManager ReloadAssembly
- Loaded All Assemblies, in  5.152 seconds
Refreshing native plugins compatible for Editor in 35.90 ms, found 3 plugins.
Native extension for LinuxStandalone target not found
Native extension for WindowsStandalone target not found
Native extension for OSXStandalone target not found
Native extension for WebGL target not found
Mono: successfully reloaded assembly
- Finished resetting the current domain, in 11.252 seconds
Domain Reload Profiling: 16374ms
	BeginReloadAssembly (2909ms)
		ExecutionOrderSort (0ms)
		DisableScriptedObjects (306ms)
		BackupInstance (0ms)
		ReleaseScriptingObjects (0ms)
		CreateAndSetChildDomain (1395ms)
	RebuildCommonClasses (236ms)
	RebuildNativeTypeToScriptingClass (72ms)
	initialDomainReloadingComplete (225ms)
	LoadAllAssembliesAndSetupDomain (1677ms)
		LoadAssemblies (2240ms)
		RebuildTransferFunctionScriptingTraits (0ms)
		AnalyzeDomain (86ms)
			TypeCache.Refresh (18ms)
				TypeCache.ScanAssembly (0ms)
			ScanForSourceGeneratedMonoScriptInfo (1ms)
			ResolveRequiredComponents (62ms)
	FinalizeReload (11254ms)
		ReleaseScriptCaches (0ms)
		RebuildScriptCaches (0ms)
		SetupLoadedEditorAssemblies (3474ms)
			LogAssemblyErrors (0ms)
			InitializePlatformSupportModulesInManaged (157ms)
			SetLoadedEditorAssemblies (18ms)
			RefreshPlugins (0ms)
			BeforeProcessingInitializeOnLoad (414ms)
			ProcessInitializeOnLoadAttributes (2351ms)
			ProcessInitializeOnLoadMethodAttributes (438ms)
			AfterProcessingInitializeOnLoad (95ms)
			EditorAssembliesLoaded (0ms)
		ExecutionOrderSort2 (0ms)
		AwakeInstancesAfterBackupRestoration (80ms)
Refreshing native plugins compatible for Editor in 92.96 ms, found 3 plugins.
Preloading 0 native plugins for Editor in 0.00 ms.
Unloading 4985 Unused Serialized files (Serialized files now loaded: 0)
Unloading 40 unused Assets / (366.8 KB). Loaded Objects now: 5810.
Memory consumption went from 253.6 MB to 253.2 MB.
Total: 13.481500 ms (FindLiveObjects: 2.247800 ms CreateObjectMapping: 1.020500 ms MarkObjects: 9.818400 ms  DeleteObjects: 0.393100 ms)

Prepare: number of updated asset objects reloaded= 0
AssetImportParameters requested are different than current active one (requested -> active):
  custom:container-demuxer-ogg: 62fdf1f143b41e24485cea50d1cbac27 -> 
  custom:video-decoder-ogg-theora: a1e56fd34408186e4bbccfd4996cb3dc -> 
  custom:framework-win-MediaFoundation: 216162199b28c13a410421893ffa2e32 -> 
  custom:CustomObjectIndexerAttribute: 4d1d7186bcbbfe361de5f0ad951e585c -> 
  custom:container-demuxer-webm: 4f35f7cbe854078d1ac9338744f61a02 -> 
  custom:container-muxer-webm: aa71ff27fc2769a1b78a27578f13a17b -> 
  custom:video-decoder-webm-vp8: 9c59270c3fd7afecdb556c50c9e8de78 -> 
  custom:SearchIndexIgnoredProperties: e643bd26f0fe6173181afceb89e7c659 -> 
  custom:AudioImporter_EditorPlatform: d09bf68614088b80899f8185d706f6e7 -> 
  custom:video-encoder-webm-vp8: eb34c28f22e8b96e1ab97ce403110664 -> 
  custom:audio-decoder-ogg-vorbis: bf7c407c2cedff20999df2af8eb42d56 -> 
  custom:audio-encoder-webm-vorbis: bf7c407c2cedff20999df2af8eb42d56 -> 
========================================================================
Received Import Request.
  Time since last request: 173.072089 seconds.
  path: Assets/xddd/Materials/Cinder_Block.jpg
  artifactKey: Guid(c722c2cb462ebcf4bb6fc4faf799afdf) Importer(815301076,1909f56bfc062723c751e8b465ee728b)
Start importing Assets/xddd/Materials/Cinder_Block.jpg using Guid(c722c2cb462ebcf4bb6fc4faf799afdf) Importer(815301076,1909f56bfc062723c751e8b465ee728b)  -> (artifact id: '223be861cf872c0e5c05823ba98c0f0d') in 0.761730 seconds
Number of updated asset objects reloaded before import = 0
Number of asset objects unloaded after import = 2
========================================================================
Received Import Request.
  Time since last request: 0.028479 seconds.
  path: Assets/xddd/Materials/Concrete_Block_8x8_Gray6.jpg
  artifactKey: Guid(cff9c229b48671643849dff2a590ab23) Importer(815301076,1909f56bfc062723c751e8b465ee728b)
Start importing Assets/xddd/Materials/Concrete_Block_8x8_Gray6.jpg using Guid(cff9c229b48671643849dff2a590ab23) Importer(815301076,1909f56bfc062723c751e8b465ee728b)  -> (artifact id: 'b3771478187d73ed36bfd422710ee021') in 0.601275 seconds
Number of updated asset objects reloaded before import = 0
Number of asset objects unloaded after import = 2
========================================================================
Received Import Request.
  Time since last request: 0.000987 seconds.
  path: Assets/xddd/Materials/Concrete_Block_8x8_Gray8.jpg
  artifactKey: Guid(99f04f987ff42794686dd4ad7ba5f176) Importer(815301076,1909f56bfc062723c751e8b465ee728b)
Start importing Assets/xddd/Materials/Concrete_Block_8x8_Gray8.jpg using Guid(99f04f987ff42794686dd4ad7ba5f176) Importer(815301076,1909f56bfc062723c751e8b465ee728b)  -> (artifact id: '01d64ca49d6fc4ae4692b7beac977fac') in 0.547208 seconds
Number of updated asset objects reloaded before import = 0
Number of asset objects unloaded after import = 2
========================================================================
Received Import Request.
  Time since last request: 0.000093 seconds.
  path: Assets/xddd/Materials/Concrete_Block_8x8_Gray9.jpg
  artifactKey: Guid(f95f9708df9850a429ce4117254dd4b6) Importer(815301076,1909f56bfc062723c751e8b465ee728b)
Start importing Assets/xddd/Materials/Concrete_Block_8x8_Gray9.jpg using Guid(f95f9708df9850a429ce4117254dd4b6) Importer(815301076,1909f56bfc062723c751e8b465ee728b)  -> (artifact id: '215e73f495de7b7ed535e8d296e36404') in 1.428298 seconds
Number of updated asset objects reloaded before import = 0
Number of asset objects unloaded after import = 2
========================================================================
Received Import Request.
  Time since last request: 0.079383 seconds.
  path: Assets/xddd/Materials/Concrete_Block_8x8_Gray4.jpg
  artifactKey: Guid(1acaa6fad68b93344b88f77a65f263f0) Importer(815301076,1909f56bfc062723c751e8b465ee728b)
Start importing Assets/xddd/Materials/Concrete_Block_8x8_Gray4.jpg using Guid(1acaa6fad68b93344b88f77a65f263f0) Importer(815301076,1909f56bfc062723c751e8b465ee728b)  -> (artifact id: 'bf55f6a09140e43cd9719367610c01f2') in 0.171387 seconds
Number of updated asset objects reloaded before import = 0
Number of asset objects unloaded after import = 2
========================================================================
Received Import Request.
  Time since last request: 0.000139 seconds.
  path: Assets/xddd/Materials/Concrete_Block_8x8_Gray7.jpg
  artifactKey: Guid(5c5dbedd96df6b5419c3c122ddf7b561) Importer(815301076,1909f56bfc062723c751e8b465ee728b)
Start importing Assets/xddd/Materials/Concrete_Block_8x8_Gray7.jpg using Guid(5c5dbedd96df6b5419c3c122ddf7b561) Importer(815301076,1909f56bfc062723c751e8b465ee728b)  -> (artifact id: 'cc97327b864671e1e96db7f083a107ae') in 0.371607 seconds
Number of updated asset objects reloaded before import = 0
Number of asset objects unloaded after import = 2
========================================================================
Received Import Request.
  Time since last request: 0.036917 seconds.
  path: Assets/xddd/Materials/Concrete_Block_8x8_Gray10.jpg
  artifactKey: Guid(7eeb8bbf831e2cb4bbcc77ef8e370b23) Importer(815301076,1909f56bfc062723c751e8b465ee728b)
Start importing Assets/xddd/Materials/Concrete_Block_8x8_Gray10.jpg using Guid(7eeb8bbf831e2cb4bbcc77ef8e370b23) Importer(815301076,1909f56bfc062723c751e8b465ee728b)  -> (artifact id: '771d6cacf93b52f914b03225bc4a4861') in 0.178544 seconds
Number of updated asset objects reloaded before import = 0
Number of asset objects unloaded after import = 2
========================================================================
Received Import Request.
  Time since last request: 0.004819 seconds.
  path: Assets/xddd/Materials/Concrete_Block_8x8_Gray 1.jpg
  artifactKey: Guid(a6dde2e0262195f47ad61bbdcb01c8f4) Importer(815301076,1909f56bfc062723c751e8b465ee728b)
Start importing Assets/xddd/Materials/Concrete_Block_8x8_Gray 1.jpg using Guid(a6dde2e0262195f47ad61bbdcb01c8f4) Importer(815301076,1909f56bfc062723c751e8b465ee728b)  -> (artifact id: 'c7af3d789ea76741a28c3f7068944497') in 0.158282 seconds
Number of updated asset objects reloaded before import = 0
Number of asset objects unloaded after import = 2
========================================================================
Received Prepare
Begin MonoManager ReloadAssembly
- Loaded All Assemblies, in 29.796 seconds
Refreshing native plugins compatible for Editor in 292.16 ms, found 3 plugins.
Native extension for LinuxStandalone target not found
Native extension for WindowsStandalone target not found
Native extension for OSXStandalone target not found
Native extension for WebGL target not found
Mono: successfully reloaded assembly
- Finished resetting the current domain, in 26.177 seconds
Domain Reload Profiling: 55806ms
	BeginReloadAssembly (6874ms)
		ExecutionOrderSort (0ms)
		DisableScriptedObjects (146ms)
		BackupInstance (0ms)
		ReleaseScriptingObjects (0ms)
		CreateAndSetChildDomain (818ms)
	RebuildCommonClasses (5677ms)
	RebuildNativeTypeToScriptingClass (343ms)
	initialDomainReloadingComplete (3502ms)
	LoadAllAssembliesAndSetupDomain (13230ms)
		LoadAssemblies (18332ms)
		RebuildTransferFunctionScriptingTraits (0ms)
		AnalyzeDomain (460ms)
			TypeCache.Refresh (176ms)
				TypeCache.ScanAssembly (0ms)
			ScanForSourceGeneratedMonoScriptInfo (1ms)
			ResolveRequiredComponents (233ms)
	FinalizeReload (26180ms)
		ReleaseScriptCaches (0ms)
		RebuildScriptCaches (0ms)
		SetupLoadedEditorAssemblies (11935ms)
			LogAssemblyErrors (0ms)
			InitializePlatformSupportModulesInManaged (540ms)
			SetLoadedEditorAssemblies (57ms)
			RefreshPlugins (0ms)
			BeforeProcessingInitializeOnLoad (1500ms)
			ProcessInitializeOnLoadAttributes (8269ms)
			ProcessInitializeOnLoadMethodAttributes (1371ms)
			AfterProcessingInitializeOnLoad (190ms)
			EditorAssembliesLoaded (8ms)
		ExecutionOrderSort2 (0ms)
		AwakeInstancesAfterBackupRestoration (1450ms)
Refreshing native plugins compatible for Editor in 345.43 ms, found 3 plugins.
Preloading 0 native plugins for Editor in 0.00 ms.
Unloading 4985 Unused Serialized files (Serialized files now loaded: 0)
Unloading 40 unused Assets / (366.9 KB). Loaded Objects now: 5817.
Memory consumption went from 255.5 MB to 255.2 MB.
Total: 61.684400 ms (FindLiveObjects: 7.420800 ms CreateObjectMapping: 13.773800 ms MarkObjects: 39.694700 ms  DeleteObjects: 0.792300 ms)

Prepare: number of updated asset objects reloaded= 0
AssetImportParameters requested are different than current active one (requested -> active):
  custom:container-demuxer-ogg: 62fdf1f143b41e24485cea50d1cbac27 -> 
  custom:video-decoder-ogg-theora: a1e56fd34408186e4bbccfd4996cb3dc -> 
  custom:framework-win-MediaFoundation: 216162199b28c13a410421893ffa2e32 -> 
  custom:CustomObjectIndexerAttribute: 4d1d7186bcbbfe361de5f0ad951e585c -> 
  custom:container-demuxer-webm: 4f35f7cbe854078d1ac9338744f61a02 -> 
  custom:container-muxer-webm: aa71ff27fc2769a1b78a27578f13a17b -> 
  custom:video-decoder-webm-vp8: 9c59270c3fd7afecdb556c50c9e8de78 -> 
  custom:SearchIndexIgnoredProperties: e643bd26f0fe6173181afceb89e7c659 -> 
  custom:AudioImporter_EditorPlatform: d09bf68614088b80899f8185d706f6e7 -> 
  custom:video-encoder-webm-vp8: eb34c28f22e8b96e1ab97ce403110664 -> 
  custom:audio-decoder-ogg-vorbis: bf7c407c2cedff20999df2af8eb42d56 -> 
  custom:audio-encoder-webm-vorbis: bf7c407c2cedff20999df2af8eb42d56 -> 
========================================================================
Received Prepare
Begin MonoManager ReloadAssembly
- Loaded All Assemblies, in  4.817 seconds
Refreshing native plugins compatible for Editor in 25.12 ms, found 3 plugins.
Native extension for LinuxStandalone target not found
Native extension for WindowsStandalone target not found
Native extension for OSXStandalone target not found
Native extension for WebGL target not found
Mono: successfully reloaded assembly
- Finished resetting the current domain, in 15.951 seconds
Domain Reload Profiling: 20754ms
	BeginReloadAssembly (981ms)
		ExecutionOrderSort (0ms)
		DisableScriptedObjects (43ms)
		BackupInstance (0ms)
		ReleaseScriptingObjects (0ms)
		CreateAndSetChildDomain (274ms)
	RebuildCommonClasses (356ms)
	RebuildNativeTypeToScriptingClass (493ms)
	initialDomainReloadingComplete (218ms)
	LoadAllAssembliesAndSetupDomain (2748ms)
		LoadAssemblies (3030ms)
		RebuildTransferFunctionScriptingTraits (0ms)
		AnalyzeDomain (200ms)
			TypeCache.Refresh (18ms)
				TypeCache.ScanAssembly (0ms)
			ScanForSourceGeneratedMonoScriptInfo (2ms)
			ResolveRequiredComponents (109ms)
	FinalizeReload (15958ms)
		ReleaseScriptCaches (0ms)
		RebuildScriptCaches (0ms)
		SetupLoadedEditorAssemblies (5254ms)
			LogAssemblyErrors (0ms)
			InitializePlatformSupportModulesInManaged (248ms)
			SetLoadedEditorAssemblies (67ms)
			RefreshPlugins (0ms)
			BeforeProcessingInitializeOnLoad (934ms)
			ProcessInitializeOnLoadAttributes (3398ms)
			ProcessInitializeOnLoadMethodAttributes (444ms)
			AfterProcessingInitializeOnLoad (151ms)
			EditorAssembliesLoaded (11ms)
		ExecutionOrderSort2 (0ms)
		AwakeInstancesAfterBackupRestoration (300ms)
Refreshing native plugins compatible for Editor in 56.22 ms, found 3 plugins.
Preloading 0 native plugins for Editor in 0.00 ms.
Unloading 4985 Unused Serialized files (Serialized files now loaded: 0)
Unloading 40 unused Assets / (366.8 KB). Loaded Objects now: 5821.
Memory consumption went from 257.4 MB to 257.1 MB.
Total: 41.236000 ms (FindLiveObjects: 1.996000 ms CreateObjectMapping: 12.395600 ms MarkObjects: 25.628800 ms  DeleteObjects: 1.212400 ms)

Prepare: number of updated asset objects reloaded= 0
AssetImportParameters requested are different than current active one (requested -> active):
  custom:container-demuxer-ogg: 62fdf1f143b41e24485cea50d1cbac27 -> 
  custom:video-decoder-ogg-theora: a1e56fd34408186e4bbccfd4996cb3dc -> 
  custom:framework-win-MediaFoundation: 216162199b28c13a410421893ffa2e32 -> 
  custom:CustomObjectIndexerAttribute: 4d1d7186bcbbfe361de5f0ad951e585c -> 
  custom:container-demuxer-webm: 4f35f7cbe854078d1ac9338744f61a02 -> 
  custom:container-muxer-webm: aa71ff27fc2769a1b78a27578f13a17b -> 
  custom:video-decoder-webm-vp8: 9c59270c3fd7afecdb556c50c9e8de78 -> 
  custom:SearchIndexIgnoredProperties: e643bd26f0fe6173181afceb89e7c659 -> 
  custom:AudioImporter_EditorPlatform: d09bf68614088b80899f8185d706f6e7 -> 
  custom:video-encoder-webm-vp8: eb34c28f22e8b96e1ab97ce403110664 -> 
  custom:audio-decoder-ogg-vorbis: bf7c407c2cedff20999df2af8eb42d56 -> 
  custom:audio-encoder-webm-vorbis: bf7c407c2cedff20999df2af8eb42d56 -> 
========================================================================
Received Prepare
Begin MonoManager ReloadAssembly
- Loaded All Assemblies, in  4.285 seconds
Refreshing native plugins compatible for Editor in 48.45 ms, found 3 plugins.
Native extension for LinuxStandalone target not found
Native extension for WindowsStandalone target not found
Native extension for OSXStandalone target not found
Native extension for WebGL target not found
Mono: successfully reloaded assembly
- Finished resetting the current domain, in 17.405 seconds
Domain Reload Profiling: 21672ms
	BeginReloadAssembly (1042ms)
		ExecutionOrderSort (0ms)
		DisableScriptedObjects (55ms)
		BackupInstance (0ms)
		ReleaseScriptingObjects (0ms)
		CreateAndSetChildDomain (229ms)
	RebuildCommonClasses (809ms)
	RebuildNativeTypeToScriptingClass (152ms)
	initialDomainReloadingComplete (225ms)
	LoadAllAssembliesAndSetupDomain (2034ms)
		LoadAssemblies (2414ms)
		RebuildTransferFunctionScriptingTraits (0ms)
		AnalyzeDomain (194ms)
			TypeCache.Refresh (50ms)
				TypeCache.ScanAssembly (0ms)
			ScanForSourceGeneratedMonoScriptInfo (1ms)
			ResolveRequiredComponents (135ms)
	FinalizeReload (17409ms)
		ReleaseScriptCaches (0ms)
		RebuildScriptCaches (0ms)
		SetupLoadedEditorAssemblies (6512ms)
			LogAssemblyErrors (0ms)
			InitializePlatformSupportModulesInManaged (116ms)
			SetLoadedEditorAssemblies (14ms)
			RefreshPlugins (0ms)
			BeforeProcessingInitializeOnLoad (659ms)
			ProcessInitializeOnLoadAttributes (5119ms)
			ProcessInitializeOnLoadMethodAttributes (519ms)
			AfterProcessingInitializeOnLoad (83ms)
			EditorAssembliesLoaded (1ms)
		ExecutionOrderSort2 (0ms)
		AwakeInstancesAfterBackupRestoration (233ms)
Refreshing native plugins compatible for Editor in 33.82 ms, found 3 plugins.
Preloading 0 native plugins for Editor in 0.00 ms.
Unloading 4985 Unused Serialized files (Serialized files now loaded: 0)
Unloading 40 unused Assets / (366.8 KB). Loaded Objects now: 5825.
Memory consumption went from 259.4 MB to 259.0 MB.
Total: 14.023300 ms (FindLiveObjects: 0.928100 ms CreateObjectMapping: 1.982500 ms MarkObjects: 10.593000 ms  DeleteObjects: 0.517000 ms)

Prepare: number of updated asset objects reloaded= 0
AssetImportParameters requested are different than current active one (requested -> active):
  custom:container-demuxer-ogg: 62fdf1f143b41e24485cea50d1cbac27 -> 
  custom:video-decoder-ogg-theora: a1e56fd34408186e4bbccfd4996cb3dc -> 
  custom:framework-win-MediaFoundation: 216162199b28c13a410421893ffa2e32 -> 
  custom:CustomObjectIndexerAttribute: 4d1d7186bcbbfe361de5f0ad951e585c -> 
  custom:container-demuxer-webm: 4f35f7cbe854078d1ac9338744f61a02 -> 
  custom:container-muxer-webm: aa71ff27fc2769a1b78a27578f13a17b -> 
  custom:video-decoder-webm-vp8: 9c59270c3fd7afecdb556c50c9e8de78 -> 
  custom:SearchIndexIgnoredProperties: e643bd26f0fe6173181afceb89e7c659 -> 
  custom:AudioImporter_EditorPlatform: d09bf68614088b80899f8185d706f6e7 -> 
  custom:video-encoder-webm-vp8: eb34c28f22e8b96e1ab97ce403110664 -> 
  custom:audio-decoder-ogg-vorbis: bf7c407c2cedff20999df2af8eb42d56 -> 
  custom:audio-encoder-webm-vorbis: bf7c407c2cedff20999df2af8eb42d56 -> 
========================================================================
Received Prepare
Begin MonoManager ReloadAssembly
- Loaded All Assemblies, in 15.298 seconds
Refreshing native plugins compatible for Editor in 69.05 ms, found 3 plugins.
Native extension for LinuxStandalone target not found
Native extension for WindowsStandalone target not found
Native extension for OSXStandalone target not found
Native extension for WebGL target not found
Mono: successfully reloaded assembly
- Finished resetting the current domain, in 35.926 seconds
Domain Reload Profiling: 51178ms
	BeginReloadAssembly (4071ms)
		ExecutionOrderSort (0ms)
		DisableScriptedObjects (71ms)
		BackupInstance (0ms)
		ReleaseScriptingObjects (1ms)
		CreateAndSetChildDomain (594ms)
	RebuildCommonClasses (2004ms)
	RebuildNativeTypeToScriptingClass (302ms)
	initialDomainReloadingComplete (398ms)
	LoadAllAssembliesAndSetupDomain (8468ms)
		LoadAssemblies (10101ms)
		RebuildTransferFunctionScriptingTraits (0ms)
		AnalyzeDomain (1276ms)
			TypeCache.Refresh (69ms)
				TypeCache.ScanAssembly (0ms)
			ScanForSourceGeneratedMonoScriptInfo (1ms)
			ResolveRequiredComponents (1162ms)
	FinalizeReload (35936ms)
		ReleaseScriptCaches (0ms)
		RebuildScriptCaches (0ms)
		SetupLoadedEditorAssemblies (15227ms)
			LogAssemblyErrors (0ms)
			InitializePlatformSupportModulesInManaged (181ms)
			SetLoadedEditorAssemblies (16ms)
			RefreshPlugins (0ms)
			BeforeProcessingInitializeOnLoad (1248ms)
			ProcessInitializeOnLoadAttributes (11334ms)
			ProcessInitializeOnLoadMethodAttributes (2332ms)
			AfterProcessingInitializeOnLoad (113ms)
			EditorAssembliesLoaded (2ms)
		ExecutionOrderSort2 (0ms)
		AwakeInstancesAfterBackupRestoration (224ms)
Refreshing native plugins compatible for Editor in 99.97 ms, found 3 plugins.
Preloading 0 native plugins for Editor in 0.00 ms.
Unloading 4985 Unused Serialized files (Serialized files now loaded: 0)
Unloading 40 unused Assets / (366.7 KB). Loaded Objects now: 5829.
Memory consumption went from 261.3 MB to 260.9 MB.
Total: 82.490000 ms (FindLiveObjects: 2.450900 ms CreateObjectMapping: 10.149900 ms MarkObjects: 69.170400 ms  DeleteObjects: 0.712700 ms)

Prepare: number of updated asset objects reloaded= 0
AssetImportParameters requested are different than current active one (requested -> active):
  custom:container-demuxer-ogg: 62fdf1f143b41e24485cea50d1cbac27 -> 
  custom:video-decoder-ogg-theora: a1e56fd34408186e4bbccfd4996cb3dc -> 
  custom:framework-win-MediaFoundation: 216162199b28c13a410421893ffa2e32 -> 
  custom:CustomObjectIndexerAttribute: 4d1d7186bcbbfe361de5f0ad951e585c -> 
  custom:container-demuxer-webm: 4f35f7cbe854078d1ac9338744f61a02 -> 
  custom:container-muxer-webm: aa71ff27fc2769a1b78a27578f13a17b -> 
  custom:video-decoder-webm-vp8: 9c59270c3fd7afecdb556c50c9e8de78 -> 
  custom:SearchIndexIgnoredProperties: e643bd26f0fe6173181afceb89e7c659 -> 
  custom:AudioImporter_EditorPlatform: d09bf68614088b80899f8185d706f6e7 -> 
  custom:video-encoder-webm-vp8: eb34c28f22e8b96e1ab97ce403110664 -> 
  custom:audio-decoder-ogg-vorbis: bf7c407c2cedff20999df2af8eb42d56 -> 
  custom:audio-encoder-webm-vorbis: bf7c407c2cedff20999df2af8eb42d56 -> 
========================================================================
Received Prepare
Begin MonoManager ReloadAssembly
- Loaded All Assemblies, in 25.740 seconds
Refreshing native plugins compatible for Editor in 92.84 ms, found 3 plugins.
Native extension for LinuxStandalone target not found
Native extension for WindowsStandalone target not found
Native extension for OSXStandalone target not found
Native extension for WebGL target not found
Mono: successfully reloaded assembly
- Finished resetting the current domain, in 44.297 seconds
Domain Reload Profiling: 69952ms
	BeginReloadAssembly (6664ms)
		ExecutionOrderSort (0ms)
		DisableScriptedObjects (64ms)
		BackupInstance (0ms)
		ReleaseScriptingObjects (0ms)
		CreateAndSetChildDomain (505ms)
	RebuildCommonClasses (1154ms)
	RebuildNativeTypeToScriptingClass (669ms)
	initialDomainReloadingComplete (2921ms)
	LoadAllAssembliesAndSetupDomain (14244ms)
		LoadAssemblies (18898ms)
		RebuildTransferFunctionScriptingTraits (0ms)
		AnalyzeDomain (1080ms)
			TypeCache.Refresh (49ms)
				TypeCache.ScanAssembly (0ms)
			ScanForSourceGeneratedMonoScriptInfo (1ms)
			ResolveRequiredComponents (997ms)
	FinalizeReload (44299ms)
		ReleaseScriptCaches (0ms)
		RebuildScriptCaches (0ms)
		SetupLoadedEditorAssemblies (5628ms)
			LogAssemblyErrors (0ms)
			InitializePlatformSupportModulesInManaged (103ms)
			SetLoadedEditorAssemblies (27ms)
			RefreshPlugins (0ms)
			BeforeProcessingInitializeOnLoad (863ms)
			ProcessInitializeOnLoadAttributes (3999ms)
			ProcessInitializeOnLoadMethodAttributes (552ms)
			AfterProcessingInitializeOnLoad (83ms)
			EditorAssembliesLoaded (0ms)
		ExecutionOrderSort2 (0ms)
		AwakeInstancesAfterBackupRestoration (98ms)
Script is not up to date after domain reload: guid(a60a7757baeef6349afd4e5d4e003ffc) path("Assets/HoverIdleEffect.cs") state(2)
Refreshing native plugins compatible for Editor in 187.40 ms, found 3 plugins.
Preloading 0 native plugins for Editor in 0.00 ms.
Unloading 4984 Unused Serialized files (Serialized files now loaded: 0)
Unloading 40 unused Assets / (366.8 KB). Loaded Objects now: 5832.
Memory consumption went from 263.2 MB to 262.8 MB.
Total: 34.021900 ms (FindLiveObjects: 5.329500 ms CreateObjectMapping: 1.412100 ms MarkObjects: 26.814100 ms  DeleteObjects: 0.463500 ms)

Prepare: number of updated asset objects reloaded= 0
AssetImportParameters requested are different than current active one (requested -> active):
  custom:container-demuxer-ogg: 62fdf1f143b41e24485cea50d1cbac27 -> 
  custom:video-decoder-ogg-theora: a1e56fd34408186e4bbccfd4996cb3dc -> 
  custom:framework-win-MediaFoundation: 216162199b28c13a410421893ffa2e32 -> 
  custom:CustomObjectIndexerAttribute: 4d1d7186bcbbfe361de5f0ad951e585c -> 
  custom:container-demuxer-webm: 4f35f7cbe854078d1ac9338744f61a02 -> 
  custom:container-muxer-webm: aa71ff27fc2769a1b78a27578f13a17b -> 
  custom:video-decoder-webm-vp8: 9c59270c3fd7afecdb556c50c9e8de78 -> 
  custom:SearchIndexIgnoredProperties: e643bd26f0fe6173181afceb89e7c659 -> 
  custom:AudioImporter_EditorPlatform: d09bf68614088b80899f8185d706f6e7 -> 
  custom:video-encoder-webm-vp8: eb34c28f22e8b96e1ab97ce403110664 -> 
  custom:audio-decoder-ogg-vorbis: bf7c407c2cedff20999df2af8eb42d56 -> 
  custom:audio-encoder-webm-vorbis: bf7c407c2cedff20999df2af8eb42d56 -> 
========================================================================
Received Prepare
Begin MonoManager ReloadAssembly
- Loaded All Assemblies, in 14.432 seconds
Refreshing native plugins compatible for Editor in 104.94 ms, found 3 plugins.
Native extension for LinuxStandalone target not found
Native extension for WindowsStandalone target not found
Native extension for OSXStandalone target not found
Native extension for WebGL target not found
Mono: successfully reloaded assembly
- Finished resetting the current domain, in 45.353 seconds
Domain Reload Profiling: 59593ms
	BeginReloadAssembly (5575ms)
		ExecutionOrderSort (0ms)
		DisableScriptedObjects (61ms)
		BackupInstance (0ms)
		ReleaseScriptingObjects (0ms)
		CreateAndSetChildDomain (2037ms)
	RebuildCommonClasses (1479ms)
	RebuildNativeTypeToScriptingClass (186ms)
	initialDomainReloadingComplete (578ms)
	LoadAllAssembliesAndSetupDomain (6418ms)
		LoadAssemblies (8836ms)
		RebuildTransferFunctionScriptingTraits (0ms)
		AnalyzeDomain (584ms)
			TypeCache.Refresh (66ms)
				TypeCache.ScanAssembly (15ms)
			ScanForSourceGeneratedMonoScriptInfo (311ms)
			ResolveRequiredComponents (186ms)
	FinalizeReload (45357ms)
		ReleaseScriptCaches (0ms)
		RebuildScriptCaches (0ms)
		SetupLoadedEditorAssemblies (15281ms)
			LogAssemblyErrors (0ms)
			InitializePlatformSupportModulesInManaged (240ms)
			SetLoadedEditorAssemblies (39ms)
			RefreshPlugins (0ms)
			BeforeProcessingInitializeOnLoad (1587ms)
			ProcessInitializeOnLoadAttributes (12245ms)
			ProcessInitializeOnLoadMethodAttributes (1065ms)
			AfterProcessingInitializeOnLoad (104ms)
			EditorAssembliesLoaded (1ms)
		ExecutionOrderSort2 (0ms)
		AwakeInstancesAfterBackupRestoration (660ms)
Refreshing native plugins compatible for Editor in 4639.53 ms, found 3 plugins.
Preloading 0 native plugins for Editor in 0.00 ms.
Unloading 4985 Unused Serialized files (Serialized files now loaded: 0)
Unloading 40 unused Assets / (366.8 KB). Loaded Objects now: 5837.
Memory consumption went from 265.1 MB to 264.8 MB.
Total: 403.788800 ms (FindLiveObjects: 2.361100 ms CreateObjectMapping: 12.414600 ms MarkObjects: 388.564100 ms  DeleteObjects: 0.444700 ms)

Prepare: number of updated asset objects reloaded= 0
AssetImportParameters requested are different than current active one (requested -> active):
  custom:container-demuxer-ogg: 62fdf1f143b41e24485cea50d1cbac27 -> 
  custom:video-decoder-ogg-theora: a1e56fd34408186e4bbccfd4996cb3dc -> 
  custom:framework-win-MediaFoundation: 216162199b28c13a410421893ffa2e32 -> 
  custom:CustomObjectIndexerAttribute: 4d1d7186bcbbfe361de5f0ad951e585c -> 
  custom:container-demuxer-webm: 4f35f7cbe854078d1ac9338744f61a02 -> 
  custom:container-muxer-webm: aa71ff27fc2769a1b78a27578f13a17b -> 
  custom:video-decoder-webm-vp8: 9c59270c3fd7afecdb556c50c9e8de78 -> 
  custom:SearchIndexIgnoredProperties: e643bd26f0fe6173181afceb89e7c659 -> 
  custom:AudioImporter_EditorPlatform: d09bf68614088b80899f8185d706f6e7 -> 
  custom:video-encoder-webm-vp8: eb34c28f22e8b96e1ab97ce403110664 -> 
  custom:audio-decoder-ogg-vorbis: bf7c407c2cedff20999df2af8eb42d56 -> 
  custom:audio-encoder-webm-vorbis: bf7c407c2cedff20999df2af8eb42d56 -> 
========================================================================
Received Prepare
Begin MonoManager ReloadAssembly
- Loaded All Assemblies, in 16.833 seconds
Refreshing native plugins compatible for Editor in 150.82 ms, found 3 plugins.
Native extension for LinuxStandalone target not found
Native extension for WindowsStandalone target not found
Native extension for OSXStandalone target not found
Native extension for WebGL target not found
Mono: successfully reloaded assembly
- Finished resetting the current domain, in 59.302 seconds
Domain Reload Profiling: 75998ms
	BeginReloadAssembly (5257ms)
		ExecutionOrderSort (0ms)
		DisableScriptedObjects (50ms)
		BackupInstance (0ms)
		ReleaseScriptingObjects (0ms)
		CreateAndSetChildDomain (1478ms)
	RebuildCommonClasses (491ms)
	RebuildNativeTypeToScriptingClass (134ms)
	initialDomainReloadingComplete (877ms)
	LoadAllAssembliesAndSetupDomain (9926ms)
		LoadAssemblies (9736ms)
		RebuildTransferFunctionScriptingTraits (0ms)
		AnalyzeDomain (2729ms)
			TypeCache.Refresh (717ms)
				TypeCache.ScanAssembly (83ms)
			ScanForSourceGeneratedMonoScriptInfo (375ms)
			ResolveRequiredComponents (1439ms)
	FinalizeReload (59313ms)
		ReleaseScriptCaches (0ms)
		RebuildScriptCaches (0ms)
		SetupLoadedEditorAssemblies (21313ms)
			LogAssemblyErrors (0ms)
			InitializePlatformSupportModulesInManaged (348ms)
			SetLoadedEditorAssemblies (34ms)
			RefreshPlugins (0ms)
			BeforeProcessingInitializeOnLoad (2043ms)
			ProcessInitializeOnLoadAttributes (16634ms)
			ProcessInitializeOnLoadMethodAttributes (1899ms)
			AfterProcessingInitializeOnLoad (355ms)
			EditorAssembliesLoaded (0ms)
		ExecutionOrderSort2 (0ms)
		AwakeInstancesAfterBackupRestoration (198ms)
Refreshing native plugins compatible for Editor in 174.07 ms, found 3 plugins.
Preloading 0 native plugins for Editor in 0.00 ms.
Unloading 4985 Unused Serialized files (Serialized files now loaded: 0)
Unloading 40 unused Assets / (367.1 KB). Loaded Objects now: 5841.
Memory consumption went from 267.1 MB to 266.7 MB.
Total: 61.449000 ms (FindLiveObjects: 24.711100 ms CreateObjectMapping: 16.417700 ms MarkObjects: 19.441400 ms  DeleteObjects: 0.873600 ms)

Prepare: number of updated asset objects reloaded= 0
AssetImportParameters requested are different than current active one (requested -> active):
  custom:container-demuxer-ogg: 62fdf1f143b41e24485cea50d1cbac27 -> 
  custom:video-decoder-ogg-theora: a1e56fd34408186e4bbccfd4996cb3dc -> 
  custom:framework-win-MediaFoundation: 216162199b28c13a410421893ffa2e32 -> 
  custom:CustomObjectIndexerAttribute: 4d1d7186bcbbfe361de5f0ad951e585c -> 
  custom:container-demuxer-webm: 4f35f7cbe854078d1ac9338744f61a02 -> 
  custom:container-muxer-webm: aa71ff27fc2769a1b78a27578f13a17b -> 
  custom:video-decoder-webm-vp8: 9c59270c3fd7afecdb556c50c9e8de78 -> 
  custom:SearchIndexIgnoredProperties: e643bd26f0fe6173181afceb89e7c659 -> 
  custom:AudioImporter_EditorPlatform: d09bf68614088b80899f8185d706f6e7 -> 
  custom:video-encoder-webm-vp8: eb34c28f22e8b96e1ab97ce403110664 -> 
  custom:audio-decoder-ogg-vorbis: bf7c407c2cedff20999df2af8eb42d56 -> 
  custom:audio-encoder-webm-vorbis: bf7c407c2cedff20999df2af8eb42d56 -> 
========================================================================
Received Prepare
Begin MonoManager ReloadAssembly
- Loaded All Assemblies, in 13.058 seconds
Refreshing native plugins compatible for Editor in 135.61 ms, found 3 plugins.
Native extension for LinuxStandalone target not found
Native extension for WindowsStandalone target not found
Native extension for OSXStandalone target not found
Native extension for WebGL target not found
Mono: successfully reloaded assembly
- Finished resetting the current domain, in 10.395 seconds
Domain Reload Profiling: 23405ms
	BeginReloadAssembly (4157ms)
		ExecutionOrderSort (0ms)
		DisableScriptedObjects (189ms)
		BackupInstance (0ms)
		ReleaseScriptingObjects (0ms)
		CreateAndSetChildDomain (363ms)
	RebuildCommonClasses (3456ms)
	RebuildNativeTypeToScriptingClass (982ms)
	initialDomainReloadingComplete (596ms)
	LoadAllAssembliesAndSetupDomain (3815ms)
		LoadAssemblies (6771ms)
		RebuildTransferFunctionScriptingTraits (0ms)
		AnalyzeDomain (296ms)
			TypeCache.Refresh (52ms)
				TypeCache.ScanAssembly (5ms)
			ScanForSourceGeneratedMonoScriptInfo (171ms)
			ResolveRequiredComponents (63ms)
	FinalizeReload (10400ms)
		ReleaseScriptCaches (0ms)
		RebuildScriptCaches (0ms)
		SetupLoadedEditorAssemblies (3004ms)
			LogAssemblyErrors (0ms)
			InitializePlatformSupportModulesInManaged (105ms)
			SetLoadedEditorAssemblies (16ms)
			RefreshPlugins (0ms)
			BeforeProcessingInitializeOnLoad (373ms)
			ProcessInitializeOnLoadAttributes (2163ms)
			ProcessInitializeOnLoadMethodAttributes (286ms)
			AfterProcessingInitializeOnLoad (57ms)
			EditorAssembliesLoaded (3ms)
		ExecutionOrderSort2 (0ms)
		AwakeInstancesAfterBackupRestoration (98ms)
Refreshing native plugins compatible for Editor in 29.57 ms, found 3 plugins.
Preloading 0 native plugins for Editor in 0.00 ms.
Unloading 4985 Unused Serialized files (Serialized files now loaded: 0)
Unloading 40 unused Assets / (367.1 KB). Loaded Objects now: 5845.
Memory consumption went from 269.0 MB to 268.6 MB.
Total: 15.909900 ms (FindLiveObjects: 3.371000 ms CreateObjectMapping: 1.122700 ms MarkObjects: 10.951700 ms  DeleteObjects: 0.462200 ms)

Prepare: number of updated asset objects reloaded= 0
AssetImportParameters requested are different than current active one (requested -> active):
  custom:container-demuxer-ogg: 62fdf1f143b41e24485cea50d1cbac27 -> 
  custom:video-decoder-ogg-theora: a1e56fd34408186e4bbccfd4996cb3dc -> 
  custom:framework-win-MediaFoundation: 216162199b28c13a410421893ffa2e32 -> 
  custom:CustomObjectIndexerAttribute: 4d1d7186bcbbfe361de5f0ad951e585c -> 
  custom:container-demuxer-webm: 4f35f7cbe854078d1ac9338744f61a02 -> 
  custom:container-muxer-webm: aa71ff27fc2769a1b78a27578f13a17b -> 
  custom:video-decoder-webm-vp8: 9c59270c3fd7afecdb556c50c9e8de78 -> 
  custom:SearchIndexIgnoredProperties: e643bd26f0fe6173181afceb89e7c659 -> 
  custom:AudioImporter_EditorPlatform: d09bf68614088b80899f8185d706f6e7 -> 
  custom:video-encoder-webm-vp8: eb34c28f22e8b96e1ab97ce403110664 -> 
  custom:audio-decoder-ogg-vorbis: bf7c407c2cedff20999df2af8eb42d56 -> 
  custom:audio-encoder-webm-vorbis: bf7c407c2cedff20999df2af8eb42d56 -> 
========================================================================
Received Prepare
Begin MonoManager ReloadAssembly
- Loaded All Assemblies, in  4.620 seconds
Refreshing native plugins compatible for Editor in 39.67 ms, found 3 plugins.
Native extension for LinuxStandalone target not found
Native extension for WindowsStandalone target not found
Native extension for OSXStandalone target not found
Native extension for WebGL target not found
Mono: successfully reloaded assembly
- Finished resetting the current domain, in 14.888 seconds
Domain Reload Profiling: 19489ms
	BeginReloadAssembly (1920ms)
		ExecutionOrderSort (0ms)
		DisableScriptedObjects (22ms)
		BackupInstance (0ms)
		ReleaseScriptingObjects (0ms)
		CreateAndSetChildDomain (176ms)
	RebuildCommonClasses (334ms)
	RebuildNativeTypeToScriptingClass (92ms)
	initialDomainReloadingComplete (242ms)
	LoadAllAssembliesAndSetupDomain (2005ms)
		LoadAssemblies (3412ms)
		RebuildTransferFunctionScriptingTraits (0ms)
		AnalyzeDomain (160ms)
			TypeCache.Refresh (19ms)
				TypeCache.ScanAssembly (0ms)
			ScanForSourceGeneratedMonoScriptInfo (1ms)
			ResolveRequiredComponents (99ms)
	FinalizeReload (14895ms)
		ReleaseScriptCaches (0ms)
		RebuildScriptCaches (0ms)
		SetupLoadedEditorAssemblies (3941ms)
			LogAssemblyErrors (0ms)
			InitializePlatformSupportModulesInManaged (206ms)
			SetLoadedEditorAssemblies (37ms)
			RefreshPlugins (0ms)
			BeforeProcessingInitializeOnLoad (410ms)
			ProcessInitializeOnLoadAttributes (2862ms)
			ProcessInitializeOnLoadMethodAttributes (390ms)
			AfterProcessingInitializeOnLoad (35ms)
			EditorAssembliesLoaded (0ms)
		ExecutionOrderSort2 (0ms)
		AwakeInstancesAfterBackupRestoration (90ms)
Refreshing native plugins compatible for Editor in 40.96 ms, found 3 plugins.
Preloading 0 native plugins for Editor in 0.00 ms.
Unloading 4985 Unused Serialized files (Serialized files now loaded: 0)
Unloading 40 unused Assets / (367.1 KB). Loaded Objects now: 5849.
Memory consumption went from 270.9 MB to 270.5 MB.
Total: 30.371200 ms (FindLiveObjects: 1.683700 ms CreateObjectMapping: 2.312600 ms MarkObjects: 24.059900 ms  DeleteObjects: 2.312700 ms)

Prepare: number of updated asset objects reloaded= 0
AssetImportParameters requested are different than current active one (requested -> active):
  custom:container-demuxer-ogg: 62fdf1f143b41e24485cea50d1cbac27 -> 
  custom:video-decoder-ogg-theora: a1e56fd34408186e4bbccfd4996cb3dc -> 
  custom:framework-win-MediaFoundation: 216162199b28c13a410421893ffa2e32 -> 
  custom:CustomObjectIndexerAttribute: 4d1d7186bcbbfe361de5f0ad951e585c -> 
  custom:container-demuxer-webm: 4f35f7cbe854078d1ac9338744f61a02 -> 
  custom:container-muxer-webm: aa71ff27fc2769a1b78a27578f13a17b -> 
  custom:video-decoder-webm-vp8: 9c59270c3fd7afecdb556c50c9e8de78 -> 
  custom:SearchIndexIgnoredProperties: e643bd26f0fe6173181afceb89e7c659 -> 
  custom:AudioImporter_EditorPlatform: d09bf68614088b80899f8185d706f6e7 -> 
  custom:video-encoder-webm-vp8: eb34c28f22e8b96e1ab97ce403110664 -> 
  custom:audio-decoder-ogg-vorbis: bf7c407c2cedff20999df2af8eb42d56 -> 
  custom:audio-encoder-webm-vorbis: bf7c407c2cedff20999df2af8eb42d56 -> 
========================================================================
Received Import Request.
  Time since last request: 999.030245 seconds.
  path: Assets/HoverIdleEffect.cs
  artifactKey: Guid(a60a7757baeef6349afd4e5d4e003ffc) Importer(815301076,1909f56bfc062723c751e8b465ee728b)
Start importing Assets/HoverIdleEffect.cs using Guid(a60a7757baeef6349afd4e5d4e003ffc) Importer(815301076,1909f56bfc062723c751e8b465ee728b)  -> (artifact id: '7bd6bdfe05572dff472a094d48f23e37') in 0.011000 seconds
Number of updated asset objects reloaded before import = 0
Number of asset objects unloaded after import = 0
========================================================================
Received Import Request.
  Time since last request: 43.472632 seconds.
  path: Assets/Enemigos/Enemigo.prefab
  artifactKey: Guid(1ca4a886587e0ec46af91f53a36dfc44) Importer(815301076,1909f56bfc062723c751e8b465ee728b)
Start importing Assets/Enemigos/Enemigo.prefab using Guid(1ca4a886587e0ec46af91f53a36dfc44) Importer(815301076,1909f56bfc062723c751e8b465ee728b)  -> (artifact id: '4d98b55b65e45a624d48ad41a3b3a402') in 6.151473 seconds
Number of updated asset objects reloaded before import = 0
Number of asset objects unloaded after import = 67
========================================================================
Received Prepare
Begin MonoManager ReloadAssembly
- Loaded All Assemblies, in  9.590 seconds
Refreshing native plugins compatible for Editor in 56.76 ms, found 3 plugins.
Native extension for LinuxStandalone target not found
Native extension for WindowsStandalone target not found
Native extension for OSXStandalone target not found
Native extension for WebGL target not found
Mono: successfully reloaded assembly
- Finished resetting the current domain, in 93.022 seconds
Domain Reload Profiling: 102582ms
	BeginReloadAssembly (4338ms)
		ExecutionOrderSort (0ms)
		DisableScriptedObjects (289ms)
		BackupInstance (0ms)
		ReleaseScriptingObjects (0ms)
		CreateAndSetChildDomain (661ms)
	RebuildCommonClasses (952ms)
	RebuildNativeTypeToScriptingClass (65ms)
	initialDomainReloadingComplete (562ms)
	LoadAllAssembliesAndSetupDomain (3631ms)
		LoadAssemblies (5288ms)
		RebuildTransferFunctionScriptingTraits (0ms)
		AnalyzeDomain (327ms)
			TypeCache.Refresh (50ms)
				TypeCache.ScanAssembly (5ms)
			ScanForSourceGeneratedMonoScriptInfo (190ms)
			ResolveRequiredComponents (80ms)
	FinalizeReload (93034ms)
		ReleaseScriptCaches (0ms)
		RebuildScriptCaches (0ms)
		SetupLoadedEditorAssemblies (71715ms)
			LogAssemblyErrors (0ms)
			InitializePlatformSupportModulesInManaged (14936ms)
			SetLoadedEditorAssemblies (807ms)
			RefreshPlugins (0ms)
			BeforeProcessingInitializeOnLoad (7173ms)
			ProcessInitializeOnLoadAttributes (28030ms)
			ProcessInitializeOnLoadMethodAttributes (19729ms)
			AfterProcessingInitializeOnLoad (1040ms)
			EditorAssembliesLoaded (1ms)
		ExecutionOrderSort2 (26ms)
		AwakeInstancesAfterBackupRestoration (1153ms)
Refreshing native plugins compatible for Editor in 56.58 ms, found 3 plugins.
Preloading 0 native plugins for Editor in 0.00 ms.
Unloading 4985 Unused Serialized files (Serialized files now loaded: 0)
Unloading 43 unused Assets / (369.5 KB). Loaded Objects now: 5891.
Memory consumption went from 277.2 MB to 276.8 MB.
Total: 54.931400 ms (FindLiveObjects: 7.192000 ms CreateObjectMapping: 21.646700 ms MarkObjects: 25.010700 ms  DeleteObjects: 1.078900 ms)

Prepare: number of updated asset objects reloaded= 0
AssetImportParameters requested are different than current active one (requested -> active):
  custom:container-demuxer-ogg: 62fdf1f143b41e24485cea50d1cbac27 -> 
  custom:video-decoder-ogg-theora: a1e56fd34408186e4bbccfd4996cb3dc -> 
  custom:framework-win-MediaFoundation: 216162199b28c13a410421893ffa2e32 -> 
  custom:CustomObjectIndexerAttribute: 4d1d7186bcbbfe361de5f0ad951e585c -> 
  custom:container-demuxer-webm: 4f35f7cbe854078d1ac9338744f61a02 -> 
  custom:container-muxer-webm: aa71ff27fc2769a1b78a27578f13a17b -> 
  custom:video-decoder-webm-vp8: 9c59270c3fd7afecdb556c50c9e8de78 -> 
  custom:SearchIndexIgnoredProperties: e643bd26f0fe6173181afceb89e7c659 -> 
  custom:AudioImporter_EditorPlatform: d09bf68614088b80899f8185d706f6e7 -> 
  custom:video-encoder-webm-vp8: eb34c28f22e8b96e1ab97ce403110664 -> 
  custom:audio-decoder-ogg-vorbis: bf7c407c2cedff20999df2af8eb42d56 -> 
  custom:audio-encoder-webm-vorbis: bf7c407c2cedff20999df2af8eb42d56 -> 
========================================================================
Received Prepare
Begin MonoManager ReloadAssembly
- Loaded All Assemblies, in 14.212 seconds
Refreshing native plugins compatible for Editor in 86.23 ms, found 3 plugins.
Native extension for LinuxStandalone target not found
Native extension for WindowsStandalone target not found
Native extension for OSXStandalone target not found
Native extension for WebGL target not found
Mono: successfully reloaded assembly
- Finished resetting the current domain, in 75.948 seconds
Domain Reload Profiling: 90111ms
	BeginReloadAssembly (4568ms)
		ExecutionOrderSort (0ms)
		DisableScriptedObjects (102ms)
		BackupInstance (0ms)
		ReleaseScriptingObjects (0ms)
		CreateAndSetChildDomain (419ms)
	RebuildCommonClasses (809ms)
	RebuildNativeTypeToScriptingClass (101ms)
	initialDomainReloadingComplete (983ms)
	LoadAllAssembliesAndSetupDomain (7699ms)
		LoadAssemblies (10654ms)
		RebuildTransferFunctionScriptingTraits (0ms)
		AnalyzeDomain (299ms)
			TypeCache.Refresh (52ms)
				TypeCache.ScanAssembly (0ms)
			ScanForSourceGeneratedMonoScriptInfo (2ms)
			ResolveRequiredComponents (163ms)
	FinalizeReload (75951ms)
		ReleaseScriptCaches (0ms)
		RebuildScriptCaches (0ms)
		SetupLoadedEditorAssemblies (27295ms)
			LogAssemblyErrors (0ms)
			InitializePlatformSupportModulesInManaged (300ms)
			SetLoadedEditorAssemblies (53ms)
			RefreshPlugins (0ms)
			BeforeProcessingInitializeOnLoad (2167ms)
			ProcessInitializeOnLoadAttributes (10447ms)
			ProcessInitializeOnLoadMethodAttributes (10675ms)
			AfterProcessingInitializeOnLoad (3634ms)
			EditorAssembliesLoaded (18ms)
		ExecutionOrderSort2 (0ms)
		AwakeInstancesAfterBackupRestoration (8667ms)
Refreshing native plugins compatible for Editor in 157.55 ms, found 3 plugins.
Preloading 0 native plugins for Editor in 0.00 ms.
Unloading 4985 Unused Serialized files (Serialized files now loaded: 0)
Unloading 40 unused Assets / (367.1 KB). Loaded Objects now: 5895.
Memory consumption went from 279.0 MB to 278.6 MB.
Total: 225.956500 ms (FindLiveObjects: 2.007800 ms CreateObjectMapping: 1.824400 ms MarkObjects: 217.435300 ms  DeleteObjects: 4.686100 ms)

Prepare: number of updated asset objects reloaded= 0
AssetImportParameters requested are different than current active one (requested -> active):
  custom:container-demuxer-ogg: 62fdf1f143b41e24485cea50d1cbac27 -> 
  custom:video-decoder-ogg-theora: a1e56fd34408186e4bbccfd4996cb3dc -> 
  custom:framework-win-MediaFoundation: 216162199b28c13a410421893ffa2e32 -> 
  custom:CustomObjectIndexerAttribute: 4d1d7186bcbbfe361de5f0ad951e585c -> 
  custom:container-demuxer-webm: 4f35f7cbe854078d1ac9338744f61a02 -> 
  custom:container-muxer-webm: aa71ff27fc2769a1b78a27578f13a17b -> 
  custom:video-decoder-webm-vp8: 9c59270c3fd7afecdb556c50c9e8de78 -> 
  custom:SearchIndexIgnoredProperties: e643bd26f0fe6173181afceb89e7c659 -> 
  custom:AudioImporter_EditorPlatform: d09bf68614088b80899f8185d706f6e7 -> 
  custom:video-encoder-webm-vp8: eb34c28f22e8b96e1ab97ce403110664 -> 
  custom:audio-decoder-ogg-vorbis: bf7c407c2cedff20999df2af8eb42d56 -> 
  custom:audio-encoder-webm-vorbis: bf7c407c2cedff20999df2af8eb42d56 -> 
========================================================================
Received Import Request.
  Time since last request: 519.732286 seconds.
  path: Assets/HoverIdleEffect.cs
  artifactKey: Guid(a60a7757baeef6349afd4e5d4e003ffc) Importer(815301076,1909f56bfc062723c751e8b465ee728b)
Start importing Assets/HoverIdleEffect.cs using Guid(a60a7757baeef6349afd4e5d4e003ffc) Importer(815301076,1909f56bfc062723c751e8b465ee728b)  -> (artifact id: '0a2e35afcce753ea547a2648f5e608a5') in 0.072730 seconds
Number of updated asset objects reloaded before import = 0
Number of asset objects unloaded after import = 0
========================================================================
Received Prepare
Begin MonoManager ReloadAssembly
- Loaded All Assemblies, in  5.871 seconds
Refreshing native plugins compatible for Editor in 44.85 ms, found 3 plugins.
Native extension for LinuxStandalone target not found
Native extension for WindowsStandalone target not found
Native extension for OSXStandalone target not found
Native extension for WebGL target not found
Mono: successfully reloaded assembly
- Finished resetting the current domain, in 19.617 seconds
Domain Reload Profiling: 25463ms
	BeginReloadAssembly (1729ms)
		ExecutionOrderSort (0ms)
		DisableScriptedObjects (38ms)
		BackupInstance (0ms)
		ReleaseScriptingObjects (0ms)
		CreateAndSetChildDomain (583ms)
	RebuildCommonClasses (262ms)
	RebuildNativeTypeToScriptingClass (138ms)
	initialDomainReloadingComplete (241ms)
	LoadAllAssembliesAndSetupDomain (3474ms)
		LoadAssemblies (3901ms)
		RebuildTransferFunctionScriptingTraits (0ms)
		AnalyzeDomain (397ms)
			TypeCache.Refresh (92ms)
				TypeCache.ScanAssembly (5ms)
			ScanForSourceGeneratedMonoScriptInfo (209ms)
			ResolveRequiredComponents (77ms)
	FinalizeReload (19619ms)
		ReleaseScriptCaches (0ms)
		RebuildScriptCaches (0ms)
		SetupLoadedEditorAssemblies (5164ms)
			LogAssemblyErrors (0ms)
			InitializePlatformSupportModulesInManaged (422ms)
			SetLoadedEditorAssemblies (22ms)
			RefreshPlugins (0ms)
			BeforeProcessingInitializeOnLoad (511ms)
			ProcessInitializeOnLoadAttributes (3794ms)
			ProcessInitializeOnLoadMethodAttributes (371ms)
			AfterProcessingInitializeOnLoad (44ms)
			EditorAssembliesLoaded (0ms)
		ExecutionOrderSort2 (0ms)
		AwakeInstancesAfterBackupRestoration (131ms)
Refreshing native plugins compatible for Editor in 76.39 ms, found 3 plugins.
Preloading 0 native plugins for Editor in 0.00 ms.
Unloading 4985 Unused Serialized files (Serialized files now loaded: 0)
Unloading 40 unused Assets / (367.1 KB). Loaded Objects now: 5899.
Memory consumption went from 280.9 MB to 280.5 MB.
Total: 30.493300 ms (FindLiveObjects: 0.939900 ms CreateObjectMapping: 5.812900 ms MarkObjects: 21.001800 ms  DeleteObjects: 2.735900 ms)

Prepare: number of updated asset objects reloaded= 0
AssetImportParameters requested are different than current active one (requested -> active):
  custom:container-demuxer-ogg: 62fdf1f143b41e24485cea50d1cbac27 -> 
  custom:video-decoder-ogg-theora: a1e56fd34408186e4bbccfd4996cb3dc -> 
  custom:framework-win-MediaFoundation: 216162199b28c13a410421893ffa2e32 -> 
  custom:CustomObjectIndexerAttribute: 4d1d7186bcbbfe361de5f0ad951e585c -> 
  custom:container-demuxer-webm: 4f35f7cbe854078d1ac9338744f61a02 -> 
  custom:container-muxer-webm: aa71ff27fc2769a1b78a27578f13a17b -> 
  custom:video-decoder-webm-vp8: 9c59270c3fd7afecdb556c50c9e8de78 -> 
  custom:SearchIndexIgnoredProperties: e643bd26f0fe6173181afceb89e7c659 -> 
  custom:AudioImporter_EditorPlatform: d09bf68614088b80899f8185d706f6e7 -> 
  custom:video-encoder-webm-vp8: eb34c28f22e8b96e1ab97ce403110664 -> 
  custom:audio-decoder-ogg-vorbis: bf7c407c2cedff20999df2af8eb42d56 -> 
  custom:audio-encoder-webm-vorbis: bf7c407c2cedff20999df2af8eb42d56 -> 
========================================================================
Received Prepare
Begin MonoManager ReloadAssembly
- Loaded All Assemblies, in  3.530 seconds
Refreshing native plugins compatible for Editor in 25.62 ms, found 3 plugins.
Native extension for LinuxStandalone target not found
Native extension for WindowsStandalone target not found
Native extension for OSXStandalone target not found
Native extension for WebGL target not found
Mono: successfully reloaded assembly
- Finished resetting the current domain, in 10.069 seconds
Domain Reload Profiling: 13582ms
	BeginReloadAssembly (1115ms)
		ExecutionOrderSort (0ms)
		DisableScriptedObjects (51ms)
		BackupInstance (0ms)
		ReleaseScriptingObjects (0ms)
		CreateAndSetChildDomain (140ms)
	RebuildCommonClasses (707ms)
	RebuildNativeTypeToScriptingClass (70ms)
	initialDomainReloadingComplete (179ms)
	LoadAllAssembliesAndSetupDomain (1439ms)
		LoadAssemblies (2136ms)
		RebuildTransferFunctionScriptingTraits (0ms)
		AnalyzeDomain (86ms)
			TypeCache.Refresh (19ms)
				TypeCache.ScanAssembly (0ms)
			ScanForSourceGeneratedMonoScriptInfo (0ms)
			ResolveRequiredComponents (60ms)
	FinalizeReload (10071ms)
		ReleaseScriptCaches (0ms)
		RebuildScriptCaches (0ms)
		SetupLoadedEditorAssemblies (4479ms)
			LogAssemblyErrors (0ms)
			InitializePlatformSupportModulesInManaged (107ms)
			SetLoadedEditorAssemblies (14ms)
			RefreshPlugins (0ms)
			BeforeProcessingInitializeOnLoad (403ms)
			ProcessInitializeOnLoadAttributes (2479ms)
			ProcessInitializeOnLoadMethodAttributes (1319ms)
			AfterProcessingInitializeOnLoad (156ms)
			EditorAssembliesLoaded (1ms)
		ExecutionOrderSort2 (1ms)
		AwakeInstancesAfterBackupRestoration (204ms)
Refreshing native plugins compatible for Editor in 190.85 ms, found 3 plugins.
Preloading 0 native plugins for Editor in 0.00 ms.
Unloading 4985 Unused Serialized files (Serialized files now loaded: 0)
Unloading 40 unused Assets / (367.3 KB). Loaded Objects now: 5903.
Memory consumption went from 282.8 MB to 282.5 MB.
Total: 265.797100 ms (FindLiveObjects: 2.750800 ms CreateObjectMapping: 16.261400 ms MarkObjects: 244.785800 ms  DeleteObjects: 1.994700 ms)

Prepare: number of updated asset objects reloaded= 0
AssetImportParameters requested are different than current active one (requested -> active):
  custom:container-demuxer-ogg: 62fdf1f143b41e24485cea50d1cbac27 -> 
  custom:video-decoder-ogg-theora: a1e56fd34408186e4bbccfd4996cb3dc -> 
  custom:framework-win-MediaFoundation: 216162199b28c13a410421893ffa2e32 -> 
  custom:CustomObjectIndexerAttribute: 4d1d7186bcbbfe361de5f0ad951e585c -> 
  custom:container-demuxer-webm: 4f35f7cbe854078d1ac9338744f61a02 -> 
  custom:container-muxer-webm: aa71ff27fc2769a1b78a27578f13a17b -> 
  custom:video-decoder-webm-vp8: 9c59270c3fd7afecdb556c50c9e8de78 -> 
  custom:SearchIndexIgnoredProperties: e643bd26f0fe6173181afceb89e7c659 -> 
  custom:AudioImporter_EditorPlatform: d09bf68614088b80899f8185d706f6e7 -> 
  custom:video-encoder-webm-vp8: eb34c28f22e8b96e1ab97ce403110664 -> 
  custom:audio-decoder-ogg-vorbis: bf7c407c2cedff20999df2af8eb42d56 -> 
  custom:audio-encoder-webm-vorbis: bf7c407c2cedff20999df2af8eb42d56 -> 
========================================================================
Received Prepare
Begin MonoManager ReloadAssembly
- Loaded All Assemblies, in  5.478 seconds
Refreshing native plugins compatible for Editor in 26.15 ms, found 3 plugins.
Native extension for LinuxStandalone target not found
Native extension for WindowsStandalone target not found
Native extension for OSXStandalone target not found
Native extension for WebGL target not found
Mono: successfully reloaded assembly
- Finished resetting the current domain, in 20.871 seconds
Domain Reload Profiling: 26331ms
	BeginReloadAssembly (2596ms)
		ExecutionOrderSort (0ms)
		DisableScriptedObjects (24ms)
		BackupInstance (0ms)
		ReleaseScriptingObjects (0ms)
		CreateAndSetChildDomain (565ms)
	RebuildCommonClasses (220ms)
	RebuildNativeTypeToScriptingClass (52ms)
	initialDomainReloadingComplete (161ms)
	LoadAllAssembliesAndSetupDomain (2429ms)
		LoadAssemblies (4050ms)
		RebuildTransferFunctionScriptingTraits (0ms)
		AnalyzeDomain (81ms)
			TypeCache.Refresh (19ms)
				TypeCache.ScanAssembly (0ms)
			ScanForSourceGeneratedMonoScriptInfo (1ms)
			ResolveRequiredComponents (53ms)
	FinalizeReload (20873ms)
		ReleaseScriptCaches (0ms)
		RebuildScriptCaches (0ms)
		SetupLoadedEditorAssemblies (9938ms)
			LogAssemblyErrors (0ms)
			InitializePlatformSupportModulesInManaged (136ms)
			SetLoadedEditorAssemblies (22ms)
			RefreshPlugins (0ms)
			BeforeProcessingInitializeOnLoad (1519ms)
			ProcessInitializeOnLoadAttributes (7202ms)
			ProcessInitializeOnLoadMethodAttributes (933ms)
			AfterProcessingInitializeOnLoad (124ms)
			EditorAssembliesLoaded (0ms)
		ExecutionOrderSort2 (0ms)
		AwakeInstancesAfterBackupRestoration (195ms)
Refreshing native plugins compatible for Editor in 25.83 ms, found 3 plugins.
Preloading 0 native plugins for Editor in 0.00 ms.
Unloading 4985 Unused Serialized files (Serialized files now loaded: 0)
Unloading 40 unused Assets / (367.2 KB). Loaded Objects now: 5907.
Memory consumption went from 284.7 MB to 284.4 MB.
Total: 13.144800 ms (FindLiveObjects: 0.869400 ms CreateObjectMapping: 0.970300 ms MarkObjects: 10.768200 ms  DeleteObjects: 0.534700 ms)

Prepare: number of updated asset objects reloaded= 0
AssetImportParameters requested are different than current active one (requested -> active):
  custom:container-demuxer-ogg: 62fdf1f143b41e24485cea50d1cbac27 -> 
  custom:video-decoder-ogg-theora: a1e56fd34408186e4bbccfd4996cb3dc -> 
  custom:framework-win-MediaFoundation: 216162199b28c13a410421893ffa2e32 -> 
  custom:CustomObjectIndexerAttribute: 4d1d7186bcbbfe361de5f0ad951e585c -> 
  custom:container-demuxer-webm: 4f35f7cbe854078d1ac9338744f61a02 -> 
  custom:container-muxer-webm: aa71ff27fc2769a1b78a27578f13a17b -> 
  custom:video-decoder-webm-vp8: 9c59270c3fd7afecdb556c50c9e8de78 -> 
  custom:SearchIndexIgnoredProperties: e643bd26f0fe6173181afceb89e7c659 -> 
  custom:AudioImporter_EditorPlatform: d09bf68614088b80899f8185d706f6e7 -> 
  custom:video-encoder-webm-vp8: eb34c28f22e8b96e1ab97ce403110664 -> 
  custom:audio-decoder-ogg-vorbis: bf7c407c2cedff20999df2af8eb42d56 -> 
  custom:audio-encoder-webm-vorbis: bf7c407c2cedff20999df2af8eb42d56 -> 
========================================================================
Received Prepare
Begin MonoManager ReloadAssembly
- Loaded All Assemblies, in  4.302 seconds
Refreshing native plugins compatible for Editor in 31.72 ms, found 3 plugins.
Native extension for LinuxStandalone target not found
Native extension for WindowsStandalone target not found
Native extension for OSXStandalone target not found
Native extension for WebGL target not found
Mono: successfully reloaded assembly
- Finished resetting the current domain, in 19.822 seconds
Domain Reload Profiling: 24120ms
	BeginReloadAssembly (1299ms)
		ExecutionOrderSort (0ms)
		DisableScriptedObjects (26ms)
		BackupInstance (0ms)
		ReleaseScriptingObjects (1ms)
		CreateAndSetChildDomain (412ms)
	RebuildCommonClasses (340ms)
	RebuildNativeTypeToScriptingClass (87ms)
	initialDomainReloadingComplete (506ms)
	LoadAllAssembliesAndSetupDomain (2052ms)
		LoadAssemblies (2459ms)
		RebuildTransferFunctionScriptingTraits (0ms)
		AnalyzeDomain (165ms)
			TypeCache.Refresh (23ms)
				TypeCache.ScanAssembly (0ms)
			ScanForSourceGeneratedMonoScriptInfo (7ms)
			ResolveRequiredComponents (129ms)
	FinalizeReload (19837ms)
		ReleaseScriptCaches (0ms)
		RebuildScriptCaches (0ms)
		SetupLoadedEditorAssemblies (9183ms)
			LogAssemblyErrors (0ms)
			InitializePlatformSupportModulesInManaged (254ms)
			SetLoadedEditorAssemblies (29ms)
			RefreshPlugins (0ms)
			BeforeProcessingInitializeOnLoad (863ms)
			ProcessInitializeOnLoadAttributes (5627ms)
			ProcessInitializeOnLoadMethodAttributes (2248ms)
			AfterProcessingInitializeOnLoad (160ms)
			EditorAssembliesLoaded (1ms)
		ExecutionOrderSort2 (0ms)
		AwakeInstancesAfterBackupRestoration (326ms)
Refreshing native plugins compatible for Editor in 130.65 ms, found 3 plugins.
Preloading 0 native plugins for Editor in 0.00 ms.
Unloading 4985 Unused Serialized files (Serialized files now loaded: 0)
Unloading 40 unused Assets / (367.1 KB). Loaded Objects now: 5911.
Memory consumption went from 286.7 MB to 286.3 MB.
Total: 1620.825200 ms (FindLiveObjects: 510.557200 ms CreateObjectMapping: 822.120900 ms MarkObjects: 255.440200 ms  DeleteObjects: 32.704100 ms)

Prepare: number of updated asset objects reloaded= 0
AssetImportParameters requested are different than current active one (requested -> active):
  custom:container-demuxer-ogg: 62fdf1f143b41e24485cea50d1cbac27 -> 
  custom:video-decoder-ogg-theora: a1e56fd34408186e4bbccfd4996cb3dc -> 
  custom:framework-win-MediaFoundation: 216162199b28c13a410421893ffa2e32 -> 
  custom:CustomObjectIndexerAttribute: 4d1d7186bcbbfe361de5f0ad951e585c -> 
  custom:container-demuxer-webm: 4f35f7cbe854078d1ac9338744f61a02 -> 
  custom:container-muxer-webm: aa71ff27fc2769a1b78a27578f13a17b -> 
  custom:video-decoder-webm-vp8: 9c59270c3fd7afecdb556c50c9e8de78 -> 
  custom:SearchIndexIgnoredProperties: e643bd26f0fe6173181afceb89e7c659 -> 
  custom:AudioImporter_EditorPlatform: d09bf68614088b80899f8185d706f6e7 -> 
  custom:video-encoder-webm-vp8: eb34c28f22e8b96e1ab97ce403110664 -> 
  custom:audio-decoder-ogg-vorbis: bf7c407c2cedff20999df2af8eb42d56 -> 
  custom:audio-encoder-webm-vorbis: bf7c407c2cedff20999df2af8eb42d56 -> 
========================================================================
Received Prepare
Begin MonoManager ReloadAssembly
- Loaded All Assemblies, in 16.691 seconds
Refreshing native plugins compatible for Editor in 200.60 ms, found 3 plugins.
Native extension for LinuxStandalone target not found
Native extension for WindowsStandalone target not found
Native extension for OSXStandalone target not found
Native extension for WebGL target not found
Mono: successfully reloaded assembly
- Finished resetting the current domain, in 55.587 seconds
Domain Reload Profiling: 72207ms
	BeginReloadAssembly (3833ms)
		ExecutionOrderSort (1ms)
		DisableScriptedObjects (111ms)
		BackupInstance (0ms)
		ReleaseScriptingObjects (0ms)
		CreateAndSetChildDomain (343ms)
	RebuildCommonClasses (676ms)
	RebuildNativeTypeToScriptingClass (159ms)
	initialDomainReloadingComplete (619ms)
	LoadAllAssembliesAndSetupDomain (11331ms)
		LoadAssemblies (13670ms)
		RebuildTransferFunctionScriptingTraits (0ms)
		AnalyzeDomain (718ms)
			TypeCache.Refresh (55ms)
				TypeCache.ScanAssembly (0ms)
			ScanForSourceGeneratedMonoScriptInfo (1ms)
			ResolveRequiredComponents (574ms)
	FinalizeReload (55589ms)
		ReleaseScriptCaches (0ms)
		RebuildScriptCaches (0ms)
		SetupLoadedEditorAssemblies (3725ms)
			LogAssemblyErrors (0ms)
			InitializePlatformSupportModulesInManaged (139ms)
			SetLoadedEditorAssemblies (21ms)
			RefreshPlugins (0ms)
			BeforeProcessingInitializeOnLoad (443ms)
			ProcessInitializeOnLoadAttributes (1876ms)
			ProcessInitializeOnLoadMethodAttributes (945ms)
			AfterProcessingInitializeOnLoad (299ms)
			EditorAssembliesLoaded (0ms)
		ExecutionOrderSort2 (0ms)
		AwakeInstancesAfterBackupRestoration (267ms)
Refreshing native plugins compatible for Editor in 83.88 ms, found 3 plugins.
Preloading 0 native plugins for Editor in 0.00 ms.
Unloading 4985 Unused Serialized files (Serialized files now loaded: 0)
Unloading 40 unused Assets / (367.2 KB). Loaded Objects now: 5915.
Memory consumption went from 288.6 MB to 288.2 MB.
Total: 18.787400 ms (FindLiveObjects: 1.774300 ms CreateObjectMapping: 1.555600 ms MarkObjects: 14.453300 ms  DeleteObjects: 1.001600 ms)

Prepare: number of updated asset objects reloaded= 0
AssetImportParameters requested are different than current active one (requested -> active):
  custom:container-demuxer-ogg: 62fdf1f143b41e24485cea50d1cbac27 -> 
  custom:video-decoder-ogg-theora: a1e56fd34408186e4bbccfd4996cb3dc -> 
  custom:framework-win-MediaFoundation: 216162199b28c13a410421893ffa2e32 -> 
  custom:CustomObjectIndexerAttribute: 4d1d7186bcbbfe361de5f0ad951e585c -> 
  custom:container-demuxer-webm: 4f35f7cbe854078d1ac9338744f61a02 -> 
  custom:container-muxer-webm: aa71ff27fc2769a1b78a27578f13a17b -> 
  custom:video-decoder-webm-vp8: 9c59270c3fd7afecdb556c50c9e8de78 -> 
  custom:SearchIndexIgnoredProperties: e643bd26f0fe6173181afceb89e7c659 -> 
  custom:AudioImporter_EditorPlatform: d09bf68614088b80899f8185d706f6e7 -> 
  custom:video-encoder-webm-vp8: eb34c28f22e8b96e1ab97ce403110664 -> 
  custom:audio-decoder-ogg-vorbis: bf7c407c2cedff20999df2af8eb42d56 -> 
  custom:audio-encoder-webm-vorbis: bf7c407c2cedff20999df2af8eb42d56 -> 
========================================================================
Received Import Request.
  Time since last request: 700.667175 seconds.
  path: Assets/New Material.mat
  artifactKey: Guid(f06e1e12da2ec884ebaa62ceac4349f2) Importer(815301076,1909f56bfc062723c751e8b465ee728b)
Start importing Assets/New Material.mat using Guid(f06e1e12da2ec884ebaa62ceac4349f2) Importer(815301076,1909f56bfc062723c751e8b465ee728b)  -> (artifact id: '947f1fa7b49d50dd6b80de14ac446798') in 5.829930 seconds
Number of updated asset objects reloaded before import = 0
Number of asset objects unloaded after import = 22
========================================================================
Received Import Request.
  Time since last request: 31.520501 seconds.
  path: Assets/DOTween
  artifactKey: Guid(745b0790aec0a95428994b873573c459) Importer(815301076,1909f56bfc062723c751e8b465ee728b)
Start importing Assets/DOTween using Guid(745b0790aec0a95428994b873573c459) Importer(815301076,1909f56bfc062723c751e8b465ee728b)  -> (artifact id: 'e2a97141dd5e90538187150e25da27d8') in 4.738895 seconds
Number of updated asset objects reloaded before import = 0
Number of asset objects unloaded after import = 0
========================================================================
Received Import Request.
  Time since last request: 0.000151 seconds.
  path: Assets/DOTween/Editor/Imgs/Footer.png
  artifactKey: Guid(2d9829efa41ce8d47b2d87cdb22a76a2) Importer(815301076,1909f56bfc062723c751e8b465ee728b)
Start importing Assets/DOTween/Editor/Imgs/Footer.png using Guid(2d9829efa41ce8d47b2d87cdb22a76a2) Importer(815301076,1909f56bfc062723c751e8b465ee728b)  -> (artifact id: '5d73dac36b256bf0a25d91e984e0f432') in 1.601899 seconds
Number of updated asset objects reloaded before import = 0
Number of asset objects unloaded after import = 2
Editor requested this worker to shutdown with reason: Scaling down because of idle timeout
TcpMessagingSession - receive error: operation aborted. errorcode: 995, details: La operación de E/S se anuló por una salida de subproceso o por una solicitud de aplicación.
