Using pre-set license
Built from '2022.3/staging' branch; Version is '2022.3.16f1 (d2c21f0ef2f1) revision 13812255'; Using compiler version '192829333'; Build Type 'Release'
OS: 'Windows 11  (10.0.26100) 64bit Core' Language: 'es' Physical Memory: 10116 MB
BatchMode: 1, IsHumanControllingUs: 0, StartBugReporterOnCrash: 0, Is64bit: 1, IsPro: 1

COMMAND LINE ARGUMENTS:
C:\Program Files\Unity\Hub\Editor\2022.3.16f1\Editor\Unity.exe
-adb2
-batchMode
-noUpm
-name
AssetImportWorker4
-projectPath
C:/Users/User/Downloads/omar/omar
-logFile
Logs/AssetImportWorker4.log
-srvPort
54685
Successfully changed project path to: C:/Users/User/Downloads/omar/omar
C:/Users/User/Downloads/omar/omar
[UnityMemory] Configuration Parameters - Can be set up in boot.config
    "memorysetup-bucket-allocator-granularity=16"
    "memorysetup-bucket-allocator-bucket-count=8"
    "memorysetup-bucket-allocator-block-size=33554432"
    "memorysetup-bucket-allocator-block-count=8"
    "memorysetup-main-allocator-block-size=16777216"
    "memorysetup-thread-allocator-block-size=16777216"
    "memorysetup-gfx-main-allocator-block-size=16777216"
    "memorysetup-gfx-thread-allocator-block-size=16777216"
    "memorysetup-cache-allocator-block-size=4194304"
    "memorysetup-typetree-allocator-block-size=2097152"
    "memorysetup-profiler-bucket-allocator-granularity=16"
    "memorysetup-profiler-bucket-allocator-bucket-count=8"
    "memorysetup-profiler-bucket-allocator-block-size=33554432"
    "memorysetup-profiler-bucket-allocator-block-count=8"
    "memorysetup-profiler-allocator-block-size=16777216"
    "memorysetup-profiler-editor-allocator-block-size=1048576"
    "memorysetup-temp-allocator-size-main=16777216"
    "memorysetup-job-temp-allocator-block-size=2097152"
    "memorysetup-job-temp-allocator-block-size-background=1048576"
    "memorysetup-job-temp-allocator-reduction-small-platforms=262144"
    "memorysetup-allocator-temp-initial-block-size-main=262144"
    "memorysetup-allocator-temp-initial-block-size-worker=262144"
    "memorysetup-temp-allocator-size-background-worker=32768"
    "memorysetup-temp-allocator-size-job-worker=262144"
    "memorysetup-temp-allocator-size-preload-manager=33554432"
    "memorysetup-temp-allocator-size-nav-mesh-worker=65536"
    "memorysetup-temp-allocator-size-audio-worker=65536"
    "memorysetup-temp-allocator-size-cloud-worker=32768"
    "memorysetup-temp-allocator-size-gi-baking-worker=262144"
    "memorysetup-temp-allocator-size-gfx=262144"
Player connection [28632] Host "[IP] 192.168.1.68 [Port] 0 [Flags] 2 [Guid] 1369379524 [EditorId] 1369379524 [Version] 1048832 [Id] WindowsEditor(7,Portatil) [Debug] 1 [PackageName] WindowsEditor [ProjectName] Editor" joined multi-casting on [225.0.0.222:54997]...

Player connection [28632] Host "[IP] 192.168.1.68 [Port] 0 [Flags] 2 [Guid] 1369379524 [EditorId] 1369379524 [Version] 1048832 [Id] WindowsEditor(7,Portatil) [Debug] 1 [PackageName] WindowsEditor [ProjectName] Editor" joined alternative multi-casting on [225.0.0.222:34997]...

[Physics::Module] Initialized MultithreadedJobDispatcher with 3 workers.
Refreshing native plugins compatible for Editor in 4389.42 ms, found 3 plugins.
Preloading 0 native plugins for Editor in 0.00 ms.
Initialize engine version: 2022.3.16f1 (d2c21f0ef2f1)
[Subsystems] Discovering subsystems at path C:/Program Files/Unity/Hub/Editor/2022.3.16f1/Editor/Data/Resources/UnitySubsystems
[Subsystems] Discovering subsystems at path C:/Users/User/Downloads/omar/omar/Assets
GfxDevice: creating device client; threaded=0; jobified=0
Direct3D:
    Version:  Direct3D 11.0 [level 11.1]
    Renderer: AMD Radeon(TM) Vega 3 Graphics (ID=0x15d8)
    Vendor:   ATI
    VRAM:     5058 MB
    Driver:   27.20.11028.10001
Initialize mono
Mono path[0] = 'C:/Program Files/Unity/Hub/Editor/2022.3.16f1/Editor/Data/Managed'
Mono path[1] = 'C:/Program Files/Unity/Hub/Editor/2022.3.16f1/Editor/Data/MonoBleedingEdge/lib/mono/unityjit-win32'
Mono config path = 'C:/Program Files/Unity/Hub/Editor/2022.3.16f1/Editor/Data/MonoBleedingEdge/etc'
Using monoOptions --debugger-agent=transport=dt_socket,embedding=1,server=y,suspend=n,address=127.0.0.1:56556
Begin MonoManager ReloadAssembly
Registering precompiled unity dll's ...
Register platform support module: C:/Program Files/Unity/Hub/Editor/2022.3.16f1/Editor/Data/PlaybackEngines/WebGLSupport/UnityEditor.WebGL.Extensions.dll
Register platform support module: C:/Program Files/Unity/Hub/Editor/2022.3.16f1/Editor/Data/PlaybackEngines/MacStandaloneSupport/UnityEditor.OSXStandalone.Extensions.dll
Register platform support module: C:/Program Files/Unity/Hub/Editor/2022.3.16f1/Editor/Data/PlaybackEngines/WindowsStandaloneSupport/UnityEditor.WindowsStandalone.Extensions.dll
Register platform support module: C:/Program Files/Unity/Hub/Editor/2022.3.16f1/Editor/Data/PlaybackEngines/LinuxStandaloneSupport/UnityEditor.LinuxStandalone.Extensions.dll
Registered in 0.108104 seconds.
- Loaded All Assemblies, in  2.595 seconds
Native extension for LinuxStandalone target not found
Native extension for WindowsStandalone target not found
Native extension for OSXStandalone target not found
Native extension for WebGL target not found
Mono: successfully reloaded assembly
- Finished resetting the current domain, in  1.256 seconds
Domain Reload Profiling: 3843ms
	BeginReloadAssembly (1028ms)
		ExecutionOrderSort (0ms)
		DisableScriptedObjects (0ms)
		BackupInstance (0ms)
		ReleaseScriptingObjects (0ms)
		CreateAndSetChildDomain (10ms)
	RebuildCommonClasses (174ms)
	RebuildNativeTypeToScriptingClass (47ms)
	initialDomainReloadingComplete (547ms)
	LoadAllAssembliesAndSetupDomain (790ms)
		LoadAssemblies (1003ms)
		RebuildTransferFunctionScriptingTraits (0ms)
		AnalyzeDomain (773ms)
			TypeCache.Refresh (769ms)
				TypeCache.ScanAssembly (686ms)
			ScanForSourceGeneratedMonoScriptInfo (1ms)
			ResolveRequiredComponents (2ms)
	FinalizeReload (1258ms)
		ReleaseScriptCaches (0ms)
		RebuildScriptCaches (0ms)
		SetupLoadedEditorAssemblies (1018ms)
			LogAssemblyErrors (0ms)
			InitializePlatformSupportModulesInManaged (90ms)
			SetLoadedEditorAssemblies (21ms)
			RefreshPlugins (0ms)
			BeforeProcessingInitializeOnLoad (10ms)
			ProcessInitializeOnLoadAttributes (683ms)
			ProcessInitializeOnLoadMethodAttributes (214ms)
			AfterProcessingInitializeOnLoad (0ms)
			EditorAssembliesLoaded (0ms)
		ExecutionOrderSort2 (0ms)
		AwakeInstancesAfterBackupRestoration (0ms)
========================================================================
Worker process is ready to serve import requests
Script is not up to date after domain reload: guid(a60a7757baeef6349afd4e5d4e003ffc) path("Assets/HoverIdleEffect.cs") state(2)
Begin MonoManager ReloadAssembly
- Loaded All Assemblies, in 46.392 seconds
Refreshing native plugins compatible for Editor in 1465.81 ms, found 3 plugins.
Native extension for LinuxStandalone target not found
Native extension for WindowsStandalone target not found
Native extension for OSXStandalone target not found
Native extension for WebGL target not found
Mono: successfully reloaded assembly
- Finished resetting the current domain, in 39.512 seconds
Domain Reload Profiling: 85934ms
	BeginReloadAssembly (9635ms)
		ExecutionOrderSort (0ms)
		DisableScriptedObjects (257ms)
		BackupInstance (0ms)
		ReleaseScriptingObjects (14ms)
		CreateAndSetChildDomain (584ms)
	RebuildCommonClasses (1462ms)
	RebuildNativeTypeToScriptingClass (238ms)
	initialDomainReloadingComplete (6274ms)
	LoadAllAssembliesAndSetupDomain (28811ms)
		LoadAssemblies (25139ms)
		RebuildTransferFunctionScriptingTraits (0ms)
		AnalyzeDomain (9693ms)
			TypeCache.Refresh (8599ms)
				TypeCache.ScanAssembly (7874ms)
			ScanForSourceGeneratedMonoScriptInfo (555ms)
			ResolveRequiredComponents (530ms)
	FinalizeReload (39514ms)
		ReleaseScriptCaches (0ms)
		RebuildScriptCaches (0ms)
		SetupLoadedEditorAssemblies (31819ms)
			LogAssemblyErrors (0ms)
			InitializePlatformSupportModulesInManaged (1134ms)
			SetLoadedEditorAssemblies (32ms)
			RefreshPlugins (0ms)
			BeforeProcessingInitializeOnLoad (2793ms)
			ProcessInitializeOnLoadAttributes (24869ms)
			ProcessInitializeOnLoadMethodAttributes (2901ms)
			AfterProcessingInitializeOnLoad (89ms)
			EditorAssembliesLoaded (0ms)
		ExecutionOrderSort2 (0ms)
		AwakeInstancesAfterBackupRestoration (137ms)
Script is not up to date after domain reload: guid(f90bd500e3c56614c8634bb8f903e32b) path("Assets/DOTween/Editor/DOTweenEditor.dll") state(2)
Script is not up to date after domain reload: guid(0b06d455cb468d74c958678f15b429b2) path("Assets/DOTween/Editor/DOTweenUpgradeManager.dll") state(2)
Script is not up to date after domain reload: guid(5874204accb12de4eb25026a3eb34c81) path("Assets/DOTween/DOTween.dll") state(2)
Failed to get ipc connection from UnityShaderCompiler.exe shader compiler! C:/Program Files/Unity/Hub/Editor/2022.3.16f1/Editor/Data/Tools/UnityShaderCompiler.exe
Launched and connected shader compiler UnityShaderCompiler.exe after 3.46 seconds
Refreshing native plugins compatible for Editor in 290.98 ms, found 3 plugins.
Preloading 0 native plugins for Editor in 0.00 ms.
Unloading 5157 Unused Serialized files (Serialized files now loaded: 0)
Unloading 66 unused Assets / (350.1 KB). Loaded Objects now: 5622.
Memory consumption went from 218.1 MB to 217.7 MB.
Total: 173.376400 ms (FindLiveObjects: 2.421000 ms CreateObjectMapping: 17.511900 ms MarkObjects: 152.387200 ms  DeleteObjects: 1.053200 ms)

AssetImportParameters requested are different than current active one (requested -> active):
  custom:container-demuxer-ogg: 62fdf1f143b41e24485cea50d1cbac27 -> 
  custom:video-decoder-ogg-theora: a1e56fd34408186e4bbccfd4996cb3dc -> 
  custom:scripting/monoscript/fileName/xddf.cs: dd0abf560dd0a8c9de8edc5af66b6c59 -> 
  custom:framework-win-MediaFoundation: 216162199b28c13a410421893ffa2e32 -> 
  custom:CustomObjectIndexerAttribute: 4d1d7186bcbbfe361de5f0ad951e585c -> 
  custom:container-demuxer-webm: 4f35f7cbe854078d1ac9338744f61a02 -> 
  custom:container-muxer-webm: aa71ff27fc2769a1b78a27578f13a17b -> 
  custom:video-decoder-webm-vp8: 9c59270c3fd7afecdb556c50c9e8de78 -> 
  custom:SearchIndexIgnoredProperties: e643bd26f0fe6173181afceb89e7c659 -> 
  custom:AudioImporter_EditorPlatform: d09bf68614088b80899f8185d706f6e7 -> 
  custom:scripting/monoscript/fileName/HoverIdleEffect.cs: ba4ee95abba5116c440050ce64679933 -> 7a5e139c76993c704cd769494aa2f01b
  custom:video-encoder-webm-vp8: eb34c28f22e8b96e1ab97ce403110664 -> 
  custom:audio-decoder-ogg-vorbis: bf7c407c2cedff20999df2af8eb42d56 -> 
  custom:audio-encoder-webm-vorbis: bf7c407c2cedff20999df2af8eb42d56 -> 
  custom:scripting/precompiled-assembly-types:Assembly-CSharp: 834b200d3a9c036f1180161e25f1d505 -> 517a0c9956bdfa2d1c90ef31d158d4c7
  custom:scripting/monoscript/fileName/DOTweenModuleUtils.cs:  -> 38034ef06fb9b5354f8031bb85ea45ff
  custom:scripting/monoscript/fileName/DOTweenModuleUnityVersion.cs:  -> 9ffd9acf63f9ee240a8629c063d5ab55
  custom:scripting/monoscript/fileName/DOTweenModuleUI.cs:  -> 654d9cd56dfcd95536bd076e934e53a9
  custom:scripting/precompiled-assembly-types:DOTween:  -> 41770a3e10244ae0a34e714162bbdba6
  custom:scripting/monoscript/fileName/DOTweenModuleAudio.cs:  -> f44ff7195fa3a78ebfe99f449d7e78e1
  custom:scripting/monoscript/fileName/DOTweenModulePhysics2D.cs:  -> 173b1ffc50b5696b426bbe7350c14fc4
  custom:scripting/precompiled-assembly-types:DOTweenEditor:  -> 1efdf497b099e4e6944f0dd7fb28c744
  custom:scripting/monoscript/fileName/DOTweenModuleSprite.cs:  -> 4b5018ebeb8cf37efb36ac1d94ed5a4d
  custom:scripting/monoscript/fileName/DOTweenModulePhysics.cs:  -> aff02123f5421112b27a1e25686d3abc
========================================================================
Received Prepare
Begin MonoManager ReloadAssembly
- Loaded All Assemblies, in 19.316 seconds
Refreshing native plugins compatible for Editor in 118.42 ms, found 3 plugins.
Native extension for LinuxStandalone target not found
Native extension for WindowsStandalone target not found
Native extension for OSXStandalone target not found
Native extension for WebGL target not found
Mono: successfully reloaded assembly
- Finished resetting the current domain, in 28.083 seconds
Domain Reload Profiling: 47321ms
	BeginReloadAssembly (5399ms)
		ExecutionOrderSort (0ms)
		DisableScriptedObjects (52ms)
		BackupInstance (0ms)
		ReleaseScriptingObjects (0ms)
		CreateAndSetChildDomain (2971ms)
	RebuildCommonClasses (1188ms)
	RebuildNativeTypeToScriptingClass (660ms)
	initialDomainReloadingComplete (884ms)
	LoadAllAssembliesAndSetupDomain (11092ms)
		LoadAssemblies (11568ms)
		RebuildTransferFunctionScriptingTraits (0ms)
		AnalyzeDomain (706ms)
			TypeCache.Refresh (70ms)
				TypeCache.ScanAssembly (0ms)
			ScanForSourceGeneratedMonoScriptInfo (1ms)
			ResolveRequiredComponents (597ms)
	FinalizeReload (28098ms)
		ReleaseScriptCaches (0ms)
		RebuildScriptCaches (0ms)
		SetupLoadedEditorAssemblies (9338ms)
			LogAssemblyErrors (0ms)
			InitializePlatformSupportModulesInManaged (107ms)
			SetLoadedEditorAssemblies (13ms)
			RefreshPlugins (0ms)
			BeforeProcessingInitializeOnLoad (725ms)
			ProcessInitializeOnLoadAttributes (6200ms)
			ProcessInitializeOnLoadMethodAttributes (2075ms)
			AfterProcessingInitializeOnLoad (217ms)
			EditorAssembliesLoaded (1ms)
		ExecutionOrderSort2 (0ms)
		AwakeInstancesAfterBackupRestoration (250ms)
Refreshing native plugins compatible for Editor in 174.91 ms, found 3 plugins.
Preloading 0 native plugins for Editor in 0.00 ms.
Unloading 4994 Unused Serialized files (Serialized files now loaded: 0)
Unloading 41 unused Assets / (319.1 KB). Loaded Objects now: 5631.
Memory consumption went from 186.4 MB to 186.0 MB.
Total: 46.560000 ms (FindLiveObjects: 0.775000 ms CreateObjectMapping: 1.120600 ms MarkObjects: 44.435800 ms  DeleteObjects: 0.226000 ms)

Prepare: number of updated asset objects reloaded= 0
AssetImportParameters requested are different than current active one (requested -> active):
  custom:container-demuxer-ogg: 62fdf1f143b41e24485cea50d1cbac27 -> 
  custom:video-decoder-ogg-theora: a1e56fd34408186e4bbccfd4996cb3dc -> 
  custom:scripting/monoscript/fileName/xddf.cs: dd0abf560dd0a8c9de8edc5af66b6c59 -> 
  custom:framework-win-MediaFoundation: 216162199b28c13a410421893ffa2e32 -> 
  custom:CustomObjectIndexerAttribute: 4d1d7186bcbbfe361de5f0ad951e585c -> 
  custom:container-demuxer-webm: 4f35f7cbe854078d1ac9338744f61a02 -> 
  custom:container-muxer-webm: aa71ff27fc2769a1b78a27578f13a17b -> 
  custom:video-decoder-webm-vp8: 9c59270c3fd7afecdb556c50c9e8de78 -> 
  custom:SearchIndexIgnoredProperties: e643bd26f0fe6173181afceb89e7c659 -> 
  custom:AudioImporter_EditorPlatform: d09bf68614088b80899f8185d706f6e7 -> 
  custom:video-encoder-webm-vp8: eb34c28f22e8b96e1ab97ce403110664 -> 
  custom:audio-decoder-ogg-vorbis: bf7c407c2cedff20999df2af8eb42d56 -> 
  custom:audio-encoder-webm-vorbis: bf7c407c2cedff20999df2af8eb42d56 -> 
========================================================================
Received Prepare
Begin MonoManager ReloadAssembly
- Loaded All Assemblies, in  7.591 seconds
Refreshing native plugins compatible for Editor in 43.71 ms, found 3 plugins.
Native extension for LinuxStandalone target not found
Native extension for WindowsStandalone target not found
Native extension for OSXStandalone target not found
Native extension for WebGL target not found
Mono: successfully reloaded assembly
- Finished resetting the current domain, in 30.425 seconds
Domain Reload Profiling: 37918ms
	BeginReloadAssembly (2021ms)
		ExecutionOrderSort (0ms)
		DisableScriptedObjects (32ms)
		BackupInstance (0ms)
		ReleaseScriptingObjects (0ms)
		CreateAndSetChildDomain (315ms)
	RebuildCommonClasses (807ms)
	RebuildNativeTypeToScriptingClass (83ms)
	initialDomainReloadingComplete (460ms)
	LoadAllAssembliesAndSetupDomain (4119ms)
		LoadAssemblies (3952ms)
		RebuildTransferFunctionScriptingTraits (0ms)
		AnalyzeDomain (1341ms)
			TypeCache.Refresh (41ms)
				TypeCache.ScanAssembly (8ms)
			ScanForSourceGeneratedMonoScriptInfo (1108ms)
			ResolveRequiredComponents (182ms)
	FinalizeReload (30428ms)
		ReleaseScriptCaches (0ms)
		RebuildScriptCaches (0ms)
		SetupLoadedEditorAssemblies (11261ms)
			LogAssemblyErrors (0ms)
			InitializePlatformSupportModulesInManaged (202ms)
			SetLoadedEditorAssemblies (46ms)
			RefreshPlugins (0ms)
			BeforeProcessingInitializeOnLoad (1429ms)
			ProcessInitializeOnLoadAttributes (8161ms)
			ProcessInitializeOnLoadMethodAttributes (1329ms)
			AfterProcessingInitializeOnLoad (91ms)
			EditorAssembliesLoaded (1ms)
		ExecutionOrderSort2 (0ms)
		AwakeInstancesAfterBackupRestoration (4395ms)
Refreshing native plugins compatible for Editor in 229.40 ms, found 3 plugins.
Preloading 0 native plugins for Editor in 0.00 ms.
Unloading 4994 Unused Serialized files (Serialized files now loaded: 0)
Unloading 41 unused Assets / (319.2 KB). Loaded Objects now: 5635.
Memory consumption went from 188.3 MB to 188.0 MB.
Total: 218.562400 ms (FindLiveObjects: 3.183400 ms CreateObjectMapping: 3.275300 ms MarkObjects: 211.807600 ms  DeleteObjects: 0.293300 ms)

Prepare: number of updated asset objects reloaded= 0
AssetImportParameters requested are different than current active one (requested -> active):
  custom:container-demuxer-ogg: 62fdf1f143b41e24485cea50d1cbac27 -> 
  custom:video-decoder-ogg-theora: a1e56fd34408186e4bbccfd4996cb3dc -> 
  custom:scripting/monoscript/fileName/xddf.cs: dd0abf560dd0a8c9de8edc5af66b6c59 -> 
  custom:framework-win-MediaFoundation: 216162199b28c13a410421893ffa2e32 -> 
  custom:CustomObjectIndexerAttribute: 4d1d7186bcbbfe361de5f0ad951e585c -> 
  custom:container-demuxer-webm: 4f35f7cbe854078d1ac9338744f61a02 -> 
  custom:container-muxer-webm: aa71ff27fc2769a1b78a27578f13a17b -> 
  custom:video-decoder-webm-vp8: 9c59270c3fd7afecdb556c50c9e8de78 -> 
  custom:SearchIndexIgnoredProperties: e643bd26f0fe6173181afceb89e7c659 -> 
  custom:AudioImporter_EditorPlatform: d09bf68614088b80899f8185d706f6e7 -> 
  custom:scripting/monoscript/fileName/HoverIdleEffect.cs: 7a5e139c76993c704cd769494aa2f01b -> b894028b0056033c0d8ea301b18d59c1
  custom:video-encoder-webm-vp8: eb34c28f22e8b96e1ab97ce403110664 -> 
  custom:audio-decoder-ogg-vorbis: bf7c407c2cedff20999df2af8eb42d56 -> 
  custom:audio-encoder-webm-vorbis: bf7c407c2cedff20999df2af8eb42d56 -> 
  custom:scripting/precompiled-assembly-types:Assembly-CSharp: 517a0c9956bdfa2d1c90ef31d158d4c7 -> 9f3bacfae546af87c26f7a8e8f856dfe
========================================================================
Received Prepare
Begin MonoManager ReloadAssembly
- Loaded All Assemblies, in 16.378 seconds
Refreshing native plugins compatible for Editor in 337.90 ms, found 3 plugins.
Native extension for LinuxStandalone target not found
Native extension for WindowsStandalone target not found
Native extension for OSXStandalone target not found
Native extension for WebGL target not found
Mono: successfully reloaded assembly
- Finished resetting the current domain, in 76.637 seconds
Domain Reload Profiling: 92804ms
	BeginReloadAssembly (5266ms)
		ExecutionOrderSort (0ms)
		DisableScriptedObjects (446ms)
		BackupInstance (0ms)
		ReleaseScriptingObjects (0ms)
		CreateAndSetChildDomain (1139ms)
	RebuildCommonClasses (616ms)
	RebuildNativeTypeToScriptingClass (165ms)
	initialDomainReloadingComplete (635ms)
	LoadAllAssembliesAndSetupDomain (9484ms)
		LoadAssemblies (10305ms)
		RebuildTransferFunctionScriptingTraits (0ms)
		AnalyzeDomain (1716ms)
			TypeCache.Refresh (126ms)
				TypeCache.ScanAssembly (0ms)
			ScanForSourceGeneratedMonoScriptInfo (12ms)
			ResolveRequiredComponents (1553ms)
	FinalizeReload (76639ms)
		ReleaseScriptCaches (0ms)
		RebuildScriptCaches (0ms)
		SetupLoadedEditorAssemblies (35316ms)
			LogAssemblyErrors (0ms)
			InitializePlatformSupportModulesInManaged (224ms)
			SetLoadedEditorAssemblies (52ms)
			RefreshPlugins (0ms)
			BeforeProcessingInitializeOnLoad (2147ms)
			ProcessInitializeOnLoadAttributes (27226ms)
			ProcessInitializeOnLoadMethodAttributes (5403ms)
			AfterProcessingInitializeOnLoad (263ms)
			EditorAssembliesLoaded (1ms)
		ExecutionOrderSort2 (0ms)
		AwakeInstancesAfterBackupRestoration (1503ms)
Script is not up to date after domain reload: guid(a60a7757baeef6349afd4e5d4e003ffc) path("Assets/HoverIdleEffect.cs") state(2)
Refreshing native plugins compatible for Editor in 58.48 ms, found 3 plugins.
Preloading 0 native plugins for Editor in 0.00 ms.
Unloading 4993 Unused Serialized files (Serialized files now loaded: 0)
Unloading 41 unused Assets / (319.2 KB). Loaded Objects now: 5638.
Memory consumption went from 190.2 MB to 189.9 MB.
Total: 21.034100 ms (FindLiveObjects: 3.048900 ms CreateObjectMapping: 5.231900 ms MarkObjects: 12.476800 ms  DeleteObjects: 0.274200 ms)

Prepare: number of updated asset objects reloaded= 0
AssetImportParameters requested are different than current active one (requested -> active):
  custom:container-demuxer-ogg: 62fdf1f143b41e24485cea50d1cbac27 -> 
  custom:video-decoder-ogg-theora: a1e56fd34408186e4bbccfd4996cb3dc -> 
  custom:scripting/monoscript/fileName/xddf.cs: dd0abf560dd0a8c9de8edc5af66b6c59 -> 
  custom:framework-win-MediaFoundation: 216162199b28c13a410421893ffa2e32 -> 
  custom:CustomObjectIndexerAttribute: 4d1d7186bcbbfe361de5f0ad951e585c -> 
  custom:container-demuxer-webm: 4f35f7cbe854078d1ac9338744f61a02 -> 
  custom:container-muxer-webm: aa71ff27fc2769a1b78a27578f13a17b -> 
  custom:video-decoder-webm-vp8: 9c59270c3fd7afecdb556c50c9e8de78 -> 
  custom:SearchIndexIgnoredProperties: e643bd26f0fe6173181afceb89e7c659 -> 
  custom:AudioImporter_EditorPlatform: d09bf68614088b80899f8185d706f6e7 -> 
  custom:video-encoder-webm-vp8: eb34c28f22e8b96e1ab97ce403110664 -> 
  custom:audio-decoder-ogg-vorbis: bf7c407c2cedff20999df2af8eb42d56 -> 
  custom:audio-encoder-webm-vorbis: bf7c407c2cedff20999df2af8eb42d56 -> 
========================================================================
Received Prepare
Begin MonoManager ReloadAssembly
- Loaded All Assemblies, in  7.368 seconds
Refreshing native plugins compatible for Editor in 53.15 ms, found 3 plugins.
Native extension for LinuxStandalone target not found
Native extension for WindowsStandalone target not found
Native extension for OSXStandalone target not found
Native extension for WebGL target not found
Mono: successfully reloaded assembly
- Finished resetting the current domain, in 75.248 seconds
Domain Reload Profiling: 82586ms
	BeginReloadAssembly (1771ms)
		ExecutionOrderSort (0ms)
		DisableScriptedObjects (145ms)
		BackupInstance (0ms)
		ReleaseScriptingObjects (0ms)
		CreateAndSetChildDomain (433ms)
	RebuildCommonClasses (285ms)
	RebuildNativeTypeToScriptingClass (125ms)
	initialDomainReloadingComplete (214ms)
	LoadAllAssembliesAndSetupDomain (4925ms)
		LoadAssemblies (4512ms)
		RebuildTransferFunctionScriptingTraits (0ms)
		AnalyzeDomain (1095ms)
			TypeCache.Refresh (169ms)
				TypeCache.ScanAssembly (43ms)
			ScanForSourceGeneratedMonoScriptInfo (828ms)
			ResolveRequiredComponents (76ms)
	FinalizeReload (75265ms)
		ReleaseScriptCaches (0ms)
		RebuildScriptCaches (0ms)
		SetupLoadedEditorAssemblies (15963ms)
			LogAssemblyErrors (0ms)
			InitializePlatformSupportModulesInManaged (209ms)
			SetLoadedEditorAssemblies (13ms)
			RefreshPlugins (0ms)
			BeforeProcessingInitializeOnLoad (1545ms)
			ProcessInitializeOnLoadAttributes (10117ms)
			ProcessInitializeOnLoadMethodAttributes (4008ms)
			AfterProcessingInitializeOnLoad (69ms)
			EditorAssembliesLoaded (3ms)
		ExecutionOrderSort2 (0ms)
		AwakeInstancesAfterBackupRestoration (1909ms)
Refreshing native plugins compatible for Editor in 124.05 ms, found 3 plugins.
Preloading 0 native plugins for Editor in 0.00 ms.
Unloading 4994 Unused Serialized files (Serialized files now loaded: 0)
Unloading 41 unused Assets / (319.2 KB). Loaded Objects now: 5643.
Memory consumption went from 192.2 MB to 191.9 MB.
Total: 28.711200 ms (FindLiveObjects: 1.069100 ms CreateObjectMapping: 1.209000 ms MarkObjects: 20.429800 ms  DeleteObjects: 5.999800 ms)

Prepare: number of updated asset objects reloaded= 0
AssetImportParameters requested are different than current active one (requested -> active):
  custom:container-demuxer-ogg: 62fdf1f143b41e24485cea50d1cbac27 -> 
  custom:video-decoder-ogg-theora: a1e56fd34408186e4bbccfd4996cb3dc -> 
  custom:scripting/monoscript/fileName/xddf.cs: dd0abf560dd0a8c9de8edc5af66b6c59 -> 
  custom:framework-win-MediaFoundation: 216162199b28c13a410421893ffa2e32 -> 
  custom:CustomObjectIndexerAttribute: 4d1d7186bcbbfe361de5f0ad951e585c -> 
  custom:container-demuxer-webm: 4f35f7cbe854078d1ac9338744f61a02 -> 
  custom:container-muxer-webm: aa71ff27fc2769a1b78a27578f13a17b -> 
  custom:video-decoder-webm-vp8: 9c59270c3fd7afecdb556c50c9e8de78 -> 
  custom:SearchIndexIgnoredProperties: e643bd26f0fe6173181afceb89e7c659 -> 
  custom:AudioImporter_EditorPlatform: d09bf68614088b80899f8185d706f6e7 -> 
  custom:video-encoder-webm-vp8: eb34c28f22e8b96e1ab97ce403110664 -> 
  custom:audio-decoder-ogg-vorbis: bf7c407c2cedff20999df2af8eb42d56 -> 
  custom:audio-encoder-webm-vorbis: bf7c407c2cedff20999df2af8eb42d56 -> 
========================================================================
Received Prepare
Begin MonoManager ReloadAssembly
- Loaded All Assemblies, in 12.442 seconds
Refreshing native plugins compatible for Editor in 546.18 ms, found 3 plugins.
Native extension for LinuxStandalone target not found
Native extension for WindowsStandalone target not found
Native extension for OSXStandalone target not found
Native extension for WebGL target not found
Mono: successfully reloaded assembly
- Finished resetting the current domain, in 44.435 seconds
Domain Reload Profiling: 56802ms
	BeginReloadAssembly (2769ms)
		ExecutionOrderSort (0ms)
		DisableScriptedObjects (46ms)
		BackupInstance (0ms)
		ReleaseScriptingObjects (0ms)
		CreateAndSetChildDomain (505ms)
	RebuildCommonClasses (1416ms)
	RebuildNativeTypeToScriptingClass (226ms)
	initialDomainReloadingComplete (1093ms)
	LoadAllAssembliesAndSetupDomain (6862ms)
		LoadAssemblies (8165ms)
		RebuildTransferFunctionScriptingTraits (0ms)
		AnalyzeDomain (574ms)
			TypeCache.Refresh (63ms)
				TypeCache.ScanAssembly (0ms)
			ScanForSourceGeneratedMonoScriptInfo (1ms)
			ResolveRequiredComponents (503ms)
	FinalizeReload (44437ms)
		ReleaseScriptCaches (0ms)
		RebuildScriptCaches (0ms)
		SetupLoadedEditorAssemblies (14974ms)
			LogAssemblyErrors (1ms)
			InitializePlatformSupportModulesInManaged (239ms)
			SetLoadedEditorAssemblies (36ms)
			RefreshPlugins (0ms)
			BeforeProcessingInitializeOnLoad (2010ms)
			ProcessInitializeOnLoadAttributes (11303ms)
			ProcessInitializeOnLoadMethodAttributes (924ms)
			AfterProcessingInitializeOnLoad (460ms)
			EditorAssembliesLoaded (1ms)
		ExecutionOrderSort2 (0ms)
		AwakeInstancesAfterBackupRestoration (2127ms)
Refreshing native plugins compatible for Editor in 119.41 ms, found 3 plugins.
Preloading 0 native plugins for Editor in 0.00 ms.
Unloading 4994 Unused Serialized files (Serialized files now loaded: 0)
Unloading 41 unused Assets / (319.3 KB). Loaded Objects now: 5647.
Memory consumption went from 194.1 MB to 193.8 MB.
Total: 41.621500 ms (FindLiveObjects: 2.425100 ms CreateObjectMapping: 26.069600 ms MarkObjects: 12.258100 ms  DeleteObjects: 0.866200 ms)

Prepare: number of updated asset objects reloaded= 0
AssetImportParameters requested are different than current active one (requested -> active):
  custom:container-demuxer-ogg: 62fdf1f143b41e24485cea50d1cbac27 -> 
  custom:video-decoder-ogg-theora: a1e56fd34408186e4bbccfd4996cb3dc -> 
  custom:scripting/monoscript/fileName/xddf.cs: dd0abf560dd0a8c9de8edc5af66b6c59 -> 
  custom:framework-win-MediaFoundation: 216162199b28c13a410421893ffa2e32 -> 
  custom:CustomObjectIndexerAttribute: 4d1d7186bcbbfe361de5f0ad951e585c -> 
  custom:container-demuxer-webm: 4f35f7cbe854078d1ac9338744f61a02 -> 
  custom:container-muxer-webm: aa71ff27fc2769a1b78a27578f13a17b -> 
  custom:video-decoder-webm-vp8: 9c59270c3fd7afecdb556c50c9e8de78 -> 
  custom:SearchIndexIgnoredProperties: e643bd26f0fe6173181afceb89e7c659 -> 
  custom:AudioImporter_EditorPlatform: d09bf68614088b80899f8185d706f6e7 -> 
  custom:video-encoder-webm-vp8: eb34c28f22e8b96e1ab97ce403110664 -> 
  custom:audio-decoder-ogg-vorbis: bf7c407c2cedff20999df2af8eb42d56 -> 
  custom:audio-encoder-webm-vorbis: bf7c407c2cedff20999df2af8eb42d56 -> 
========================================================================
Received Prepare
Begin MonoManager ReloadAssembly
- Loaded All Assemblies, in 17.431 seconds
Refreshing native plugins compatible for Editor in 90.80 ms, found 3 plugins.
Native extension for LinuxStandalone target not found
Native extension for WindowsStandalone target not found
Native extension for OSXStandalone target not found
Native extension for WebGL target not found
Mono: successfully reloaded assembly
- Finished resetting the current domain, in 55.104 seconds
Domain Reload Profiling: 71683ms
	BeginReloadAssembly (4145ms)
		ExecutionOrderSort (0ms)
		DisableScriptedObjects (147ms)
		BackupInstance (0ms)
		ReleaseScriptingObjects (0ms)
		CreateAndSetChildDomain (459ms)
	RebuildCommonClasses (1740ms)
	RebuildNativeTypeToScriptingClass (450ms)
	initialDomainReloadingComplete (1782ms)
	LoadAllAssembliesAndSetupDomain (8452ms)
		LoadAssemblies (11466ms)
		RebuildTransferFunctionScriptingTraits (0ms)
		AnalyzeDomain (230ms)
			TypeCache.Refresh (85ms)
				TypeCache.ScanAssembly (0ms)
			ScanForSourceGeneratedMonoScriptInfo (1ms)
			ResolveRequiredComponents (125ms)
	FinalizeReload (55114ms)
		ReleaseScriptCaches (0ms)
		RebuildScriptCaches (0ms)
		SetupLoadedEditorAssemblies (28220ms)
			LogAssemblyErrors (0ms)
			InitializePlatformSupportModulesInManaged (511ms)
			SetLoadedEditorAssemblies (36ms)
			RefreshPlugins (0ms)
			BeforeProcessingInitializeOnLoad (7749ms)
			ProcessInitializeOnLoadAttributes (15239ms)
			ProcessInitializeOnLoadMethodAttributes (3706ms)
			AfterProcessingInitializeOnLoad (979ms)
			EditorAssembliesLoaded (1ms)
		ExecutionOrderSort2 (0ms)
		AwakeInstancesAfterBackupRestoration (249ms)
Refreshing native plugins compatible for Editor in 90.15 ms, found 3 plugins.
Preloading 0 native plugins for Editor in 0.00 ms.
Unloading 4994 Unused Serialized files (Serialized files now loaded: 0)
Unloading 41 unused Assets / (319.2 KB). Loaded Objects now: 5651.
Memory consumption went from 196.0 MB to 195.7 MB.
Total: 111.650800 ms (FindLiveObjects: 2.516900 ms CreateObjectMapping: 1.448400 ms MarkObjects: 107.444900 ms  DeleteObjects: 0.237500 ms)

Prepare: number of updated asset objects reloaded= 0
AssetImportParameters requested are different than current active one (requested -> active):
  custom:container-demuxer-ogg: 62fdf1f143b41e24485cea50d1cbac27 -> 
  custom:video-decoder-ogg-theora: a1e56fd34408186e4bbccfd4996cb3dc -> 
  custom:scripting/monoscript/fileName/xddf.cs: dd0abf560dd0a8c9de8edc5af66b6c59 -> 
  custom:framework-win-MediaFoundation: 216162199b28c13a410421893ffa2e32 -> 
  custom:CustomObjectIndexerAttribute: 4d1d7186bcbbfe361de5f0ad951e585c -> 
  custom:container-demuxer-webm: 4f35f7cbe854078d1ac9338744f61a02 -> 
  custom:container-muxer-webm: aa71ff27fc2769a1b78a27578f13a17b -> 
  custom:video-decoder-webm-vp8: 9c59270c3fd7afecdb556c50c9e8de78 -> 
  custom:SearchIndexIgnoredProperties: e643bd26f0fe6173181afceb89e7c659 -> 
  custom:AudioImporter_EditorPlatform: d09bf68614088b80899f8185d706f6e7 -> 
  custom:video-encoder-webm-vp8: eb34c28f22e8b96e1ab97ce403110664 -> 
  custom:audio-decoder-ogg-vorbis: bf7c407c2cedff20999df2af8eb42d56 -> 
  custom:audio-encoder-webm-vorbis: bf7c407c2cedff20999df2af8eb42d56 -> 
========================================================================
Received Prepare
Begin MonoManager ReloadAssembly
- Loaded All Assemblies, in 17.856 seconds
Refreshing native plugins compatible for Editor in 66.62 ms, found 3 plugins.
Native extension for LinuxStandalone target not found
Native extension for WindowsStandalone target not found
Native extension for OSXStandalone target not found
Native extension for WebGL target not found
Mono: successfully reloaded assembly
- Finished resetting the current domain, in 37.536 seconds
Domain Reload Profiling: 55266ms
	BeginReloadAssembly (1596ms)
		ExecutionOrderSort (0ms)
		DisableScriptedObjects (35ms)
		BackupInstance (0ms)
		ReleaseScriptingObjects (0ms)
		CreateAndSetChildDomain (261ms)
	RebuildCommonClasses (2846ms)
	RebuildNativeTypeToScriptingClass (433ms)
	initialDomainReloadingComplete (591ms)
	LoadAllAssembliesAndSetupDomain (12260ms)
		LoadAssemblies (13141ms)
		RebuildTransferFunctionScriptingTraits (0ms)
		AnalyzeDomain (215ms)
			TypeCache.Refresh (35ms)
				TypeCache.ScanAssembly (0ms)
			ScanForSourceGeneratedMonoScriptInfo (2ms)
			ResolveRequiredComponents (169ms)
	FinalizeReload (37541ms)
		ReleaseScriptCaches (0ms)
		RebuildScriptCaches (0ms)
		SetupLoadedEditorAssemblies (14100ms)
			LogAssemblyErrors (0ms)
			InitializePlatformSupportModulesInManaged (223ms)
			SetLoadedEditorAssemblies (21ms)
			RefreshPlugins (0ms)
			BeforeProcessingInitializeOnLoad (2562ms)
			ProcessInitializeOnLoadAttributes (8656ms)
			ProcessInitializeOnLoadMethodAttributes (2414ms)
			AfterProcessingInitializeOnLoad (215ms)
			EditorAssembliesLoaded (9ms)
		ExecutionOrderSort2 (0ms)
		AwakeInstancesAfterBackupRestoration (316ms)
Refreshing native plugins compatible for Editor in 83.82 ms, found 3 plugins.
Preloading 0 native plugins for Editor in 0.00 ms.
Unloading 4994 Unused Serialized files (Serialized files now loaded: 0)
Unloading 41 unused Assets / (319.2 KB). Loaded Objects now: 5655.
Memory consumption went from 198.0 MB to 197.7 MB.
Total: 166.123700 ms (FindLiveObjects: 12.734700 ms CreateObjectMapping: 3.073200 ms MarkObjects: 149.811600 ms  DeleteObjects: 0.501200 ms)

Prepare: number of updated asset objects reloaded= 0
AssetImportParameters requested are different than current active one (requested -> active):
  custom:container-demuxer-ogg: 62fdf1f143b41e24485cea50d1cbac27 -> 
  custom:video-decoder-ogg-theora: a1e56fd34408186e4bbccfd4996cb3dc -> 
  custom:scripting/monoscript/fileName/xddf.cs: dd0abf560dd0a8c9de8edc5af66b6c59 -> 
  custom:framework-win-MediaFoundation: 216162199b28c13a410421893ffa2e32 -> 
  custom:CustomObjectIndexerAttribute: 4d1d7186bcbbfe361de5f0ad951e585c -> 
  custom:container-demuxer-webm: 4f35f7cbe854078d1ac9338744f61a02 -> 
  custom:container-muxer-webm: aa71ff27fc2769a1b78a27578f13a17b -> 
  custom:video-decoder-webm-vp8: 9c59270c3fd7afecdb556c50c9e8de78 -> 
  custom:SearchIndexIgnoredProperties: e643bd26f0fe6173181afceb89e7c659 -> 
  custom:AudioImporter_EditorPlatform: d09bf68614088b80899f8185d706f6e7 -> 
  custom:video-encoder-webm-vp8: eb34c28f22e8b96e1ab97ce403110664 -> 
  custom:audio-decoder-ogg-vorbis: bf7c407c2cedff20999df2af8eb42d56 -> 
  custom:audio-encoder-webm-vorbis: bf7c407c2cedff20999df2af8eb42d56 -> 
========================================================================
Received Prepare
Begin MonoManager ReloadAssembly
- Loaded All Assemblies, in 34.951 seconds
Refreshing native plugins compatible for Editor in 425.51 ms, found 3 plugins.
Native extension for LinuxStandalone target not found
Native extension for WindowsStandalone target not found
Native extension for OSXStandalone target not found
Native extension for WebGL target not found
Mono: successfully reloaded assembly
- Finished resetting the current domain, in 89.751 seconds
Domain Reload Profiling: 124683ms
	BeginReloadAssembly (2654ms)
		ExecutionOrderSort (0ms)
		DisableScriptedObjects (213ms)
		BackupInstance (0ms)
		ReleaseScriptingObjects (1ms)
		CreateAndSetChildDomain (676ms)
	RebuildCommonClasses (216ms)
	RebuildNativeTypeToScriptingClass (165ms)
	initialDomainReloadingComplete (1442ms)
	LoadAllAssembliesAndSetupDomain (30454ms)
		LoadAssemblies (26659ms)
		RebuildTransferFunctionScriptingTraits (0ms)
		AnalyzeDomain (4769ms)
			TypeCache.Refresh (3764ms)
				TypeCache.ScanAssembly (3336ms)
			ScanForSourceGeneratedMonoScriptInfo (506ms)
			ResolveRequiredComponents (450ms)
	FinalizeReload (89752ms)
		ReleaseScriptCaches (0ms)
		RebuildScriptCaches (0ms)
		SetupLoadedEditorAssemblies (5389ms)
			LogAssemblyErrors (0ms)
			InitializePlatformSupportModulesInManaged (145ms)
			SetLoadedEditorAssemblies (20ms)
			RefreshPlugins (0ms)
			BeforeProcessingInitializeOnLoad (656ms)
			ProcessInitializeOnLoadAttributes (4033ms)
			ProcessInitializeOnLoadMethodAttributes (493ms)
			AfterProcessingInitializeOnLoad (41ms)
			EditorAssembliesLoaded (1ms)
		ExecutionOrderSort2 (0ms)
		AwakeInstancesAfterBackupRestoration (141ms)
Refreshing native plugins compatible for Editor in 73.36 ms, found 3 plugins.
Preloading 0 native plugins for Editor in 0.00 ms.
Unloading 4994 Unused Serialized files (Serialized files now loaded: 0)
Unloading 41 unused Assets / (319.1 KB). Loaded Objects now: 5659.
Memory consumption went from 199.9 MB to 199.6 MB.
Total: 21.915800 ms (FindLiveObjects: 0.882100 ms CreateObjectMapping: 9.601500 ms MarkObjects: 11.089400 ms  DeleteObjects: 0.340200 ms)

Prepare: number of updated asset objects reloaded= 0
AssetImportParameters requested are different than current active one (requested -> active):
  custom:container-demuxer-ogg: 62fdf1f143b41e24485cea50d1cbac27 -> 
  custom:video-decoder-ogg-theora: a1e56fd34408186e4bbccfd4996cb3dc -> 
  custom:scripting/monoscript/fileName/xddf.cs: dd0abf560dd0a8c9de8edc5af66b6c59 -> 
  custom:framework-win-MediaFoundation: 216162199b28c13a410421893ffa2e32 -> 
  custom:CustomObjectIndexerAttribute: 4d1d7186bcbbfe361de5f0ad951e585c -> 
  custom:container-demuxer-webm: 4f35f7cbe854078d1ac9338744f61a02 -> 
  custom:container-muxer-webm: aa71ff27fc2769a1b78a27578f13a17b -> 
  custom:video-decoder-webm-vp8: 9c59270c3fd7afecdb556c50c9e8de78 -> 
  custom:SearchIndexIgnoredProperties: e643bd26f0fe6173181afceb89e7c659 -> 
  custom:AudioImporter_EditorPlatform: d09bf68614088b80899f8185d706f6e7 -> 
  custom:video-encoder-webm-vp8: eb34c28f22e8b96e1ab97ce403110664 -> 
  custom:audio-decoder-ogg-vorbis: bf7c407c2cedff20999df2af8eb42d56 -> 
  custom:audio-encoder-webm-vorbis: bf7c407c2cedff20999df2af8eb42d56 -> 
========================================================================
Received Prepare
Begin MonoManager ReloadAssembly
- Loaded All Assemblies, in  3.147 seconds
Refreshing native plugins compatible for Editor in 51.75 ms, found 3 plugins.
Native extension for LinuxStandalone target not found
Native extension for WindowsStandalone target not found
Native extension for OSXStandalone target not found
Native extension for WebGL target not found
Mono: successfully reloaded assembly
- Finished resetting the current domain, in  8.425 seconds
Domain Reload Profiling: 11553ms
	BeginReloadAssembly (1114ms)
		ExecutionOrderSort (0ms)
		DisableScriptedObjects (20ms)
		BackupInstance (0ms)
		ReleaseScriptingObjects (0ms)
		CreateAndSetChildDomain (138ms)
	RebuildCommonClasses (181ms)
	RebuildNativeTypeToScriptingClass (48ms)
	initialDomainReloadingComplete (152ms)
	LoadAllAssembliesAndSetupDomain (1631ms)
		LoadAssemblies (2341ms)
		RebuildTransferFunctionScriptingTraits (0ms)
		AnalyzeDomain (130ms)
			TypeCache.Refresh (22ms)
				TypeCache.ScanAssembly (0ms)
			ScanForSourceGeneratedMonoScriptInfo (1ms)
			ResolveRequiredComponents (91ms)
	FinalizeReload (8426ms)
		ReleaseScriptCaches (0ms)
		RebuildScriptCaches (0ms)
		SetupLoadedEditorAssemblies (3641ms)
			LogAssemblyErrors (0ms)
			InitializePlatformSupportModulesInManaged (75ms)
			SetLoadedEditorAssemblies (12ms)
			RefreshPlugins (0ms)
			BeforeProcessingInitializeOnLoad (334ms)
			ProcessInitializeOnLoadAttributes (2648ms)
			ProcessInitializeOnLoadMethodAttributes (504ms)
			AfterProcessingInitializeOnLoad (68ms)
			EditorAssembliesLoaded (0ms)
		ExecutionOrderSort2 (0ms)
		AwakeInstancesAfterBackupRestoration (70ms)
Refreshing native plugins compatible for Editor in 138.52 ms, found 3 plugins.
Preloading 0 native plugins for Editor in 0.00 ms.
Unloading 4994 Unused Serialized files (Serialized files now loaded: 0)
Unloading 41 unused Assets / (319.2 KB). Loaded Objects now: 5663.
Memory consumption went from 201.8 MB to 201.5 MB.
Total: 13.903300 ms (FindLiveObjects: 2.885200 ms CreateObjectMapping: 1.221500 ms MarkObjects: 9.503200 ms  DeleteObjects: 0.290700 ms)

Prepare: number of updated asset objects reloaded= 0
AssetImportParameters requested are different than current active one (requested -> active):
  custom:container-demuxer-ogg: 62fdf1f143b41e24485cea50d1cbac27 -> 
  custom:video-decoder-ogg-theora: a1e56fd34408186e4bbccfd4996cb3dc -> 
  custom:scripting/monoscript/fileName/xddf.cs: dd0abf560dd0a8c9de8edc5af66b6c59 -> 
  custom:framework-win-MediaFoundation: 216162199b28c13a410421893ffa2e32 -> 
  custom:CustomObjectIndexerAttribute: 4d1d7186bcbbfe361de5f0ad951e585c -> 
  custom:container-demuxer-webm: 4f35f7cbe854078d1ac9338744f61a02 -> 
  custom:container-muxer-webm: aa71ff27fc2769a1b78a27578f13a17b -> 
  custom:video-decoder-webm-vp8: 9c59270c3fd7afecdb556c50c9e8de78 -> 
  custom:SearchIndexIgnoredProperties: e643bd26f0fe6173181afceb89e7c659 -> 
  custom:AudioImporter_EditorPlatform: d09bf68614088b80899f8185d706f6e7 -> 
  custom:video-encoder-webm-vp8: eb34c28f22e8b96e1ab97ce403110664 -> 
  custom:audio-decoder-ogg-vorbis: bf7c407c2cedff20999df2af8eb42d56 -> 
  custom:audio-encoder-webm-vorbis: bf7c407c2cedff20999df2af8eb42d56 -> 
========================================================================
Received Prepare
Begin MonoManager ReloadAssembly
- Loaded All Assemblies, in 15.066 seconds
Refreshing native plugins compatible for Editor in 52.09 ms, found 3 plugins.
Native extension for LinuxStandalone target not found
Native extension for WindowsStandalone target not found
Native extension for OSXStandalone target not found
Native extension for WebGL target not found
Mono: successfully reloaded assembly
- Finished resetting the current domain, in 13.112 seconds
Domain Reload Profiling: 28154ms
	BeginReloadAssembly (8116ms)
		ExecutionOrderSort (0ms)
		DisableScriptedObjects (186ms)
		BackupInstance (0ms)
		ReleaseScriptingObjects (0ms)
		CreateAndSetChildDomain (831ms)
	RebuildCommonClasses (3021ms)
	RebuildNativeTypeToScriptingClass (373ms)
	initialDomainReloadingComplete (408ms)
	LoadAllAssembliesAndSetupDomain (3122ms)
		LoadAssemblies (9724ms)
		RebuildTransferFunctionScriptingTraits (0ms)
		AnalyzeDomain (102ms)
			TypeCache.Refresh (24ms)
				TypeCache.ScanAssembly (0ms)
			ScanForSourceGeneratedMonoScriptInfo (1ms)
			ResolveRequiredComponents (60ms)
	FinalizeReload (13114ms)
		ReleaseScriptCaches (0ms)
		RebuildScriptCaches (0ms)
		SetupLoadedEditorAssemblies (4327ms)
			LogAssemblyErrors (0ms)
			InitializePlatformSupportModulesInManaged (155ms)
			SetLoadedEditorAssemblies (26ms)
			RefreshPlugins (0ms)
			BeforeProcessingInitializeOnLoad (497ms)
			ProcessInitializeOnLoadAttributes (3237ms)
			ProcessInitializeOnLoadMethodAttributes (373ms)
			AfterProcessingInitializeOnLoad (39ms)
			EditorAssembliesLoaded (0ms)
		ExecutionOrderSort2 (0ms)
		AwakeInstancesAfterBackupRestoration (82ms)
Refreshing native plugins compatible for Editor in 47.28 ms, found 3 plugins.
Preloading 0 native plugins for Editor in 0.00 ms.
Unloading 4994 Unused Serialized files (Serialized files now loaded: 0)
Unloading 41 unused Assets / (319.2 KB). Loaded Objects now: 5667.
Memory consumption went from 203.7 MB to 203.4 MB.
Total: 11.196000 ms (FindLiveObjects: 1.517500 ms CreateObjectMapping: 1.587800 ms MarkObjects: 7.790200 ms  DeleteObjects: 0.298400 ms)

Prepare: number of updated asset objects reloaded= 0
AssetImportParameters requested are different than current active one (requested -> active):
  custom:container-demuxer-ogg: 62fdf1f143b41e24485cea50d1cbac27 -> 
  custom:video-decoder-ogg-theora: a1e56fd34408186e4bbccfd4996cb3dc -> 
  custom:scripting/monoscript/fileName/xddf.cs: dd0abf560dd0a8c9de8edc5af66b6c59 -> 
  custom:framework-win-MediaFoundation: 216162199b28c13a410421893ffa2e32 -> 
  custom:CustomObjectIndexerAttribute: 4d1d7186bcbbfe361de5f0ad951e585c -> 
  custom:container-demuxer-webm: 4f35f7cbe854078d1ac9338744f61a02 -> 
  custom:container-muxer-webm: aa71ff27fc2769a1b78a27578f13a17b -> 
  custom:video-decoder-webm-vp8: 9c59270c3fd7afecdb556c50c9e8de78 -> 
  custom:SearchIndexIgnoredProperties: e643bd26f0fe6173181afceb89e7c659 -> 
  custom:AudioImporter_EditorPlatform: d09bf68614088b80899f8185d706f6e7 -> 
  custom:video-encoder-webm-vp8: eb34c28f22e8b96e1ab97ce403110664 -> 
  custom:audio-decoder-ogg-vorbis: bf7c407c2cedff20999df2af8eb42d56 -> 
  custom:audio-encoder-webm-vorbis: bf7c407c2cedff20999df2af8eb42d56 -> 
========================================================================
Received Prepare
Begin MonoManager ReloadAssembly
- Loaded All Assemblies, in 17.393 seconds
Refreshing native plugins compatible for Editor in 239.27 ms, found 3 plugins.
Native extension for LinuxStandalone target not found
Native extension for WindowsStandalone target not found
Native extension for OSXStandalone target not found
Native extension for WebGL target not found
Mono: successfully reloaded assembly
- Finished resetting the current domain, in 35.640 seconds
Domain Reload Profiling: 53001ms
	BeginReloadAssembly (7129ms)
		ExecutionOrderSort (0ms)
		DisableScriptedObjects (1355ms)
		BackupInstance (0ms)
		ReleaseScriptingObjects (0ms)
		CreateAndSetChildDomain (958ms)
	RebuildCommonClasses (3123ms)
	RebuildNativeTypeToScriptingClass (390ms)
	initialDomainReloadingComplete (1067ms)
	LoadAllAssembliesAndSetupDomain (5649ms)
		LoadAssemblies (7061ms)
		RebuildTransferFunctionScriptingTraits (0ms)
		AnalyzeDomain (262ms)
			TypeCache.Refresh (40ms)
				TypeCache.ScanAssembly (0ms)
			ScanForSourceGeneratedMonoScriptInfo (1ms)
			ResolveRequiredComponents (206ms)
	FinalizeReload (35643ms)
		ReleaseScriptCaches (0ms)
		RebuildScriptCaches (0ms)
		SetupLoadedEditorAssemblies (11738ms)
			LogAssemblyErrors (0ms)
			InitializePlatformSupportModulesInManaged (92ms)
			SetLoadedEditorAssemblies (28ms)
			RefreshPlugins (0ms)
			BeforeProcessingInitializeOnLoad (505ms)
			ProcessInitializeOnLoadAttributes (9518ms)
			ProcessInitializeOnLoadMethodAttributes (1496ms)
			AfterProcessingInitializeOnLoad (99ms)
			EditorAssembliesLoaded (0ms)
		ExecutionOrderSort2 (0ms)
		AwakeInstancesAfterBackupRestoration (85ms)
Refreshing native plugins compatible for Editor in 82.10 ms, found 3 plugins.
Preloading 0 native plugins for Editor in 0.00 ms.
Unloading 4994 Unused Serialized files (Serialized files now loaded: 0)
Unloading 41 unused Assets / (318.9 KB). Loaded Objects now: 5671.
Memory consumption went from 205.7 MB to 205.3 MB.
Total: 28.115300 ms (FindLiveObjects: 9.333100 ms CreateObjectMapping: 2.016300 ms MarkObjects: 15.237500 ms  DeleteObjects: 0.363800 ms)

Prepare: number of updated asset objects reloaded= 0
AssetImportParameters requested are different than current active one (requested -> active):
  custom:container-demuxer-ogg: 62fdf1f143b41e24485cea50d1cbac27 -> 
  custom:video-decoder-ogg-theora: a1e56fd34408186e4bbccfd4996cb3dc -> 
  custom:scripting/monoscript/fileName/xddf.cs: dd0abf560dd0a8c9de8edc5af66b6c59 -> 
  custom:framework-win-MediaFoundation: 216162199b28c13a410421893ffa2e32 -> 
  custom:CustomObjectIndexerAttribute: 4d1d7186bcbbfe361de5f0ad951e585c -> 
  custom:container-demuxer-webm: 4f35f7cbe854078d1ac9338744f61a02 -> 
  custom:container-muxer-webm: aa71ff27fc2769a1b78a27578f13a17b -> 
  custom:video-decoder-webm-vp8: 9c59270c3fd7afecdb556c50c9e8de78 -> 
  custom:SearchIndexIgnoredProperties: e643bd26f0fe6173181afceb89e7c659 -> 
  custom:AudioImporter_EditorPlatform: d09bf68614088b80899f8185d706f6e7 -> 
  custom:video-encoder-webm-vp8: eb34c28f22e8b96e1ab97ce403110664 -> 
  custom:audio-decoder-ogg-vorbis: bf7c407c2cedff20999df2af8eb42d56 -> 
  custom:audio-encoder-webm-vorbis: bf7c407c2cedff20999df2af8eb42d56 -> 
========================================================================
Received Prepare
Begin MonoManager ReloadAssembly
- Loaded All Assemblies, in 20.732 seconds
Refreshing native plugins compatible for Editor in 36.61 ms, found 3 plugins.
Native extension for LinuxStandalone target not found
Native extension for WindowsStandalone target not found
Native extension for OSXStandalone target not found
Native extension for WebGL target not found
Mono: successfully reloaded assembly
- Finished resetting the current domain, in 17.486 seconds
Domain Reload Profiling: 37965ms
	BeginReloadAssembly (3549ms)
		ExecutionOrderSort (0ms)
		DisableScriptedObjects (46ms)
		BackupInstance (0ms)
		ReleaseScriptingObjects (0ms)
		CreateAndSetChildDomain (300ms)
	RebuildCommonClasses (620ms)
	RebuildNativeTypeToScriptingClass (349ms)
	initialDomainReloadingComplete (6799ms)
	LoadAllAssembliesAndSetupDomain (9146ms)
		LoadAssemblies (12003ms)
		RebuildTransferFunctionScriptingTraits (0ms)
		AnalyzeDomain (164ms)
			TypeCache.Refresh (30ms)
				TypeCache.ScanAssembly (0ms)
			ScanForSourceGeneratedMonoScriptInfo (1ms)
			ResolveRequiredComponents (122ms)
	FinalizeReload (17501ms)
		ReleaseScriptCaches (0ms)
		RebuildScriptCaches (0ms)
		SetupLoadedEditorAssemblies (3750ms)
			LogAssemblyErrors (0ms)
			InitializePlatformSupportModulesInManaged (126ms)
			SetLoadedEditorAssemblies (17ms)
			RefreshPlugins (0ms)
			BeforeProcessingInitializeOnLoad (457ms)
			ProcessInitializeOnLoadAttributes (2690ms)
			ProcessInitializeOnLoadMethodAttributes (409ms)
			AfterProcessingInitializeOnLoad (52ms)
			EditorAssembliesLoaded (0ms)
		ExecutionOrderSort2 (0ms)
		AwakeInstancesAfterBackupRestoration (928ms)
Refreshing native plugins compatible for Editor in 243.29 ms, found 3 plugins.
Preloading 0 native plugins for Editor in 0.00 ms.
Unloading 4994 Unused Serialized files (Serialized files now loaded: 0)
Unloading 41 unused Assets / (319.4 KB). Loaded Objects now: 5675.
Memory consumption went from 207.6 MB to 207.3 MB.
Total: 18.089100 ms (FindLiveObjects: 1.497800 ms CreateObjectMapping: 1.098000 ms MarkObjects: 15.190500 ms  DeleteObjects: 0.300100 ms)

Prepare: number of updated asset objects reloaded= 0
AssetImportParameters requested are different than current active one (requested -> active):
  custom:container-demuxer-ogg: 62fdf1f143b41e24485cea50d1cbac27 -> 
  custom:video-decoder-ogg-theora: a1e56fd34408186e4bbccfd4996cb3dc -> 
  custom:scripting/monoscript/fileName/xddf.cs: dd0abf560dd0a8c9de8edc5af66b6c59 -> 
  custom:framework-win-MediaFoundation: 216162199b28c13a410421893ffa2e32 -> 
  custom:CustomObjectIndexerAttribute: 4d1d7186bcbbfe361de5f0ad951e585c -> 
  custom:container-demuxer-webm: 4f35f7cbe854078d1ac9338744f61a02 -> 
  custom:container-muxer-webm: aa71ff27fc2769a1b78a27578f13a17b -> 
  custom:video-decoder-webm-vp8: 9c59270c3fd7afecdb556c50c9e8de78 -> 
  custom:SearchIndexIgnoredProperties: e643bd26f0fe6173181afceb89e7c659 -> 
  custom:AudioImporter_EditorPlatform: d09bf68614088b80899f8185d706f6e7 -> 
  custom:video-encoder-webm-vp8: eb34c28f22e8b96e1ab97ce403110664 -> 
  custom:audio-decoder-ogg-vorbis: bf7c407c2cedff20999df2af8eb42d56 -> 
  custom:audio-encoder-webm-vorbis: bf7c407c2cedff20999df2af8eb42d56 -> 
========================================================================
Received Prepare
Begin MonoManager ReloadAssembly
- Loaded All Assemblies, in 14.706 seconds
Refreshing native plugins compatible for Editor in 259.76 ms, found 3 plugins.
Native extension for LinuxStandalone target not found
Native extension for WindowsStandalone target not found
Native extension for OSXStandalone target not found
Native extension for WebGL target not found
Mono: successfully reloaded assembly
- Finished resetting the current domain, in 33.191 seconds
Domain Reload Profiling: 47903ms
	BeginReloadAssembly (2799ms)
		ExecutionOrderSort (0ms)
		DisableScriptedObjects (33ms)
		BackupInstance (0ms)
		ReleaseScriptingObjects (1ms)
		CreateAndSetChildDomain (504ms)
	RebuildCommonClasses (3246ms)
	RebuildNativeTypeToScriptingClass (542ms)
	initialDomainReloadingComplete (630ms)
	LoadAllAssembliesAndSetupDomain (7493ms)
		LoadAssemblies (8628ms)
		RebuildTransferFunctionScriptingTraits (0ms)
		AnalyzeDomain (544ms)
			TypeCache.Refresh (52ms)
				TypeCache.ScanAssembly (0ms)
			ScanForSourceGeneratedMonoScriptInfo (1ms)
			ResolveRequiredComponents (360ms)
	FinalizeReload (33193ms)
		ReleaseScriptCaches (0ms)
		RebuildScriptCaches (0ms)
		SetupLoadedEditorAssemblies (4364ms)
			LogAssemblyErrors (0ms)
			InitializePlatformSupportModulesInManaged (121ms)
			SetLoadedEditorAssemblies (17ms)
			RefreshPlugins (0ms)
			BeforeProcessingInitializeOnLoad (1225ms)
			ProcessInitializeOnLoadAttributes (2654ms)
			ProcessInitializeOnLoadMethodAttributes (312ms)
			AfterProcessingInitializeOnLoad (34ms)
			EditorAssembliesLoaded (0ms)
		ExecutionOrderSort2 (0ms)
		AwakeInstancesAfterBackupRestoration (58ms)
Refreshing native plugins compatible for Editor in 74.45 ms, found 3 plugins.
Preloading 0 native plugins for Editor in 0.00 ms.
Unloading 4994 Unused Serialized files (Serialized files now loaded: 0)
Unloading 41 unused Assets / (319.3 KB). Loaded Objects now: 5679.
Memory consumption went from 209.5 MB to 209.2 MB.
Total: 22.729500 ms (FindLiveObjects: 4.881400 ms CreateObjectMapping: 1.473300 ms MarkObjects: 16.145800 ms  DeleteObjects: 0.227100 ms)

Prepare: number of updated asset objects reloaded= 0
AssetImportParameters requested are different than current active one (requested -> active):
  custom:container-demuxer-ogg: 62fdf1f143b41e24485cea50d1cbac27 -> 
  custom:video-decoder-ogg-theora: a1e56fd34408186e4bbccfd4996cb3dc -> 
  custom:scripting/monoscript/fileName/xddf.cs: dd0abf560dd0a8c9de8edc5af66b6c59 -> 
  custom:framework-win-MediaFoundation: 216162199b28c13a410421893ffa2e32 -> 
  custom:CustomObjectIndexerAttribute: 4d1d7186bcbbfe361de5f0ad951e585c -> 
  custom:container-demuxer-webm: 4f35f7cbe854078d1ac9338744f61a02 -> 
  custom:container-muxer-webm: aa71ff27fc2769a1b78a27578f13a17b -> 
  custom:video-decoder-webm-vp8: 9c59270c3fd7afecdb556c50c9e8de78 -> 
  custom:SearchIndexIgnoredProperties: e643bd26f0fe6173181afceb89e7c659 -> 
  custom:AudioImporter_EditorPlatform: d09bf68614088b80899f8185d706f6e7 -> 
  custom:video-encoder-webm-vp8: eb34c28f22e8b96e1ab97ce403110664 -> 
  custom:audio-decoder-ogg-vorbis: bf7c407c2cedff20999df2af8eb42d56 -> 
  custom:audio-encoder-webm-vorbis: bf7c407c2cedff20999df2af8eb42d56 -> 
========================================================================
Received Prepare
Begin MonoManager ReloadAssembly
- Loaded All Assemblies, in 48.670 seconds
Refreshing native plugins compatible for Editor in 77.59 ms, found 3 plugins.
Native extension for LinuxStandalone target not found
Native extension for WindowsStandalone target not found
Native extension for OSXStandalone target not found
Native extension for WebGL target not found
Mono: successfully reloaded assembly
- Finished resetting the current domain, in 50.044 seconds
Domain Reload Profiling: 98624ms
	BeginReloadAssembly (30819ms)
		ExecutionOrderSort (0ms)
		DisableScriptedObjects (45ms)
		BackupInstance (0ms)
		ReleaseScriptingObjects (0ms)
		CreateAndSetChildDomain (474ms)
	RebuildCommonClasses (6186ms)
	RebuildNativeTypeToScriptingClass (263ms)
	initialDomainReloadingComplete (1017ms)
	LoadAllAssembliesAndSetupDomain (10269ms)
		LoadAssemblies (38448ms)
		RebuildTransferFunctionScriptingTraits (0ms)
		AnalyzeDomain (452ms)
			TypeCache.Refresh (95ms)
				TypeCache.ScanAssembly (0ms)
			ScanForSourceGeneratedMonoScriptInfo (2ms)
			ResolveRequiredComponents (340ms)
	FinalizeReload (50071ms)
		ReleaseScriptCaches (0ms)
		RebuildScriptCaches (0ms)
		SetupLoadedEditorAssemblies (18269ms)
			LogAssemblyErrors (0ms)
			InitializePlatformSupportModulesInManaged (7234ms)
			SetLoadedEditorAssemblies (104ms)
			RefreshPlugins (0ms)
			BeforeProcessingInitializeOnLoad (1794ms)
			ProcessInitializeOnLoadAttributes (7687ms)
			ProcessInitializeOnLoadMethodAttributes (1304ms)
			AfterProcessingInitializeOnLoad (146ms)
			EditorAssembliesLoaded (1ms)
		ExecutionOrderSort2 (1ms)
		AwakeInstancesAfterBackupRestoration (274ms)
Refreshing native plugins compatible for Editor in 40.57 ms, found 3 plugins.
Preloading 0 native plugins for Editor in 0.00 ms.
Unloading 4994 Unused Serialized files (Serialized files now loaded: 0)
Unloading 41 unused Assets / (319.3 KB). Loaded Objects now: 5683.
Memory consumption went from 211.4 MB to 211.1 MB.
Total: 8.659900 ms (FindLiveObjects: 0.867800 ms CreateObjectMapping: 0.984900 ms MarkObjects: 6.550400 ms  DeleteObjects: 0.254200 ms)

Prepare: number of updated asset objects reloaded= 0
AssetImportParameters requested are different than current active one (requested -> active):
  custom:container-demuxer-ogg: 62fdf1f143b41e24485cea50d1cbac27 -> 
  custom:video-decoder-ogg-theora: a1e56fd34408186e4bbccfd4996cb3dc -> 
  custom:scripting/monoscript/fileName/xddf.cs: dd0abf560dd0a8c9de8edc5af66b6c59 -> 
  custom:framework-win-MediaFoundation: 216162199b28c13a410421893ffa2e32 -> 
  custom:CustomObjectIndexerAttribute: 4d1d7186bcbbfe361de5f0ad951e585c -> 
  custom:container-demuxer-webm: 4f35f7cbe854078d1ac9338744f61a02 -> 
  custom:container-muxer-webm: aa71ff27fc2769a1b78a27578f13a17b -> 
  custom:video-decoder-webm-vp8: 9c59270c3fd7afecdb556c50c9e8de78 -> 
  custom:SearchIndexIgnoredProperties: e643bd26f0fe6173181afceb89e7c659 -> 
  custom:AudioImporter_EditorPlatform: d09bf68614088b80899f8185d706f6e7 -> 
  custom:video-encoder-webm-vp8: eb34c28f22e8b96e1ab97ce403110664 -> 
  custom:audio-decoder-ogg-vorbis: bf7c407c2cedff20999df2af8eb42d56 -> 
  custom:audio-encoder-webm-vorbis: bf7c407c2cedff20999df2af8eb42d56 -> 
========================================================================
Received Prepare
Begin MonoManager ReloadAssembly
- Loaded All Assemblies, in  8.112 seconds
Refreshing native plugins compatible for Editor in 42.12 ms, found 3 plugins.
Native extension for LinuxStandalone target not found
Native extension for WindowsStandalone target not found
Native extension for OSXStandalone target not found
Native extension for WebGL target not found
Mono: successfully reloaded assembly
- Finished resetting the current domain, in 13.258 seconds
Domain Reload Profiling: 21284ms
	BeginReloadAssembly (3591ms)
		ExecutionOrderSort (0ms)
		DisableScriptedObjects (48ms)
		BackupInstance (0ms)
		ReleaseScriptingObjects (0ms)
		CreateAndSetChildDomain (469ms)
	RebuildCommonClasses (760ms)
	RebuildNativeTypeToScriptingClass (158ms)
	initialDomainReloadingComplete (1583ms)
	LoadAllAssembliesAndSetupDomain (1932ms)
		LoadAssemblies (4030ms)
		RebuildTransferFunctionScriptingTraits (0ms)
		AnalyzeDomain (199ms)
			TypeCache.Refresh (54ms)
				TypeCache.ScanAssembly (0ms)
			ScanForSourceGeneratedMonoScriptInfo (1ms)
			ResolveRequiredComponents (85ms)
	FinalizeReload (13259ms)
		ReleaseScriptCaches (0ms)
		RebuildScriptCaches (0ms)
		SetupLoadedEditorAssemblies (3533ms)
			LogAssemblyErrors (0ms)
			InitializePlatformSupportModulesInManaged (85ms)
			SetLoadedEditorAssemblies (13ms)
			RefreshPlugins (0ms)
			BeforeProcessingInitializeOnLoad (538ms)
			ProcessInitializeOnLoadAttributes (2384ms)
			ProcessInitializeOnLoadMethodAttributes (457ms)
			AfterProcessingInitializeOnLoad (55ms)
			EditorAssembliesLoaded (1ms)
		ExecutionOrderSort2 (0ms)
		AwakeInstancesAfterBackupRestoration (91ms)
Refreshing native plugins compatible for Editor in 33.66 ms, found 3 plugins.
Preloading 0 native plugins for Editor in 0.00 ms.
Unloading 4994 Unused Serialized files (Serialized files now loaded: 0)
Unloading 41 unused Assets / (319.4 KB). Loaded Objects now: 5687.
Memory consumption went from 213.4 MB to 213.1 MB.
Total: 11.814900 ms (FindLiveObjects: 0.951100 ms CreateObjectMapping: 0.848900 ms MarkObjects: 9.758300 ms  DeleteObjects: 0.254300 ms)

Prepare: number of updated asset objects reloaded= 0
AssetImportParameters requested are different than current active one (requested -> active):
  custom:container-demuxer-ogg: 62fdf1f143b41e24485cea50d1cbac27 -> 
  custom:video-decoder-ogg-theora: a1e56fd34408186e4bbccfd4996cb3dc -> 
  custom:scripting/monoscript/fileName/xddf.cs: dd0abf560dd0a8c9de8edc5af66b6c59 -> 
  custom:framework-win-MediaFoundation: 216162199b28c13a410421893ffa2e32 -> 
  custom:CustomObjectIndexerAttribute: 4d1d7186bcbbfe361de5f0ad951e585c -> 
  custom:container-demuxer-webm: 4f35f7cbe854078d1ac9338744f61a02 -> 
  custom:container-muxer-webm: aa71ff27fc2769a1b78a27578f13a17b -> 
  custom:video-decoder-webm-vp8: 9c59270c3fd7afecdb556c50c9e8de78 -> 
  custom:SearchIndexIgnoredProperties: e643bd26f0fe6173181afceb89e7c659 -> 
  custom:AudioImporter_EditorPlatform: d09bf68614088b80899f8185d706f6e7 -> 
  custom:video-encoder-webm-vp8: eb34c28f22e8b96e1ab97ce403110664 -> 
  custom:audio-decoder-ogg-vorbis: bf7c407c2cedff20999df2af8eb42d56 -> 
  custom:audio-encoder-webm-vorbis: bf7c407c2cedff20999df2af8eb42d56 -> 
========================================================================
Received Prepare
Begin MonoManager ReloadAssembly
- Loaded All Assemblies, in 10.462 seconds
Refreshing native plugins compatible for Editor in 33.38 ms, found 3 plugins.
Native extension for LinuxStandalone target not found
Native extension for WindowsStandalone target not found
Native extension for OSXStandalone target not found
Native extension for WebGL target not found
Mono: successfully reloaded assembly
- Finished resetting the current domain, in 14.391 seconds
Domain Reload Profiling: 24814ms
	BeginReloadAssembly (5813ms)
		ExecutionOrderSort (0ms)
		DisableScriptedObjects (41ms)
		BackupInstance (0ms)
		ReleaseScriptingObjects (0ms)
		CreateAndSetChildDomain (241ms)
	RebuildCommonClasses (259ms)
	RebuildNativeTypeToScriptingClass (77ms)
	initialDomainReloadingComplete (249ms)
	LoadAllAssembliesAndSetupDomain (4022ms)
		LoadAssemblies (7828ms)
		RebuildTransferFunctionScriptingTraits (0ms)
		AnalyzeDomain (1387ms)
			TypeCache.Refresh (43ms)
				TypeCache.ScanAssembly (0ms)
			ScanForSourceGeneratedMonoScriptInfo (1ms)
			ResolveRequiredComponents (1331ms)
	FinalizeReload (14393ms)
		ReleaseScriptCaches (0ms)
		RebuildScriptCaches (0ms)
		SetupLoadedEditorAssemblies (7960ms)
			LogAssemblyErrors (0ms)
			InitializePlatformSupportModulesInManaged (71ms)
			SetLoadedEditorAssemblies (15ms)
			RefreshPlugins (0ms)
			BeforeProcessingInitializeOnLoad (364ms)
			ProcessInitializeOnLoadAttributes (7081ms)
			ProcessInitializeOnLoadMethodAttributes (379ms)
			AfterProcessingInitializeOnLoad (50ms)
			EditorAssembliesLoaded (0ms)
		ExecutionOrderSort2 (0ms)
		AwakeInstancesAfterBackupRestoration (120ms)
Refreshing native plugins compatible for Editor in 36.70 ms, found 3 plugins.
Preloading 0 native plugins for Editor in 0.00 ms.
Unloading 4994 Unused Serialized files (Serialized files now loaded: 0)
Unloading 41 unused Assets / (319.3 KB). Loaded Objects now: 5691.
Memory consumption went from 215.3 MB to 215.0 MB.
Total: 449.138300 ms (FindLiveObjects: 99.948700 ms CreateObjectMapping: 16.490700 ms MarkObjects: 314.173400 ms  DeleteObjects: 18.522500 ms)

Prepare: number of updated asset objects reloaded= 0
AssetImportParameters requested are different than current active one (requested -> active):
  custom:container-demuxer-ogg: 62fdf1f143b41e24485cea50d1cbac27 -> 
  custom:video-decoder-ogg-theora: a1e56fd34408186e4bbccfd4996cb3dc -> 
  custom:scripting/monoscript/fileName/xddf.cs: dd0abf560dd0a8c9de8edc5af66b6c59 -> 
  custom:framework-win-MediaFoundation: 216162199b28c13a410421893ffa2e32 -> 
  custom:CustomObjectIndexerAttribute: 4d1d7186bcbbfe361de5f0ad951e585c -> 
  custom:container-demuxer-webm: 4f35f7cbe854078d1ac9338744f61a02 -> 
  custom:container-muxer-webm: aa71ff27fc2769a1b78a27578f13a17b -> 
  custom:video-decoder-webm-vp8: 9c59270c3fd7afecdb556c50c9e8de78 -> 
  custom:SearchIndexIgnoredProperties: e643bd26f0fe6173181afceb89e7c659 -> 
  custom:AudioImporter_EditorPlatform: d09bf68614088b80899f8185d706f6e7 -> 
  custom:video-encoder-webm-vp8: eb34c28f22e8b96e1ab97ce403110664 -> 
  custom:audio-decoder-ogg-vorbis: bf7c407c2cedff20999df2af8eb42d56 -> 
  custom:audio-encoder-webm-vorbis: bf7c407c2cedff20999df2af8eb42d56 -> 
========================================================================
Received Prepare
Begin MonoManager ReloadAssembly
- Loaded All Assemblies, in 11.968 seconds
Refreshing native plugins compatible for Editor in 393.37 ms, found 3 plugins.
Native extension for LinuxStandalone target not found
Native extension for WindowsStandalone target not found
Native extension for OSXStandalone target not found
Native extension for WebGL target not found
Mono: successfully reloaded assembly
- Finished resetting the current domain, in 29.352 seconds
Domain Reload Profiling: 41187ms
	BeginReloadAssembly (3896ms)
		ExecutionOrderSort (0ms)
		DisableScriptedObjects (96ms)
		BackupInstance (0ms)
		ReleaseScriptingObjects (0ms)
		CreateAndSetChildDomain (445ms)
	RebuildCommonClasses (486ms)
	RebuildNativeTypeToScriptingClass (208ms)
	initialDomainReloadingComplete (687ms)
	LoadAllAssembliesAndSetupDomain (6555ms)
		LoadAssemblies (9408ms)
		RebuildTransferFunctionScriptingTraits (0ms)
		AnalyzeDomain (294ms)
			TypeCache.Refresh (61ms)
				TypeCache.ScanAssembly (0ms)
			ScanForSourceGeneratedMonoScriptInfo (1ms)
			ResolveRequiredComponents (164ms)
	FinalizeReload (29354ms)
		ReleaseScriptCaches (0ms)
		RebuildScriptCaches (0ms)
		SetupLoadedEditorAssemblies (13167ms)
			LogAssemblyErrors (0ms)
			InitializePlatformSupportModulesInManaged (196ms)
			SetLoadedEditorAssemblies (38ms)
			RefreshPlugins (0ms)
			BeforeProcessingInitializeOnLoad (812ms)
			ProcessInitializeOnLoadAttributes (9373ms)
			ProcessInitializeOnLoadMethodAttributes (2525ms)
			AfterProcessingInitializeOnLoad (220ms)
			EditorAssembliesLoaded (3ms)
		ExecutionOrderSort2 (0ms)
		AwakeInstancesAfterBackupRestoration (174ms)
Refreshing native plugins compatible for Editor in 46.50 ms, found 3 plugins.
Preloading 0 native plugins for Editor in 0.00 ms.
Unloading 4994 Unused Serialized files (Serialized files now loaded: 0)
Unloading 41 unused Assets / (319.2 KB). Loaded Objects now: 5695.
Memory consumption went from 217.2 MB to 216.9 MB.
Total: 87.267700 ms (FindLiveObjects: 1.339400 ms CreateObjectMapping: 4.212000 ms MarkObjects: 81.371400 ms  DeleteObjects: 0.342800 ms)

Prepare: number of updated asset objects reloaded= 0
AssetImportParameters requested are different than current active one (requested -> active):
  custom:container-demuxer-ogg: 62fdf1f143b41e24485cea50d1cbac27 -> 
  custom:video-decoder-ogg-theora: a1e56fd34408186e4bbccfd4996cb3dc -> 
  custom:scripting/monoscript/fileName/xddf.cs: dd0abf560dd0a8c9de8edc5af66b6c59 -> 
  custom:framework-win-MediaFoundation: 216162199b28c13a410421893ffa2e32 -> 
  custom:CustomObjectIndexerAttribute: 4d1d7186bcbbfe361de5f0ad951e585c -> 
  custom:container-demuxer-webm: 4f35f7cbe854078d1ac9338744f61a02 -> 
  custom:container-muxer-webm: aa71ff27fc2769a1b78a27578f13a17b -> 
  custom:video-decoder-webm-vp8: 9c59270c3fd7afecdb556c50c9e8de78 -> 
  custom:SearchIndexIgnoredProperties: e643bd26f0fe6173181afceb89e7c659 -> 
  custom:AudioImporter_EditorPlatform: d09bf68614088b80899f8185d706f6e7 -> 
  custom:video-encoder-webm-vp8: eb34c28f22e8b96e1ab97ce403110664 -> 
  custom:audio-decoder-ogg-vorbis: bf7c407c2cedff20999df2af8eb42d56 -> 
  custom:audio-encoder-webm-vorbis: bf7c407c2cedff20999df2af8eb42d56 -> 
========================================================================
Received Prepare
Begin MonoManager ReloadAssembly
- Loaded All Assemblies, in  4.330 seconds
Refreshing native plugins compatible for Editor in 87.28 ms, found 3 plugins.
Native extension for LinuxStandalone target not found
Native extension for WindowsStandalone target not found
Native extension for OSXStandalone target not found
Native extension for WebGL target not found
Mono: successfully reloaded assembly
- Finished resetting the current domain, in 12.981 seconds
Domain Reload Profiling: 17284ms
	BeginReloadAssembly (1848ms)
		ExecutionOrderSort (0ms)
		DisableScriptedObjects (620ms)
		BackupInstance (0ms)
		ReleaseScriptingObjects (0ms)
		CreateAndSetChildDomain (352ms)
	RebuildCommonClasses (262ms)
	RebuildNativeTypeToScriptingClass (63ms)
	initialDomainReloadingComplete (246ms)
	LoadAllAssembliesAndSetupDomain (1881ms)
		LoadAssemblies (2466ms)
		RebuildTransferFunctionScriptingTraits (0ms)
		AnalyzeDomain (177ms)
			TypeCache.Refresh (23ms)
				TypeCache.ScanAssembly (0ms)
			ScanForSourceGeneratedMonoScriptInfo (1ms)
			ResolveRequiredComponents (133ms)
	FinalizeReload (12983ms)
		ReleaseScriptCaches (0ms)
		RebuildScriptCaches (0ms)
		SetupLoadedEditorAssemblies (3767ms)
			LogAssemblyErrors (0ms)
			InitializePlatformSupportModulesInManaged (170ms)
			SetLoadedEditorAssemblies (23ms)
			RefreshPlugins (0ms)
			BeforeProcessingInitializeOnLoad (894ms)
			ProcessInitializeOnLoadAttributes (2264ms)
			ProcessInitializeOnLoadMethodAttributes (375ms)
			AfterProcessingInitializeOnLoad (40ms)
			EditorAssembliesLoaded (0ms)
		ExecutionOrderSort2 (0ms)
		AwakeInstancesAfterBackupRestoration (786ms)
Refreshing native plugins compatible for Editor in 41.11 ms, found 3 plugins.
Preloading 0 native plugins for Editor in 0.00 ms.
Unloading 4994 Unused Serialized files (Serialized files now loaded: 0)
Unloading 41 unused Assets / (318.9 KB). Loaded Objects now: 5699.
Memory consumption went from 219.1 MB to 218.8 MB.
Total: 12.386400 ms (FindLiveObjects: 2.431800 ms CreateObjectMapping: 2.187900 ms MarkObjects: 7.514300 ms  DeleteObjects: 0.250300 ms)

Prepare: number of updated asset objects reloaded= 0
AssetImportParameters requested are different than current active one (requested -> active):
  custom:container-demuxer-ogg: 62fdf1f143b41e24485cea50d1cbac27 -> 
  custom:video-decoder-ogg-theora: a1e56fd34408186e4bbccfd4996cb3dc -> 
  custom:scripting/monoscript/fileName/xddf.cs: dd0abf560dd0a8c9de8edc5af66b6c59 -> 
  custom:framework-win-MediaFoundation: 216162199b28c13a410421893ffa2e32 -> 
  custom:CustomObjectIndexerAttribute: 4d1d7186bcbbfe361de5f0ad951e585c -> 
  custom:container-demuxer-webm: 4f35f7cbe854078d1ac9338744f61a02 -> 
  custom:container-muxer-webm: aa71ff27fc2769a1b78a27578f13a17b -> 
  custom:video-decoder-webm-vp8: 9c59270c3fd7afecdb556c50c9e8de78 -> 
  custom:SearchIndexIgnoredProperties: e643bd26f0fe6173181afceb89e7c659 -> 
  custom:AudioImporter_EditorPlatform: d09bf68614088b80899f8185d706f6e7 -> 
  custom:video-encoder-webm-vp8: eb34c28f22e8b96e1ab97ce403110664 -> 
  custom:audio-decoder-ogg-vorbis: bf7c407c2cedff20999df2af8eb42d56 -> 
  custom:audio-encoder-webm-vorbis: bf7c407c2cedff20999df2af8eb42d56 -> 
========================================================================
Received Prepare
Begin MonoManager ReloadAssembly
- Loaded All Assemblies, in 21.190 seconds
Refreshing native plugins compatible for Editor in 140.21 ms, found 3 plugins.
Native extension for LinuxStandalone target not found
Native extension for WindowsStandalone target not found
Native extension for OSXStandalone target not found
Native extension for WebGL target not found
Mono: successfully reloaded assembly
- Finished resetting the current domain, in 12.757 seconds
Domain Reload Profiling: 33707ms
	BeginReloadAssembly (8463ms)
		ExecutionOrderSort (0ms)
		DisableScriptedObjects (19ms)
		BackupInstance (0ms)
		ReleaseScriptingObjects (0ms)
		CreateAndSetChildDomain (226ms)
	RebuildCommonClasses (645ms)
	RebuildNativeTypeToScriptingClass (183ms)
	initialDomainReloadingComplete (1773ms)
	LoadAllAssembliesAndSetupDomain (9885ms)
		LoadAssemblies (17462ms)
		RebuildTransferFunctionScriptingTraits (0ms)
		AnalyzeDomain (314ms)
			TypeCache.Refresh (64ms)
				TypeCache.ScanAssembly (0ms)
			ScanForSourceGeneratedMonoScriptInfo (1ms)
			ResolveRequiredComponents (222ms)
	FinalizeReload (12759ms)
		ReleaseScriptCaches (0ms)
		RebuildScriptCaches (0ms)
		SetupLoadedEditorAssemblies (4114ms)
			LogAssemblyErrors (0ms)
			InitializePlatformSupportModulesInManaged (242ms)
			SetLoadedEditorAssemblies (29ms)
			RefreshPlugins (0ms)
			BeforeProcessingInitializeOnLoad (545ms)
			ProcessInitializeOnLoadAttributes (2870ms)
			ProcessInitializeOnLoadMethodAttributes (383ms)
			AfterProcessingInitializeOnLoad (44ms)
			EditorAssembliesLoaded (0ms)
		ExecutionOrderSort2 (0ms)
		AwakeInstancesAfterBackupRestoration (118ms)
Refreshing native plugins compatible for Editor in 100.84 ms, found 3 plugins.
Preloading 0 native plugins for Editor in 0.00 ms.
Unloading 4994 Unused Serialized files (Serialized files now loaded: 0)
Unloading 41 unused Assets / (319.3 KB). Loaded Objects now: 5703.
Memory consumption went from 221.0 MB to 220.7 MB.
Total: 51.427400 ms (FindLiveObjects: 1.038100 ms CreateObjectMapping: 1.564500 ms MarkObjects: 48.166600 ms  DeleteObjects: 0.651900 ms)

Prepare: number of updated asset objects reloaded= 0
AssetImportParameters requested are different than current active one (requested -> active):
  custom:container-demuxer-ogg: 62fdf1f143b41e24485cea50d1cbac27 -> 
  custom:video-decoder-ogg-theora: a1e56fd34408186e4bbccfd4996cb3dc -> 
  custom:scripting/monoscript/fileName/xddf.cs: dd0abf560dd0a8c9de8edc5af66b6c59 -> 
  custom:framework-win-MediaFoundation: 216162199b28c13a410421893ffa2e32 -> 
  custom:CustomObjectIndexerAttribute: 4d1d7186bcbbfe361de5f0ad951e585c -> 
  custom:container-demuxer-webm: 4f35f7cbe854078d1ac9338744f61a02 -> 
  custom:container-muxer-webm: aa71ff27fc2769a1b78a27578f13a17b -> 
  custom:video-decoder-webm-vp8: 9c59270c3fd7afecdb556c50c9e8de78 -> 
  custom:SearchIndexIgnoredProperties: e643bd26f0fe6173181afceb89e7c659 -> 
  custom:AudioImporter_EditorPlatform: d09bf68614088b80899f8185d706f6e7 -> 
  custom:video-encoder-webm-vp8: eb34c28f22e8b96e1ab97ce403110664 -> 
  custom:audio-decoder-ogg-vorbis: bf7c407c2cedff20999df2af8eb42d56 -> 
  custom:audio-encoder-webm-vorbis: bf7c407c2cedff20999df2af8eb42d56 -> 
========================================================================
Received Prepare
Begin MonoManager ReloadAssembly
- Loaded All Assemblies, in  3.278 seconds
Refreshing native plugins compatible for Editor in 43.77 ms, found 3 plugins.
Native extension for LinuxStandalone target not found
Native extension for WindowsStandalone target not found
Native extension for OSXStandalone target not found
Native extension for WebGL target not found
Mono: successfully reloaded assembly
- Finished resetting the current domain, in 10.160 seconds
Domain Reload Profiling: 13422ms
	BeginReloadAssembly (1177ms)
		ExecutionOrderSort (0ms)
		DisableScriptedObjects (25ms)
		BackupInstance (0ms)
		ReleaseScriptingObjects (0ms)
		CreateAndSetChildDomain (143ms)
	RebuildCommonClasses (163ms)
	RebuildNativeTypeToScriptingClass (48ms)
	initialDomainReloadingComplete (226ms)
	LoadAllAssembliesAndSetupDomain (1644ms)
		LoadAssemblies (2065ms)
		RebuildTransferFunctionScriptingTraits (0ms)
		AnalyzeDomain (86ms)
			TypeCache.Refresh (18ms)
				TypeCache.ScanAssembly (0ms)
			ScanForSourceGeneratedMonoScriptInfo (0ms)
			ResolveRequiredComponents (60ms)
	FinalizeReload (10164ms)
		ReleaseScriptCaches (0ms)
		RebuildScriptCaches (0ms)
		SetupLoadedEditorAssemblies (3881ms)
			LogAssemblyErrors (0ms)
			InitializePlatformSupportModulesInManaged (111ms)
			SetLoadedEditorAssemblies (16ms)
			RefreshPlugins (0ms)
			BeforeProcessingInitializeOnLoad (431ms)
			ProcessInitializeOnLoadAttributes (2850ms)
			ProcessInitializeOnLoadMethodAttributes (404ms)
			AfterProcessingInitializeOnLoad (69ms)
			EditorAssembliesLoaded (0ms)
		ExecutionOrderSort2 (0ms)
		AwakeInstancesAfterBackupRestoration (116ms)
Refreshing native plugins compatible for Editor in 49.94 ms, found 3 plugins.
Preloading 0 native plugins for Editor in 0.00 ms.
Unloading 4994 Unused Serialized files (Serialized files now loaded: 0)
Unloading 41 unused Assets / (319.3 KB). Loaded Objects now: 5707.
Memory consumption went from 222.9 MB to 222.6 MB.
Total: 208.923200 ms (FindLiveObjects: 4.791100 ms CreateObjectMapping: 51.664700 ms MarkObjects: 149.683900 ms  DeleteObjects: 2.780500 ms)

Prepare: number of updated asset objects reloaded= 0
AssetImportParameters requested are different than current active one (requested -> active):
  custom:container-demuxer-ogg: 62fdf1f143b41e24485cea50d1cbac27 -> 
  custom:video-decoder-ogg-theora: a1e56fd34408186e4bbccfd4996cb3dc -> 
  custom:scripting/monoscript/fileName/xddf.cs: dd0abf560dd0a8c9de8edc5af66b6c59 -> 
  custom:framework-win-MediaFoundation: 216162199b28c13a410421893ffa2e32 -> 
  custom:CustomObjectIndexerAttribute: 4d1d7186bcbbfe361de5f0ad951e585c -> 
  custom:container-demuxer-webm: 4f35f7cbe854078d1ac9338744f61a02 -> 
  custom:container-muxer-webm: aa71ff27fc2769a1b78a27578f13a17b -> 
  custom:video-decoder-webm-vp8: 9c59270c3fd7afecdb556c50c9e8de78 -> 
  custom:SearchIndexIgnoredProperties: e643bd26f0fe6173181afceb89e7c659 -> 
  custom:AudioImporter_EditorPlatform: d09bf68614088b80899f8185d706f6e7 -> 
  custom:video-encoder-webm-vp8: eb34c28f22e8b96e1ab97ce403110664 -> 
  custom:audio-decoder-ogg-vorbis: bf7c407c2cedff20999df2af8eb42d56 -> 
  custom:audio-encoder-webm-vorbis: bf7c407c2cedff20999df2af8eb42d56 -> 
========================================================================
Received Prepare
Begin MonoManager ReloadAssembly
- Loaded All Assemblies, in 16.745 seconds
Refreshing native plugins compatible for Editor in 54.06 ms, found 3 plugins.
Native extension for LinuxStandalone target not found
Native extension for WindowsStandalone target not found
Native extension for OSXStandalone target not found
Native extension for WebGL target not found
Mono: successfully reloaded assembly
- Finished resetting the current domain, in 11.999 seconds
Domain Reload Profiling: 28675ms
	BeginReloadAssembly (5101ms)
		ExecutionOrderSort (0ms)
		DisableScriptedObjects (827ms)
		BackupInstance (0ms)
		ReleaseScriptingObjects (0ms)
		CreateAndSetChildDomain (284ms)
	RebuildCommonClasses (2128ms)
	RebuildNativeTypeToScriptingClass (363ms)
	initialDomainReloadingComplete (735ms)
	LoadAllAssembliesAndSetupDomain (8347ms)
		LoadAssemblies (11367ms)
		RebuildTransferFunctionScriptingTraits (0ms)
		AnalyzeDomain (258ms)
			TypeCache.Refresh (66ms)
				TypeCache.ScanAssembly (0ms)
			ScanForSourceGeneratedMonoScriptInfo (2ms)
			ResolveRequiredComponents (185ms)
	FinalizeReload (12001ms)
		ReleaseScriptCaches (0ms)
		RebuildScriptCaches (0ms)
		SetupLoadedEditorAssemblies (3090ms)
			LogAssemblyErrors (0ms)
			InitializePlatformSupportModulesInManaged (92ms)
			SetLoadedEditorAssemblies (18ms)
			RefreshPlugins (0ms)
			BeforeProcessingInitializeOnLoad (506ms)
			ProcessInitializeOnLoadAttributes (1753ms)
			ProcessInitializeOnLoadMethodAttributes (682ms)
			AfterProcessingInitializeOnLoad (37ms)
			EditorAssembliesLoaded (1ms)
		ExecutionOrderSort2 (0ms)
		AwakeInstancesAfterBackupRestoration (68ms)
Refreshing native plugins compatible for Editor in 26.46 ms, found 3 plugins.
Preloading 0 native plugins for Editor in 0.00 ms.
Unloading 4994 Unused Serialized files (Serialized files now loaded: 0)
Unloading 41 unused Assets / (319.4 KB). Loaded Objects now: 5711.
Memory consumption went from 224.9 MB to 224.6 MB.
Total: 17.828600 ms (FindLiveObjects: 3.547000 ms CreateObjectMapping: 1.077500 ms MarkObjects: 12.973400 ms  DeleteObjects: 0.228500 ms)

Prepare: number of updated asset objects reloaded= 0
AssetImportParameters requested are different than current active one (requested -> active):
  custom:container-demuxer-ogg: 62fdf1f143b41e24485cea50d1cbac27 -> 
  custom:video-decoder-ogg-theora: a1e56fd34408186e4bbccfd4996cb3dc -> 
  custom:scripting/monoscript/fileName/xddf.cs: dd0abf560dd0a8c9de8edc5af66b6c59 -> 
  custom:framework-win-MediaFoundation: 216162199b28c13a410421893ffa2e32 -> 
  custom:CustomObjectIndexerAttribute: 4d1d7186bcbbfe361de5f0ad951e585c -> 
  custom:container-demuxer-webm: 4f35f7cbe854078d1ac9338744f61a02 -> 
  custom:container-muxer-webm: aa71ff27fc2769a1b78a27578f13a17b -> 
  custom:video-decoder-webm-vp8: 9c59270c3fd7afecdb556c50c9e8de78 -> 
  custom:SearchIndexIgnoredProperties: e643bd26f0fe6173181afceb89e7c659 -> 
  custom:AudioImporter_EditorPlatform: d09bf68614088b80899f8185d706f6e7 -> 
  custom:video-encoder-webm-vp8: eb34c28f22e8b96e1ab97ce403110664 -> 
  custom:audio-decoder-ogg-vorbis: bf7c407c2cedff20999df2af8eb42d56 -> 
  custom:audio-encoder-webm-vorbis: bf7c407c2cedff20999df2af8eb42d56 -> 
========================================================================
Received Prepare
Begin MonoManager ReloadAssembly
- Loaded All Assemblies, in 28.866 seconds
Refreshing native plugins compatible for Editor in 166.58 ms, found 3 plugins.
Native extension for LinuxStandalone target not found
Native extension for WindowsStandalone target not found
Native extension for OSXStandalone target not found
Native extension for WebGL target not found
Mono: successfully reloaded assembly
- Finished resetting the current domain, in 18.303 seconds
Domain Reload Profiling: 46955ms
	BeginReloadAssembly (6584ms)
		ExecutionOrderSort (0ms)
		DisableScriptedObjects (78ms)
		BackupInstance (0ms)
		ReleaseScriptingObjects (5ms)
		CreateAndSetChildDomain (740ms)
	RebuildCommonClasses (1015ms)
	RebuildNativeTypeToScriptingClass (1706ms)
	initialDomainReloadingComplete (736ms)
	LoadAllAssembliesAndSetupDomain (18610ms)
		LoadAssemblies (23401ms)
		RebuildTransferFunctionScriptingTraits (0ms)
		AnalyzeDomain (457ms)
			TypeCache.Refresh (79ms)
				TypeCache.ScanAssembly (0ms)
			ScanForSourceGeneratedMonoScriptInfo (1ms)
			ResolveRequiredComponents (356ms)
	FinalizeReload (18305ms)
		ReleaseScriptCaches (0ms)
		RebuildScriptCaches (0ms)
		SetupLoadedEditorAssemblies (5516ms)
			LogAssemblyErrors (0ms)
			InitializePlatformSupportModulesInManaged (108ms)
			SetLoadedEditorAssemblies (32ms)
			RefreshPlugins (0ms)
			BeforeProcessingInitializeOnLoad (501ms)
			ProcessInitializeOnLoadAttributes (4362ms)
			ProcessInitializeOnLoadMethodAttributes (474ms)
			AfterProcessingInitializeOnLoad (39ms)
			EditorAssembliesLoaded (0ms)
		ExecutionOrderSort2 (0ms)
		AwakeInstancesAfterBackupRestoration (87ms)
Refreshing native plugins compatible for Editor in 83.86 ms, found 3 plugins.
Preloading 0 native plugins for Editor in 0.00 ms.
Unloading 4994 Unused Serialized files (Serialized files now loaded: 0)
Unloading 41 unused Assets / (320.3 KB). Loaded Objects now: 5715.
Memory consumption went from 226.8 MB to 226.5 MB.
Total: 62.903400 ms (FindLiveObjects: 1.193400 ms CreateObjectMapping: 5.232300 ms MarkObjects: 56.229200 ms  DeleteObjects: 0.246500 ms)

Prepare: number of updated asset objects reloaded= 0
AssetImportParameters requested are different than current active one (requested -> active):
  custom:container-demuxer-ogg: 62fdf1f143b41e24485cea50d1cbac27 -> 
  custom:video-decoder-ogg-theora: a1e56fd34408186e4bbccfd4996cb3dc -> 
  custom:scripting/monoscript/fileName/xddf.cs: dd0abf560dd0a8c9de8edc5af66b6c59 -> 
  custom:framework-win-MediaFoundation: 216162199b28c13a410421893ffa2e32 -> 
  custom:CustomObjectIndexerAttribute: 4d1d7186bcbbfe361de5f0ad951e585c -> 
  custom:container-demuxer-webm: 4f35f7cbe854078d1ac9338744f61a02 -> 
  custom:container-muxer-webm: aa71ff27fc2769a1b78a27578f13a17b -> 
  custom:video-decoder-webm-vp8: 9c59270c3fd7afecdb556c50c9e8de78 -> 
  custom:SearchIndexIgnoredProperties: e643bd26f0fe6173181afceb89e7c659 -> 
  custom:AudioImporter_EditorPlatform: d09bf68614088b80899f8185d706f6e7 -> 
  custom:video-encoder-webm-vp8: eb34c28f22e8b96e1ab97ce403110664 -> 
  custom:audio-decoder-ogg-vorbis: bf7c407c2cedff20999df2af8eb42d56 -> 
  custom:audio-encoder-webm-vorbis: bf7c407c2cedff20999df2af8eb42d56 -> 
========================================================================
Received Prepare
Begin MonoManager ReloadAssembly
- Loaded All Assemblies, in 19.332 seconds
Refreshing native plugins compatible for Editor in 253.18 ms, found 3 plugins.
Native extension for LinuxStandalone target not found
Native extension for WindowsStandalone target not found
Native extension for OSXStandalone target not found
Native extension for WebGL target not found
Mono: successfully reloaded assembly
- Finished resetting the current domain, in 44.765 seconds
Domain Reload Profiling: 64017ms
	BeginReloadAssembly (2894ms)
		ExecutionOrderSort (1ms)
		DisableScriptedObjects (25ms)
		BackupInstance (0ms)
		ReleaseScriptingObjects (0ms)
		CreateAndSetChildDomain (397ms)
	RebuildCommonClasses (2126ms)
	RebuildNativeTypeToScriptingClass (189ms)
	initialDomainReloadingComplete (1368ms)
	LoadAllAssembliesAndSetupDomain (12674ms)
		LoadAssemblies (14379ms)
		RebuildTransferFunctionScriptingTraits (0ms)
		AnalyzeDomain (372ms)
			TypeCache.Refresh (54ms)
				TypeCache.ScanAssembly (0ms)
			ScanForSourceGeneratedMonoScriptInfo (5ms)
			ResolveRequiredComponents (294ms)
	FinalizeReload (44766ms)
		ReleaseScriptCaches (0ms)
		RebuildScriptCaches (0ms)
		SetupLoadedEditorAssemblies (13934ms)
			LogAssemblyErrors (0ms)
			InitializePlatformSupportModulesInManaged (252ms)
			SetLoadedEditorAssemblies (47ms)
			RefreshPlugins (0ms)
			BeforeProcessingInitializeOnLoad (3631ms)
			ProcessInitializeOnLoadAttributes (9642ms)
			ProcessInitializeOnLoadMethodAttributes (321ms)
			AfterProcessingInitializeOnLoad (41ms)
			EditorAssembliesLoaded (0ms)
		ExecutionOrderSort2 (0ms)
		AwakeInstancesAfterBackupRestoration (64ms)
Refreshing native plugins compatible for Editor in 30.88 ms, found 3 plugins.
Preloading 0 native plugins for Editor in 0.00 ms.
Unloading 4994 Unused Serialized files (Serialized files now loaded: 0)
Unloading 41 unused Assets / (319.3 KB). Loaded Objects now: 5719.
Memory consumption went from 228.7 MB to 228.4 MB.
Total: 11.318300 ms (FindLiveObjects: 1.044200 ms CreateObjectMapping: 1.070900 ms MarkObjects: 8.930700 ms  DeleteObjects: 0.270600 ms)

Prepare: number of updated asset objects reloaded= 0
AssetImportParameters requested are different than current active one (requested -> active):
  custom:container-demuxer-ogg: 62fdf1f143b41e24485cea50d1cbac27 -> 
  custom:video-decoder-ogg-theora: a1e56fd34408186e4bbccfd4996cb3dc -> 
  custom:scripting/monoscript/fileName/xddf.cs: dd0abf560dd0a8c9de8edc5af66b6c59 -> 
  custom:framework-win-MediaFoundation: 216162199b28c13a410421893ffa2e32 -> 
  custom:CustomObjectIndexerAttribute: 4d1d7186bcbbfe361de5f0ad951e585c -> 
  custom:container-demuxer-webm: 4f35f7cbe854078d1ac9338744f61a02 -> 
  custom:container-muxer-webm: aa71ff27fc2769a1b78a27578f13a17b -> 
  custom:video-decoder-webm-vp8: 9c59270c3fd7afecdb556c50c9e8de78 -> 
  custom:SearchIndexIgnoredProperties: e643bd26f0fe6173181afceb89e7c659 -> 
  custom:AudioImporter_EditorPlatform: d09bf68614088b80899f8185d706f6e7 -> 
  custom:video-encoder-webm-vp8: eb34c28f22e8b96e1ab97ce403110664 -> 
  custom:audio-decoder-ogg-vorbis: bf7c407c2cedff20999df2af8eb42d56 -> 
  custom:audio-encoder-webm-vorbis: bf7c407c2cedff20999df2af8eb42d56 -> 
========================================================================
Received Prepare
Begin MonoManager ReloadAssembly
- Loaded All Assemblies, in 16.175 seconds
Refreshing native plugins compatible for Editor in 215.12 ms, found 3 plugins.
Native extension for LinuxStandalone target not found
Native extension for WindowsStandalone target not found
Native extension for OSXStandalone target not found
Native extension for WebGL target not found
Mono: successfully reloaded assembly
- Finished resetting the current domain, in 13.505 seconds
Domain Reload Profiling: 29596ms
	BeginReloadAssembly (4403ms)
		ExecutionOrderSort (0ms)
		DisableScriptedObjects (31ms)
		BackupInstance (0ms)
		ReleaseScriptingObjects (0ms)
		CreateAndSetChildDomain (282ms)
	RebuildCommonClasses (652ms)
	RebuildNativeTypeToScriptingClass (291ms)
	initialDomainReloadingComplete (3910ms)
	LoadAllAssembliesAndSetupDomain (6832ms)
		LoadAssemblies (10166ms)
		RebuildTransferFunctionScriptingTraits (0ms)
		AnalyzeDomain (529ms)
			TypeCache.Refresh (62ms)
				TypeCache.ScanAssembly (0ms)
			ScanForSourceGeneratedMonoScriptInfo (3ms)
			ResolveRequiredComponents (404ms)
	FinalizeReload (13507ms)
		ReleaseScriptCaches (0ms)
		RebuildScriptCaches (0ms)
		SetupLoadedEditorAssemblies (3156ms)
			LogAssemblyErrors (0ms)
			InitializePlatformSupportModulesInManaged (86ms)
			SetLoadedEditorAssemblies (15ms)
			RefreshPlugins (0ms)
			BeforeProcessingInitializeOnLoad (486ms)
			ProcessInitializeOnLoadAttributes (2215ms)
			ProcessInitializeOnLoadMethodAttributes (304ms)
			AfterProcessingInitializeOnLoad (50ms)
			EditorAssembliesLoaded (0ms)
		ExecutionOrderSort2 (0ms)
		AwakeInstancesAfterBackupRestoration (76ms)
Refreshing native plugins compatible for Editor in 299.90 ms, found 3 plugins.
Preloading 0 native plugins for Editor in 0.00 ms.
Unloading 4994 Unused Serialized files (Serialized files now loaded: 0)
Unloading 41 unused Assets / (319.5 KB). Loaded Objects now: 5723.
Memory consumption went from 230.6 MB to 230.3 MB.
Total: 26.842100 ms (FindLiveObjects: 0.795300 ms CreateObjectMapping: 2.812500 ms MarkObjects: 19.710200 ms  DeleteObjects: 3.521100 ms)

Prepare: number of updated asset objects reloaded= 0
AssetImportParameters requested are different than current active one (requested -> active):
  custom:container-demuxer-ogg: 62fdf1f143b41e24485cea50d1cbac27 -> 
  custom:video-decoder-ogg-theora: a1e56fd34408186e4bbccfd4996cb3dc -> 
  custom:scripting/monoscript/fileName/xddf.cs: dd0abf560dd0a8c9de8edc5af66b6c59 -> 
  custom:framework-win-MediaFoundation: 216162199b28c13a410421893ffa2e32 -> 
  custom:CustomObjectIndexerAttribute: 4d1d7186bcbbfe361de5f0ad951e585c -> 
  custom:container-demuxer-webm: 4f35f7cbe854078d1ac9338744f61a02 -> 
  custom:container-muxer-webm: aa71ff27fc2769a1b78a27578f13a17b -> 
  custom:video-decoder-webm-vp8: 9c59270c3fd7afecdb556c50c9e8de78 -> 
  custom:SearchIndexIgnoredProperties: e643bd26f0fe6173181afceb89e7c659 -> 
  custom:AudioImporter_EditorPlatform: d09bf68614088b80899f8185d706f6e7 -> 
  custom:video-encoder-webm-vp8: eb34c28f22e8b96e1ab97ce403110664 -> 
  custom:audio-decoder-ogg-vorbis: bf7c407c2cedff20999df2af8eb42d56 -> 
  custom:audio-encoder-webm-vorbis: bf7c407c2cedff20999df2af8eb42d56 -> 
========================================================================
Received Prepare
Begin MonoManager ReloadAssembly
- Loaded All Assemblies, in 23.130 seconds
Refreshing native plugins compatible for Editor in 200.12 ms, found 3 plugins.
Native extension for LinuxStandalone target not found
Native extension for WindowsStandalone target not found
Native extension for OSXStandalone target not found
Native extension for WebGL target not found
Mono: successfully reloaded assembly
- Finished resetting the current domain, in 24.499 seconds
Domain Reload Profiling: 47516ms
	BeginReloadAssembly (8513ms)
		ExecutionOrderSort (0ms)
		DisableScriptedObjects (786ms)
		BackupInstance (0ms)
		ReleaseScriptingObjects (0ms)
		CreateAndSetChildDomain (2943ms)
	RebuildCommonClasses (891ms)
	RebuildNativeTypeToScriptingClass (413ms)
	initialDomainReloadingComplete (1089ms)
	LoadAllAssembliesAndSetupDomain (12109ms)
		LoadAssemblies (15098ms)
		RebuildTransferFunctionScriptingTraits (0ms)
		AnalyzeDomain (938ms)
			TypeCache.Refresh (368ms)
				TypeCache.ScanAssembly (0ms)
			ScanForSourceGeneratedMonoScriptInfo (2ms)
			ResolveRequiredComponents (537ms)
	FinalizeReload (24501ms)
		ReleaseScriptCaches (0ms)
		RebuildScriptCaches (0ms)
		SetupLoadedEditorAssemblies (4750ms)
			LogAssemblyErrors (0ms)
			InitializePlatformSupportModulesInManaged (185ms)
			SetLoadedEditorAssemblies (31ms)
			RefreshPlugins (0ms)
			BeforeProcessingInitializeOnLoad (566ms)
			ProcessInitializeOnLoadAttributes (3074ms)
			ProcessInitializeOnLoadMethodAttributes (690ms)
			AfterProcessingInitializeOnLoad (203ms)
			EditorAssembliesLoaded (1ms)
		ExecutionOrderSort2 (0ms)
		AwakeInstancesAfterBackupRestoration (69ms)
Refreshing native plugins compatible for Editor in 51.06 ms, found 3 plugins.
Preloading 0 native plugins for Editor in 0.00 ms.
Unloading 4994 Unused Serialized files (Serialized files now loaded: 0)
Unloading 41 unused Assets / (319.4 KB). Loaded Objects now: 5727.
Memory consumption went from 232.6 MB to 232.3 MB.
Total: 85.265200 ms (FindLiveObjects: 57.999200 ms CreateObjectMapping: 7.049500 ms MarkObjects: 19.925800 ms  DeleteObjects: 0.288400 ms)

Prepare: number of updated asset objects reloaded= 0
AssetImportParameters requested are different than current active one (requested -> active):
  custom:container-demuxer-ogg: 62fdf1f143b41e24485cea50d1cbac27 -> 
  custom:video-decoder-ogg-theora: a1e56fd34408186e4bbccfd4996cb3dc -> 
  custom:scripting/monoscript/fileName/xddf.cs: dd0abf560dd0a8c9de8edc5af66b6c59 -> 
  custom:framework-win-MediaFoundation: 216162199b28c13a410421893ffa2e32 -> 
  custom:CustomObjectIndexerAttribute: 4d1d7186bcbbfe361de5f0ad951e585c -> 
  custom:container-demuxer-webm: 4f35f7cbe854078d1ac9338744f61a02 -> 
  custom:container-muxer-webm: aa71ff27fc2769a1b78a27578f13a17b -> 
  custom:video-decoder-webm-vp8: 9c59270c3fd7afecdb556c50c9e8de78 -> 
  custom:SearchIndexIgnoredProperties: e643bd26f0fe6173181afceb89e7c659 -> 
  custom:AudioImporter_EditorPlatform: d09bf68614088b80899f8185d706f6e7 -> 
  custom:video-encoder-webm-vp8: eb34c28f22e8b96e1ab97ce403110664 -> 
  custom:audio-decoder-ogg-vorbis: bf7c407c2cedff20999df2af8eb42d56 -> 
  custom:audio-encoder-webm-vorbis: bf7c407c2cedff20999df2af8eb42d56 -> 
========================================================================
Received Prepare
Begin MonoManager ReloadAssembly
- Loaded All Assemblies, in 20.784 seconds
Refreshing native plugins compatible for Editor in 175.38 ms, found 3 plugins.
Native extension for LinuxStandalone target not found
Native extension for WindowsStandalone target not found
Native extension for OSXStandalone target not found
Native extension for WebGL target not found
Mono: successfully reloaded assembly
- Finished resetting the current domain, in 63.779 seconds
Domain Reload Profiling: 84488ms
	BeginReloadAssembly (4490ms)
		ExecutionOrderSort (0ms)
		DisableScriptedObjects (52ms)
		BackupInstance (0ms)
		ReleaseScriptingObjects (0ms)
		CreateAndSetChildDomain (492ms)
	RebuildCommonClasses (1035ms)
	RebuildNativeTypeToScriptingClass (346ms)
	initialDomainReloadingComplete (3092ms)
	LoadAllAssembliesAndSetupDomain (11743ms)
		LoadAssemblies (14854ms)
		RebuildTransferFunctionScriptingTraits (0ms)
		AnalyzeDomain (472ms)
			TypeCache.Refresh (103ms)
				TypeCache.ScanAssembly (0ms)
			ScanForSourceGeneratedMonoScriptInfo (4ms)
			ResolveRequiredComponents (304ms)
	FinalizeReload (63781ms)
		ReleaseScriptCaches (0ms)
		RebuildScriptCaches (0ms)
		SetupLoadedEditorAssemblies (21085ms)
			LogAssemblyErrors (0ms)
			InitializePlatformSupportModulesInManaged (231ms)
			SetLoadedEditorAssemblies (35ms)
			RefreshPlugins (0ms)
			BeforeProcessingInitializeOnLoad (3568ms)
			ProcessInitializeOnLoadAttributes (16869ms)
			ProcessInitializeOnLoadMethodAttributes (321ms)
			AfterProcessingInitializeOnLoad (61ms)
			EditorAssembliesLoaded (1ms)
		ExecutionOrderSort2 (0ms)
		AwakeInstancesAfterBackupRestoration (115ms)
Refreshing native plugins compatible for Editor in 370.33 ms, found 3 plugins.
Preloading 0 native plugins for Editor in 0.00 ms.
Unloading 4994 Unused Serialized files (Serialized files now loaded: 0)
Unloading 41 unused Assets / (319.3 KB). Loaded Objects now: 5731.
Memory consumption went from 234.5 MB to 234.2 MB.
Total: 13.732400 ms (FindLiveObjects: 1.156200 ms CreateObjectMapping: 1.593000 ms MarkObjects: 10.619300 ms  DeleteObjects: 0.361900 ms)

Prepare: number of updated asset objects reloaded= 0
AssetImportParameters requested are different than current active one (requested -> active):
  custom:container-demuxer-ogg: 62fdf1f143b41e24485cea50d1cbac27 -> 
  custom:video-decoder-ogg-theora: a1e56fd34408186e4bbccfd4996cb3dc -> 
  custom:scripting/monoscript/fileName/xddf.cs: dd0abf560dd0a8c9de8edc5af66b6c59 -> 
  custom:framework-win-MediaFoundation: 216162199b28c13a410421893ffa2e32 -> 
  custom:CustomObjectIndexerAttribute: 4d1d7186bcbbfe361de5f0ad951e585c -> 
  custom:container-demuxer-webm: 4f35f7cbe854078d1ac9338744f61a02 -> 
  custom:container-muxer-webm: aa71ff27fc2769a1b78a27578f13a17b -> 
  custom:video-decoder-webm-vp8: 9c59270c3fd7afecdb556c50c9e8de78 -> 
  custom:SearchIndexIgnoredProperties: e643bd26f0fe6173181afceb89e7c659 -> 
  custom:AudioImporter_EditorPlatform: d09bf68614088b80899f8185d706f6e7 -> 
  custom:video-encoder-webm-vp8: eb34c28f22e8b96e1ab97ce403110664 -> 
  custom:audio-decoder-ogg-vorbis: bf7c407c2cedff20999df2af8eb42d56 -> 
  custom:audio-encoder-webm-vorbis: bf7c407c2cedff20999df2af8eb42d56 -> 
========================================================================
Received Prepare
Begin MonoManager ReloadAssembly
- Loaded All Assemblies, in 16.548 seconds
Refreshing native plugins compatible for Editor in 744.82 ms, found 3 plugins.
Native extension for LinuxStandalone target not found
Native extension for WindowsStandalone target not found
Native extension for OSXStandalone target not found
Native extension for WebGL target not found
Mono: successfully reloaded assembly
- Finished resetting the current domain, in 55.840 seconds
Domain Reload Profiling: 72302ms
	BeginReloadAssembly (4197ms)
		ExecutionOrderSort (0ms)
		DisableScriptedObjects (59ms)
		BackupInstance (0ms)
		ReleaseScriptingObjects (0ms)
		CreateAndSetChildDomain (447ms)
	RebuildCommonClasses (3667ms)
	RebuildNativeTypeToScriptingClass (262ms)
	initialDomainReloadingComplete (1286ms)
	LoadAllAssembliesAndSetupDomain (7047ms)
		LoadAssemblies (8477ms)
		RebuildTransferFunctionScriptingTraits (0ms)
		AnalyzeDomain (520ms)
			TypeCache.Refresh (106ms)
				TypeCache.ScanAssembly (0ms)
			ScanForSourceGeneratedMonoScriptInfo (1ms)
			ResolveRequiredComponents (311ms)
	FinalizeReload (55843ms)
		ReleaseScriptCaches (0ms)
		RebuildScriptCaches (0ms)
		SetupLoadedEditorAssemblies (17311ms)
			LogAssemblyErrors (0ms)
			InitializePlatformSupportModulesInManaged (109ms)
			SetLoadedEditorAssemblies (38ms)
			RefreshPlugins (0ms)
			BeforeProcessingInitializeOnLoad (963ms)
			ProcessInitializeOnLoadAttributes (11689ms)
			ProcessInitializeOnLoadMethodAttributes (4171ms)
			AfterProcessingInitializeOnLoad (340ms)
			EditorAssembliesLoaded (1ms)
		ExecutionOrderSort2 (0ms)
		AwakeInstancesAfterBackupRestoration (251ms)
Refreshing native plugins compatible for Editor in 79.83 ms, found 3 plugins.
Preloading 0 native plugins for Editor in 0.00 ms.
Unloading 4994 Unused Serialized files (Serialized files now loaded: 0)
Unloading 41 unused Assets / (319.3 KB). Loaded Objects now: 5735.
Memory consumption went from 236.4 MB to 236.1 MB.
Total: 248.814200 ms (FindLiveObjects: 4.943100 ms CreateObjectMapping: 11.271300 ms MarkObjects: 230.384800 ms  DeleteObjects: 2.212600 ms)

Prepare: number of updated asset objects reloaded= 0
AssetImportParameters requested are different than current active one (requested -> active):
  custom:container-demuxer-ogg: 62fdf1f143b41e24485cea50d1cbac27 -> 
  custom:video-decoder-ogg-theora: a1e56fd34408186e4bbccfd4996cb3dc -> 
  custom:scripting/monoscript/fileName/xddf.cs: dd0abf560dd0a8c9de8edc5af66b6c59 -> 
  custom:framework-win-MediaFoundation: 216162199b28c13a410421893ffa2e32 -> 
  custom:CustomObjectIndexerAttribute: 4d1d7186bcbbfe361de5f0ad951e585c -> 
  custom:container-demuxer-webm: 4f35f7cbe854078d1ac9338744f61a02 -> 
  custom:container-muxer-webm: aa71ff27fc2769a1b78a27578f13a17b -> 
  custom:video-decoder-webm-vp8: 9c59270c3fd7afecdb556c50c9e8de78 -> 
  custom:SearchIndexIgnoredProperties: e643bd26f0fe6173181afceb89e7c659 -> 
  custom:AudioImporter_EditorPlatform: d09bf68614088b80899f8185d706f6e7 -> 
  custom:video-encoder-webm-vp8: eb34c28f22e8b96e1ab97ce403110664 -> 
  custom:audio-decoder-ogg-vorbis: bf7c407c2cedff20999df2af8eb42d56 -> 
  custom:audio-encoder-webm-vorbis: bf7c407c2cedff20999df2af8eb42d56 -> 
========================================================================
Received Prepare
Begin MonoManager ReloadAssembly
- Loaded All Assemblies, in 28.454 seconds
Refreshing native plugins compatible for Editor in 4457.61 ms, found 3 plugins.
Native extension for LinuxStandalone target not found
Native extension for WindowsStandalone target not found
Native extension for OSXStandalone target not found
Native extension for WebGL target not found
Mono: successfully reloaded assembly
- Finished resetting the current domain, in 85.439 seconds
Domain Reload Profiling: 113736ms
	BeginReloadAssembly (7250ms)
		ExecutionOrderSort (0ms)
		DisableScriptedObjects (70ms)
		BackupInstance (0ms)
		ReleaseScriptingObjects (9ms)
		CreateAndSetChildDomain (1383ms)
	RebuildCommonClasses (593ms)
	RebuildNativeTypeToScriptingClass (210ms)
	initialDomainReloadingComplete (1452ms)
	LoadAllAssembliesAndSetupDomain (18791ms)
		LoadAssemblies (13358ms)
		RebuildTransferFunctionScriptingTraits (0ms)
		AnalyzeDomain (10358ms)
			TypeCache.Refresh (66ms)
				TypeCache.ScanAssembly (0ms)
			ScanForSourceGeneratedMonoScriptInfo (1ms)
			ResolveRequiredComponents (933ms)
	FinalizeReload (85441ms)
		ReleaseScriptCaches (0ms)
		RebuildScriptCaches (0ms)
		SetupLoadedEditorAssemblies (34889ms)
			LogAssemblyErrors (0ms)
			InitializePlatformSupportModulesInManaged (1165ms)
			SetLoadedEditorAssemblies (121ms)
			RefreshPlugins (0ms)
			BeforeProcessingInitializeOnLoad (5087ms)
			ProcessInitializeOnLoadAttributes (22462ms)
			ProcessInitializeOnLoadMethodAttributes (5484ms)
			AfterProcessingInitializeOnLoad (568ms)
			EditorAssembliesLoaded (1ms)
		ExecutionOrderSort2 (0ms)
		AwakeInstancesAfterBackupRestoration (826ms)
Refreshing native plugins compatible for Editor in 106.40 ms, found 3 plugins.
Preloading 0 native plugins for Editor in 0.00 ms.
Unloading 4994 Unused Serialized files (Serialized files now loaded: 0)
Unloading 41 unused Assets / (319.4 KB). Loaded Objects now: 5739.
Memory consumption went from 238.3 MB to 238.0 MB.
Total: 22.680100 ms (FindLiveObjects: 0.963400 ms CreateObjectMapping: 4.101900 ms MarkObjects: 17.008000 ms  DeleteObjects: 0.603500 ms)

Prepare: number of updated asset objects reloaded= 0
AssetImportParameters requested are different than current active one (requested -> active):
  custom:container-demuxer-ogg: 62fdf1f143b41e24485cea50d1cbac27 -> 
  custom:video-decoder-ogg-theora: a1e56fd34408186e4bbccfd4996cb3dc -> 
  custom:scripting/monoscript/fileName/xddf.cs: dd0abf560dd0a8c9de8edc5af66b6c59 -> 
  custom:framework-win-MediaFoundation: 216162199b28c13a410421893ffa2e32 -> 
  custom:CustomObjectIndexerAttribute: 4d1d7186bcbbfe361de5f0ad951e585c -> 
  custom:container-demuxer-webm: 4f35f7cbe854078d1ac9338744f61a02 -> 
  custom:container-muxer-webm: aa71ff27fc2769a1b78a27578f13a17b -> 
  custom:video-decoder-webm-vp8: 9c59270c3fd7afecdb556c50c9e8de78 -> 
  custom:SearchIndexIgnoredProperties: e643bd26f0fe6173181afceb89e7c659 -> 
  custom:AudioImporter_EditorPlatform: d09bf68614088b80899f8185d706f6e7 -> 
  custom:video-encoder-webm-vp8: eb34c28f22e8b96e1ab97ce403110664 -> 
  custom:audio-decoder-ogg-vorbis: bf7c407c2cedff20999df2af8eb42d56 -> 
  custom:audio-encoder-webm-vorbis: bf7c407c2cedff20999df2af8eb42d56 -> 
========================================================================
Received Prepare
Begin MonoManager ReloadAssembly
- Loaded All Assemblies, in 31.819 seconds
Refreshing native plugins compatible for Editor in 153.50 ms, found 3 plugins.
Native extension for LinuxStandalone target not found
Native extension for WindowsStandalone target not found
Native extension for OSXStandalone target not found
Native extension for WebGL target not found
Mono: successfully reloaded assembly
- Finished resetting the current domain, in 62.748 seconds
Domain Reload Profiling: 94466ms
	BeginReloadAssembly (6185ms)
		ExecutionOrderSort (0ms)
		DisableScriptedObjects (24ms)
		BackupInstance (0ms)
		ReleaseScriptingObjects (0ms)
		CreateAndSetChildDomain (370ms)
	RebuildCommonClasses (4644ms)
	RebuildNativeTypeToScriptingClass (487ms)
	initialDomainReloadingComplete (1049ms)
	LoadAllAssembliesAndSetupDomain (19324ms)
		LoadAssemblies (17076ms)
		RebuildTransferFunctionScriptingTraits (0ms)
		AnalyzeDomain (7397ms)
			TypeCache.Refresh (5059ms)
				TypeCache.ScanAssembly (0ms)
			ScanForSourceGeneratedMonoScriptInfo (1ms)
			ResolveRequiredComponents (2203ms)
	FinalizeReload (62777ms)
		ReleaseScriptCaches (0ms)
		RebuildScriptCaches (0ms)
		SetupLoadedEditorAssemblies (20534ms)
			LogAssemblyErrors (0ms)
			InitializePlatformSupportModulesInManaged (269ms)
			SetLoadedEditorAssemblies (279ms)
			RefreshPlugins (0ms)
			BeforeProcessingInitializeOnLoad (5753ms)
			ProcessInitializeOnLoadAttributes (10497ms)
			ProcessInitializeOnLoadMethodAttributes (2339ms)
			AfterProcessingInitializeOnLoad (1395ms)
			EditorAssembliesLoaded (2ms)
		ExecutionOrderSort2 (0ms)
		AwakeInstancesAfterBackupRestoration (186ms)
Refreshing native plugins compatible for Editor in 77.32 ms, found 3 plugins.
Preloading 0 native plugins for Editor in 0.00 ms.
Unloading 4994 Unused Serialized files (Serialized files now loaded: 0)
Unloading 41 unused Assets / (319.4 KB). Loaded Objects now: 5743.
Memory consumption went from 240.2 MB to 239.9 MB.
Total: 419.856000 ms (FindLiveObjects: 36.065400 ms CreateObjectMapping: 1.079800 ms MarkObjects: 376.256400 ms  DeleteObjects: 6.451800 ms)

Prepare: number of updated asset objects reloaded= 0
AssetImportParameters requested are different than current active one (requested -> active):
  custom:container-demuxer-ogg: 62fdf1f143b41e24485cea50d1cbac27 -> 
  custom:video-decoder-ogg-theora: a1e56fd34408186e4bbccfd4996cb3dc -> 
  custom:scripting/monoscript/fileName/xddf.cs: dd0abf560dd0a8c9de8edc5af66b6c59 -> 
  custom:framework-win-MediaFoundation: 216162199b28c13a410421893ffa2e32 -> 
  custom:CustomObjectIndexerAttribute: 4d1d7186bcbbfe361de5f0ad951e585c -> 
  custom:container-demuxer-webm: 4f35f7cbe854078d1ac9338744f61a02 -> 
  custom:container-muxer-webm: aa71ff27fc2769a1b78a27578f13a17b -> 
  custom:video-decoder-webm-vp8: 9c59270c3fd7afecdb556c50c9e8de78 -> 
  custom:SearchIndexIgnoredProperties: e643bd26f0fe6173181afceb89e7c659 -> 
  custom:AudioImporter_EditorPlatform: d09bf68614088b80899f8185d706f6e7 -> 
  custom:video-encoder-webm-vp8: eb34c28f22e8b96e1ab97ce403110664 -> 
  custom:audio-decoder-ogg-vorbis: bf7c407c2cedff20999df2af8eb42d56 -> 
  custom:audio-encoder-webm-vorbis: bf7c407c2cedff20999df2af8eb42d56 -> 
========================================================================
Received Import Request.
  Time since last request: 185863.944838 seconds.
  path: Assets/xddd/Materials/Cinder_Block.mat
  artifactKey: Guid(4fc77f31f1d90f042999b22db2331758) Importer(815301076,1909f56bfc062723c751e8b465ee728b)
Start importing Assets/xddd/Materials/Cinder_Block.mat using Guid(4fc77f31f1d90f042999b22db2331758) Importer(815301076,1909f56bfc062723c751e8b465ee728b)  -> (artifact id: 'bb6b413dbee81fc29e7554e5206da262') in 26.246970 seconds
Number of updated asset objects reloaded before import = 0
Number of asset objects unloaded after import = 21
========================================================================
Received Import Request.
  Time since last request: 0.029007 seconds.
  path: Assets/xddd/Materials/Concrete_Block_8x8_Gray78.jpg
  artifactKey: Guid(70a4f98b5db2c63419e79a220f3d0907) Importer(815301076,1909f56bfc062723c751e8b465ee728b)
Start importing Assets/xddd/Materials/Concrete_Block_8x8_Gray78.jpg using Guid(70a4f98b5db2c63419e79a220f3d0907) Importer(815301076,1909f56bfc062723c751e8b465ee728b)  -> (artifact id: '8770cc4ad0523dd431b7e2992663477e') in 2.177188 seconds
Number of updated asset objects reloaded before import = 0
Number of asset objects unloaded after import = 2
========================================================================
Received Import Request.
  Time since last request: 0.102261 seconds.
  path: Assets/xddd/Materials/Tile_Large_Brown.jpg
  artifactKey: Guid(db7a9d2846db17044990f1cf46b0d8a7) Importer(815301076,1909f56bfc062723c751e8b465ee728b)
Start importing Assets/xddd/Materials/Tile_Large_Brown.jpg using Guid(db7a9d2846db17044990f1cf46b0d8a7) Importer(815301076,1909f56bfc062723c751e8b465ee728b)  -> (artifact id: '8207490f2cef28a58eb203233e82fec8') in 0.233148 seconds
Number of updated asset objects reloaded before import = 0
Number of asset objects unloaded after import = 2
========================================================================
Received Import Request.
  Time since last request: 0.016307 seconds.
  path: Assets/xddd/Materials/Concrete_Block_8x8_Gray40.jpg
  artifactKey: Guid(de81e35783dead946b5e9bd2dfdb7297) Importer(815301076,1909f56bfc062723c751e8b465ee728b)
Start importing Assets/xddd/Materials/Concrete_Block_8x8_Gray40.jpg using Guid(de81e35783dead946b5e9bd2dfdb7297) Importer(815301076,1909f56bfc062723c751e8b465ee728b)  -> (artifact id: '20f2e872726a995bfa6ff873602f0a35') in 1.085330 seconds
Number of updated asset objects reloaded before import = 0
Number of asset objects unloaded after import = 2
========================================================================
Received Import Request.
  Time since last request: 0.004116 seconds.
  path: Assets/xddd/Materials/Concrete_Block_8x8_Gray58.jpg
  artifactKey: Guid(c89e76f7e3a2a514fad2bd9c39151a8a) Importer(815301076,1909f56bfc062723c751e8b465ee728b)
Start importing Assets/xddd/Materials/Concrete_Block_8x8_Gray58.jpg using Guid(c89e76f7e3a2a514fad2bd9c39151a8a) Importer(815301076,1909f56bfc062723c751e8b465ee728b)  -> (artifact id: '7abebc3ce87278a2f2065e77c4648d2e') in 0.157390 seconds
Number of updated asset objects reloaded before import = 0
Number of asset objects unloaded after import = 2
========================================================================
Received Import Request.
  Time since last request: 0.005360 seconds.
  path: Assets/xddd/Materials/Concrete_Block_8x8_Gray82.jpg
  artifactKey: Guid(97a2c2793f399894eb32758d700a8d18) Importer(815301076,1909f56bfc062723c751e8b465ee728b)
Start importing Assets/xddd/Materials/Concrete_Block_8x8_Gray82.jpg using Guid(97a2c2793f399894eb32758d700a8d18) Importer(815301076,1909f56bfc062723c751e8b465ee728b)  -> (artifact id: '1826d5ca6d58a42fd16f8d9ef02c0700') in 0.310193 seconds
Number of updated asset objects reloaded before import = 0
Number of asset objects unloaded after import = 2
========================================================================
Received Import Request.
  Time since last request: 0.009747 seconds.
  path: Assets/xddd/Materials/Concrete_Block_8x8_Gray83.jpg
  artifactKey: Guid(8ce556d9641f1984799210ea2c43a185) Importer(815301076,1909f56bfc062723c751e8b465ee728b)
Start importing Assets/xddd/Materials/Concrete_Block_8x8_Gray83.jpg using Guid(8ce556d9641f1984799210ea2c43a185) Importer(815301076,1909f56bfc062723c751e8b465ee728b)  -> (artifact id: '18864e06f6fea9ee4a5f292238c4ea01') in 0.309490 seconds
Number of updated asset objects reloaded before import = 0
Number of asset objects unloaded after import = 2
========================================================================
Received Import Request.
  Time since last request: 0.001399 seconds.
  path: Assets/xddd/Materials/Concrete_Block_8x8_Gray65.jpg
  artifactKey: Guid(f094bf06bf0589b458048e38f8ffe3c3) Importer(815301076,1909f56bfc062723c751e8b465ee728b)
Start importing Assets/xddd/Materials/Concrete_Block_8x8_Gray65.jpg using Guid(f094bf06bf0589b458048e38f8ffe3c3) Importer(815301076,1909f56bfc062723c751e8b465ee728b)  -> (artifact id: 'ef56a8c6a559ab51f6ed13b8f2aa4b02') in 0.162771 seconds
Number of updated asset objects reloaded before import = 0
Number of asset objects unloaded after import = 2
========================================================================
Received Import Request.
  Time since last request: 0.007781 seconds.
  path: Assets/xddd/Materials/Concrete_Block_8x8_Gray60.jpg
  artifactKey: Guid(178cb93c2e1d73f4388bba7fc8ea1d90) Importer(815301076,1909f56bfc062723c751e8b465ee728b)
Start importing Assets/xddd/Materials/Concrete_Block_8x8_Gray60.jpg using Guid(178cb93c2e1d73f4388bba7fc8ea1d90) Importer(815301076,1909f56bfc062723c751e8b465ee728b)  -> (artifact id: '0f86d6a9f678c81f3b82041967795f0c') in 0.593712 seconds
Number of updated asset objects reloaded before import = 0
Number of asset objects unloaded after import = 2
========================================================================
Received Import Request.
  Time since last request: 0.009805 seconds.
  path: Assets/xddd/Materials/Concrete_Block_8x8_Gray33.jpg
  artifactKey: Guid(99e0d1b6d11912444b1acde2d93cc439) Importer(815301076,1909f56bfc062723c751e8b465ee728b)
Start importing Assets/xddd/Materials/Concrete_Block_8x8_Gray33.jpg using Guid(99e0d1b6d11912444b1acde2d93cc439) Importer(815301076,1909f56bfc062723c751e8b465ee728b)  -> (artifact id: '10d7e4a91569edb1eb223b860d899002') in 1.218871 seconds
Number of updated asset objects reloaded before import = 0
Number of asset objects unloaded after import = 2
========================================================================
Received Import Request.
  Time since last request: 0.044353 seconds.
  path: Assets/xddd/Materials/Concrete_Block_8x8_Gray16.jpg
  artifactKey: Guid(1ef45565004dfd64c8c821a4f8d99cf3) Importer(815301076,1909f56bfc062723c751e8b465ee728b)
Start importing Assets/xddd/Materials/Concrete_Block_8x8_Gray16.jpg using Guid(1ef45565004dfd64c8c821a4f8d99cf3) Importer(815301076,1909f56bfc062723c751e8b465ee728b)  -> (artifact id: 'd7ce9846f599876c3c7a8209fe5c1087') in 0.328072 seconds
Number of updated asset objects reloaded before import = 0
Number of asset objects unloaded after import = 2
========================================================================
Received Import Request.
  Time since last request: 0.004147 seconds.
  path: Assets/xddd/Materials/Concrete_Block_8x8_Gray85.jpg
  artifactKey: Guid(fbaa3bf19fc4c104fa4ffbe7b539faea) Importer(815301076,1909f56bfc062723c751e8b465ee728b)
Start importing Assets/xddd/Materials/Concrete_Block_8x8_Gray85.jpg using Guid(fbaa3bf19fc4c104fa4ffbe7b539faea) Importer(815301076,1909f56bfc062723c751e8b465ee728b)  -> (artifact id: 'ada2febb4878a24642e10c9801fb6d11') in 0.531944 seconds
Number of updated asset objects reloaded before import = 0
Number of asset objects unloaded after import = 2
========================================================================
Received Import Request.
  Time since last request: 0.000556 seconds.
  path: Assets/xddd/Materials/Concrete_Block_8x8_Gray69.jpg
  artifactKey: Guid(ae5c667e5efc428418bf9f38c6c399ae) Importer(815301076,1909f56bfc062723c751e8b465ee728b)
Start importing Assets/xddd/Materials/Concrete_Block_8x8_Gray69.jpg using Guid(ae5c667e5efc428418bf9f38c6c399ae) Importer(815301076,1909f56bfc062723c751e8b465ee728b)  -> (artifact id: '39956d03bbf1b01501f413353f8c636f') in 0.435450 seconds
Number of updated asset objects reloaded before import = 0
Number of asset objects unloaded after import = 2
========================================================================
Received Import Request.
  Time since last request: 0.008932 seconds.
  path: Assets/xddd/Materials/Concrete_Block_8x8_Gray45.jpg
  artifactKey: Guid(4e09c5d7af418a3489babfa5be62b7cb) Importer(815301076,1909f56bfc062723c751e8b465ee728b)
Start importing Assets/xddd/Materials/Concrete_Block_8x8_Gray45.jpg using Guid(4e09c5d7af418a3489babfa5be62b7cb) Importer(815301076,1909f56bfc062723c751e8b465ee728b)  -> (artifact id: '8149a252533427deb6e15a9f6cab0665') in 0.458865 seconds
Number of updated asset objects reloaded before import = 0
Number of asset objects unloaded after import = 2
========================================================================
Received Import Request.
  Time since last request: 0.082327 seconds.
  path: Assets/xddd/Materials/SketchUV_Texture3.jpg
  artifactKey: Guid(13ca3fa03fcb70846b0b80384be78966) Importer(815301076,1909f56bfc062723c751e8b465ee728b)
Start importing Assets/xddd/Materials/SketchUV_Texture3.jpg using Guid(13ca3fa03fcb70846b0b80384be78966) Importer(815301076,1909f56bfc062723c751e8b465ee728b)  -> (artifact id: 'd80d70d0f6dc50934684c62c54666d43') in 0.300185 seconds
Number of updated asset objects reloaded before import = 0
Number of asset objects unloaded after import = 2
========================================================================
Received Import Request.
  Time since last request: 0.001217 seconds.
  path: Assets/xddd/Materials/SketchUV_Texture1.jpg
  artifactKey: Guid(3a23386ad90fac3439019aa5a79f6fd9) Importer(815301076,1909f56bfc062723c751e8b465ee728b)
Start importing Assets/xddd/Materials/SketchUV_Texture1.jpg using Guid(3a23386ad90fac3439019aa5a79f6fd9) Importer(815301076,1909f56bfc062723c751e8b465ee728b)  -> (artifact id: 'e05ee01916035f20b881bc4788361da8') in 1.919316 seconds
Number of updated asset objects reloaded before import = 0
Number of asset objects unloaded after import = 2
========================================================================
Received Import Request.
  Time since last request: 0.334087 seconds.
  path: Assets/xddd/Materials/Concrete_Block_8x8_Gray34.jpg
  artifactKey: Guid(c66e6dd3c3a37764b8fc371f2cf697fd) Importer(815301076,1909f56bfc062723c751e8b465ee728b)
Start importing Assets/xddd/Materials/Concrete_Block_8x8_Gray34.jpg using Guid(c66e6dd3c3a37764b8fc371f2cf697fd) Importer(815301076,1909f56bfc062723c751e8b465ee728b)  -> (artifact id: 'd5590c7b1c2a04fc5c50d6690509fe7a') in 0.575012 seconds
Number of updated asset objects reloaded before import = 0
Number of asset objects unloaded after import = 2
========================================================================
Received Import Request.
  Time since last request: 0.014678 seconds.
  path: Assets/xddd/Materials/SketchUV_Texture.jpg
  artifactKey: Guid(ab96fe2efac713a4e8b87035a5b4358e) Importer(815301076,1909f56bfc062723c751e8b465ee728b)
Start importing Assets/xddd/Materials/SketchUV_Texture.jpg using Guid(ab96fe2efac713a4e8b87035a5b4358e) Importer(815301076,1909f56bfc062723c751e8b465ee728b)  -> (artifact id: '2dc8b486e4dec22730b6273dddfd7015') in 0.371528 seconds
Number of updated asset objects reloaded before import = 0
Number of asset objects unloaded after import = 2
========================================================================
Received Import Request.
  Time since last request: 0.004056 seconds.
  path: Assets/xddd/Materials/Concrete_Block_8x8_Gray22.jpg
  artifactKey: Guid(faabd42274c24eb4fb230475cdabd697) Importer(815301076,1909f56bfc062723c751e8b465ee728b)
Start importing Assets/xddd/Materials/Concrete_Block_8x8_Gray22.jpg using Guid(faabd42274c24eb4fb230475cdabd697) Importer(815301076,1909f56bfc062723c751e8b465ee728b)  -> (artifact id: '3ac5624a44f0e866098ddb4c8da45082') in 0.305497 seconds
Number of updated asset objects reloaded before import = 0
Number of asset objects unloaded after import = 2
========================================================================
Received Import Request.
  Time since last request: 0.023177 seconds.
  path: Assets/xddd/Materials/Concrete_Block_8x8_Gray64.jpg
  artifactKey: Guid(9a9e7c7125ff6db44aaf320270da7476) Importer(815301076,1909f56bfc062723c751e8b465ee728b)
Start importing Assets/xddd/Materials/Concrete_Block_8x8_Gray64.jpg using Guid(9a9e7c7125ff6db44aaf320270da7476) Importer(815301076,1909f56bfc062723c751e8b465ee728b)  -> (artifact id: 'c4c008ea98fad194e77b726b2b8ffff6') in 0.261925 seconds
Number of updated asset objects reloaded before import = 0
Number of asset objects unloaded after import = 2
========================================================================
Received Import Request.
  Time since last request: 0.018155 seconds.
  path: Assets/xddd/Materials/Concrete_Block_8x8_Gray77.jpg
  artifactKey: Guid(eb901773dd641474fa003eeaa37d8b9b) Importer(815301076,1909f56bfc062723c751e8b465ee728b)
Start importing Assets/xddd/Materials/Concrete_Block_8x8_Gray77.jpg using Guid(eb901773dd641474fa003eeaa37d8b9b) Importer(815301076,1909f56bfc062723c751e8b465ee728b)  -> (artifact id: '94f7b6be0818365dd9bbde6ea4dbf511') in 0.574225 seconds
Number of updated asset objects reloaded before import = 0
Number of asset objects unloaded after import = 2
========================================================================
Received Import Request.
  Time since last request: 0.070876 seconds.
  path: Assets/xddd/Materials/Wood_Veneer_01.jpg
  artifactKey: Guid(47776f6a8df4d944984f7d3f8e9c5f46) Importer(815301076,1909f56bfc062723c751e8b465ee728b)
Start importing Assets/xddd/Materials/Wood_Veneer_01.jpg using Guid(47776f6a8df4d944984f7d3f8e9c5f46) Importer(815301076,1909f56bfc062723c751e8b465ee728b)  -> (artifact id: '9898c3e98d53a0f713f37c7fabff96d6') in 0.174330 seconds
Number of updated asset objects reloaded before import = 0
Number of asset objects unloaded after import = 2
========================================================================
Received Import Request.
  Time since last request: 0.002409 seconds.
  path: Assets/xddd/Materials/Concrete_Block_8x8_Gray19.jpg
  artifactKey: Guid(0c60636e416af8c46ab96a0d8d64c149) Importer(815301076,1909f56bfc062723c751e8b465ee728b)
Start importing Assets/xddd/Materials/Concrete_Block_8x8_Gray19.jpg using Guid(0c60636e416af8c46ab96a0d8d64c149) Importer(815301076,1909f56bfc062723c751e8b465ee728b)  -> (artifact id: '814dee07d4a1a063656fe32fc224e23c') in 0.336561 seconds
Number of updated asset objects reloaded before import = 0
Number of asset objects unloaded after import = 2
========================================================================
Received Import Request.
  Time since last request: 0.001249 seconds.
  path: Assets/xddd/Materials/Niraj_Hair_Dark30.jpg
  artifactKey: Guid(130926b9f591af44c95490b2e9884c33) Importer(815301076,1909f56bfc062723c751e8b465ee728b)
Start importing Assets/xddd/Materials/Niraj_Hair_Dark30.jpg using Guid(130926b9f591af44c95490b2e9884c33) Importer(815301076,1909f56bfc062723c751e8b465ee728b)  -> (artifact id: '1c60dafb61cd95addac45d3ba7d0e646') in 1.037592 seconds
Number of updated asset objects reloaded before import = 0
Number of asset objects unloaded after import = 2
========================================================================
Received Import Request.
  Time since last request: 0.170731 seconds.
  path: Assets/xddd/Materials/Niraj_Hair_Dark29.jpg
  artifactKey: Guid(dac64173d9d643847bf920b902de573c) Importer(815301076,1909f56bfc062723c751e8b465ee728b)
Start importing Assets/xddd/Materials/Niraj_Hair_Dark29.jpg using Guid(dac64173d9d643847bf920b902de573c) Importer(815301076,1909f56bfc062723c751e8b465ee728b)  -> (artifact id: '037588ade2426cb4242b536dbcacaa45') in 0.454437 seconds
Number of updated asset objects reloaded before import = 0
Number of asset objects unloaded after import = 2
========================================================================
Received Import Request.
  Time since last request: 0.170124 seconds.
  path: Assets/xddd/Materials/Concrete_Block_8x8_Gray81.jpg
  artifactKey: Guid(75a5c64f3a868fc43b0e165d98e556ab) Importer(815301076,1909f56bfc062723c751e8b465ee728b)
Start importing Assets/xddd/Materials/Concrete_Block_8x8_Gray81.jpg using Guid(75a5c64f3a868fc43b0e165d98e556ab) Importer(815301076,1909f56bfc062723c751e8b465ee728b)  -> (artifact id: 'db3201e2e05c70318994f7842c88e52a') in 0.206722 seconds
Number of updated asset objects reloaded before import = 0
Number of asset objects unloaded after import = 2
========================================================================
Received Import Request.
  Time since last request: 0.086935 seconds.
  path: Assets/xddd/Materials/Concrete_Block_8x8_Gray38.jpg
  artifactKey: Guid(90ca8c1c99ec9ed47ae189337fe16d53) Importer(815301076,1909f56bfc062723c751e8b465ee728b)
Start importing Assets/xddd/Materials/Concrete_Block_8x8_Gray38.jpg using Guid(90ca8c1c99ec9ed47ae189337fe16d53) Importer(815301076,1909f56bfc062723c751e8b465ee728b)  -> (artifact id: '8df78745778e4ab807bf8c1a0bdf915c') in 0.533466 seconds
Number of updated asset objects reloaded before import = 0
Number of asset objects unloaded after import = 2
========================================================================
Received Import Request.
  Time since last request: 0.000685 seconds.
  path: Assets/xddd/Materials/Concrete_Block_8x8_Gray35.jpg
  artifactKey: Guid(2a7d1ec6971cf2a4a9df20f42a9b3a67) Importer(815301076,1909f56bfc062723c751e8b465ee728b)
Start importing Assets/xddd/Materials/Concrete_Block_8x8_Gray35.jpg using Guid(2a7d1ec6971cf2a4a9df20f42a9b3a67) Importer(815301076,1909f56bfc062723c751e8b465ee728b)  -> (artifact id: '728f2cc0f8eab830fc52664d74647f8a') in 0.466195 seconds
Number of updated asset objects reloaded before import = 0
Number of asset objects unloaded after import = 2
========================================================================
Received Import Request.
  Time since last request: 0.020558 seconds.
  path: Assets/xddd/Materials/Niraj_Hair_Dark38.jpg
  artifactKey: Guid(a52edca84907f1f48b257d468da43ff3) Importer(815301076,1909f56bfc062723c751e8b465ee728b)
Start importing Assets/xddd/Materials/Niraj_Hair_Dark38.jpg using Guid(a52edca84907f1f48b257d468da43ff3) Importer(815301076,1909f56bfc062723c751e8b465ee728b)  -> (artifact id: '17fc4d59cdb7453348cc3428e8432424') in 1.461484 seconds
Number of updated asset objects reloaded before import = 0
Number of asset objects unloaded after import = 2
========================================================================
Received Import Request.
  Time since last request: 0.569324 seconds.
  path: Assets/xddd/Materials/Concrete_Block_8x8_Gray68.jpg
  artifactKey: Guid(2e61a6d67775b9847a8134f1dc5f1f2f) Importer(815301076,1909f56bfc062723c751e8b465ee728b)
Start importing Assets/xddd/Materials/Concrete_Block_8x8_Gray68.jpg using Guid(2e61a6d67775b9847a8134f1dc5f1f2f) Importer(815301076,1909f56bfc062723c751e8b465ee728b)  -> (artifact id: 'b37eabda5f2f35252cec52685cae073c') in 1.417488 seconds
Number of updated asset objects reloaded before import = 0
Number of asset objects unloaded after import = 2
========================================================================
Received Import Request.
  Time since last request: 0.035960 seconds.
  path: Assets/xddd/Materials/Niraj_Hair_Dark25.jpg
  artifactKey: Guid(117c99cd7442c784a9f7a99746aab0ed) Importer(815301076,1909f56bfc062723c751e8b465ee728b)
Start importing Assets/xddd/Materials/Niraj_Hair_Dark25.jpg using Guid(117c99cd7442c784a9f7a99746aab0ed) Importer(815301076,1909f56bfc062723c751e8b465ee728b)  -> (artifact id: 'ca419d0f311f6550b97bc21f111a99cf') in 0.264407 seconds
Number of updated asset objects reloaded before import = 0
Number of asset objects unloaded after import = 2
========================================================================
Received Import Request.
  Time since last request: 0.013305 seconds.
  path: Assets/xddd/Materials/Niraj_Hair_Dark37.jpg
  artifactKey: Guid(2affc79118dc3ec4cb5af6af7514383a) Importer(815301076,1909f56bfc062723c751e8b465ee728b)
Start importing Assets/xddd/Materials/Niraj_Hair_Dark37.jpg using Guid(2affc79118dc3ec4cb5af6af7514383a) Importer(815301076,1909f56bfc062723c751e8b465ee728b)  -> (artifact id: '24bf03b57d93070d52cd9944b9d99b74') in 0.204194 seconds
Number of updated asset objects reloaded before import = 0
Number of asset objects unloaded after import = 2
========================================================================
Received Import Request.
  Time since last request: 0.127557 seconds.
  path: Assets/xddd/Materials/Niraj_Hair_Dark34.jpg
  artifactKey: Guid(d864a26fa91808a48a3577dbb57e5a50) Importer(815301076,1909f56bfc062723c751e8b465ee728b)
Start importing Assets/xddd/Materials/Niraj_Hair_Dark34.jpg using Guid(d864a26fa91808a48a3577dbb57e5a50) Importer(815301076,1909f56bfc062723c751e8b465ee728b)  -> (artifact id: '5b601bd5fad14f349d708a817e40c9b8') in 0.536370 seconds
Number of updated asset objects reloaded before import = 0
Number of asset objects unloaded after import = 2
========================================================================
Received Import Request.
  Time since last request: 0.005268 seconds.
  path: Assets/xddd/Materials/Concrete_Block_8x8_Gray25.jpg
  artifactKey: Guid(49b747895f1532042931b6ef5d5f1292) Importer(815301076,1909f56bfc062723c751e8b465ee728b)
Start importing Assets/xddd/Materials/Concrete_Block_8x8_Gray25.jpg using Guid(49b747895f1532042931b6ef5d5f1292) Importer(815301076,1909f56bfc062723c751e8b465ee728b)  -> (artifact id: 'd171e3ba3b4c6797a21c8d956a9c8af8') in 0.331961 seconds
Number of updated asset objects reloaded before import = 0
Number of asset objects unloaded after import = 2
========================================================================
Received Import Request.
  Time since last request: 0.011004 seconds.
  path: Assets/xddd/Materials/Stone_Masonry_Multi.jpg
  artifactKey: Guid(b42eb2a54ed03f24db90b9c8d8b3f1ca) Importer(815301076,1909f56bfc062723c751e8b465ee728b)
Start importing Assets/xddd/Materials/Stone_Masonry_Multi.jpg using Guid(b42eb2a54ed03f24db90b9c8d8b3f1ca) Importer(815301076,1909f56bfc062723c751e8b465ee728b)  -> (artifact id: '30b8c5e266c88092bfb87f64efee9502') in 0.490185 seconds
Number of updated asset objects reloaded before import = 0
Number of asset objects unloaded after import = 2
========================================================================
Received Import Request.
  Time since last request: 0.004263 seconds.
  path: Assets/xddd/Materials/Niraj_Hair_Dark20.jpg
  artifactKey: Guid(c6cb4167f73712f4ab74cc572f88ea7d) Importer(815301076,1909f56bfc062723c751e8b465ee728b)
Start importing Assets/xddd/Materials/Niraj_Hair_Dark20.jpg using Guid(c6cb4167f73712f4ab74cc572f88ea7d) Importer(815301076,1909f56bfc062723c751e8b465ee728b)  -> (artifact id: '6d81705e4bdcabbbf78be89c0c0007ea') in 0.188699 seconds
Number of updated asset objects reloaded before import = 0
Number of asset objects unloaded after import = 2
========================================================================
Received Import Request.
  Time since last request: 0.000056 seconds.
  path: Assets/xddd/Materials/Niraj_Hair_Dark35.jpg
  artifactKey: Guid(c655cd1c424d7fe4d917c22665baa645) Importer(815301076,1909f56bfc062723c751e8b465ee728b)
Start importing Assets/xddd/Materials/Niraj_Hair_Dark35.jpg using Guid(c655cd1c424d7fe4d917c22665baa645) Importer(815301076,1909f56bfc062723c751e8b465ee728b)  -> (artifact id: '0724ec301a9114994bb159471f2da00c') in 0.546765 seconds
Number of updated asset objects reloaded before import = 0
Number of asset objects unloaded after import = 2
========================================================================
Received Import Request.
  Time since last request: 0.344300 seconds.
  path: Assets/xddd/Materials/Niraj_Hair_Dark23.jpg
  artifactKey: Guid(986988757a4c8bb4ea17f4ba9f8c096e) Importer(815301076,1909f56bfc062723c751e8b465ee728b)
Start importing Assets/xddd/Materials/Niraj_Hair_Dark23.jpg using Guid(986988757a4c8bb4ea17f4ba9f8c096e) Importer(815301076,1909f56bfc062723c751e8b465ee728b)  -> (artifact id: '77b7127a8edfaa00f4e9de141245d519') in 0.157573 seconds
Number of updated asset objects reloaded before import = 0
Number of asset objects unloaded after import = 2
========================================================================
Received Import Request.
  Time since last request: 0.000968 seconds.
  path: Assets/xddd/Materials/Concrete_Block_8x8_Gray67.jpg
  artifactKey: Guid(f853b464834043d42bbeafeb0535f07f) Importer(815301076,1909f56bfc062723c751e8b465ee728b)
Start importing Assets/xddd/Materials/Concrete_Block_8x8_Gray67.jpg using Guid(f853b464834043d42bbeafeb0535f07f) Importer(815301076,1909f56bfc062723c751e8b465ee728b)  -> (artifact id: '8de521225812046d0aecd010411e3251') in 0.694434 seconds
Number of updated asset objects reloaded before import = 0
Number of asset objects unloaded after import = 2
========================================================================
Received Import Request.
  Time since last request: 0.000054 seconds.
  path: Assets/xddd/Materials/Niraj_Hair_Dark22.jpg
  artifactKey: Guid(4fc88a800cb66b54792afa5348a91f16) Importer(815301076,1909f56bfc062723c751e8b465ee728b)
Start importing Assets/xddd/Materials/Niraj_Hair_Dark22.jpg using Guid(4fc88a800cb66b54792afa5348a91f16) Importer(815301076,1909f56bfc062723c751e8b465ee728b)  -> (artifact id: 'f0742f8c613a43186051f687506bc909') in 0.446013 seconds
Number of updated asset objects reloaded before import = 0
Number of asset objects unloaded after import = 2
========================================================================
Received Import Request.
  Time since last request: 0.000424 seconds.
  path: Assets/xddd/Materials/Concrete_Block_8x8_Gray28.jpg
  artifactKey: Guid(2edae7e5588c955499b411b03c565b4b) Importer(815301076,1909f56bfc062723c751e8b465ee728b)
Start importing Assets/xddd/Materials/Concrete_Block_8x8_Gray28.jpg using Guid(2edae7e5588c955499b411b03c565b4b) Importer(815301076,1909f56bfc062723c751e8b465ee728b)  -> (artifact id: 'e742110a8f115e007765c39064e7c76d') in 0.424609 seconds
Number of updated asset objects reloaded before import = 0
Number of asset objects unloaded after import = 2
========================================================================
Received Import Request.
  Time since last request: 0.005270 seconds.
  path: Assets/xddd/Materials/Concrete_Block_8x8_Gray84.jpg
  artifactKey: Guid(0f24835afdb9afd49902b4d9277e299e) Importer(815301076,1909f56bfc062723c751e8b465ee728b)
Start importing Assets/xddd/Materials/Concrete_Block_8x8_Gray84.jpg using Guid(0f24835afdb9afd49902b4d9277e299e) Importer(815301076,1909f56bfc062723c751e8b465ee728b)  -> (artifact id: '878d406bc46471c1b2f958a041852e5f') in 0.900566 seconds
Number of updated asset objects reloaded before import = 0
Number of asset objects unloaded after import = 2
========================================================================
Received Import Request.
  Time since last request: 0.002662 seconds.
  path: Assets/xddd/Materials/Niraj_Hair_Dark42.jpg
  artifactKey: Guid(25fb1ac9921e3b24a823c0be275cc84a) Importer(815301076,1909f56bfc062723c751e8b465ee728b)
Start importing Assets/xddd/Materials/Niraj_Hair_Dark42.jpg using Guid(25fb1ac9921e3b24a823c0be275cc84a) Importer(815301076,1909f56bfc062723c751e8b465ee728b)  -> (artifact id: '0d74ef52b47830db28d319ab35bbdde5') in 0.476422 seconds
Number of updated asset objects reloaded before import = 0
Number of asset objects unloaded after import = 2
========================================================================
Received Import Request.
  Time since last request: 0.005694 seconds.
  path: Assets/xddd/Materials/Concrete_Block_8x8_Gray24.jpg
  artifactKey: Guid(b5ceabda3fdd88b4aad7e36e13171bcd) Importer(815301076,1909f56bfc062723c751e8b465ee728b)
Start importing Assets/xddd/Materials/Concrete_Block_8x8_Gray24.jpg using Guid(b5ceabda3fdd88b4aad7e36e13171bcd) Importer(815301076,1909f56bfc062723c751e8b465ee728b)  -> (artifact id: 'c25a6ae03a313f96f067b3c2ae1fdd38') in 0.316200 seconds
Number of updated asset objects reloaded before import = 0
Number of asset objects unloaded after import = 2
========================================================================
Received Import Request.
  Time since last request: 0.000826 seconds.
  path: Assets/xddd/Materials/Concrete_Block_8x8_Gray42.jpg
  artifactKey: Guid(1da30781c4c1b054384374e6ef83afb1) Importer(815301076,1909f56bfc062723c751e8b465ee728b)
Start importing Assets/xddd/Materials/Concrete_Block_8x8_Gray42.jpg using Guid(1da30781c4c1b054384374e6ef83afb1) Importer(815301076,1909f56bfc062723c751e8b465ee728b)  -> (artifact id: '13634559abc586c0530ad1b79505692c') in 0.539990 seconds
Number of updated asset objects reloaded before import = 0
Number of asset objects unloaded after import = 2
========================================================================
Received Import Request.
  Time since last request: 0.000479 seconds.
  path: Assets/xddd/Materials/Concrete_Block_8x8_Gray59.jpg
  artifactKey: Guid(a3fad7170b79d0646bc1008a3925570b) Importer(815301076,1909f56bfc062723c751e8b465ee728b)
Start importing Assets/xddd/Materials/Concrete_Block_8x8_Gray59.jpg using Guid(a3fad7170b79d0646bc1008a3925570b) Importer(815301076,1909f56bfc062723c751e8b465ee728b)  -> (artifact id: '19f1d7a8b91ccbcadba6765125612fde') in 0.570689 seconds
Number of updated asset objects reloaded before import = 0
Number of asset objects unloaded after import = 2
========================================================================
Received Import Request.
  Time since last request: 0.000192 seconds.
  path: Assets/xddd/Materials/Concrete_Block_8x8_Gray12.jpg
  artifactKey: Guid(05161595f9650fe468a992a20e3470d5) Importer(815301076,1909f56bfc062723c751e8b465ee728b)
Start importing Assets/xddd/Materials/Concrete_Block_8x8_Gray12.jpg using Guid(05161595f9650fe468a992a20e3470d5) Importer(815301076,1909f56bfc062723c751e8b465ee728b)  -> (artifact id: '8640cdc5d69e46baeba68f700960c194') in 0.410440 seconds
Number of updated asset objects reloaded before import = 0
Number of asset objects unloaded after import = 2
========================================================================
Received Import Request.
  Time since last request: 0.081895 seconds.
  path: Assets/xddd/Materials/Concrete_Block_8x8_Gray76.jpg
  artifactKey: Guid(653ef91b094d8364ea1956d3927f7e16) Importer(815301076,1909f56bfc062723c751e8b465ee728b)
Start importing Assets/xddd/Materials/Concrete_Block_8x8_Gray76.jpg using Guid(653ef91b094d8364ea1956d3927f7e16) Importer(815301076,1909f56bfc062723c751e8b465ee728b)  -> (artifact id: 'c80aa6087b100a050c25bac867fe4cd5') in 0.423998 seconds
Number of updated asset objects reloaded before import = 0
Number of asset objects unloaded after import = 2
========================================================================
Received Import Request.
  Time since last request: 0.150763 seconds.
  path: Assets/xddd/Materials/Concrete_Block_8x8_Gray79.jpg
  artifactKey: Guid(50d31fbe3e1a19b47951c78d6a68a392) Importer(815301076,1909f56bfc062723c751e8b465ee728b)
Start importing Assets/xddd/Materials/Concrete_Block_8x8_Gray79.jpg using Guid(50d31fbe3e1a19b47951c78d6a68a392) Importer(815301076,1909f56bfc062723c751e8b465ee728b)  -> (artifact id: '45607ef25063aa5f244bc6ab0d568890') in 0.804489 seconds
Number of updated asset objects reloaded before import = 0
Number of asset objects unloaded after import = 2
========================================================================
Received Import Request.
  Time since last request: 0.001089 seconds.
  path: Assets/xddd/Materials/Concrete_Block_8x8_Gray18.jpg
  artifactKey: Guid(cd087b06db6598f48a2f261810537a05) Importer(815301076,1909f56bfc062723c751e8b465ee728b)
Start importing Assets/xddd/Materials/Concrete_Block_8x8_Gray18.jpg using Guid(cd087b06db6598f48a2f261810537a05) Importer(815301076,1909f56bfc062723c751e8b465ee728b)  -> (artifact id: 'a0756a26a13b0e4641af9d77a7bb5ad0') in 0.262226 seconds
Number of updated asset objects reloaded before import = 0
Number of asset objects unloaded after import = 2
========================================================================
Received Import Request.
  Time since last request: 0.000664 seconds.
  path: Assets/xddd/Materials/Concrete_Block_8x8_Gray70.jpg
  artifactKey: Guid(9ee88b35a01d4ca4c983db08b0269331) Importer(815301076,1909f56bfc062723c751e8b465ee728b)
Start importing Assets/xddd/Materials/Concrete_Block_8x8_Gray70.jpg using Guid(9ee88b35a01d4ca4c983db08b0269331) Importer(815301076,1909f56bfc062723c751e8b465ee728b)  -> (artifact id: '5f78170468165cddcacadeff9a4f3a92') in 0.294225 seconds
Number of updated asset objects reloaded before import = 0
Number of asset objects unloaded after import = 2
========================================================================
Received Import Request.
  Time since last request: 0.007559 seconds.
  path: Assets/xddd/Materials/Niraj_Hair_Dark40.jpg
  artifactKey: Guid(40fa6b0ef4a4e754bbaffd55beef284e) Importer(815301076,1909f56bfc062723c751e8b465ee728b)
Start importing Assets/xddd/Materials/Niraj_Hair_Dark40.jpg using Guid(40fa6b0ef4a4e754bbaffd55beef284e) Importer(815301076,1909f56bfc062723c751e8b465ee728b)  -> (artifact id: '42581f3fa9eb7de274dac01a3db87b7e') in 0.405387 seconds
Number of updated asset objects reloaded before import = 0
Number of asset objects unloaded after import = 2
========================================================================
Received Import Request.
  Time since last request: 0.002295 seconds.
  path: Assets/xddd/Materials/Concrete_Block_8x8_Gray26.jpg
  artifactKey: Guid(e7e996cd121aca642a6699adef1890e2) Importer(815301076,1909f56bfc062723c751e8b465ee728b)
Start importing Assets/xddd/Materials/Concrete_Block_8x8_Gray26.jpg using Guid(e7e996cd121aca642a6699adef1890e2) Importer(815301076,1909f56bfc062723c751e8b465ee728b)  -> (artifact id: '60fdb26d630c8f19abf987cc9cce3f5e') in 0.230702 seconds
Number of updated asset objects reloaded before import = 0
Number of asset objects unloaded after import = 2
========================================================================
Received Import Request.
  Time since last request: 0.000912 seconds.
  path: Assets/xddd/Materials/Niraj_Hair_Dark33.jpg
  artifactKey: Guid(e343a1ef917eee746b3a2ce86acb78eb) Importer(815301076,1909f56bfc062723c751e8b465ee728b)
Start importing Assets/xddd/Materials/Niraj_Hair_Dark33.jpg using Guid(e343a1ef917eee746b3a2ce86acb78eb) Importer(815301076,1909f56bfc062723c751e8b465ee728b)  -> (artifact id: 'a79e1cf29265d5d93ef6e8762c2ba3b3') in 0.334305 seconds
Number of updated asset objects reloaded before import = 0
Number of asset objects unloaded after import = 2
========================================================================
Received Import Request.
  Time since last request: 0.042520 seconds.
  path: Assets/xddd/Materials/Concrete_Block_8x8_Gray62.jpg
  artifactKey: Guid(3a0a61804423c7347aac72f369370050) Importer(815301076,1909f56bfc062723c751e8b465ee728b)
Start importing Assets/xddd/Materials/Concrete_Block_8x8_Gray62.jpg using Guid(3a0a61804423c7347aac72f369370050) Importer(815301076,1909f56bfc062723c751e8b465ee728b)  -> (artifact id: '6ca211d14bf150fdf780e1e35e6544e4') in 0.324099 seconds
Number of updated asset objects reloaded before import = 0
Number of asset objects unloaded after import = 2
========================================================================
Received Import Request.
  Time since last request: 0.001710 seconds.
  path: Assets/xddd/Materials/Concrete_Block_8x8_Gray71.jpg
  artifactKey: Guid(67b44a734d57c454ea39a99528905643) Importer(815301076,1909f56bfc062723c751e8b465ee728b)
Start importing Assets/xddd/Materials/Concrete_Block_8x8_Gray71.jpg using Guid(67b44a734d57c454ea39a99528905643) Importer(815301076,1909f56bfc062723c751e8b465ee728b)  -> (artifact id: '3b3a605032e7eba0e2855571fb9c25b9') in 0.289986 seconds
Number of updated asset objects reloaded before import = 0
Number of asset objects unloaded after import = 2
========================================================================
Received Prepare
Begin MonoManager ReloadAssembly
- Loaded All Assemblies, in 16.719 seconds
Refreshing native plugins compatible for Editor in 58.38 ms, found 3 plugins.
Native extension for LinuxStandalone target not found
Native extension for WindowsStandalone target not found
Native extension for OSXStandalone target not found
Native extension for WebGL target not found
Mono: successfully reloaded assembly
- Finished resetting the current domain, in 26.170 seconds
Domain Reload Profiling: 42934ms
	BeginReloadAssembly (7810ms)
		ExecutionOrderSort (0ms)
		DisableScriptedObjects (2546ms)
		BackupInstance (0ms)
		ReleaseScriptingObjects (4ms)
		CreateAndSetChildDomain (1546ms)
	RebuildCommonClasses (445ms)
	RebuildNativeTypeToScriptingClass (210ms)
	initialDomainReloadingComplete (408ms)
	LoadAllAssembliesAndSetupDomain (7889ms)
		LoadAssemblies (10554ms)
		RebuildTransferFunctionScriptingTraits (0ms)
		AnalyzeDomain (264ms)
			TypeCache.Refresh (38ms)
				TypeCache.ScanAssembly (0ms)
			ScanForSourceGeneratedMonoScriptInfo (3ms)
			ResolveRequiredComponents (200ms)
	FinalizeReload (26172ms)
		ReleaseScriptCaches (0ms)
		RebuildScriptCaches (0ms)
		SetupLoadedEditorAssemblies (4645ms)
			LogAssemblyErrors (0ms)
			InitializePlatformSupportModulesInManaged (164ms)
			SetLoadedEditorAssemblies (24ms)
			RefreshPlugins (0ms)
			BeforeProcessingInitializeOnLoad (494ms)
			ProcessInitializeOnLoadAttributes (3565ms)
			ProcessInitializeOnLoadMethodAttributes (350ms)
			AfterProcessingInitializeOnLoad (48ms)
			EditorAssembliesLoaded (1ms)
		ExecutionOrderSort2 (0ms)
		AwakeInstancesAfterBackupRestoration (91ms)
Refreshing native plugins compatible for Editor in 158.05 ms, found 3 plugins.
Preloading 0 native plugins for Editor in 0.00 ms.
Unloading 4994 Unused Serialized files (Serialized files now loaded: 0)
Unloading 41 unused Assets / (319.4 KB). Loaded Objects now: 5834.
Memory consumption went from 255.8 MB to 255.5 MB.
Total: 12.199400 ms (FindLiveObjects: 1.006500 ms CreateObjectMapping: 0.805600 ms MarkObjects: 10.063500 ms  DeleteObjects: 0.321500 ms)

Prepare: number of updated asset objects reloaded= 0
AssetImportParameters requested are different than current active one (requested -> active):
  custom:container-demuxer-ogg: 62fdf1f143b41e24485cea50d1cbac27 -> 
  custom:video-decoder-ogg-theora: a1e56fd34408186e4bbccfd4996cb3dc -> 
  custom:scripting/monoscript/fileName/xddf.cs: dd0abf560dd0a8c9de8edc5af66b6c59 -> 
  custom:framework-win-MediaFoundation: 216162199b28c13a410421893ffa2e32 -> 
  custom:CustomObjectIndexerAttribute: 4d1d7186bcbbfe361de5f0ad951e585c -> 
  custom:container-demuxer-webm: 4f35f7cbe854078d1ac9338744f61a02 -> 
  custom:container-muxer-webm: aa71ff27fc2769a1b78a27578f13a17b -> 
  custom:video-decoder-webm-vp8: 9c59270c3fd7afecdb556c50c9e8de78 -> 
  custom:SearchIndexIgnoredProperties: e643bd26f0fe6173181afceb89e7c659 -> 
  custom:AudioImporter_EditorPlatform: d09bf68614088b80899f8185d706f6e7 -> 
  custom:video-encoder-webm-vp8: eb34c28f22e8b96e1ab97ce403110664 -> 
  custom:audio-decoder-ogg-vorbis: bf7c407c2cedff20999df2af8eb42d56 -> 
  custom:audio-encoder-webm-vorbis: bf7c407c2cedff20999df2af8eb42d56 -> 
========================================================================
Received Prepare
Begin MonoManager ReloadAssembly
- Loaded All Assemblies, in  8.181 seconds
Refreshing native plugins compatible for Editor in 74.80 ms, found 3 plugins.
Native extension for LinuxStandalone target not found
Native extension for WindowsStandalone target not found
Native extension for OSXStandalone target not found
Native extension for WebGL target not found
Mono: successfully reloaded assembly
- Finished resetting the current domain, in 24.561 seconds
Domain Reload Profiling: 32710ms
	BeginReloadAssembly (1419ms)
		ExecutionOrderSort (0ms)
		DisableScriptedObjects (50ms)
		BackupInstance (0ms)
		ReleaseScriptingObjects (0ms)
		CreateAndSetChildDomain (209ms)
	RebuildCommonClasses (408ms)
	RebuildNativeTypeToScriptingClass (182ms)
	initialDomainReloadingComplete (397ms)
	LoadAllAssembliesAndSetupDomain (5741ms)
		LoadAssemblies (6374ms)
		RebuildTransferFunctionScriptingTraits (0ms)
		AnalyzeDomain (320ms)
			TypeCache.Refresh (51ms)
				TypeCache.ScanAssembly (0ms)
			ScanForSourceGeneratedMonoScriptInfo (15ms)
			ResolveRequiredComponents (228ms)
	FinalizeReload (24563ms)
		ReleaseScriptCaches (0ms)
		RebuildScriptCaches (0ms)
		SetupLoadedEditorAssemblies (6201ms)
			LogAssemblyErrors (0ms)
			InitializePlatformSupportModulesInManaged (230ms)
			SetLoadedEditorAssemblies (79ms)
			RefreshPlugins (0ms)
			BeforeProcessingInitializeOnLoad (918ms)
			ProcessInitializeOnLoadAttributes (4598ms)
			ProcessInitializeOnLoadMethodAttributes (335ms)
			AfterProcessingInitializeOnLoad (42ms)
			EditorAssembliesLoaded (0ms)
		ExecutionOrderSort2 (0ms)
		AwakeInstancesAfterBackupRestoration (78ms)
Refreshing native plugins compatible for Editor in 64.94 ms, found 3 plugins.
Preloading 0 native plugins for Editor in 0.00 ms.
Unloading 4994 Unused Serialized files (Serialized files now loaded: 0)
Unloading 41 unused Assets / (319.4 KB). Loaded Objects now: 5838.
Memory consumption went from 257.6 MB to 257.3 MB.
Total: 179.853700 ms (FindLiveObjects: 5.727500 ms CreateObjectMapping: 18.496000 ms MarkObjects: 155.163200 ms  DeleteObjects: 0.464200 ms)

Prepare: number of updated asset objects reloaded= 0
AssetImportParameters requested are different than current active one (requested -> active):
  custom:container-demuxer-ogg: 62fdf1f143b41e24485cea50d1cbac27 -> 
  custom:video-decoder-ogg-theora: a1e56fd34408186e4bbccfd4996cb3dc -> 
  custom:scripting/monoscript/fileName/xddf.cs: dd0abf560dd0a8c9de8edc5af66b6c59 -> 
  custom:framework-win-MediaFoundation: 216162199b28c13a410421893ffa2e32 -> 
  custom:CustomObjectIndexerAttribute: 4d1d7186bcbbfe361de5f0ad951e585c -> 
  custom:container-demuxer-webm: 4f35f7cbe854078d1ac9338744f61a02 -> 
  custom:container-muxer-webm: aa71ff27fc2769a1b78a27578f13a17b -> 
  custom:video-decoder-webm-vp8: 9c59270c3fd7afecdb556c50c9e8de78 -> 
  custom:SearchIndexIgnoredProperties: e643bd26f0fe6173181afceb89e7c659 -> 
  custom:AudioImporter_EditorPlatform: d09bf68614088b80899f8185d706f6e7 -> 
  custom:video-encoder-webm-vp8: eb34c28f22e8b96e1ab97ce403110664 -> 
  custom:audio-decoder-ogg-vorbis: bf7c407c2cedff20999df2af8eb42d56 -> 
  custom:audio-encoder-webm-vorbis: bf7c407c2cedff20999df2af8eb42d56 -> 
========================================================================
Received Prepare
Begin MonoManager ReloadAssembly
- Loaded All Assemblies, in 13.017 seconds
Refreshing native plugins compatible for Editor in 59.99 ms, found 3 plugins.
Native extension for LinuxStandalone target not found
Native extension for WindowsStandalone target not found
Native extension for OSXStandalone target not found
Native extension for WebGL target not found
Mono: successfully reloaded assembly
- Finished resetting the current domain, in 30.255 seconds
Domain Reload Profiling: 43204ms
	BeginReloadAssembly (2887ms)
		ExecutionOrderSort (0ms)
		DisableScriptedObjects (50ms)
		BackupInstance (0ms)
		ReleaseScriptingObjects (0ms)
		CreateAndSetChildDomain (884ms)
	RebuildCommonClasses (666ms)
	RebuildNativeTypeToScriptingClass (190ms)
	initialDomainReloadingComplete (681ms)
	LoadAllAssembliesAndSetupDomain (8524ms)
		LoadAssemblies (9558ms)
		RebuildTransferFunctionScriptingTraits (0ms)
		AnalyzeDomain (307ms)
			TypeCache.Refresh (110ms)
				TypeCache.ScanAssembly (0ms)
			ScanForSourceGeneratedMonoScriptInfo (13ms)
			ResolveRequiredComponents (160ms)
	FinalizeReload (30257ms)
		ReleaseScriptCaches (0ms)
		RebuildScriptCaches (0ms)
		SetupLoadedEditorAssemblies (12798ms)
			LogAssemblyErrors (0ms)
			InitializePlatformSupportModulesInManaged (233ms)
			SetLoadedEditorAssemblies (104ms)
			RefreshPlugins (0ms)
			BeforeProcessingInitializeOnLoad (1281ms)
			ProcessInitializeOnLoadAttributes (10020ms)
			ProcessInitializeOnLoadMethodAttributes (1091ms)
			AfterProcessingInitializeOnLoad (69ms)
			EditorAssembliesLoaded (1ms)
		ExecutionOrderSort2 (0ms)
		AwakeInstancesAfterBackupRestoration (243ms)
Refreshing native plugins compatible for Editor in 36.88 ms, found 3 plugins.
Preloading 0 native plugins for Editor in 0.00 ms.
Unloading 4994 Unused Serialized files (Serialized files now loaded: 0)
Unloading 41 unused Assets / (319.3 KB). Loaded Objects now: 5842.
Memory consumption went from 259.6 MB to 259.3 MB.
Total: 51.776900 ms (FindLiveObjects: 4.954000 ms CreateObjectMapping: 5.711400 ms MarkObjects: 40.699800 ms  DeleteObjects: 0.409200 ms)

Prepare: number of updated asset objects reloaded= 0
AssetImportParameters requested are different than current active one (requested -> active):
  custom:container-demuxer-ogg: 62fdf1f143b41e24485cea50d1cbac27 -> 
  custom:video-decoder-ogg-theora: a1e56fd34408186e4bbccfd4996cb3dc -> 
  custom:scripting/monoscript/fileName/xddf.cs: dd0abf560dd0a8c9de8edc5af66b6c59 -> 
  custom:framework-win-MediaFoundation: 216162199b28c13a410421893ffa2e32 -> 
  custom:CustomObjectIndexerAttribute: 4d1d7186bcbbfe361de5f0ad951e585c -> 
  custom:container-demuxer-webm: 4f35f7cbe854078d1ac9338744f61a02 -> 
  custom:container-muxer-webm: aa71ff27fc2769a1b78a27578f13a17b -> 
  custom:video-decoder-webm-vp8: 9c59270c3fd7afecdb556c50c9e8de78 -> 
  custom:SearchIndexIgnoredProperties: e643bd26f0fe6173181afceb89e7c659 -> 
  custom:AudioImporter_EditorPlatform: d09bf68614088b80899f8185d706f6e7 -> 
  custom:video-encoder-webm-vp8: eb34c28f22e8b96e1ab97ce403110664 -> 
  custom:audio-decoder-ogg-vorbis: bf7c407c2cedff20999df2af8eb42d56 -> 
  custom:audio-encoder-webm-vorbis: bf7c407c2cedff20999df2af8eb42d56 -> 
========================================================================
Received Prepare
Begin MonoManager ReloadAssembly
- Loaded All Assemblies, in 16.290 seconds
Refreshing native plugins compatible for Editor in 73.53 ms, found 3 plugins.
Native extension for LinuxStandalone target not found
Native extension for WindowsStandalone target not found
Native extension for OSXStandalone target not found
Native extension for WebGL target not found
Mono: successfully reloaded assembly
- Finished resetting the current domain, in 24.359 seconds
Domain Reload Profiling: 40606ms
	BeginReloadAssembly (10448ms)
		ExecutionOrderSort (0ms)
		DisableScriptedObjects (28ms)
		BackupInstance (0ms)
		ReleaseScriptingObjects (0ms)
		CreateAndSetChildDomain (911ms)
	RebuildCommonClasses (667ms)
	RebuildNativeTypeToScriptingClass (215ms)
	initialDomainReloadingComplete (526ms)
	LoadAllAssembliesAndSetupDomain (4391ms)
		LoadAssemblies (13183ms)
		RebuildTransferFunctionScriptingTraits (0ms)
		AnalyzeDomain (102ms)
			TypeCache.Refresh (23ms)
				TypeCache.ScanAssembly (0ms)
			ScanForSourceGeneratedMonoScriptInfo (0ms)
			ResolveRequiredComponents (69ms)
	FinalizeReload (24360ms)
		ReleaseScriptCaches (0ms)
		RebuildScriptCaches (0ms)
		SetupLoadedEditorAssemblies (16000ms)
			LogAssemblyErrors (0ms)
			InitializePlatformSupportModulesInManaged (335ms)
			SetLoadedEditorAssemblies (19ms)
			RefreshPlugins (0ms)
			BeforeProcessingInitializeOnLoad (8652ms)
			ProcessInitializeOnLoadAttributes (6116ms)
			ProcessInitializeOnLoadMethodAttributes (766ms)
			AfterProcessingInitializeOnLoad (111ms)
			EditorAssembliesLoaded (1ms)
		ExecutionOrderSort2 (0ms)
		AwakeInstancesAfterBackupRestoration (717ms)
Refreshing native plugins compatible for Editor in 43.69 ms, found 3 plugins.
Preloading 0 native plugins for Editor in 0.00 ms.
Unloading 4994 Unused Serialized files (Serialized files now loaded: 0)
Unloading 41 unused Assets / (319.3 KB). Loaded Objects now: 5846.
Memory consumption went from 261.5 MB to 261.2 MB.
Total: 17.069400 ms (FindLiveObjects: 5.007900 ms CreateObjectMapping: 1.630400 ms MarkObjects: 9.492300 ms  DeleteObjects: 0.936900 ms)

Prepare: number of updated asset objects reloaded= 0
AssetImportParameters requested are different than current active one (requested -> active):
  custom:container-demuxer-ogg: 62fdf1f143b41e24485cea50d1cbac27 -> 
  custom:video-decoder-ogg-theora: a1e56fd34408186e4bbccfd4996cb3dc -> 
  custom:scripting/monoscript/fileName/xddf.cs: dd0abf560dd0a8c9de8edc5af66b6c59 -> 
  custom:framework-win-MediaFoundation: 216162199b28c13a410421893ffa2e32 -> 
  custom:CustomObjectIndexerAttribute: 4d1d7186bcbbfe361de5f0ad951e585c -> 
  custom:container-demuxer-webm: 4f35f7cbe854078d1ac9338744f61a02 -> 
  custom:container-muxer-webm: aa71ff27fc2769a1b78a27578f13a17b -> 
  custom:video-decoder-webm-vp8: 9c59270c3fd7afecdb556c50c9e8de78 -> 
  custom:SearchIndexIgnoredProperties: e643bd26f0fe6173181afceb89e7c659 -> 
  custom:AudioImporter_EditorPlatform: d09bf68614088b80899f8185d706f6e7 -> 
  custom:video-encoder-webm-vp8: eb34c28f22e8b96e1ab97ce403110664 -> 
  custom:audio-decoder-ogg-vorbis: bf7c407c2cedff20999df2af8eb42d56 -> 
  custom:audio-encoder-webm-vorbis: bf7c407c2cedff20999df2af8eb42d56 -> 
========================================================================
Received Prepare
Begin MonoManager ReloadAssembly
- Loaded All Assemblies, in  5.729 seconds
Refreshing native plugins compatible for Editor in 50.66 ms, found 3 plugins.
Native extension for LinuxStandalone target not found
Native extension for WindowsStandalone target not found
Native extension for OSXStandalone target not found
Native extension for WebGL target not found
Mono: successfully reloaded assembly
- Finished resetting the current domain, in 37.701 seconds
Domain Reload Profiling: 43397ms
	BeginReloadAssembly (1500ms)
		ExecutionOrderSort (0ms)
		DisableScriptedObjects (26ms)
		BackupInstance (0ms)
		ReleaseScriptingObjects (0ms)
		CreateAndSetChildDomain (304ms)
	RebuildCommonClasses (484ms)
	RebuildNativeTypeToScriptingClass (85ms)
	initialDomainReloadingComplete (352ms)
	LoadAllAssembliesAndSetupDomain (3270ms)
		LoadAssemblies (3982ms)
		RebuildTransferFunctionScriptingTraits (0ms)
		AnalyzeDomain (269ms)
			TypeCache.Refresh (71ms)
				TypeCache.ScanAssembly (0ms)
			ScanForSourceGeneratedMonoScriptInfo (1ms)
			ResolveRequiredComponents (181ms)
	FinalizeReload (37707ms)
		ReleaseScriptCaches (0ms)
		RebuildScriptCaches (0ms)
		SetupLoadedEditorAssemblies (17855ms)
			LogAssemblyErrors (0ms)
			InitializePlatformSupportModulesInManaged (834ms)
			SetLoadedEditorAssemblies (46ms)
			RefreshPlugins (0ms)
			BeforeProcessingInitializeOnLoad (6573ms)
			ProcessInitializeOnLoadAttributes (7917ms)
			ProcessInitializeOnLoadMethodAttributes (2254ms)
			AfterProcessingInitializeOnLoad (227ms)
			EditorAssembliesLoaded (4ms)
		ExecutionOrderSort2 (0ms)
		AwakeInstancesAfterBackupRestoration (373ms)
Refreshing native plugins compatible for Editor in 31.87 ms, found 3 plugins.
Preloading 0 native plugins for Editor in 0.00 ms.
Unloading 4994 Unused Serialized files (Serialized files now loaded: 0)
Unloading 41 unused Assets / (319.4 KB). Loaded Objects now: 5850.
Memory consumption went from 263.4 MB to 263.1 MB.
Total: 16.051000 ms (FindLiveObjects: 1.288900 ms CreateObjectMapping: 1.788700 ms MarkObjects: 12.708700 ms  DeleteObjects: 0.262300 ms)

Prepare: number of updated asset objects reloaded= 0
AssetImportParameters requested are different than current active one (requested -> active):
  custom:container-demuxer-ogg: 62fdf1f143b41e24485cea50d1cbac27 -> 
  custom:video-decoder-ogg-theora: a1e56fd34408186e4bbccfd4996cb3dc -> 
  custom:scripting/monoscript/fileName/xddf.cs: dd0abf560dd0a8c9de8edc5af66b6c59 -> 
  custom:framework-win-MediaFoundation: 216162199b28c13a410421893ffa2e32 -> 
  custom:CustomObjectIndexerAttribute: 4d1d7186bcbbfe361de5f0ad951e585c -> 
  custom:container-demuxer-webm: 4f35f7cbe854078d1ac9338744f61a02 -> 
  custom:container-muxer-webm: aa71ff27fc2769a1b78a27578f13a17b -> 
  custom:video-decoder-webm-vp8: 9c59270c3fd7afecdb556c50c9e8de78 -> 
  custom:SearchIndexIgnoredProperties: e643bd26f0fe6173181afceb89e7c659 -> 
  custom:AudioImporter_EditorPlatform: d09bf68614088b80899f8185d706f6e7 -> 
  custom:video-encoder-webm-vp8: eb34c28f22e8b96e1ab97ce403110664 -> 
  custom:audio-decoder-ogg-vorbis: bf7c407c2cedff20999df2af8eb42d56 -> 
  custom:audio-encoder-webm-vorbis: bf7c407c2cedff20999df2af8eb42d56 -> 
========================================================================
Received Prepare
Begin MonoManager ReloadAssembly
- Loaded All Assemblies, in  3.312 seconds
Refreshing native plugins compatible for Editor in 47.95 ms, found 3 plugins.
Native extension for LinuxStandalone target not found
Native extension for WindowsStandalone target not found
Native extension for OSXStandalone target not found
Native extension for WebGL target not found
Mono: successfully reloaded assembly
- Finished resetting the current domain, in 10.390 seconds
Domain Reload Profiling: 13673ms
	BeginReloadAssembly (848ms)
		ExecutionOrderSort (0ms)
		DisableScriptedObjects (22ms)
		BackupInstance (0ms)
		ReleaseScriptingObjects (0ms)
		CreateAndSetChildDomain (124ms)
	RebuildCommonClasses (522ms)
	RebuildNativeTypeToScriptingClass (77ms)
	initialDomainReloadingComplete (166ms)
	LoadAllAssembliesAndSetupDomain (1669ms)
		LoadAssemblies (2143ms)
		RebuildTransferFunctionScriptingTraits (0ms)
		AnalyzeDomain (108ms)
			TypeCache.Refresh (18ms)
				TypeCache.ScanAssembly (0ms)
			ScanForSourceGeneratedMonoScriptInfo (0ms)
			ResolveRequiredComponents (57ms)
	FinalizeReload (10391ms)
		ReleaseScriptCaches (0ms)
		RebuildScriptCaches (0ms)
		SetupLoadedEditorAssemblies (3060ms)
			LogAssemblyErrors (0ms)
			InitializePlatformSupportModulesInManaged (98ms)
			SetLoadedEditorAssemblies (20ms)
			RefreshPlugins (0ms)
			BeforeProcessingInitializeOnLoad (438ms)
			ProcessInitializeOnLoadAttributes (1943ms)
			ProcessInitializeOnLoadMethodAttributes (512ms)
			AfterProcessingInitializeOnLoad (48ms)
			EditorAssembliesLoaded (1ms)
		ExecutionOrderSort2 (0ms)
		AwakeInstancesAfterBackupRestoration (99ms)
Refreshing native plugins compatible for Editor in 46.78 ms, found 3 plugins.
Preloading 0 native plugins for Editor in 0.00 ms.
Unloading 4994 Unused Serialized files (Serialized files now loaded: 0)
Unloading 41 unused Assets / (319.4 KB). Loaded Objects now: 5854.
Memory consumption went from 265.3 MB to 265.0 MB.
Total: 27.915400 ms (FindLiveObjects: 3.184700 ms CreateObjectMapping: 7.949400 ms MarkObjects: 16.501200 ms  DeleteObjects: 0.278100 ms)

Prepare: number of updated asset objects reloaded= 0
AssetImportParameters requested are different than current active one (requested -> active):
  custom:container-demuxer-ogg: 62fdf1f143b41e24485cea50d1cbac27 -> 
  custom:video-decoder-ogg-theora: a1e56fd34408186e4bbccfd4996cb3dc -> 
  custom:scripting/monoscript/fileName/xddf.cs: dd0abf560dd0a8c9de8edc5af66b6c59 -> 
  custom:framework-win-MediaFoundation: 216162199b28c13a410421893ffa2e32 -> 
  custom:CustomObjectIndexerAttribute: 4d1d7186bcbbfe361de5f0ad951e585c -> 
  custom:container-demuxer-webm: 4f35f7cbe854078d1ac9338744f61a02 -> 
  custom:container-muxer-webm: aa71ff27fc2769a1b78a27578f13a17b -> 
  custom:video-decoder-webm-vp8: 9c59270c3fd7afecdb556c50c9e8de78 -> 
  custom:SearchIndexIgnoredProperties: e643bd26f0fe6173181afceb89e7c659 -> 
  custom:AudioImporter_EditorPlatform: d09bf68614088b80899f8185d706f6e7 -> 
  custom:video-encoder-webm-vp8: eb34c28f22e8b96e1ab97ce403110664 -> 
  custom:audio-decoder-ogg-vorbis: bf7c407c2cedff20999df2af8eb42d56 -> 
  custom:audio-encoder-webm-vorbis: bf7c407c2cedff20999df2af8eb42d56 -> 
========================================================================
Received Prepare
Begin MonoManager ReloadAssembly
- Loaded All Assemblies, in  9.214 seconds
Refreshing native plugins compatible for Editor in 55.51 ms, found 3 plugins.
Native extension for LinuxStandalone target not found
Native extension for WindowsStandalone target not found
Native extension for OSXStandalone target not found
Native extension for WebGL target not found
Mono: successfully reloaded assembly
- Finished resetting the current domain, in 24.888 seconds
Domain Reload Profiling: 34064ms
	BeginReloadAssembly (4241ms)
		ExecutionOrderSort (0ms)
		DisableScriptedObjects (80ms)
		BackupInstance (0ms)
		ReleaseScriptingObjects (0ms)
		CreateAndSetChildDomain (508ms)
	RebuildCommonClasses (670ms)
	RebuildNativeTypeToScriptingClass (200ms)
	initialDomainReloadingComplete (333ms)
	LoadAllAssembliesAndSetupDomain (3731ms)
		LoadAssemblies (6871ms)
		RebuildTransferFunctionScriptingTraits (0ms)
		AnalyzeDomain (118ms)
			TypeCache.Refresh (35ms)
				TypeCache.ScanAssembly (0ms)
			ScanForSourceGeneratedMonoScriptInfo (0ms)
			ResolveRequiredComponents (71ms)
	FinalizeReload (24889ms)
		ReleaseScriptCaches (0ms)
		RebuildScriptCaches (0ms)
		SetupLoadedEditorAssemblies (12439ms)
			LogAssemblyErrors (0ms)
			InitializePlatformSupportModulesInManaged (152ms)
			SetLoadedEditorAssemblies (37ms)
			RefreshPlugins (0ms)
			BeforeProcessingInitializeOnLoad (1563ms)
			ProcessInitializeOnLoadAttributes (9373ms)
			ProcessInitializeOnLoadMethodAttributes (1223ms)
			AfterProcessingInitializeOnLoad (90ms)
			EditorAssembliesLoaded (1ms)
		ExecutionOrderSort2 (0ms)
		AwakeInstancesAfterBackupRestoration (282ms)
Refreshing native plugins compatible for Editor in 33.68 ms, found 3 plugins.
Preloading 0 native plugins for Editor in 0.00 ms.
Unloading 4994 Unused Serialized files (Serialized files now loaded: 0)
Unloading 41 unused Assets / (319.6 KB). Loaded Objects now: 5858.
Memory consumption went from 267.3 MB to 266.9 MB.
Total: 49.017500 ms (FindLiveObjects: 2.603400 ms CreateObjectMapping: 2.279000 ms MarkObjects: 43.888500 ms  DeleteObjects: 0.244700 ms)

Prepare: number of updated asset objects reloaded= 0
AssetImportParameters requested are different than current active one (requested -> active):
  custom:container-demuxer-ogg: 62fdf1f143b41e24485cea50d1cbac27 -> 
  custom:video-decoder-ogg-theora: a1e56fd34408186e4bbccfd4996cb3dc -> 
  custom:scripting/monoscript/fileName/xddf.cs: dd0abf560dd0a8c9de8edc5af66b6c59 -> 
  custom:framework-win-MediaFoundation: 216162199b28c13a410421893ffa2e32 -> 
  custom:CustomObjectIndexerAttribute: 4d1d7186bcbbfe361de5f0ad951e585c -> 
  custom:container-demuxer-webm: 4f35f7cbe854078d1ac9338744f61a02 -> 
  custom:container-muxer-webm: aa71ff27fc2769a1b78a27578f13a17b -> 
  custom:video-decoder-webm-vp8: 9c59270c3fd7afecdb556c50c9e8de78 -> 
  custom:SearchIndexIgnoredProperties: e643bd26f0fe6173181afceb89e7c659 -> 
  custom:AudioImporter_EditorPlatform: d09bf68614088b80899f8185d706f6e7 -> 
  custom:video-encoder-webm-vp8: eb34c28f22e8b96e1ab97ce403110664 -> 
  custom:audio-decoder-ogg-vorbis: bf7c407c2cedff20999df2af8eb42d56 -> 
  custom:audio-encoder-webm-vorbis: bf7c407c2cedff20999df2af8eb42d56 -> 
========================================================================
Received Prepare
Begin MonoManager ReloadAssembly
- Loaded All Assemblies, in  3.732 seconds
Refreshing native plugins compatible for Editor in 36.03 ms, found 3 plugins.
Native extension for LinuxStandalone target not found
Native extension for WindowsStandalone target not found
Native extension for OSXStandalone target not found
Native extension for WebGL target not found
Mono: successfully reloaded assembly
- Finished resetting the current domain, in 10.740 seconds
Domain Reload Profiling: 14451ms
	BeginReloadAssembly (1069ms)
		ExecutionOrderSort (0ms)
		DisableScriptedObjects (27ms)
		BackupInstance (0ms)
		ReleaseScriptingObjects (0ms)
		CreateAndSetChildDomain (301ms)
	RebuildCommonClasses (188ms)
	RebuildNativeTypeToScriptingClass (95ms)
	initialDomainReloadingComplete (224ms)
	LoadAllAssembliesAndSetupDomain (2131ms)
		LoadAssemblies (2566ms)
		RebuildTransferFunctionScriptingTraits (0ms)
		AnalyzeDomain (161ms)
			TypeCache.Refresh (21ms)
				TypeCache.ScanAssembly (0ms)
			ScanForSourceGeneratedMonoScriptInfo (4ms)
			ResolveRequiredComponents (127ms)
	FinalizeReload (10744ms)
		ReleaseScriptCaches (0ms)
		RebuildScriptCaches (0ms)
		SetupLoadedEditorAssemblies (3716ms)
			LogAssemblyErrors (0ms)
			InitializePlatformSupportModulesInManaged (335ms)
			SetLoadedEditorAssemblies (13ms)
			RefreshPlugins (0ms)
			BeforeProcessingInitializeOnLoad (493ms)
			ProcessInitializeOnLoadAttributes (2453ms)
			ProcessInitializeOnLoadMethodAttributes (382ms)
			AfterProcessingInitializeOnLoad (39ms)
			EditorAssembliesLoaded (0ms)
		ExecutionOrderSort2 (0ms)
		AwakeInstancesAfterBackupRestoration (100ms)
Refreshing native plugins compatible for Editor in 32.89 ms, found 3 plugins.
Preloading 0 native plugins for Editor in 0.00 ms.
Unloading 4994 Unused Serialized files (Serialized files now loaded: 0)
Unloading 41 unused Assets / (319.5 KB). Loaded Objects now: 5862.
Memory consumption went from 269.2 MB to 268.9 MB.
Total: 11.938900 ms (FindLiveObjects: 1.111400 ms CreateObjectMapping: 0.992300 ms MarkObjects: 9.503300 ms  DeleteObjects: 0.329300 ms)

Prepare: number of updated asset objects reloaded= 0
AssetImportParameters requested are different than current active one (requested -> active):
  custom:container-demuxer-ogg: 62fdf1f143b41e24485cea50d1cbac27 -> 
  custom:video-decoder-ogg-theora: a1e56fd34408186e4bbccfd4996cb3dc -> 
  custom:scripting/monoscript/fileName/xddf.cs: dd0abf560dd0a8c9de8edc5af66b6c59 -> 
  custom:framework-win-MediaFoundation: 216162199b28c13a410421893ffa2e32 -> 
  custom:CustomObjectIndexerAttribute: 4d1d7186bcbbfe361de5f0ad951e585c -> 
  custom:container-demuxer-webm: 4f35f7cbe854078d1ac9338744f61a02 -> 
  custom:container-muxer-webm: aa71ff27fc2769a1b78a27578f13a17b -> 
  custom:video-decoder-webm-vp8: 9c59270c3fd7afecdb556c50c9e8de78 -> 
  custom:SearchIndexIgnoredProperties: e643bd26f0fe6173181afceb89e7c659 -> 
  custom:AudioImporter_EditorPlatform: d09bf68614088b80899f8185d706f6e7 -> 
  custom:video-encoder-webm-vp8: eb34c28f22e8b96e1ab97ce403110664 -> 
  custom:audio-decoder-ogg-vorbis: bf7c407c2cedff20999df2af8eb42d56 -> 
  custom:audio-encoder-webm-vorbis: bf7c407c2cedff20999df2af8eb42d56 -> 
========================================================================
Received Prepare
Begin MonoManager ReloadAssembly
- Loaded All Assemblies, in  8.144 seconds
Refreshing native plugins compatible for Editor in 72.56 ms, found 3 plugins.
Native extension for LinuxStandalone target not found
Native extension for WindowsStandalone target not found
Native extension for OSXStandalone target not found
Native extension for WebGL target not found
Mono: successfully reloaded assembly
- Finished resetting the current domain, in 33.794 seconds
Domain Reload Profiling: 41688ms
	BeginReloadAssembly (2208ms)
		ExecutionOrderSort (0ms)
		DisableScriptedObjects (70ms)
		BackupInstance (0ms)
		ReleaseScriptingObjects (0ms)
		CreateAndSetChildDomain (226ms)
	RebuildCommonClasses (522ms)
	RebuildNativeTypeToScriptingClass (310ms)
	initialDomainReloadingComplete (1253ms)
	LoadAllAssembliesAndSetupDomain (3599ms)
		LoadAssemblies (5109ms)
		RebuildTransferFunctionScriptingTraits (0ms)
		AnalyzeDomain (172ms)
			TypeCache.Refresh (29ms)
				TypeCache.ScanAssembly (0ms)
			ScanForSourceGeneratedMonoScriptInfo (1ms)
			ResolveRequiredComponents (137ms)
	FinalizeReload (33796ms)
		ReleaseScriptCaches (0ms)
		RebuildScriptCaches (0ms)
		SetupLoadedEditorAssemblies (10191ms)
			LogAssemblyErrors (0ms)
			InitializePlatformSupportModulesInManaged (316ms)
			SetLoadedEditorAssemblies (25ms)
			RefreshPlugins (0ms)
			BeforeProcessingInitializeOnLoad (2236ms)
			ProcessInitializeOnLoadAttributes (6266ms)
			ProcessInitializeOnLoadMethodAttributes (1141ms)
			AfterProcessingInitializeOnLoad (201ms)
			EditorAssembliesLoaded (5ms)
		ExecutionOrderSort2 (0ms)
		AwakeInstancesAfterBackupRestoration (626ms)
Refreshing native plugins compatible for Editor in 104.17 ms, found 3 plugins.
Preloading 0 native plugins for Editor in 0.00 ms.
Unloading 4994 Unused Serialized files (Serialized files now loaded: 0)
Unloading 41 unused Assets / (319.6 KB). Loaded Objects now: 5866.
Memory consumption went from 271.1 MB to 270.8 MB.
Total: 75.876500 ms (FindLiveObjects: 17.765400 ms CreateObjectMapping: 7.855800 ms MarkObjects: 49.450400 ms  DeleteObjects: 0.802100 ms)

Prepare: number of updated asset objects reloaded= 0
AssetImportParameters requested are different than current active one (requested -> active):
  custom:container-demuxer-ogg: 62fdf1f143b41e24485cea50d1cbac27 -> 
  custom:video-decoder-ogg-theora: a1e56fd34408186e4bbccfd4996cb3dc -> 
  custom:scripting/monoscript/fileName/xddf.cs: dd0abf560dd0a8c9de8edc5af66b6c59 -> 
  custom:framework-win-MediaFoundation: 216162199b28c13a410421893ffa2e32 -> 
  custom:CustomObjectIndexerAttribute: 4d1d7186bcbbfe361de5f0ad951e585c -> 
  custom:container-demuxer-webm: 4f35f7cbe854078d1ac9338744f61a02 -> 
  custom:container-muxer-webm: aa71ff27fc2769a1b78a27578f13a17b -> 
  custom:video-decoder-webm-vp8: 9c59270c3fd7afecdb556c50c9e8de78 -> 
  custom:SearchIndexIgnoredProperties: e643bd26f0fe6173181afceb89e7c659 -> 
  custom:AudioImporter_EditorPlatform: d09bf68614088b80899f8185d706f6e7 -> 
  custom:video-encoder-webm-vp8: eb34c28f22e8b96e1ab97ce403110664 -> 
  custom:audio-decoder-ogg-vorbis: bf7c407c2cedff20999df2af8eb42d56 -> 
  custom:audio-encoder-webm-vorbis: bf7c407c2cedff20999df2af8eb42d56 -> 
========================================================================
Received Prepare
Begin MonoManager ReloadAssembly
- Loaded All Assemblies, in 13.868 seconds
Refreshing native plugins compatible for Editor in 78.06 ms, found 3 plugins.
Native extension for LinuxStandalone target not found
Native extension for WindowsStandalone target not found
Native extension for OSXStandalone target not found
Native extension for WebGL target not found
Mono: successfully reloaded assembly
- Finished resetting the current domain, in 24.915 seconds
Domain Reload Profiling: 38662ms
	BeginReloadAssembly (3128ms)
		ExecutionOrderSort (0ms)
		DisableScriptedObjects (26ms)
		BackupInstance (0ms)
		ReleaseScriptingObjects (0ms)
		CreateAndSetChildDomain (430ms)
	RebuildCommonClasses (1533ms)
	RebuildNativeTypeToScriptingClass (169ms)
	initialDomainReloadingComplete (701ms)
	LoadAllAssembliesAndSetupDomain (8214ms)
		LoadAssemblies (9489ms)
		RebuildTransferFunctionScriptingTraits (0ms)
		AnalyzeDomain (299ms)
			TypeCache.Refresh (70ms)
				TypeCache.ScanAssembly (0ms)
			ScanForSourceGeneratedMonoScriptInfo (2ms)
			ResolveRequiredComponents (207ms)
	FinalizeReload (24916ms)
		ReleaseScriptCaches (0ms)
		RebuildScriptCaches (0ms)
		SetupLoadedEditorAssemblies (5521ms)
			LogAssemblyErrors (0ms)
			InitializePlatformSupportModulesInManaged (202ms)
			SetLoadedEditorAssemblies (36ms)
			RefreshPlugins (0ms)
			BeforeProcessingInitializeOnLoad (758ms)
			ProcessInitializeOnLoadAttributes (4073ms)
			ProcessInitializeOnLoadMethodAttributes (385ms)
			AfterProcessingInitializeOnLoad (67ms)
			EditorAssembliesLoaded (1ms)
		ExecutionOrderSort2 (0ms)
		AwakeInstancesAfterBackupRestoration (93ms)
Refreshing native plugins compatible for Editor in 46.36 ms, found 3 plugins.
Preloading 0 native plugins for Editor in 0.00 ms.
Unloading 4994 Unused Serialized files (Serialized files now loaded: 0)
Unloading 41 unused Assets / (319.6 KB). Loaded Objects now: 5870.
Memory consumption went from 273.0 MB to 272.7 MB.
Total: 11.581600 ms (FindLiveObjects: 0.837600 ms CreateObjectMapping: 1.169000 ms MarkObjects: 9.236100 ms  DeleteObjects: 0.336700 ms)

Prepare: number of updated asset objects reloaded= 0
AssetImportParameters requested are different than current active one (requested -> active):
  custom:container-demuxer-ogg: 62fdf1f143b41e24485cea50d1cbac27 -> 
  custom:video-decoder-ogg-theora: a1e56fd34408186e4bbccfd4996cb3dc -> 
  custom:scripting/monoscript/fileName/xddf.cs: dd0abf560dd0a8c9de8edc5af66b6c59 -> 
  custom:framework-win-MediaFoundation: 216162199b28c13a410421893ffa2e32 -> 
  custom:CustomObjectIndexerAttribute: 4d1d7186bcbbfe361de5f0ad951e585c -> 
  custom:container-demuxer-webm: 4f35f7cbe854078d1ac9338744f61a02 -> 
  custom:container-muxer-webm: aa71ff27fc2769a1b78a27578f13a17b -> 
  custom:video-decoder-webm-vp8: 9c59270c3fd7afecdb556c50c9e8de78 -> 
  custom:SearchIndexIgnoredProperties: e643bd26f0fe6173181afceb89e7c659 -> 
  custom:AudioImporter_EditorPlatform: d09bf68614088b80899f8185d706f6e7 -> 
  custom:video-encoder-webm-vp8: eb34c28f22e8b96e1ab97ce403110664 -> 
  custom:audio-decoder-ogg-vorbis: bf7c407c2cedff20999df2af8eb42d56 -> 
  custom:audio-encoder-webm-vorbis: bf7c407c2cedff20999df2af8eb42d56 -> 
========================================================================
Received Prepare
Begin MonoManager ReloadAssembly
- Loaded All Assemblies, in 18.218 seconds
Refreshing native plugins compatible for Editor in 110.64 ms, found 3 plugins.
Native extension for LinuxStandalone target not found
Native extension for WindowsStandalone target not found
Native extension for OSXStandalone target not found
Native extension for WebGL target not found
Mono: successfully reloaded assembly
- Finished resetting the current domain, in 20.279 seconds
Domain Reload Profiling: 38461ms
	BeginReloadAssembly (8524ms)
		ExecutionOrderSort (0ms)
		DisableScriptedObjects (111ms)
		BackupInstance (0ms)
		ReleaseScriptingObjects (0ms)
		CreateAndSetChildDomain (468ms)
	RebuildCommonClasses (765ms)
	RebuildNativeTypeToScriptingClass (284ms)
	initialDomainReloadingComplete (725ms)
	LoadAllAssembliesAndSetupDomain (7868ms)
		LoadAssemblies (13554ms)
		RebuildTransferFunctionScriptingTraits (0ms)
		AnalyzeDomain (1434ms)
			TypeCache.Refresh (46ms)
				TypeCache.ScanAssembly (0ms)
			ScanForSourceGeneratedMonoScriptInfo (2ms)
			ResolveRequiredComponents (436ms)
	FinalizeReload (20296ms)
		ReleaseScriptCaches (0ms)
		RebuildScriptCaches (0ms)
		SetupLoadedEditorAssemblies (7143ms)
			LogAssemblyErrors (0ms)
			InitializePlatformSupportModulesInManaged (329ms)
			SetLoadedEditorAssemblies (21ms)
			RefreshPlugins (0ms)
			BeforeProcessingInitializeOnLoad (1091ms)
			ProcessInitializeOnLoadAttributes (4792ms)
			ProcessInitializeOnLoadMethodAttributes (861ms)
			AfterProcessingInitializeOnLoad (49ms)
			EditorAssembliesLoaded (1ms)
		ExecutionOrderSort2 (0ms)
		AwakeInstancesAfterBackupRestoration (109ms)
Refreshing native plugins compatible for Editor in 34.14 ms, found 3 plugins.
Preloading 0 native plugins for Editor in 0.00 ms.
Unloading 4994 Unused Serialized files (Serialized files now loaded: 0)
Unloading 41 unused Assets / (319.6 KB). Loaded Objects now: 5874.
Memory consumption went from 274.9 MB to 274.6 MB.
Total: 39.824000 ms (FindLiveObjects: 1.066800 ms CreateObjectMapping: 0.995300 ms MarkObjects: 37.389700 ms  DeleteObjects: 0.369500 ms)

Prepare: number of updated asset objects reloaded= 0
AssetImportParameters requested are different than current active one (requested -> active):
  custom:container-demuxer-ogg: 62fdf1f143b41e24485cea50d1cbac27 -> 
  custom:video-decoder-ogg-theora: a1e56fd34408186e4bbccfd4996cb3dc -> 
  custom:scripting/monoscript/fileName/xddf.cs: dd0abf560dd0a8c9de8edc5af66b6c59 -> 
  custom:framework-win-MediaFoundation: 216162199b28c13a410421893ffa2e32 -> 
  custom:CustomObjectIndexerAttribute: 4d1d7186bcbbfe361de5f0ad951e585c -> 
  custom:container-demuxer-webm: 4f35f7cbe854078d1ac9338744f61a02 -> 
  custom:container-muxer-webm: aa71ff27fc2769a1b78a27578f13a17b -> 
  custom:video-decoder-webm-vp8: 9c59270c3fd7afecdb556c50c9e8de78 -> 
  custom:SearchIndexIgnoredProperties: e643bd26f0fe6173181afceb89e7c659 -> 
  custom:AudioImporter_EditorPlatform: d09bf68614088b80899f8185d706f6e7 -> 
  custom:video-encoder-webm-vp8: eb34c28f22e8b96e1ab97ce403110664 -> 
  custom:audio-decoder-ogg-vorbis: bf7c407c2cedff20999df2af8eb42d56 -> 
  custom:audio-encoder-webm-vorbis: bf7c407c2cedff20999df2af8eb42d56 -> 
========================================================================
Received Prepare
Begin MonoManager ReloadAssembly
- Loaded All Assemblies, in 11.290 seconds
Refreshing native plugins compatible for Editor in 217.60 ms, found 3 plugins.
Native extension for LinuxStandalone target not found
Native extension for WindowsStandalone target not found
Native extension for OSXStandalone target not found
Native extension for WebGL target not found
Mono: successfully reloaded assembly
- Finished resetting the current domain, in 27.570 seconds
Domain Reload Profiling: 38589ms
	BeginReloadAssembly (3383ms)
		ExecutionOrderSort (0ms)
		DisableScriptedObjects (34ms)
		BackupInstance (0ms)
		ReleaseScriptingObjects (0ms)
		CreateAndSetChildDomain (811ms)
	RebuildCommonClasses (550ms)
	RebuildNativeTypeToScriptingClass (149ms)
	initialDomainReloadingComplete (1871ms)
	LoadAllAssembliesAndSetupDomain (5060ms)
		LoadAssemblies (7018ms)
		RebuildTransferFunctionScriptingTraits (0ms)
		AnalyzeDomain (262ms)
			TypeCache.Refresh (67ms)
				TypeCache.ScanAssembly (0ms)
			ScanForSourceGeneratedMonoScriptInfo (5ms)
			ResolveRequiredComponents (112ms)
	FinalizeReload (27576ms)
		ReleaseScriptCaches (0ms)
		RebuildScriptCaches (0ms)
		SetupLoadedEditorAssemblies (9859ms)
			LogAssemblyErrors (0ms)
			InitializePlatformSupportModulesInManaged (313ms)
			SetLoadedEditorAssemblies (31ms)
			RefreshPlugins (0ms)
			BeforeProcessingInitializeOnLoad (2011ms)
			ProcessInitializeOnLoadAttributes (6550ms)
			ProcessInitializeOnLoadMethodAttributes (821ms)
			AfterProcessingInitializeOnLoad (132ms)
			EditorAssembliesLoaded (0ms)
		ExecutionOrderSort2 (0ms)
		AwakeInstancesAfterBackupRestoration (525ms)
Refreshing native plugins compatible for Editor in 104.53 ms, found 3 plugins.
Preloading 0 native plugins for Editor in 0.00 ms.
Unloading 4994 Unused Serialized files (Serialized files now loaded: 0)
Unloading 41 unused Assets / (319.5 KB). Loaded Objects now: 5878.
Memory consumption went from 276.9 MB to 276.5 MB.
Total: 74.475900 ms (FindLiveObjects: 19.168200 ms CreateObjectMapping: 11.835100 ms MarkObjects: 43.148300 ms  DeleteObjects: 0.321700 ms)

Prepare: number of updated asset objects reloaded= 0
AssetImportParameters requested are different than current active one (requested -> active):
  custom:container-demuxer-ogg: 62fdf1f143b41e24485cea50d1cbac27 -> 
  custom:video-decoder-ogg-theora: a1e56fd34408186e4bbccfd4996cb3dc -> 
  custom:scripting/monoscript/fileName/xddf.cs: dd0abf560dd0a8c9de8edc5af66b6c59 -> 
  custom:framework-win-MediaFoundation: 216162199b28c13a410421893ffa2e32 -> 
  custom:CustomObjectIndexerAttribute: 4d1d7186bcbbfe361de5f0ad951e585c -> 
  custom:container-demuxer-webm: 4f35f7cbe854078d1ac9338744f61a02 -> 
  custom:container-muxer-webm: aa71ff27fc2769a1b78a27578f13a17b -> 
  custom:video-decoder-webm-vp8: 9c59270c3fd7afecdb556c50c9e8de78 -> 
  custom:SearchIndexIgnoredProperties: e643bd26f0fe6173181afceb89e7c659 -> 
  custom:AudioImporter_EditorPlatform: d09bf68614088b80899f8185d706f6e7 -> 
  custom:video-encoder-webm-vp8: eb34c28f22e8b96e1ab97ce403110664 -> 
  custom:audio-decoder-ogg-vorbis: bf7c407c2cedff20999df2af8eb42d56 -> 
  custom:audio-encoder-webm-vorbis: bf7c407c2cedff20999df2af8eb42d56 -> 
========================================================================
Received Prepare
Begin MonoManager ReloadAssembly
- Loaded All Assemblies, in  9.851 seconds
Refreshing native plugins compatible for Editor in 112.34 ms, found 3 plugins.
Native extension for LinuxStandalone target not found
Native extension for WindowsStandalone target not found
Native extension for OSXStandalone target not found
Native extension for WebGL target not found
Mono: successfully reloaded assembly
- Finished resetting the current domain, in 27.573 seconds
Domain Reload Profiling: 37366ms
	BeginReloadAssembly (1599ms)
		ExecutionOrderSort (0ms)
		DisableScriptedObjects (25ms)
		BackupInstance (0ms)
		ReleaseScriptingObjects (0ms)
		CreateAndSetChildDomain (199ms)
	RebuildCommonClasses (1520ms)
	RebuildNativeTypeToScriptingClass (124ms)
	initialDomainReloadingComplete (430ms)
	LoadAllAssembliesAndSetupDomain (6118ms)
		LoadAssemblies (6926ms)
		RebuildTransferFunctionScriptingTraits (0ms)
		AnalyzeDomain (327ms)
			TypeCache.Refresh (100ms)
				TypeCache.ScanAssembly (0ms)
			ScanForSourceGeneratedMonoScriptInfo (1ms)
			ResolveRequiredComponents (211ms)
	FinalizeReload (27575ms)
		ReleaseScriptCaches (0ms)
		RebuildScriptCaches (0ms)
		SetupLoadedEditorAssemblies (6294ms)
			LogAssemblyErrors (0ms)
			InitializePlatformSupportModulesInManaged (81ms)
			SetLoadedEditorAssemblies (16ms)
			RefreshPlugins (0ms)
			BeforeProcessingInitializeOnLoad (403ms)
			ProcessInitializeOnLoadAttributes (5017ms)
			ProcessInitializeOnLoadMethodAttributes (728ms)
			AfterProcessingInitializeOnLoad (49ms)
			EditorAssembliesLoaded (1ms)
		ExecutionOrderSort2 (0ms)
		AwakeInstancesAfterBackupRestoration (99ms)
Refreshing native plugins compatible for Editor in 76.79 ms, found 3 plugins.
Preloading 0 native plugins for Editor in 0.00 ms.
Unloading 4994 Unused Serialized files (Serialized files now loaded: 0)
Unloading 41 unused Assets / (319.5 KB). Loaded Objects now: 5882.
Memory consumption went from 278.8 MB to 278.5 MB.
Total: 33.739300 ms (FindLiveObjects: 3.187000 ms CreateObjectMapping: 9.039300 ms MarkObjects: 20.911500 ms  DeleteObjects: 0.598900 ms)

Prepare: number of updated asset objects reloaded= 0
AssetImportParameters requested are different than current active one (requested -> active):
  custom:container-demuxer-ogg: 62fdf1f143b41e24485cea50d1cbac27 -> 
  custom:video-decoder-ogg-theora: a1e56fd34408186e4bbccfd4996cb3dc -> 
  custom:scripting/monoscript/fileName/xddf.cs: dd0abf560dd0a8c9de8edc5af66b6c59 -> 
  custom:framework-win-MediaFoundation: 216162199b28c13a410421893ffa2e32 -> 
  custom:CustomObjectIndexerAttribute: 4d1d7186bcbbfe361de5f0ad951e585c -> 
  custom:container-demuxer-webm: 4f35f7cbe854078d1ac9338744f61a02 -> 
  custom:container-muxer-webm: aa71ff27fc2769a1b78a27578f13a17b -> 
  custom:video-decoder-webm-vp8: 9c59270c3fd7afecdb556c50c9e8de78 -> 
  custom:SearchIndexIgnoredProperties: e643bd26f0fe6173181afceb89e7c659 -> 
  custom:AudioImporter_EditorPlatform: d09bf68614088b80899f8185d706f6e7 -> 
  custom:video-encoder-webm-vp8: eb34c28f22e8b96e1ab97ce403110664 -> 
  custom:audio-decoder-ogg-vorbis: bf7c407c2cedff20999df2af8eb42d56 -> 
  custom:audio-encoder-webm-vorbis: bf7c407c2cedff20999df2af8eb42d56 -> 
========================================================================
Received Import Request.
  Time since last request: 1319.539447 seconds.
  path: Assets/Scenes/MenuPrincipal.unity
  artifactKey: Guid(a6917d56f3860f648a47a62958cca502) Importer(815301076,1909f56bfc062723c751e8b465ee728b)
Start importing Assets/Scenes/MenuPrincipal.unity using Guid(a6917d56f3860f648a47a62958cca502) Importer(815301076,1909f56bfc062723c751e8b465ee728b)  -> (artifact id: '6d56f8a98159c14ebdb4455b71a8ca5e') in 0.021383 seconds
Number of updated asset objects reloaded before import = 0
Number of asset objects unloaded after import = 0
========================================================================
Received Prepare
Begin MonoManager ReloadAssembly
- Loaded All Assemblies, in 39.089 seconds
Refreshing native plugins compatible for Editor in 975.33 ms, found 3 plugins.
Native extension for LinuxStandalone target not found
Native extension for WindowsStandalone target not found
Native extension for OSXStandalone target not found
Native extension for WebGL target not found
Mono: successfully reloaded assembly
- Finished resetting the current domain, in 62.099 seconds
Domain Reload Profiling: 101090ms
	BeginReloadAssembly (12670ms)
		ExecutionOrderSort (0ms)
		DisableScriptedObjects (36ms)
		BackupInstance (0ms)
		ReleaseScriptingObjects (0ms)
		CreateAndSetChildDomain (642ms)
	RebuildCommonClasses (2189ms)
	RebuildNativeTypeToScriptingClass (629ms)
	initialDomainReloadingComplete (1737ms)
	LoadAllAssembliesAndSetupDomain (21761ms)
		LoadAssemblies (31602ms)
		RebuildTransferFunctionScriptingTraits (0ms)
		AnalyzeDomain (628ms)
			TypeCache.Refresh (349ms)
				TypeCache.ScanAssembly (0ms)
			ScanForSourceGeneratedMonoScriptInfo (1ms)
			ResolveRequiredComponents (253ms)
	FinalizeReload (62103ms)
		ReleaseScriptCaches (0ms)
		RebuildScriptCaches (0ms)
		SetupLoadedEditorAssemblies (6662ms)
			LogAssemblyErrors (0ms)
			InitializePlatformSupportModulesInManaged (126ms)
			SetLoadedEditorAssemblies (14ms)
			RefreshPlugins (0ms)
			BeforeProcessingInitializeOnLoad (720ms)
			ProcessInitializeOnLoadAttributes (4942ms)
			ProcessInitializeOnLoadMethodAttributes (818ms)
			AfterProcessingInitializeOnLoad (41ms)
			EditorAssembliesLoaded (1ms)
		ExecutionOrderSort2 (0ms)
		AwakeInstancesAfterBackupRestoration (111ms)
Refreshing native plugins compatible for Editor in 34.36 ms, found 3 plugins.
Preloading 0 native plugins for Editor in 0.00 ms.
Unloading 4994 Unused Serialized files (Serialized files now loaded: 0)
Unloading 41 unused Assets / (319.5 KB). Loaded Objects now: 5886.
Memory consumption went from 280.7 MB to 280.4 MB.
Total: 16.962100 ms (FindLiveObjects: 1.197200 ms CreateObjectMapping: 2.131300 ms MarkObjects: 13.356900 ms  DeleteObjects: 0.274700 ms)

Prepare: number of updated asset objects reloaded= 0
AssetImportParameters requested are different than current active one (requested -> active):
  custom:container-demuxer-ogg: 62fdf1f143b41e24485cea50d1cbac27 -> 
  custom:video-decoder-ogg-theora: a1e56fd34408186e4bbccfd4996cb3dc -> 
  custom:scripting/monoscript/fileName/xddf.cs: dd0abf560dd0a8c9de8edc5af66b6c59 -> 
  custom:framework-win-MediaFoundation: 216162199b28c13a410421893ffa2e32 -> 
  custom:CustomObjectIndexerAttribute: 4d1d7186bcbbfe361de5f0ad951e585c -> 
  custom:container-demuxer-webm: 4f35f7cbe854078d1ac9338744f61a02 -> 
  custom:container-muxer-webm: aa71ff27fc2769a1b78a27578f13a17b -> 
  custom:video-decoder-webm-vp8: 9c59270c3fd7afecdb556c50c9e8de78 -> 
  custom:SearchIndexIgnoredProperties: e643bd26f0fe6173181afceb89e7c659 -> 
  custom:AudioImporter_EditorPlatform: d09bf68614088b80899f8185d706f6e7 -> 
  custom:video-encoder-webm-vp8: eb34c28f22e8b96e1ab97ce403110664 -> 
  custom:audio-decoder-ogg-vorbis: bf7c407c2cedff20999df2af8eb42d56 -> 
  custom:audio-encoder-webm-vorbis: bf7c407c2cedff20999df2af8eb42d56 -> 
========================================================================
Received Prepare
Begin MonoManager ReloadAssembly
- Loaded All Assemblies, in 28.850 seconds
Refreshing native plugins compatible for Editor in 188.13 ms, found 3 plugins.
Native extension for LinuxStandalone target not found
Native extension for WindowsStandalone target not found
Native extension for OSXStandalone target not found
Native extension for WebGL target not found
Mono: successfully reloaded assembly
- Finished resetting the current domain, in 80.137 seconds
Domain Reload Profiling: 108576ms
	BeginReloadAssembly (2540ms)
		ExecutionOrderSort (0ms)
		DisableScriptedObjects (36ms)
		BackupInstance (0ms)
		ReleaseScriptingObjects (2ms)
		CreateAndSetChildDomain (388ms)
	RebuildCommonClasses (1857ms)
	RebuildNativeTypeToScriptingClass (579ms)
	initialDomainReloadingComplete (6994ms)
	LoadAllAssembliesAndSetupDomain (16467ms)
		LoadAssemblies (14518ms)
		RebuildTransferFunctionScriptingTraits (0ms)
		AnalyzeDomain (3382ms)
			TypeCache.Refresh (308ms)
				TypeCache.ScanAssembly (0ms)
			ScanForSourceGeneratedMonoScriptInfo (1ms)
			ResolveRequiredComponents (3054ms)
	FinalizeReload (80139ms)
		ReleaseScriptCaches (0ms)
		RebuildScriptCaches (0ms)
		SetupLoadedEditorAssemblies (19335ms)
			LogAssemblyErrors (0ms)
			InitializePlatformSupportModulesInManaged (451ms)
			SetLoadedEditorAssemblies (83ms)
			RefreshPlugins (0ms)
			BeforeProcessingInitializeOnLoad (3782ms)
			ProcessInitializeOnLoadAttributes (13202ms)
			ProcessInitializeOnLoadMethodAttributes (1659ms)
			AfterProcessingInitializeOnLoad (142ms)
			EditorAssembliesLoaded (15ms)
		ExecutionOrderSort2 (1ms)
		AwakeInstancesAfterBackupRestoration (395ms)
