# Blender 4.2.1 LTS
# www.blender.org
mtllib Arachnemesis.mtl
o Arachnemesis
v 0.179842 0.919450 0.299961
v 0.087625 0.327397 0.161508
v -0.212426 0.964920 0.376054
v -0.187676 0.325331 0.197173
v -0.287092 0.485273 0.324654
v -0.282064 0.723935 0.417025
v 0.242576 0.707123 0.339424
v 0.177355 0.469548 0.239417
v -0.195343 0.297155 -0.000000
v 0.213173 0.971090 0.000000
v -0.270807 1.003758 0.000000
v 0.102756 0.294204 0.000000
v 0.252661 0.479415 0.000000
v 0.290961 0.772309 0.000000
v -0.358244 0.495614 0.000000
v -0.372712 0.781561 -0.000000
v 0.009113 0.948402 0.424593
v -0.062389 0.296622 0.203868
v -0.045054 0.464061 0.357409
v 0.026287 0.663133 0.463361
v -0.063269 0.232780 -0.000000
v 0.011098 1.682580 0.296597
v -0.016980 1.287529 0.300889
v -0.198348 1.290669 0.229374
v 0.158184 1.238743 0.000000
v 0.110967 1.241699 0.206632
v -0.259308 1.310617 0.000000
v -0.057674 1.906605 0.194838
v -0.231289 1.672205 0.216241
v 0.215777 1.612337 0.000000
v 0.162023 1.613957 0.177751
v -0.297390 1.694779 0.000000
v -0.159790 1.902531 0.139310
v 0.070557 1.890865 0.000000
v 0.038269 1.889674 0.121710
v -0.171438 1.918165 0.000000
v -0.098692 1.659714 0.381882
v -0.216555 1.653578 0.372251
v -0.097865 1.786351 0.397997
v -0.205757 1.779413 0.390826
v -0.134247 1.601067 0.456213
v -0.210189 1.588434 0.456213
v -0.118936 1.702281 0.494592
v -0.205496 1.693222 0.494592
v -0.136746 1.350095 0.737267
v -0.193555 1.347386 0.737267
v -0.129791 1.429914 0.775616
v -0.191523 1.425624 0.775616
v -0.131943 1.079305 1.068564
v -0.188442 1.080008 1.068564
v -0.127271 1.142515 1.118766
v -0.187160 1.139352 1.118766
v -0.128814 0.975503 1.193932
v -0.188275 0.976333 1.193932
v -0.123896 1.046349 1.256686
v -0.186925 1.042614 1.256686
v -0.140503 0.766072 1.495077
v -0.165227 0.766397 1.495077
v -0.138459 0.798874 1.524713
v -0.164666 0.797413 1.524713
v -0.145491 0.558721 1.716608
v -0.150929 0.558774 1.716608
v -0.145052 0.566224 1.723492
v -0.150795 0.565944 1.723492
v -0.230186 0.738086 0.485575
v -0.204197 0.853168 0.470613
v -0.086822 0.838423 0.460745
v -0.094823 0.716574 0.468807
v -0.244246 0.741113 0.655877
v -0.228324 0.837515 0.637943
v -0.127102 0.819829 0.639128
v -0.136150 0.723749 0.655192
v -0.285470 0.829309 0.931178
v -0.259401 0.916998 0.868578
v -0.174659 0.901516 0.872530
v -0.171030 0.809741 0.936175
v -0.160257 0.766985 0.809691
v -0.281596 0.787662 0.804412
v -0.258773 0.873117 0.763925
v -0.155755 0.854116 0.768776
v -0.185016 0.719872 0.961971
v -0.277785 0.734883 0.958139
v -0.183010 0.700930 0.871067
v -0.274171 0.715672 0.867303
v -0.187047 0.390224 1.048322
v -0.274546 0.400946 1.045960
v -0.184787 0.369732 0.976996
v -0.272285 0.380454 0.974634
v -0.165936 0.002395 1.082656
v -0.262700 0.008832 1.083283
v -0.164552 -0.001709 1.011780
v -0.261316 0.004727 1.012407
v -0.160640 -0.041419 1.098328
v -0.256991 -0.032279 1.100250
v -0.157231 -0.040915 0.995577
v -0.254813 -0.031776 0.997499
v -0.166701 -0.172436 1.064930
v -0.222677 -0.161347 1.066446
v -0.157804 -0.171949 0.983871
v -0.218703 -0.160859 0.985388
v -0.105704 -0.496892 0.971968
v -0.131358 -0.490863 0.972694
v -0.103077 -0.496640 0.933187
v -0.129961 -0.490611 0.933912
v -0.044903 -0.749060 0.869121
v -0.052801 -0.747276 0.869336
v -0.044672 -0.748986 0.857643
v -0.052570 -0.747202 0.857858
v -0.382742 0.537167 0.277441
v -0.379613 0.639928 0.291017
v -0.395054 0.542680 0.129944
v -0.404309 0.653880 0.136738
v -0.435591 0.529022 0.293927
v -0.436511 0.622514 0.293466
v -0.440107 0.531380 0.190424
v -0.455326 0.628755 0.195317
v -0.548857 0.531873 0.304726
v -0.533011 0.614614 0.297454
v -0.553038 0.533994 0.219123
v -0.545555 0.618856 0.229240
v -0.459618 0.470535 0.293759
v -0.459618 0.471354 0.220965
v -0.549112 0.466861 0.304335
v -0.549112 0.467680 0.231541
v -0.491730 0.270676 0.322014
v -0.491730 0.269765 0.263274
v -0.566613 0.265887 0.332049
v -0.566613 0.261740 0.275931
v -0.518668 0.050785 0.349457
v -0.518668 0.043967 0.276426
v -0.606057 0.038525 0.368470
v -0.606057 0.029273 0.310113
v -0.513774 0.013425 0.369651
v -0.513774 0.007400 0.252574
v -0.617814 0.000107 0.399743
v -0.617814 -0.020626 0.305509
v -0.499007 -0.135022 0.359628
v -0.499007 -0.136753 0.265222
v -0.572086 -0.142936 0.383689
v -0.572086 -0.150383 0.307350
v -0.421761 -0.438942 0.319519
v -0.421761 -0.438827 0.278147
v -0.460871 -0.441543 0.328523
v -0.460871 -0.442187 0.292379
v -0.316154 -0.728443 0.243145
v -0.316154 -0.728317 0.235877
v -0.328039 -0.729010 0.248732
v -0.328039 -0.728883 0.244102
v 0.267676 0.872270 0.379467
v 0.302021 0.748128 0.408912
v 0.160830 0.879800 0.434107
v 0.177120 0.735693 0.469303
v 0.320155 0.907887 0.400984
v 0.378452 0.750777 0.427478
v 0.218776 0.911804 0.459594
v 0.231826 0.734325 0.497900
v 0.367181 0.911888 0.520734
v 0.430860 0.791739 0.571430
v 0.284065 0.911178 0.547830
v 0.301890 0.768157 0.596800
v 0.399173 0.682253 0.469655
v 0.291781 0.661733 0.511088
v 0.440269 0.716501 0.578228
v 0.334078 0.689347 0.596041
v 0.464442 0.499803 0.502086
v 0.399234 0.480618 0.544716
v 0.489522 0.525684 0.602893
v 0.424489 0.500766 0.621357
v 0.527561 0.221805 0.602628
v 0.459021 0.203190 0.639799
v 0.553936 0.242354 0.690309
v 0.485397 0.218177 0.706277
v 0.552745 0.139554 0.596923
v 0.444421 0.123991 0.654034
v 0.594430 0.175190 0.750043
v 0.486106 0.155169 0.774975
v 0.550288 0.008800 0.577080
v 0.472944 -0.003363 0.600040
v 0.580051 0.005081 0.684252
v 0.502707 -0.009629 0.696358
v 0.533347 -0.223842 0.566714
v 0.494554 -0.237506 0.582566
v 0.548276 -0.230453 0.676845
v 0.509482 -0.246635 0.686884
v 0.478939 -0.509502 0.595036
v 0.457914 -0.516139 0.602736
v 0.487030 -0.512713 0.648529
v 0.466005 -0.520573 0.653405
v 0.414183 -0.747651 0.564658
v 0.406613 -0.749298 0.566535
v 0.417096 -0.748452 0.577832
v 0.409526 -0.750382 0.579057
v -0.069850 2.026357 0.117007
v -0.130039 2.014005 0.082882
v 0.013135 2.005711 0.000000
v -0.002575 2.004724 0.100078
v -0.133701 2.016024 0.000000
v -0.066696 2.034258 -0.000000
v 0.179842 0.919450 -0.299961
v 0.087625 0.327397 -0.161508
v -0.212426 0.964920 -0.376054
v -0.187676 0.325331 -0.197173
v -0.287092 0.485273 -0.324654
v -0.282064 0.723935 -0.417025
v 0.242576 0.707123 -0.339424
v 0.177355 0.469548 -0.239417
v 0.009113 0.948402 -0.424593
v -0.062389 0.296622 -0.203868
v -0.045054 0.464061 -0.357409
v 0.026287 0.663133 -0.463361
v 0.011098 1.682581 -0.296597
v -0.016980 1.287529 -0.300889
v -0.198348 1.290669 -0.229374
v 0.110967 1.241699 -0.206632
v -0.057674 1.906605 -0.194838
v -0.231289 1.672205 -0.216241
v 0.162023 1.613957 -0.177751
v -0.159790 1.902532 -0.139310
v 0.038269 1.889674 -0.121710
v -0.098692 1.660397 -0.381926
v -0.216555 1.654331 -0.372405
v -0.097865 1.785593 -0.397857
v -0.205757 1.778734 -0.390768
v -0.134247 1.601067 -0.456213
v -0.210189 1.588434 -0.456213
v -0.118936 1.702281 -0.494592
v -0.205496 1.693222 -0.494592
v -0.136746 1.350095 -0.737267
v -0.193555 1.347386 -0.737267
v -0.129791 1.429914 -0.775616
v -0.191523 1.425624 -0.775616
v -0.131943 1.079305 -1.068564
v -0.188442 1.080008 -1.068564
v -0.127271 1.142515 -1.118766
v -0.187160 1.139352 -1.118766
v -0.128814 0.975503 -1.193932
v -0.188275 0.976333 -1.193932
v -0.123896 1.046349 -1.256686
v -0.186925 1.042614 -1.256686
v -0.140503 0.766072 -1.495077
v -0.165227 0.766397 -1.495077
v -0.138459 0.798874 -1.524713
v -0.164666 0.797413 -1.524713
v -0.145491 0.558721 -1.716608
v -0.150929 0.558774 -1.716608
v -0.145052 0.566224 -1.723492
v -0.150795 0.565944 -1.723493
v -0.230186 0.738086 -0.485575
v -0.204198 0.853168 -0.470613
v -0.086822 0.838423 -0.460745
v -0.094823 0.716574 -0.468807
v -0.244246 0.741113 -0.655877
v -0.228324 0.837515 -0.637943
v -0.127102 0.819829 -0.639128
v -0.136150 0.723749 -0.655192
v -0.285470 0.829309 -0.931178
v -0.259401 0.916998 -0.868578
v -0.174659 0.901516 -0.872530
v -0.171030 0.809741 -0.936174
v -0.160257 0.766985 -0.809691
v -0.281596 0.787662 -0.804412
v -0.258773 0.873117 -0.763925
v -0.155755 0.854116 -0.768776
v -0.185016 0.719872 -0.961971
v -0.277785 0.734883 -0.958139
v -0.183010 0.700930 -0.871067
v -0.274171 0.715672 -0.867303
v -0.187047 0.390224 -1.048322
v -0.274546 0.400946 -1.045960
v -0.184787 0.369732 -0.976996
v -0.272285 0.380454 -0.974634
v -0.165936 0.002395 -1.082655
v -0.262700 0.008832 -1.083283
v -0.164552 -0.001709 -1.011780
v -0.261316 0.004727 -1.012407
v -0.160640 -0.041419 -1.098328
v -0.256991 -0.032279 -1.100250
v -0.157231 -0.040915 -0.995577
v -0.254813 -0.031776 -0.997499
v -0.166701 -0.172436 -1.064930
v -0.222677 -0.161347 -1.066446
v -0.157804 -0.171949 -0.983871
v -0.218703 -0.160859 -0.985388
v -0.105704 -0.496892 -0.971968
v -0.131358 -0.490863 -0.972694
v -0.103077 -0.496640 -0.933187
v -0.129961 -0.490611 -0.933912
v -0.044903 -0.749060 -0.869121
v -0.052801 -0.747276 -0.869336
v -0.044672 -0.748986 -0.857643
v -0.052570 -0.747202 -0.857858
v -0.382742 0.537167 -0.277441
v -0.379613 0.639928 -0.291017
v -0.395054 0.542680 -0.129944
v -0.404309 0.653880 -0.136738
v -0.435591 0.529022 -0.293927
v -0.436511 0.622514 -0.293466
v -0.440107 0.531380 -0.190424
v -0.455326 0.628755 -0.195317
v -0.548857 0.531873 -0.304726
v -0.533011 0.614614 -0.297454
v -0.553038 0.533994 -0.219123
v -0.545555 0.618856 -0.229240
v -0.459618 0.470535 -0.293759
v -0.459618 0.471354 -0.220965
v -0.549112 0.466861 -0.304335
v -0.549112 0.467680 -0.231541
v -0.491730 0.270676 -0.322014
v -0.491730 0.269765 -0.263274
v -0.566613 0.265887 -0.332049
v -0.566613 0.261740 -0.275931
v -0.518668 0.063973 -0.349457
v -0.518668 0.057154 -0.276426
v -0.606057 0.051712 -0.368470
v -0.606057 0.029273 -0.310113
v -0.513774 0.013425 -0.369651
v -0.513774 0.007400 -0.252574
v -0.617814 0.000107 -0.399743
v -0.617814 -0.020626 -0.305509
v -0.499007 -0.135022 -0.359628
v -0.499007 -0.136753 -0.265222
v -0.572086 -0.142936 -0.383689
v -0.572086 -0.150383 -0.307350
v -0.421761 -0.438942 -0.319519
v -0.421761 -0.438827 -0.278147
v -0.460871 -0.441543 -0.328523
v -0.460871 -0.442187 -0.292379
v -0.316154 -0.728443 -0.243145
v -0.316154 -0.728317 -0.235877
v -0.328039 -0.729010 -0.248732
v -0.328039 -0.728883 -0.244102
v 0.267676 0.872270 -0.379467
v 0.302021 0.748128 -0.408912
v 0.160830 0.879800 -0.434107
v 0.177120 0.735693 -0.469303
v 0.320155 0.907887 -0.400984
v 0.378452 0.750777 -0.427478
v 0.218776 0.911804 -0.459594
v 0.231826 0.734325 -0.497900
v 0.367181 0.911888 -0.520734
v 0.430860 0.791739 -0.571430
v 0.284065 0.911178 -0.547830
v 0.301890 0.768157 -0.596800
v 0.399173 0.682253 -0.469655
v 0.291781 0.661733 -0.511088
v 0.440269 0.716501 -0.578228
v 0.334078 0.689347 -0.596041
v 0.464442 0.499803 -0.502086
v 0.399234 0.480618 -0.544716
v 0.489522 0.525684 -0.602893
v 0.424489 0.500766 -0.621357
v 0.527561 0.221805 -0.602626
v 0.459021 0.203190 -0.639799
v 0.553936 0.242354 -0.690310
v 0.485397 0.218177 -0.706279
v 0.552745 0.139554 -0.596923
v 0.444421 0.123991 -0.654034
v 0.594430 0.175190 -0.750043
v 0.486106 0.155169 -0.774975
v 0.550288 0.008800 -0.577080
v 0.472944 -0.003363 -0.600040
v 0.580051 0.005081 -0.684252
v 0.502707 -0.009629 -0.696358
v 0.533347 -0.223842 -0.566714
v 0.494554 -0.237506 -0.582566
v 0.548276 -0.230453 -0.676845
v 0.509482 -0.246635 -0.686884
v 0.478939 -0.509502 -0.595036
v 0.457914 -0.516139 -0.602736
v 0.487030 -0.512713 -0.648529
v 0.466005 -0.520573 -0.653405
v 0.414183 -0.747651 -0.564658
v 0.406613 -0.749298 -0.566535
v 0.417096 -0.748453 -0.577832
v 0.409526 -0.750382 -0.579057
v -0.069850 2.026358 -0.117007
v -0.130039 2.014005 -0.082882
v -0.002575 2.004724 -0.100078
v -0.193128 0.305900 0.116407
v -0.267564 0.849505 0.389059
v 0.130508 0.380770 0.195229
v -0.112984 0.989360 0.411280
v 0.202562 0.952222 0.155940
v 0.022812 0.308686 0.185214
v -0.229308 0.385836 0.251608
v -0.277502 0.594690 0.404889
v 0.242298 0.815885 0.307732
v 0.213069 0.584676 0.289053
v 0.235006 0.476265 0.129296
v 0.276434 0.749315 0.176055
v -0.169583 0.473701 0.367396
v -0.142897 0.658426 0.459563
v -0.257794 0.992993 0.204127
v 0.098769 0.306218 0.094335
v -0.328561 0.460984 0.174962
v -0.339240 0.788809 0.228824
v -0.387629 0.637931 -0.000000
v -0.272968 0.379727 -0.000000
v 0.288770 0.627644 -0.000000
v 0.186393 0.368291 -0.000000
v 0.260933 0.878000 0.000000
v -0.129471 0.247934 0.000000
v -0.313232 0.896013 0.000000
v 0.168240 1.087395 -0.000000
v 0.103323 0.965075 0.367568
v -0.136912 0.304523 0.207287
v 0.077807 0.463644 0.315186
v 0.155081 0.649334 0.419235
v 0.015941 0.248981 -0.000000
v -0.014871 0.559321 0.417435
v -0.058903 0.372206 0.287013
v -0.063159 0.248982 0.106100
v 0.030052 0.797055 0.457632
v -0.250783 1.140050 0.000000
v -0.112393 1.291087 0.287823
v 0.145507 1.236478 0.111220
v -0.246056 1.301977 0.126856
v 0.058019 1.265036 0.272187
v -0.291109 1.509248 0.000000
v 0.197101 1.423768 0.000000
v 0.122055 1.072228 0.243327
v -0.015487 1.112886 0.352932
v -0.194319 1.119614 0.291009
v -0.116152 1.639147 0.285835
v 0.201452 1.608043 0.094240
v -0.281084 1.686239 0.101139
v 0.101660 1.647685 0.243034
v 0.109559 1.770050 0.149792
v 0.153959 1.772131 0.000000
v 0.002476 1.489714 0.286211
v -0.215617 1.488859 0.206077
v 0.144966 1.429914 0.191039
v -0.115260 1.926429 0.175759
v 0.062552 1.888590 0.066441
v -0.169321 1.914241 0.058552
v -0.001833 1.900780 0.159012
v -0.143627 1.978952 0.000000
v -0.240567 1.828711 0.000000
v 0.001701 1.805134 0.257462
v -0.219914 1.798374 0.174780
v -0.158714 1.632977 0.373814
v -0.150721 1.806551 0.397664
v -0.077115 1.724258 0.391514
v -0.232320 1.715270 0.379964
v -0.056546 1.683772 0.348266
v -0.214373 1.668295 0.304881
v -0.185282 1.855114 0.317893
v -0.080541 1.865644 0.352775
v -0.174093 1.573459 0.449017
v -0.160341 1.719042 0.501788
v -0.111357 1.658983 0.475402
v -0.223077 1.644069 0.475402
v -0.210764 1.735637 0.443723
v -0.110164 1.744273 0.444770
v -0.122947 1.636562 0.406153
v -0.215932 1.627290 0.404746
v -0.165993 1.333923 0.730077
v -0.159814 1.442587 0.782806
v -0.122155 1.390661 0.756441
v -0.203652 1.385849 0.756441
v -0.125781 1.598627 0.607742
v -0.137566 1.504794 0.570709
v -0.201595 1.495826 0.570709
v -0.198007 1.591611 0.607742
v -0.160751 1.068167 1.059151
v -0.156657 1.152423 1.128179
v -0.118695 1.111141 1.093665
v -0.198713 1.109449 1.093665
v -0.189077 1.195508 0.923493
v -0.187750 1.259985 0.965960
v -0.129944 1.263069 0.965960
v -0.134721 1.195280 0.923492
v -0.159132 0.963062 1.182166
v -0.154823 1.057337 1.268452
v -0.114871 1.011198 1.225309
v -0.199084 1.009201 1.225309
v -0.123848 1.091313 1.193673
v -0.128912 1.022262 1.133353
v -0.190147 1.023078 1.133353
v -0.188757 1.087638 1.193673
v -0.153110 0.760251 1.489520
v -0.151318 0.804127 1.530270
v -0.134706 0.782580 1.509895
v -0.169722 0.781798 1.509895
v -0.130299 0.943261 1.376312
v -0.133961 0.887767 1.326813
v -0.178246 0.888381 1.326813
v -0.177241 0.940493 1.376312
v -0.147918 0.542133 1.730527
v -0.147617 0.549774 1.737692
v -0.144825 0.546013 1.734109
v -0.150710 0.545894 1.734109
v -0.155618 0.638693 1.638329
v -0.155359 0.653756 1.652798
v -0.143260 0.654385 1.652798
v -0.144204 0.638553 1.638329
v -0.240886 0.799026 0.480591
v -0.142323 0.868008 0.463521
v -0.165691 0.705118 0.479349
v -0.067128 0.774100 0.462279
v -0.056169 0.706850 0.453800
v -0.235545 0.742874 0.460060
v -0.201639 0.888021 0.438809
v -0.054868 0.874871 0.437213
v -0.255909 0.792599 0.646863
v -0.175372 0.846717 0.635349
v -0.192539 0.714386 0.658722
v -0.112002 0.768503 0.647207
v -0.109004 0.821761 0.540875
v -0.118615 0.717384 0.549826
v -0.214035 0.838194 0.546293
v -0.234539 0.734397 0.560422
v -0.277656 0.882206 0.901293
v -0.216212 0.923001 0.873313
v -0.228916 0.824688 0.953678
v -0.166811 0.862491 0.906327
v -0.148773 0.791057 0.881646
v -0.259413 0.762030 0.733447
v -0.244459 0.848570 0.707103
v -0.162015 0.886784 0.828353
v -0.152089 0.743797 0.737463
v -0.303401 0.817486 0.874899
v -0.265892 0.905949 0.823460
v -0.143907 0.830222 0.711371
v -0.205112 0.879211 0.759019
v -0.139358 0.808576 0.789389
v -0.287112 0.834863 0.782678
v -0.220722 0.760294 0.792712
v -0.231927 0.730954 0.977093
v -0.166769 0.707611 0.917231
v -0.293221 0.728067 0.912009
v -0.228063 0.704724 0.852147
v -0.178427 0.778979 0.946788
v -0.176377 0.757955 0.842880
v -0.277663 0.774857 0.838565
v -0.282891 0.796425 0.942333
v -0.231220 0.399428 1.060514
v -0.169511 0.377968 1.013102
v -0.289821 0.392710 1.009854
v -0.228113 0.371251 0.962441
v -0.186566 0.558959 0.923203
v -0.273582 0.571854 0.919957
v -0.188992 0.580307 1.003325
v -0.276209 0.593236 1.000070
v -0.214578 0.006383 1.096258
v -0.147101 -0.000864 1.047100
v -0.280151 0.007986 1.047963
v -0.212674 0.000739 0.998804
v -0.266965 0.194666 1.004846
v -0.268743 0.207553 1.070977
v -0.177410 0.199484 1.071862
v -0.175631 0.186597 1.005730
v -0.209340 -0.036944 1.118555
v -0.140755 -0.042881 1.046592
v -0.274083 -0.030314 1.049235
v -0.205498 -0.036251 0.977272
v -0.258786 -0.004766 1.006502
v -0.260245 -0.004642 1.094893
v -0.159405 -0.011784 1.093327
v -0.157792 -0.011907 1.004936
v -0.195896 -0.166983 1.080886
v -0.151296 -0.174272 1.024116
v -0.231647 -0.159024 1.026202
v -0.187047 -0.166313 0.969431
v -0.161152 -0.083921 0.990785
v -0.243136 -0.073048 0.992629
v -0.168096 -0.084448 1.089314
v -0.246541 -0.073576 1.091158
v -0.118908 -0.493924 0.979603
v -0.099465 -0.497896 0.952441
v -0.135585 -0.489606 0.953439
v -0.116142 -0.493578 0.926278
v -0.178938 -0.310955 0.967075
v -0.181893 -0.311338 1.026725
v -0.143274 -0.320422 1.025609
v -0.136780 -0.320040 0.965959
v -0.043768 -0.766023 0.862390
v -0.039383 -0.766945 0.856084
v -0.047903 -0.765021 0.856315
v -0.043519 -0.765943 0.850009
v -0.082495 -0.653494 0.910718
v -0.067702 -0.656865 0.910313
v -0.067035 -0.656724 0.888627
v -0.081981 -0.653353 0.889033
v -0.377708 0.586723 0.312520
v -0.388324 0.519865 0.201783
v -0.392535 0.666963 0.215787
v -0.403151 0.600105 0.105050
v -0.390559 0.702941 0.100983
v -0.349400 0.671831 0.333362
v -0.353446 0.527293 0.299353
v -0.381814 0.537608 0.090783
v -0.435368 0.577330 0.310076
v -0.421983 0.518284 0.237994
v -0.446461 0.642346 0.245080
v -0.452428 0.583467 0.175342
v -0.421951 0.632680 0.168118
v -0.402401 0.625475 0.283268
v -0.404145 0.536998 0.277337
v -0.410984 0.540036 0.163985
v -0.544022 0.577561 0.306130
v -0.569949 0.532496 0.264227
v -0.547568 0.624952 0.264648
v -0.555186 0.581616 0.220590
v -0.490397 0.622095 0.301879
v -0.496115 0.532076 0.315332
v -0.501938 0.535038 0.194693
v -0.508095 0.627980 0.213553
v -0.442838 0.471634 0.255379
v -0.565893 0.466581 0.269921
v -0.504365 0.468544 0.312695
v -0.504365 0.469670 0.212604
v -0.548862 0.506120 0.301858
v -0.450481 0.508915 0.290346
v -0.549385 0.507165 0.221818
v -0.450946 0.509960 0.208522
v -0.477689 0.271422 0.290517
v -0.580654 0.262612 0.306117
v -0.529171 0.268756 0.337799
v -0.529171 0.265278 0.258835
v -0.473900 0.383339 0.241528
v -0.554239 0.379452 0.251411
v -0.554239 0.379328 0.315557
v -0.473900 0.382810 0.306002
v -0.502282 0.051139 0.308001
v -0.622442 0.023542 0.344232
v -0.562362 0.047398 0.371281
v -0.562362 0.027283 0.280952
v -0.586257 0.159728 0.349668
v -0.508579 0.168162 0.336328
v -0.508579 0.164149 0.276275
v -0.586257 0.146078 0.297675
v -0.494267 0.014289 0.303329
v -0.637321 -0.014135 0.360410
v -0.565794 0.009275 0.404508
v -0.565794 -0.009121 0.259231
v -0.518353 0.041696 0.264203
v -0.618026 0.010678 0.309896
v -0.618026 0.035126 0.387774
v -0.518353 0.049047 0.362092
v -0.485304 -0.133868 0.306220
v -0.585789 -0.148679 0.351725
v -0.535546 -0.138118 0.387666
v -0.535547 -0.144429 0.270279
v -0.602605 -0.068112 0.305566
v -0.602605 -0.053988 0.397318
v -0.510124 -0.042979 0.367946
v -0.510124 -0.046816 0.253850
v -0.414428 -0.438326 0.296654
v -0.468204 -0.442424 0.312630
v -0.441316 -0.440193 0.331288
v -0.441316 -0.440557 0.277996
v -0.525882 -0.274976 0.362448
v -0.470449 -0.270032 0.346424
v -0.470449 -0.270470 0.278381
v -0.525882 -0.277933 0.305122
v -0.306018 -0.750480 0.232980
v -0.318635 -0.751082 0.241683
v -0.312326 -0.750848 0.239803
v -0.312326 -0.750714 0.234861
v -0.359085 -0.616055 0.255992
v -0.381930 -0.617331 0.266663
v -0.381930 -0.617441 0.281708
v -0.359085 -0.616260 0.275597
v 0.306575 0.810659 0.383406
v 0.209506 0.901183 0.400727
v 0.244318 0.716763 0.445168
v 0.147249 0.807287 0.462489
v 0.105741 0.889381 0.434111
v 0.224415 0.870965 0.366161
v 0.264508 0.735703 0.399550
v 0.127414 0.715184 0.468429
v 0.366334 0.834859 0.405315
v 0.263238 0.938516 0.423666
v 0.300281 0.716130 0.451333
v 0.206355 0.828872 0.489987
v 0.193747 0.892496 0.437323
v 0.295707 0.888732 0.379701
v 0.335649 0.753245 0.408114
v 0.209036 0.742622 0.473557
v 0.403220 0.858066 0.546672
v 0.326869 0.925354 0.540679
v 0.375875 0.784221 0.604600
v 0.288807 0.848557 0.576099
v 0.429171 0.780433 0.498954
v 0.250288 0.753168 0.556473
v 0.350918 0.919140 0.462838
v 0.249868 0.922053 0.507844
v 0.314707 0.732489 0.607144
v 0.439748 0.761711 0.588500
v 0.336982 0.665789 0.470770
v 0.394315 0.708320 0.603820
v 0.441027 0.704686 0.521214
v 0.293879 0.671578 0.561152
v 0.389382 0.719605 0.459235
v 0.262702 0.698678 0.508411
v 0.427119 0.485896 0.506765
v 0.461724 0.517540 0.628761
v 0.489192 0.516878 0.546762
v 0.399651 0.486558 0.588764
v 0.459128 0.639326 0.581588
v 0.426726 0.608734 0.478977
v 0.342368 0.589092 0.519770
v 0.375336 0.613752 0.599473
v 0.488346 0.209166 0.606761
v 0.524612 0.233597 0.712745
v 0.553600 0.236091 0.641487
v 0.459358 0.206672 0.678020
v 0.441047 0.349690 0.589251
v 0.463699 0.367448 0.666375
v 0.522491 0.392147 0.647308
v 0.499860 0.368706 0.544909
v 0.490767 0.130948 0.599785
v 0.548084 0.166004 0.788202
v 0.593898 0.146201 0.665792
v 0.444953 0.121738 0.722196
v 0.580187 0.228036 0.740373
v 0.544832 0.184785 0.599900
v 0.452955 0.167310 0.656582
v 0.488310 0.205364 0.764772
v 0.506036 0.003655 0.569483
v 0.546960 -0.003210 0.709382
v 0.579671 0.009460 0.627378
v 0.473324 -0.009015 0.651487
v 0.553536 0.085630 0.588237
v 0.453554 0.072368 0.629523
v 0.492029 0.069493 0.739271
v 0.592010 0.086125 0.720310
v 0.511151 -0.229199 0.554535
v 0.531678 -0.240019 0.701969
v 0.548086 -0.224349 0.619352
v 0.494744 -0.244869 0.637153
v 0.489450 -0.110308 0.582812
v 0.510772 -0.118907 0.684172
v 0.566180 -0.103213 0.674062
v 0.544858 -0.097087 0.566369
v 0.466910 -0.512104 0.589121
v 0.478035 -0.517359 0.660732
v 0.486927 -0.509748 0.620604
v 0.458017 -0.519715 0.629250
v 0.522391 -0.367035 0.671415
v 0.511443 -0.361770 0.583690
v 0.482992 -0.372654 0.596318
v 0.493940 -0.379925 0.679412
v 0.405374 -0.766123 0.559997
v 0.408572 -0.767116 0.573527
v 0.411128 -0.765678 0.565945
v 0.402818 -0.767561 0.567579
v 0.426917 -0.659765 0.585507
v 0.432061 -0.661995 0.610993
v 0.445428 -0.658041 0.608541
v 0.440284 -0.656426 0.581634
v -0.108903 2.024723 0.102600
v 0.008384 2.007451 0.061497
v -0.134138 2.017587 0.049574
v -0.021466 2.026475 0.000000
v -0.028821 2.018926 0.114523
v -0.107710 2.032405 0.000000
v -0.067839 2.036494 0.067574
v 0.031689 1.964969 -0.000000
v 0.005916 1.968545 0.108669
v -0.069495 1.984263 0.142381
v -0.135900 1.979978 0.091925
v -0.193128 0.305900 -0.116407
v -0.267564 0.849505 -0.389059
v 0.130508 0.380770 -0.195229
v -0.112984 0.989360 -0.411280
v 0.202562 0.952222 -0.155940
v 0.022812 0.308686 -0.185214
v -0.229308 0.385836 -0.251608
v -0.277502 0.594690 -0.404889
v 0.242298 0.815885 -0.307732
v 0.213069 0.584676 -0.289053
v 0.235006 0.476265 -0.129296
v 0.276434 0.749315 -0.176055
v -0.169583 0.473701 -0.367396
v -0.142897 0.658426 -0.459563
v -0.257794 0.992993 -0.204127
v 0.098769 0.306218 -0.094335
v -0.328561 0.460984 -0.174962
v -0.339240 0.788809 -0.228824
v 0.103323 0.965075 -0.367568
v -0.136912 0.304523 -0.207287
v 0.077807 0.463644 -0.315186
v 0.155081 0.649334 -0.419235
v -0.014871 0.559321 -0.417435
v -0.058903 0.372206 -0.287013
v -0.063159 0.248982 -0.106100
v 0.030052 0.797055 -0.457632
v -0.112393 1.291087 -0.287823
v 0.145507 1.236478 -0.111220
v -0.246056 1.301977 -0.126856
v 0.058019 1.265036 -0.272187
v 0.122055 1.072228 -0.243327
v -0.015487 1.112886 -0.352932
v -0.194319 1.119614 -0.291009
v -0.116151 1.639147 -0.285835
v 0.201452 1.608043 -0.094240
v -0.281084 1.686239 -0.101139
v 0.101660 1.647685 -0.243034
v 0.109559 1.770050 -0.149792
v 0.002476 1.489714 -0.286211
v -0.215617 1.488859 -0.206077
v 0.144966 1.429914 -0.191039
v -0.115260 1.926428 -0.175759
v 0.062552 1.888590 -0.066441
v -0.169321 1.914241 -0.058552
v -0.001833 1.900780 -0.159012
v 0.001701 1.805134 -0.257462
v -0.219914 1.798374 -0.174780
v -0.158714 1.633965 -0.373950
v -0.150721 1.805563 -0.397528
v -0.077115 1.724207 -0.391449
v -0.232320 1.715321 -0.380029
v -0.056546 1.684768 -0.347802
v -0.214373 1.669473 -0.304930
v -0.185282 1.854087 -0.286663
v -0.080541 1.864493 -0.321134
v -0.174093 1.573459 -0.449017
v -0.160341 1.719042 -0.501788
v -0.111357 1.658983 -0.475402
v -0.223077 1.644069 -0.475402
v -0.210764 1.735637 -0.443723
v -0.110164 1.744273 -0.444770
v -0.122947 1.636562 -0.406153
v -0.215932 1.627290 -0.404746
v -0.165993 1.333923 -0.730077
v -0.159814 1.442587 -0.782806
v -0.122155 1.390661 -0.756441
v -0.203652 1.385849 -0.756441
v -0.125781 1.598628 -0.607742
v -0.137566 1.504794 -0.570709
v -0.201595 1.495826 -0.570709
v -0.198007 1.591611 -0.607742
v -0.160751 1.068167 -1.059151
v -0.156657 1.152423 -1.128179
v -0.118695 1.111141 -1.093665
v -0.198713 1.109449 -1.093665
v -0.189077 1.195508 -0.923493
v -0.187750 1.259984 -0.965960
v -0.129944 1.263069 -0.965960
v -0.134721 1.195280 -0.923492
v -0.159132 0.963062 -1.182166
v -0.154823 1.057337 -1.268452
v -0.114871 1.011198 -1.225309
v -0.199084 1.009201 -1.225309
v -0.123848 1.091313 -1.193673
v -0.128912 1.022262 -1.133353
v -0.190147 1.023078 -1.133353
v -0.188757 1.087638 -1.193673
v -0.153110 0.760251 -1.489521
v -0.151318 0.804127 -1.530270
v -0.134706 0.782580 -1.509895
v -0.169722 0.781798 -1.509895
v -0.130299 0.943261 -1.376312
v -0.133961 0.887767 -1.326813
v -0.178246 0.888381 -1.326813
v -0.177241 0.940493 -1.376312
v -0.147918 0.542133 -1.730527
v -0.147617 0.549774 -1.737692
v -0.144825 0.546013 -1.734109
v -0.150710 0.545894 -1.734109
v -0.155618 0.638693 -1.638329
v -0.155359 0.653756 -1.652798
v -0.143260 0.654385 -1.652798
v -0.144204 0.638553 -1.638329
v -0.240886 0.799026 -0.480591
v -0.142323 0.868008 -0.463521
v -0.165691 0.705118 -0.479349
v -0.067128 0.774100 -0.462279
v -0.056169 0.706850 -0.453800
v -0.235545 0.742874 -0.460060
v -0.201639 0.888021 -0.438809
v -0.054868 0.874871 -0.437213
v -0.255909 0.792599 -0.646863
v -0.175372 0.846717 -0.635349
v -0.192539 0.714386 -0.658722
v -0.112002 0.768503 -0.647207
v -0.109004 0.821761 -0.540875
v -0.118615 0.717384 -0.549826
v -0.214035 0.838194 -0.546293
v -0.234539 0.734397 -0.560422
v -0.277656 0.882206 -0.901293
v -0.216212 0.923001 -0.873313
v -0.228916 0.824688 -0.953678
v -0.166811 0.862491 -0.906327
v -0.148773 0.791057 -0.881646
v -0.259413 0.762030 -0.733447
v -0.244459 0.848570 -0.707103
v -0.162015 0.886784 -0.828353
v -0.152089 0.743797 -0.737463
v -0.303401 0.817486 -0.874899
v -0.265892 0.905949 -0.823460
v -0.143907 0.830222 -0.711371
v -0.205112 0.879211 -0.759019
v -0.139358 0.808576 -0.789389
v -0.287112 0.834863 -0.782678
v -0.220722 0.760294 -0.792713
v -0.231927 0.730954 -0.977093
v -0.166769 0.707611 -0.917231
v -0.293221 0.728067 -0.912009
v -0.228063 0.704724 -0.852147
v -0.178427 0.778979 -0.946788
v -0.176377 0.757955 -0.842880
v -0.277663 0.774857 -0.838565
v -0.282891 0.796425 -0.942333
v -0.231220 0.399428 -1.060514
v -0.169511 0.377968 -1.013102
v -0.289821 0.392710 -1.009854
v -0.228113 0.371251 -0.962441
v -0.186566 0.558959 -0.923203
v -0.273582 0.571854 -0.919957
v -0.188992 0.580307 -1.003324
v -0.276209 0.593236 -1.000070
v -0.214578 0.006383 -1.096258
v -0.147101 -0.000864 -1.047100
v -0.280151 0.007986 -1.047963
v -0.212674 0.000739 -0.998804
v -0.266965 0.194666 -1.004846
v -0.268743 0.207553 -1.070977
v -0.177410 0.199484 -1.071862
v -0.175631 0.186597 -1.005730
v -0.209340 -0.036944 -1.118555
v -0.140755 -0.042881 -1.046592
v -0.274083 -0.030314 -1.049235
v -0.205498 -0.036251 -0.977272
v -0.258785 -0.004766 -1.006502
v -0.260245 -0.004642 -1.094893
v -0.159405 -0.011784 -1.093327
v -0.157792 -0.011907 -1.004936
v -0.195896 -0.166983 -1.080886
v -0.151296 -0.174272 -1.024116
v -0.231647 -0.159024 -1.026202
v -0.187047 -0.166313 -0.969431
v -0.161152 -0.083921 -0.990785
v -0.243136 -0.073048 -0.992629
v -0.168096 -0.084448 -1.089314
v -0.246541 -0.073576 -1.091158
v -0.118908 -0.493924 -0.979603
v -0.099465 -0.497896 -0.952441
v -0.135585 -0.489606 -0.953439
v -0.116142 -0.493578 -0.926278
v -0.178938 -0.310955 -0.967075
v -0.181893 -0.311338 -1.026726
v -0.143274 -0.320422 -1.025609
v -0.136780 -0.320040 -0.965959
v -0.043768 -0.766023 -0.862390
v -0.039383 -0.766945 -0.856084
v -0.047903 -0.765021 -0.856315
v -0.043519 -0.765943 -0.850009
v -0.082495 -0.653494 -0.910718
v -0.067702 -0.656865 -0.910313
v -0.067035 -0.656724 -0.888627
v -0.081981 -0.653353 -0.889033
v -0.377708 0.586723 -0.312520
v -0.388324 0.519865 -0.201783
v -0.392535 0.666963 -0.215787
v -0.403151 0.600104 -0.105050
v -0.390559 0.702941 -0.100983
v -0.349400 0.671831 -0.333362
v -0.353446 0.527293 -0.299353
v -0.381814 0.537608 -0.090783
v -0.435368 0.577330 -0.310076
v -0.421983 0.518284 -0.237994
v -0.446461 0.642346 -0.245080
v -0.452428 0.583467 -0.175342
v -0.421951 0.632680 -0.168118
v -0.402401 0.625475 -0.283268
v -0.404145 0.536997 -0.277337
v -0.410983 0.540036 -0.163985
v -0.544022 0.577561 -0.306130
v -0.569949 0.532496 -0.264227
v -0.547568 0.624952 -0.264648
v -0.555186 0.581616 -0.220590
v -0.490397 0.622095 -0.301879
v -0.496115 0.532076 -0.315332
v -0.501938 0.535039 -0.194693
v -0.508095 0.627980 -0.213553
v -0.442838 0.471634 -0.255379
v -0.565893 0.466581 -0.269921
v -0.504365 0.468544 -0.312695
v -0.504365 0.469670 -0.212604
v -0.548862 0.506120 -0.301858
v -0.450481 0.508915 -0.290346
v -0.549385 0.507165 -0.221818
v -0.450946 0.509960 -0.208522
v -0.477689 0.271421 -0.290517
v -0.580654 0.262612 -0.306117
v -0.529171 0.268756 -0.337799
v -0.529171 0.265278 -0.258835
v -0.473900 0.383339 -0.241528
v -0.554239 0.379452 -0.251411
v -0.554239 0.379328 -0.315557
v -0.473900 0.382810 -0.306002
v -0.502282 0.064327 -0.308001
v -0.622442 0.036730 -0.344232
v -0.562362 0.060586 -0.371281
v -0.562362 0.040471 -0.280952
v -0.586257 0.159728 -0.349668
v -0.508579 0.168162 -0.336328
v -0.508579 0.164149 -0.276275
v -0.586257 0.146078 -0.297675
v -0.494267 0.014289 -0.303329
v -0.637321 -0.014135 -0.360410
v -0.565794 0.009275 -0.404508
v -0.565794 -0.009121 -0.259231
v -0.518353 0.041696 -0.264203
v -0.618026 0.010678 -0.309896
v -0.618026 0.035126 -0.387774
v -0.518353 0.049047 -0.362092
v -0.485304 -0.133868 -0.306220
v -0.585789 -0.148679 -0.351725
v -0.535547 -0.138118 -0.387666
v -0.535547 -0.144429 -0.270279
v -0.602605 -0.068112 -0.305566
v -0.602605 -0.053988 -0.397318
v -0.510124 -0.042979 -0.367946
v -0.510124 -0.046816 -0.253851
v -0.414428 -0.438326 -0.296654
v -0.468205 -0.442424 -0.312630
v -0.441316 -0.440193 -0.331288
v -0.441316 -0.440557 -0.277996
v -0.525882 -0.274976 -0.362448
v -0.470449 -0.270032 -0.346424
v -0.470449 -0.270470 -0.278381
v -0.525882 -0.277933 -0.305122
v -0.306018 -0.750480 -0.232980
v -0.318635 -0.751082 -0.241683
v -0.312326 -0.750848 -0.239803
v -0.312326 -0.750714 -0.234861
v -0.359085 -0.616055 -0.255992
v -0.381930 -0.617331 -0.266663
v -0.381930 -0.617441 -0.281708
v -0.359085 -0.616260 -0.275597
v 0.306575 0.810659 -0.383406
v 0.209506 0.901183 -0.400727
v 0.244318 0.716763 -0.445168
v 0.147249 0.807287 -0.462489
v 0.105741 0.889381 -0.434111
v 0.224415 0.870965 -0.366161
v 0.264508 0.735703 -0.399550
v 0.127414 0.715184 -0.468429
v 0.366335 0.834859 -0.405315
v 0.263238 0.938516 -0.423666
v 0.300281 0.716130 -0.451333
v 0.206355 0.828872 -0.489987
v 0.193747 0.892496 -0.437323
v 0.295707 0.888732 -0.379701
v 0.335649 0.753245 -0.408114
v 0.209036 0.742622 -0.473557
v 0.403220 0.858066 -0.546672
v 0.326869 0.925354 -0.540679
v 0.375875 0.784221 -0.604600
v 0.288807 0.848556 -0.576099
v 0.429171 0.780433 -0.498954
v 0.250288 0.753168 -0.556473
v 0.350918 0.919140 -0.462838
v 0.249868 0.922053 -0.507844
v 0.314707 0.732489 -0.607144
v 0.439748 0.761711 -0.588500
v 0.336982 0.665789 -0.470770
v 0.394315 0.708320 -0.603820
v 0.441027 0.704686 -0.521214
v 0.293879 0.671578 -0.561152
v 0.389382 0.719605 -0.459235
v 0.262702 0.698678 -0.508411
v 0.427119 0.485896 -0.506765
v 0.461724 0.517540 -0.628761
v 0.489192 0.516878 -0.546762
v 0.399651 0.486558 -0.588764
v 0.459128 0.639326 -0.581588
v 0.426726 0.608734 -0.478977
v 0.342368 0.589092 -0.519770
v 0.375336 0.613752 -0.599473
v 0.488346 0.209166 -0.606759
v 0.524612 0.233597 -0.712747
v 0.553600 0.236091 -0.641486
v 0.459358 0.206672 -0.678021
v 0.441046 0.349690 -0.589251
v 0.463699 0.367448 -0.666375
v 0.522491 0.392147 -0.647308
v 0.499861 0.368706 -0.544909
v 0.490767 0.130948 -0.599785
v 0.548084 0.166004 -0.788202
v 0.593898 0.146201 -0.665792
v 0.444953 0.121738 -0.722196
v 0.580187 0.228036 -0.740373
v 0.544832 0.184785 -0.599900
v 0.452955 0.167310 -0.656582
v 0.488310 0.205364 -0.764772
v 0.506036 0.003655 -0.569483
v 0.546959 -0.003210 -0.709382
v 0.579671 0.009460 -0.627378
v 0.473324 -0.009015 -0.651486
v 0.553536 0.085630 -0.588237
v 0.453554 0.072368 -0.629523
v 0.492029 0.069493 -0.739271
v 0.592010 0.086125 -0.720310
v 0.511151 -0.229199 -0.554535
v 0.531678 -0.240019 -0.701969
v 0.548086 -0.224349 -0.619352
v 0.494744 -0.244869 -0.637153
v 0.489450 -0.110308 -0.582812
v 0.510772 -0.118907 -0.684172
v 0.566180 -0.103212 -0.674062
v 0.544858 -0.097087 -0.566369
v 0.466910 -0.512104 -0.589121
v 0.478035 -0.517359 -0.660732
v 0.486927 -0.509748 -0.620604
v 0.458017 -0.519715 -0.629250
v 0.522391 -0.367035 -0.671415
v 0.511443 -0.361770 -0.583690
v 0.482992 -0.372654 -0.596318
v 0.493940 -0.379925 -0.679412
v 0.405374 -0.766123 -0.559997
v 0.408572 -0.767116 -0.573527
v 0.411128 -0.765678 -0.565945
v 0.402818 -0.767561 -0.567579
v 0.426917 -0.659765 -0.585507
v 0.432061 -0.661995 -0.610993
v 0.445428 -0.658041 -0.608541
v 0.440284 -0.656426 -0.581634
v -0.108903 2.024723 -0.102600
v 0.008384 2.007451 -0.061497
v -0.134138 2.017587 -0.049574
v -0.028821 2.018926 -0.114523
v -0.067839 2.036494 -0.067574
v 0.005916 1.968545 -0.108669
v -0.069495 1.984263 -0.142381
v -0.135900 1.979979 -0.091925
v 0.016332 0.265076 0.098559
v 0.250578 0.854280 0.171725
v 0.174526 0.373990 0.106405
v 0.270199 0.613056 0.156713
v -0.156161 0.378435 0.292348
v -0.157089 0.574257 0.427854
v -0.370876 0.715392 0.221544
v -0.263174 0.381094 0.143683
v -0.297596 0.882233 0.223247
v 0.156326 1.078431 0.131443
v 0.114075 0.562221 0.373158
v 0.045524 0.376340 0.254347
v -0.130088 0.261676 0.108764
v 0.160070 0.908319 0.394606
v 0.087030 1.461125 0.256061
v -0.111054 1.489016 0.268241
v 0.063978 1.092756 0.316188
v -0.238707 1.131569 0.163803
v -0.111222 1.119974 0.348058
v 0.142453 1.767729 0.080182
v -0.273922 1.500477 0.110264
v 0.182990 1.421687 0.101777
v -0.136437 1.640760 0.334139
v 0.058944 1.792318 0.203317
v -0.232290 1.820810 0.080226
v -0.158781 1.765155 0.451521
v -0.223616 1.760636 0.283201
v -0.132973 1.893011 0.330812
v -0.044404 1.777898 0.333817
v -0.118900 1.553210 0.589225
v -0.098407 1.705284 0.425692
v -0.171122 1.606725 0.398175
v -0.231497 1.692972 0.424004
v -0.198929 1.227478 0.944726
v -0.171022 1.482534 0.563765
v -0.212574 1.542220 0.589225
v -0.160453 1.612895 0.614686
v -0.114554 1.057056 1.163513
v -0.158275 1.273926 0.973923
v -0.121817 1.229442 0.944726
v -0.162471 1.182994 0.915530
v -0.123577 0.915715 1.351562
v -0.160135 1.010144 1.122043
v -0.201278 1.055090 1.163513
v -0.155698 1.102002 1.204983
v -0.157568 0.644558 1.646950
v -0.156541 0.877986 1.317532
v -0.186296 0.914236 1.351562
v -0.153332 0.951965 1.385593
v -0.147140 0.511405 1.763614
v -0.149172 0.655209 1.656771
v -0.141594 0.644890 1.646950
v -0.149990 0.634238 1.637128
v -0.149874 0.696501 0.460910
v -0.093095 0.766437 0.543850
v -0.126006 0.909759 0.435556
v -0.246813 0.819837 0.449226
v -0.027251 0.786235 0.444701
v -0.158568 0.765938 0.896184
v -0.158696 0.849494 0.541420
v -0.179401 0.706374 0.557288
v -0.245002 0.789431 0.554859
v -0.222697 0.881308 0.921482
v -0.295951 0.864629 0.848565
v -0.143788 0.837528 0.855484
v -0.211795 0.914059 0.817287
v -0.192054 0.855535 0.704246
v -0.128770 0.783749 0.725419
v -0.271067 0.808803 0.719749
v -0.207703 0.736707 0.738723
v -0.229600 0.561401 0.906558
v -0.226334 0.761612 0.821742
v -0.231280 0.791333 0.963668
v -0.299309 0.789438 0.890184
v -0.284979 0.202623 1.037746
v -0.171444 0.567212 0.963873
v -0.291230 0.584966 0.959405
v -0.233074 0.590778 1.016719
v -0.278437 -0.003365 1.050992
v -0.223410 0.205935 1.083819
v -0.220964 0.188215 0.992889
v -0.159395 0.191527 1.038962
v -0.201174 -0.078386 0.973233
v -0.210113 -0.008190 1.110683
v -0.208001 -0.008359 0.989146
v -0.139677 -0.013184 1.048838
v -0.187988 -0.309443 0.997109
v -0.149584 -0.086223 1.039704
v -0.259879 -0.071273 1.042239
v -0.208289 -0.079111 1.108710
v -0.074704 -0.656965 0.913698
v -0.163469 -0.315951 1.037352
v -0.156973 -0.315426 0.955332
v -0.132455 -0.321934 0.995575
v -0.032954 -0.803447 0.840901
v -0.073899 -0.656773 0.884210
v -0.064192 -0.659161 0.898678
v -0.084411 -0.654577 0.899230
v -0.412837 0.645936 0.226654
v -0.345003 0.595365 0.354562
v -0.392917 0.623317 0.059126
v -0.367378 0.504974 0.192010
v -0.491447 0.577196 0.318185
v -0.401156 0.580425 0.301523
v -0.419381 0.587484 0.144815
v -0.405664 0.522057 0.219440
v -0.567910 0.580593 0.265644
v -0.507846 0.583118 0.194435
v -0.499916 0.507678 0.311135
v -0.500300 0.641778 0.258413
v -0.514069 0.381457 0.234411
v -0.567337 0.505931 0.264015
v -0.500621 0.509115 0.200635
v -0.432667 0.509144 0.246948
v -0.547418 0.165601 0.353502
v -0.569303 0.378699 0.285306
v -0.514069 0.381008 0.322837
v -0.458836 0.383766 0.271943
v -0.568189 0.023206 0.270571
v -0.494014 0.168640 0.303044
v -0.547418 0.153458 0.276471
v -0.600821 0.150418 0.326928
v -0.619945 -0.064079 0.359044
v -0.636715 0.018689 0.355526
v -0.568189 0.045068 0.391411
v -0.499664 0.049584 0.306456
v -0.498166 -0.272186 0.366189
v -0.556365 -0.046799 0.401930
v -0.492784 -0.041869 0.303296
v -0.556365 -0.059148 0.260410
v -0.369544 -0.618846 0.257766
v -0.460056 -0.269088 0.308393
v -0.498166 -0.274520 0.279998
v -0.536276 -0.277617 0.337794
v -0.291822 -0.797198 0.225512
v -0.385058 -0.619788 0.275239
v -0.369544 -0.619059 0.281103
v -0.354031 -0.618117 0.263631
v 0.239542 0.917046 0.402269
v 0.202016 0.697193 0.440907
v 0.095546 0.801607 0.462962
v 0.268008 0.803812 0.370221
v 0.442498 0.746948 0.529294
v 0.276667 0.721672 0.445658
v 0.336672 0.822014 0.383019
v 0.180542 0.817489 0.467086
v 0.355271 0.857854 0.581855
v 0.399140 0.850160 0.473807
v 0.238870 0.840525 0.536283
v 0.294234 0.948681 0.479616
v 0.384752 0.751346 0.614035
v 0.458851 0.628374 0.525135
v 0.441347 0.354470 0.633758
v 0.378334 0.593683 0.482099
v 0.343210 0.597246 0.565376
v 0.423276 0.631668 0.607440
v 0.579736 0.195668 0.662535
v 0.497341 0.383659 0.673672
v 0.522201 0.384525 0.590164
v 0.466208 0.355335 0.550250
v 0.496331 0.079222 0.586209
v 0.492264 0.173865 0.604928
v 0.453406 0.168067 0.718278
v 0.540878 0.218883 0.775885
v 0.489722 -0.117318 0.635981
v 0.454045 0.068128 0.690046
v 0.549233 0.077586 0.752461
v 0.591520 0.088680 0.648625
v 0.522251 -0.362174 0.625619
v 0.542474 -0.112440 0.698716
v 0.565908 -0.097439 0.617726
v 0.513157 -0.102317 0.554991
v 0.426595 -0.663275 0.598298
v 0.495165 -0.366037 0.573990
v 0.483131 -0.378519 0.639798
v 0.510219 -0.374656 0.691428
v 0.396729 -0.803708 0.555726
v 0.439192 -0.662105 0.613941
v 0.444788 -0.658323 0.594002
v 0.432191 -0.659494 0.578360
v -0.108567 2.034532 0.059599
v -0.023989 2.028636 0.066727
v 0.025465 1.965568 0.060867
v -0.027454 1.977266 0.136009
v -0.143904 1.979112 0.047744
v -0.109392 1.985320 0.125394
v 0.315710 0.700946 0.461677
v 0.270938 0.711196 0.571288
v 0.016332 0.265076 -0.098559
v 0.250578 0.854280 -0.171725
v 0.174526 0.373990 -0.106405
v 0.270199 0.613056 -0.156713
v -0.156161 0.378435 -0.292348
v -0.157089 0.574258 -0.427854
v -0.370876 0.715392 -0.221544
v -0.263174 0.381094 -0.143683
v -0.297596 0.882233 -0.223247
v 0.156326 1.078431 -0.131443
v 0.114075 0.562221 -0.373158
v 0.045524 0.376340 -0.254347
v -0.130088 0.261676 -0.108764
v 0.160070 0.908319 -0.394606
v 0.087030 1.461125 -0.256061
v -0.111054 1.489016 -0.268241
v 0.063978 1.092756 -0.316188
v -0.238707 1.131569 -0.163803
v -0.111222 1.119974 -0.348058
v 0.142453 1.767729 -0.080182
v -0.273922 1.500477 -0.110264
v 0.182990 1.421687 -0.101777
v -0.136437 1.642264 -0.333842
v 0.058944 1.792318 -0.203317
v -0.232290 1.820810 -0.080226
v -0.158781 1.765155 -0.451521
v -0.223616 1.760725 -0.283506
v -0.132973 1.891537 -0.299430
v -0.044404 1.777782 -0.333524
v -0.118900 1.553210 -0.589225
v -0.098407 1.705284 -0.425692
v -0.171122 1.606725 -0.398175
v -0.231497 1.692972 -0.424004
v -0.198929 1.227478 -0.944726
v -0.171022 1.482534 -0.563765
v -0.212574 1.542220 -0.589225
v -0.160453 1.612896 -0.614686
v -0.114554 1.057056 -1.163513
v -0.158275 1.273926 -0.973923
v -0.121817 1.229442 -0.944726
v -0.162471 1.182994 -0.915530
v -0.123577 0.915715 -1.351562
v -0.160135 1.010144 -1.122043
v -0.201278 1.055090 -1.163513
v -0.155698 1.102002 -1.204983
v -0.157568 0.644558 -1.646950
v -0.156541 0.877986 -1.317532
v -0.186296 0.914236 -1.351563
v -0.153332 0.951965 -1.385593
v -0.147140 0.511405 -1.763614
v -0.149172 0.655209 -1.656771
v -0.141594 0.644890 -1.646949
v -0.149990 0.634238 -1.637128
v -0.149874 0.696501 -0.460910
v -0.093095 0.766437 -0.543850
v -0.126006 0.909759 -0.435556
v -0.246813 0.819837 -0.449226
v -0.027251 0.786235 -0.444701
v -0.158568 0.765938 -0.896184
v -0.158696 0.849494 -0.541420
v -0.179401 0.706374 -0.557288
v -0.245002 0.789431 -0.554859
v -0.222697 0.881308 -0.921482
v -0.295951 0.864629 -0.848565
v -0.143788 0.837528 -0.855484
v -0.211795 0.914059 -0.817287
v -0.192054 0.855535 -0.704246
v -0.128770 0.783749 -0.725419
v -0.271067 0.808803 -0.719749
v -0.207703 0.736707 -0.738723
v -0.229600 0.561401 -0.906558
v -0.226334 0.761612 -0.821742
v -0.231280 0.791333 -0.963668
v -0.299309 0.789438 -0.890184
v -0.284979 0.202623 -1.037746
v -0.171444 0.567212 -0.963873
v -0.291230 0.584966 -0.959405
v -0.233074 0.590778 -1.016719
v -0.278437 -0.003365 -1.050992
v -0.223410 0.205935 -1.083819
v -0.220964 0.188215 -0.992889
v -0.159395 0.191527 -1.038962
v -0.201174 -0.078386 -0.973233
v -0.210113 -0.008190 -1.110683
v -0.208001 -0.008359 -0.989146
v -0.139677 -0.013184 -1.048838
v -0.187988 -0.309443 -0.997109
v -0.149584 -0.086223 -1.039704
v -0.259879 -0.071273 -1.042239
v -0.208289 -0.079111 -1.108710
v -0.074704 -0.656965 -0.913698
v -0.163469 -0.315951 -1.037352
v -0.156973 -0.315426 -0.955332
v -0.132455 -0.321934 -0.995575
v -0.032954 -0.803447 -0.840901
v -0.073899 -0.656773 -0.884210
v -0.064192 -0.659161 -0.898678
v -0.084411 -0.654577 -0.899230
v -0.412837 0.645936 -0.226654
v -0.345003 0.595365 -0.354562
v -0.392917 0.623317 -0.059126
v -0.367378 0.504974 -0.192010
v -0.491447 0.577196 -0.318185
v -0.401156 0.580425 -0.301523
v -0.419381 0.587484 -0.144815
v -0.405664 0.522057 -0.219440
v -0.567910 0.580593 -0.265644
v -0.507846 0.583118 -0.194435
v -0.499916 0.507678 -0.311135
v -0.500300 0.641778 -0.258413
v -0.514069 0.381457 -0.234411
v -0.567337 0.505931 -0.264015
v -0.500621 0.509115 -0.200635
v -0.432667 0.509144 -0.246948
v -0.547418 0.165601 -0.353502
v -0.569303 0.378699 -0.285306
v -0.514069 0.381008 -0.322837
v -0.458836 0.383766 -0.271943
v -0.568189 0.023206 -0.270571
v -0.494014 0.168640 -0.303044
v -0.547418 0.153458 -0.276471
v -0.600821 0.150418 -0.326928
v -0.619945 -0.064079 -0.359044
v -0.636715 0.018689 -0.355526
v -0.568189 0.045068 -0.391411
v -0.499664 0.049584 -0.306456
v -0.498166 -0.272186 -0.366189
v -0.556365 -0.046799 -0.401930
v -0.492784 -0.041869 -0.303296
v -0.556365 -0.059148 -0.260410
v -0.369544 -0.618846 -0.257767
v -0.460056 -0.269088 -0.308393
v -0.498166 -0.274520 -0.279998
v -0.536276 -0.277617 -0.337794
v -0.291822 -0.797198 -0.225512
v -0.385058 -0.619788 -0.275239
v -0.369544 -0.619059 -0.281103
v -0.354031 -0.618117 -0.263631
v 0.239542 0.917046 -0.402269
v 0.202016 0.697193 -0.440907
v 0.095546 0.801607 -0.462962
v 0.268008 0.803812 -0.370221
v 0.442498 0.746948 -0.529294
v 0.276667 0.721672 -0.445658
v 0.336672 0.822014 -0.383019
v 0.180542 0.817489 -0.467086
v 0.355271 0.857854 -0.581855
v 0.399140 0.850160 -0.473807
v 0.238870 0.840525 -0.536283
v 0.294234 0.948681 -0.479616
v 0.384752 0.751346 -0.614035
v 0.458851 0.628374 -0.525135
v 0.441347 0.354470 -0.633758
v 0.378334 0.593683 -0.482099
v 0.343210 0.597246 -0.565376
v 0.423276 0.631668 -0.607440
v 0.579736 0.195668 -0.662535
v 0.497341 0.383659 -0.673672
v 0.522201 0.384525 -0.590164
v 0.466208 0.355335 -0.550250
v 0.496331 0.079222 -0.586209
v 0.492264 0.173865 -0.604928
v 0.453406 0.168067 -0.718278
v 0.540878 0.218883 -0.775885
v 0.489722 -0.117318 -0.635981
v 0.454045 0.068128 -0.690046
v 0.549233 0.077586 -0.752461
v 0.591520 0.088680 -0.648625
v 0.522251 -0.362174 -0.625619
v 0.542474 -0.112440 -0.698716
v 0.565908 -0.097439 -0.617726
v 0.513157 -0.102317 -0.554992
v 0.426594 -0.663275 -0.598298
v 0.495164 -0.366037 -0.573990
v 0.483131 -0.378518 -0.639798
v 0.510218 -0.374656 -0.691428
v 0.396729 -0.803708 -0.555726
v 0.439192 -0.662105 -0.613941
v 0.444788 -0.658323 -0.594002
v 0.432191 -0.659494 -0.578360
v -0.108567 2.034532 -0.059599
v -0.023989 2.028635 -0.066727
v 0.025465 1.965568 -0.060867
v -0.027454 1.977266 -0.136009
v -0.143904 1.979112 -0.047744
v -0.109392 1.985320 -0.125394
v 0.315710 0.700946 -0.461677
v 0.270938 0.711196 -0.571289
vn 0.0020 -1.0000 -0.0000
vn 0.3303 -0.9439 -0.0000
vn 0.3214 -0.9074 0.2709
vn 0.0257 -0.9577 0.2867
vn 0.5605 -0.8282 -0.0000
vn 0.5395 -0.8083 0.2357
vn 0.4852 -0.7610 0.4307
vn 0.3181 -0.7987 0.5107
vn 0.0767 -0.8329 0.5481
vn 0.9924 0.1233 -0.0000
vn 0.9307 0.3657 -0.0000
vn 0.9225 0.3521 0.1581
vn 0.9863 0.0474 0.1580
vn 0.9136 0.4067 -0.0000
vn 0.8864 0.4272 0.1783
vn 0.7943 0.5613 0.2325
vn 0.9559 0.2926 -0.0264
vn 0.9256 -0.3393 0.1677
vn 0.7678 -0.6407 -0.0000
vn 0.7332 -0.6375 0.2367
vn 0.9235 -0.3837 -0.0000
vn 0.8759 -0.4183 0.2403
vn 0.6945 -0.5092 0.5083
vn 0.5852 -0.6466 0.4893
vn 0.9904 -0.1379 -0.0000
vn 0.9571 -0.2078 0.2020
vn 0.7980 -0.3953 0.4549
vn 0.1161 -0.6826 0.7216
vn -0.1956 -0.6961 0.6908
vn -0.2505 -0.8305 0.4975
vn 0.1342 -0.5838 0.8007
vn -0.1682 -0.5809 0.7964
vn -0.5129 -0.6200 0.5938
vn -0.5514 -0.6990 0.4553
vn -0.5348 -0.7640 0.3610
vn 0.1365 -0.4983 0.8562
vn -0.1461 -0.4060 0.9021
vn 0.0604 -0.2487 0.9667
vn -0.1415 -0.2007 0.9694
vn -0.7320 0.0456 0.6798
vn -0.4687 -0.2886 0.8349
vn -0.9000 0.3721 0.2271
vn -0.8953 0.3836 0.2266
vn -0.8295 0.2375 0.5055
vn -0.9446 0.3283 -0.0000
vn -0.9677 0.2521 0.0033
vn -0.9483 0.2947 -0.1183
vn -0.8304 0.5288 0.1756
vn -0.7644 0.3975 0.5076
vn -0.7325 -0.6643 0.1490
vn -0.6215 -0.7663 0.1630
vn -0.7463 -0.6495 0.1455
vn -0.8824 -0.4706 -0.0000
vn -0.7591 -0.6510 -0.0000
vn -0.6556 -0.7551 -0.0000
vn -0.8389 0.3416 0.4237
vn -0.9057 0.3774 0.1931
vn -0.6719 0.4380 0.5972
vn -0.9354 0.2963 0.1931
vn -0.9671 0.2543 -0.0000
vn -0.9170 0.3988 -0.0000
vn 0.9487 0.2448 0.1999
vn 0.8539 0.3094 0.4185
vn 0.9764 0.2159 -0.0000
vn 0.9979 -0.0654 -0.0000
vn 0.9724 -0.0374 0.2302
vn 0.8708 0.0287 0.4907
vn 0.4534 -0.5295 0.7170
vn 0.4055 -0.5793 0.7071
vn 0.4546 -0.5775 0.6780
vn 0.3531 -0.6654 0.6577
vn -0.3951 -0.9186 -0.0000
vn -0.3484 -0.9073 0.2354
vn 0.5386 0.5723 0.6184
vn 0.3641 0.8368 0.4090
vn 0.5790 0.6828 -0.4456
vn 0.1347 0.3693 0.9195
vn 0.1194 0.4823 0.8678
vn -0.0848 0.6305 0.7716
vn -0.1190 0.9367 -0.3294
vn 0.0680 0.2552 -0.9645
vn 0.1413 0.1719 0.9749
vn 0.6033 0.1025 0.7909
vn 0.5812 -0.0160 0.8136
vn 0.1462 0.0016 0.9893
vn 0.8411 -0.0782 0.5352
vn 0.8413 0.1419 0.5216
vn 0.6570 0.1718 0.7340
vn 0.5170 0.0042 0.8560
vn -0.7644 0.0947 0.6378
vn -0.3418 0.1933 0.9197
vn -0.3377 -0.0056 0.9412
vn -0.7418 -0.0404 0.6694
vn -0.1844 -0.6670 0.7219
vn -0.9120 -0.1079 0.3958
vn 0.6167 0.3407 0.7096
vn 0.2057 0.3612 0.9095
vn -0.9699 0.1119 0.2165
vn -0.9985 0.0546 -0.0000
vn -0.7564 0.2814 0.5905
vn -0.9637 -0.0432 0.2634
vn -0.9956 -0.0933 -0.0000
vn -0.1743 0.4020 0.8989
vn -0.2711 0.3750 0.8865
vn 0.9514 0.1312 0.2785
vn 0.8544 0.4526 0.2553
vn 0.7794 0.4443 0.4417
vn 0.9903 0.1390 -0.0000
vn 0.8846 0.4663 -0.0000
vn 0.8586 0.5127 -0.0000
vn 0.8337 0.5011 0.2319
vn 0.7495 0.4897 0.4455
vn -0.9522 -0.0756 0.2961
vn -0.9964 -0.0851 -0.0000
vn -0.9512 0.1436 0.2731
vn -0.9831 0.1830 -0.0000
vn 0.9564 -0.1296 0.2616
vn 0.9892 -0.1464 -0.0000
vn 0.0781 -0.9969 0.0048
vn -0.7695 -0.6315 -0.0954
vn 0.7006 -0.4995 0.5095
vn 0.6258 -0.7583 0.1824
vn -0.0045 -0.9850 -0.1724
vn -0.7118 -0.6642 -0.2286
vn 0.6638 0.4680 0.5834
vn 0.6916 0.4358 0.5759
vn 0.5866 0.5147 0.6252
vn 0.4077 0.7020 0.5839
vn -0.8638 0.4636 0.1972
vn -0.8706 0.4919 -0.0000
vn -0.9167 0.3606 0.1720
vn -0.7913 0.5675 0.2277
vn -0.8650 0.4848 0.1293
vn -0.8696 0.4938 -0.0000
vn 0.5801 0.5229 0.6245
vn -0.0444 0.7700 0.6365
vn -0.0716 0.7568 0.6497
vn 0.6890 0.4489 0.5689
vn -0.6592 0.6196 0.4261
vn -0.7388 0.5188 0.4302
vn -0.7382 0.4695 0.4844
vn -0.0486 0.7313 0.6804
vn 0.7522 0.4380 0.4922
vn -0.9795 0.1968 0.0424
vn -0.7384 0.6182 0.2694
vn -0.9982 0.0469 -0.0385
vn -0.8319 0.4778 0.2821
vn -0.3625 0.7966 0.4838
vn -0.1611 0.8737 0.4590
vn 0.4841 0.6229 0.6146
vn -0.2455 0.6236 0.7422
vn 0.5470 0.3529 0.7591
vn 0.7853 0.2231 0.5775
vn 0.8174 -0.0419 0.5745
vn 0.7814 -0.5329 -0.3248
vn 0.9917 -0.1183 0.0509
vn 0.9953 -0.0872 -0.0410
vn 0.7773 -0.4781 -0.4089
vn 0.7808 0.4334 0.4500
vn 0.7949 0.4388 0.4190
vn 0.9966 -0.0639 -0.0529
vn 0.7688 -0.4788 -0.4238
vn 0.8245 -0.5342 0.1867
vn 0.8875 -0.0519 0.4579
vn 0.9394 -0.1076 0.3254
vn 0.7481 -0.6299 -0.2088
vn -0.8116 -0.4431 -0.3808
vn 0.1585 -0.7954 -0.5850
vn 0.0463 -0.8121 -0.5817
vn -0.7592 -0.5223 -0.3884
vn 0.0626 -0.8103 -0.5827
vn -0.7816 -0.5245 -0.3376
vn -0.9160 0.3488 0.1982
vn -0.9918 0.0624 0.1119
vn -0.9698 -0.2137 -0.1173
vn -0.9931 0.0048 0.1176
vn -0.7778 0.4490 0.4398
vn -0.9993 -0.0004 0.0380
vn -0.9998 0.0050 0.0181
vn -0.7795 0.4777 0.4051
vn -0.7861 -0.4821 -0.3868
vn -0.7894 -0.4829 -0.3790
vn -0.7912 -0.4800 -0.3789
vn -0.9998 0.0144 0.0138
vn -0.7747 0.4948 0.3937
vn 0.0520 -0.7619 -0.6456
vn -0.7862 -0.4924 -0.3734
vn 0.0189 -0.7612 -0.6483
vn -0.9973 0.0033 0.0739
vn -0.7592 0.4505 0.4697
vn -0.0397 0.7153 0.6977
vn -0.0315 0.7236 0.6895
vn 0.7655 -0.4648 -0.4449
vn 0.9974 -0.0109 -0.0712
vn 0.9984 -0.0252 -0.0504
vn 0.7682 -0.4850 -0.4180
vn 0.7917 0.5209 0.3192
vn 0.7889 0.5123 0.3395
vn 0.7962 0.4669 0.3847
vn 0.9984 -0.0550 -0.0085
vn 0.7773 -0.5185 -0.3562
vn -0.0269 0.7674 0.6405
vn 0.7905 0.4745 0.3873
vn -0.0327 0.7855 0.6180
vn 0.7814 0.4966 0.3780
vn 0.9980 -0.0427 -0.0466
vn 0.7643 -0.4949 -0.4133
vn 0.9984 -0.0328 -0.0462
vn 0.7636 -0.4975 -0.4116
vn -0.0054 -0.7777 -0.6287
vn -0.0086 -0.7804 -0.6252
vn 0.9976 -0.0681 0.0133
vn 0.7926 -0.5155 -0.3257
vn 0.8068 0.4143 0.4213
vn 0.8148 0.3815 0.4366
vn 0.9983 -0.0578 0.0067
vn 0.8105 -0.4693 -0.3505
vn -0.7930 -0.4468 -0.4141
vn -0.0205 -0.7380 -0.6745
vn -0.0169 -0.7650 -0.6438
vn -0.7950 -0.4685 -0.3852
vn -0.0169 -0.8195 -0.5729
vn -0.8014 -0.5052 -0.3203
vn -0.7838 0.5191 0.3410
vn -0.9995 0.0267 -0.0196
vn -0.9999 0.0117 0.0043
vn -0.7852 0.5052 0.3581
vn -0.9987 -0.0241 0.0460
vn -0.7926 0.4592 0.4011
vn -0.0236 0.8337 0.5518
vn -0.0291 0.8232 0.5670
vn -0.0263 0.7781 0.6276
vn -0.8079 0.3756 0.4542
vn -0.9974 -0.0357 0.0630
vn -0.9983 -0.0310 0.0494
vn -0.8102 0.3513 0.4692
vn -0.8316 -0.4609 -0.3098
vn -0.8419 -0.4187 -0.3404
vn -0.8449 -0.3990 -0.3562
vn -0.9953 -0.0533 0.0809
vn -0.8092 0.3394 0.4795
vn -0.0168 -0.8379 -0.5455
vn -0.8144 -0.5042 -0.2871
vn -0.0164 -0.7963 -0.6046
vn -0.9969 -0.0412 0.0677
vn -0.8014 0.4088 0.4366
vn -0.0230 0.7203 0.6933
vn -0.0190 0.6738 0.7387
vn -0.0181 -0.7510 -0.6600
vn 0.0138 -0.7476 0.6640
vn 0.8238 -0.4037 -0.3980
vn 0.9977 -0.0590 0.0331
vn 0.8182 0.3467 0.4587
vn 0.0203 0.5377 0.8429
vn -0.0161 0.6264 0.7793
vn 0.8187 0.3580 0.4489
vn 0.9988 -0.0484 -0.0091
vn 0.8208 -0.4245 -0.3822
vn -0.0153 -0.7334 -0.6797
vn -0.1388 -0.5308 0.8361
vn -0.7941 -0.3538 0.4941
vn 0.0836 0.0012 0.9965
vn 0.4612 -0.6538 0.5998
vn -0.2127 -0.9734 0.0850
vn -0.7862 -0.6176 -0.0227
vn 0.6824 0.0144 0.7308
vn 0.9655 -0.0860 0.2457
vn 0.5785 -0.8012 0.1527
vn 0.5307 0.4516 0.7172
vn 0.7573 0.6042 0.2477
vn 0.7735 0.6222 0.1206
vn 0.9748 -0.0869 0.2056
vn 0.5722 -0.7895 0.2218
vn -0.0486 0.4285 0.9022
vn 0.0850 0.2408 0.9669
vn -0.4448 0.5415 0.7134
vn -0.5145 0.7477 0.4198
vn 0.1135 0.7678 0.6306
vn -0.8072 0.2999 0.5084
vn -0.9769 0.1714 0.1275
vn -0.0779 0.1337 0.9880
vn 0.0878 0.1091 0.9901
vn 0.6542 -0.7433 0.1397
vn 0.9510 -0.2349 0.2011
vn 0.9611 -0.2428 0.1314
vn 0.6230 -0.7026 -0.3438
vn 0.7017 0.1856 0.6878
vn 0.6816 0.0999 0.7249
vn 0.6934 0.1498 0.7048
vn 0.9963 -0.0762 0.0398
vn 0.6982 -0.3226 -0.6391
vn 0.1505 0.9758 0.1586
vn -0.5732 0.8193 0.0119
vn -0.5658 0.8080 -0.1644
vn 0.1706 0.9852 -0.0175
vn -0.1514 -0.9882 0.0233
vn -0.7844 -0.6174 -0.0590
vn -0.1461 -0.9785 0.1456
vn -0.7684 -0.6400 -0.0056
vn -0.9839 0.1596 -0.0806
vn -0.9787 0.1160 -0.1693
vn -0.7107 0.3051 0.6339
vn 0.0169 0.3859 0.9224
vn 0.0630 0.6169 0.7845
vn -0.6459 0.5773 0.4995
vn 0.7116 0.4265 0.5583
vn 0.6457 0.7156 0.2664
vn 0.1385 0.9513 0.2755
vn -0.4582 0.8666 0.1976
vn -0.5549 0.6997 -0.4499
vn -0.9496 0.1380 -0.2813
vn -0.9495 0.3074 -0.0621
vn -0.5588 0.7814 -0.2779
vn -0.8311 -0.5404 -0.1311
vn -0.9984 -0.0379 0.0422
vn 0.9970 -0.0042 0.0777
vn 0.9825 0.1335 0.1299
vn 0.7718 0.6104 -0.1782
vn 0.7632 0.6346 -0.1217
vn 0.1686 0.8917 -0.4200
vn 0.1681 0.9285 -0.3311
vn 0.1771 0.9580 -0.2257
vn 0.7762 0.6304 -0.0052
vn -0.5561 0.7507 -0.3567
vn 0.9781 -0.0597 0.1996
vn 0.5477 -0.7699 0.3274
vn -0.9621 0.0866 -0.2588
vn -0.7618 -0.6469 0.0340
vn -0.1666 -0.9493 0.2665
vn -0.1798 -0.9766 0.1178
vn -0.7027 -0.3001 -0.6451
vn -0.0245 -0.4136 -0.9101
vn -0.0084 -0.3157 -0.9488
vn -0.6903 -0.2285 -0.6865
vn 0.6999 -0.2249 -0.6779
vn 0.6807 -0.1344 -0.7201
vn -0.0011 -0.2185 -0.9758
vn -0.6671 -0.1741 -0.7244
vn -0.1444 -0.8463 -0.5128
vn -0.7541 -0.5294 -0.3887
vn -0.0102 0.2467 0.9690
vn -0.7196 0.1510 0.6777
vn -0.7181 0.1558 0.6783
vn -0.0039 0.2457 0.9693
vn -0.9895 -0.1401 0.0366
vn -0.9975 -0.0684 -0.0165
vn -0.6727 0.1225 0.7297
vn -0.9997 -0.0236 -0.0041
vn -0.9996 -0.0296 -0.0021
vn -0.6452 0.0537 0.7621
vn -0.6409 -0.0959 -0.7616
vn -0.6083 -0.0489 -0.7922
vn -0.9995 -0.0255 -0.0165
vn -0.6215 0.0289 0.7829
vn 0.9995 -0.0051 0.0326
vn 0.6767 0.1828 0.7132
vn 0.6462 0.1510 0.7481
vn 0.9989 0.0331 0.0342
vn -0.9997 -0.0195 -0.0164
vn -0.6992 0.1793 0.6920
vn -0.0021 0.2507 0.9681
vn -0.0062 0.1761 0.9844
vn -0.7352 0.3229 0.5960
vn -0.9974 -0.0338 -0.0639
vn -0.9984 -0.0472 0.0299
vn -0.6341 0.2766 0.7221
vn -0.7644 0.1316 -0.6312
vn -0.6468 0.2450 -0.7222
vn -0.7072 0.0163 -0.7068
vn -0.9813 -0.1919 -0.0138
vn -0.6974 -0.1141 0.7075
vn -0.0021 0.0934 0.9956
vn 0.6288 0.1025 0.7708
vn 0.0204 0.0629 0.9978
vn 0.6457 0.0799 0.7594
vn 0.0020 -0.0946 -0.9955
vn 0.6552 -0.0327 -0.7547
vn 0.6528 0.0132 -0.7574
vn 0.0190 -0.0308 -0.9993
vn 0.9980 0.0574 0.0263
vn 0.9979 0.0642 0.0062
vn -0.0051 0.1992 -0.9800
vn -0.0164 0.0449 -0.9989
vn -0.7302 -0.1314 -0.6705
vn 0.7252 0.1098 -0.6797
vn 0.7599 0.0383 -0.6490
vn 0.7983 0.1320 -0.5876
vn -0.0075 0.0588 -0.9982
vn -0.7533 -0.1398 -0.6426
vn 0.5407 0.6545 0.5285
vn 0.0108 0.6813 0.7319
vn 0.0458 0.4454 0.8941
vn 0.6607 0.3663 0.6552
vn 0.0053 -0.0264 0.9996
vn 0.6924 -0.0740 0.7177
vn -0.0295 0.6493 -0.7600
vn 0.0276 0.5049 -0.8627
vn 0.5155 0.6695 -0.5349
vn 0.6673 0.4229 -0.6130
vn 0.8070 0.5904 -0.0137
vn 0.9543 0.2967 0.0347
vn 0.9959 -0.0817 0.0383
vn -0.7624 -0.3545 0.5414
vn -0.9588 -0.2803 -0.0460
vn -0.9620 -0.2693 -0.0459
vn -0.7783 -0.3586 0.5154
vn -0.7698 -0.1143 -0.6280
vn -0.7806 -0.0854 -0.6191
vn -0.9596 -0.2787 -0.0380
vn -0.7698 -0.3916 0.5040
vn 0.9928 -0.1019 0.0628
vn 0.6954 -0.2169 0.6852
vn 0.7348 -0.1169 0.6681
vn 0.9946 0.0444 0.0941
vn -0.9552 -0.2939 -0.0357
vn -0.7269 -0.3344 0.5999
vn -0.0368 -0.2914 0.9559
vn -0.0452 -0.3109 0.9494
vn 0.7583 -0.0596 0.6491
vn -0.0335 -0.3462 0.9376
vn -0.0322 -0.4067 0.9130
vn 0.7567 -0.0906 0.6475
vn -0.7515 -0.4321 0.4986
vn -0.7373 -0.4585 0.4962
vn 0.0359 -0.5078 0.8607
vn 0.7618 -0.1039 0.6394
vn -0.0387 -0.3043 0.9518
vn 0.7533 -0.0506 0.6557
vn 0.0057 0.1265 -0.9920
vn 0.8091 0.2230 -0.5437
vn 0.7988 0.2943 -0.5247
vn 0.0139 0.2092 -0.9778
vn 0.9857 0.1351 0.1002
vn 0.9812 0.1762 0.0784
vn -0.7818 -0.0421 -0.6221
vn -0.0200 0.2018 -0.9792
vn 0.2195 -0.9252 -0.3095
vn -0.9334 -0.3529 -0.0654
vn 0.7728 0.3604 -0.5224
vn 0.9898 0.1308 0.0556
vn 0.0218 0.2838 -0.9586
vn -0.7848 -0.0571 -0.6171
vn 0.7815 0.3435 -0.5209
vn 0.9780 0.2038 0.0433
vn -0.9551 -0.2942 -0.0347
vn -0.4371 0.8901 0.1288
vn -0.2598 0.6748 0.6908
vn -0.7617 0.5439 -0.3520
vn -0.3495 0.7500 -0.5615
vn -0.0406 0.9948 0.0934
vn 0.1357 0.6852 0.7156
vn -0.7049 -0.1868 0.6842
vn -0.6132 -0.6109 0.5008
vn -0.6366 -0.1194 0.7619
vn -0.3447 -0.7829 0.5179
vn -0.9996 -0.0293 -0.0000
vn -0.9854 -0.0431 -0.1646
vn -0.8978 -0.4149 -0.1478
vn -0.7832 -0.5473 -0.2951
vn -0.9462 -0.0778 -0.3141
vn -0.6699 -0.7377 0.0840
vn -0.4353 -0.9001 -0.0186
vn 0.4687 -0.4955 0.7313
vn 0.2602 0.0201 0.9653
vn 0.0021 0.1030 0.9947
vn 0.0486 -0.1680 0.9846
vn -0.0422 0.6731 0.7384
vn -0.4435 0.5803 0.6831
vn -0.5724 0.1816 0.7996
vn -0.6020 -0.0459 0.7972
vn -0.0041 -0.0973 0.9952
vn 0.2140 -0.7868 0.5790
vn -0.8229 -0.0813 -0.5623
vn -0.5253 -0.7100 -0.4690
vn -0.0920 -0.6735 -0.7335
vn -0.4793 0.0199 -0.8774
vn 0.0095 -0.9996 -0.0256
vn 0.4747 -0.8800 -0.0190
vn -0.9707 0.2044 0.1264
vn -0.9971 -0.0381 0.0654
vn -0.6674 0.7303 0.1459
vn -0.6437 0.6110 -0.4608
vn -0.7699 0.1765 -0.6132
vn -0.7365 -0.0872 -0.6708
vn -0.3656 0.1301 -0.9216
vn -0.3223 0.7329 -0.5992
vn -0.2655 -0.2176 -0.9392
vn 0.0919 -0.0960 0.9911
vn 0.6500 -0.3029 0.6970
vn -0.6165 -0.0268 0.7869
vn -0.6040 0.0963 0.7911
vn 0.1054 0.0663 0.9922
vn 0.7008 -0.0563 0.7111
vn -0.1509 0.9837 0.0981
vn -0.6927 -0.1499 -0.7055
vn -0.1027 -0.2577 -0.9608
vn -0.1079 -0.2087 -0.9720
vn -0.6964 -0.0960 -0.7112
vn 0.5753 -0.3190 -0.7532
vn 0.5845 -0.2599 -0.7686
vn 0.5705 -0.2233 -0.7904
vn -0.1493 -0.1555 -0.9765
vn -0.7034 -0.0372 -0.7098
vn -0.9971 -0.0755 0.0126
vn -0.6874 -0.1759 -0.7047
vn -0.9998 0.0017 0.0177
vn -0.1434 -0.3118 -0.9393
vn 0.4389 -0.5396 -0.7185
vn 0.8509 -0.5253 0.0041
vn 0.9732 -0.2294 -0.0133
vn 0.7012 -0.0121 0.7129
vn 0.1230 0.1221 0.9849
vn 0.1419 0.1285 0.9815
vn 0.7069 0.0037 0.7073
vn -0.5689 0.2058 0.7963
vn -0.5547 0.2232 0.8015
vn -0.6435 0.2163 0.7342
vn 0.1146 0.1325 0.9845
vn 0.6937 0.0233 0.7199
vn -0.9974 0.0697 0.0174
vn -0.5904 0.1584 0.7914
vn -0.9904 0.1380 0.0099
vn 0.1092 0.1107 0.9878
vn 0.7002 -0.0117 0.7139
vn 0.9844 -0.1754 -0.0135
vn 0.9865 -0.1631 -0.0143
vn -0.5796 0.6542 -0.4859
vn -0.4352 0.8252 -0.3601
vn -0.4779 0.5083 -0.7164
vn -0.7826 0.3377 -0.5230
vn -0.0764 0.9720 -0.2224
vn 0.2570 0.7064 -0.6595
vn 0.4580 0.1705 -0.8724
vn -0.4296 0.0537 -0.9014
vn -0.8304 -0.0961 -0.5489
vn 0.9930 -0.1160 -0.0210
vn 0.5318 -0.1339 -0.8362
vn 0.9961 -0.0673 -0.0565
vn 0.3799 -0.0464 -0.9239
vn -0.2496 -0.0557 -0.9667
vn -0.7310 0.0350 -0.6815
vn -0.3455 0.0039 -0.9384
vn -0.7660 0.0658 -0.6395
vn -0.9846 0.1739 0.0166
vn -0.9853 0.1709 -0.0079
vn -0.5681 0.0353 0.8222
vn -0.9864 -0.1342 0.0953
vn -0.9327 -0.3446 0.1064
vn -0.5124 -0.2418 0.8240
vn -0.8101 -0.2767 -0.5170
vn -0.8095 -0.2970 -0.5064
vn -0.9250 -0.3702 0.0857
vn -0.5179 -0.3064 0.7987
vn -0.3388 0.9390 -0.0590
vn -0.6278 0.7280 -0.2756
vn -0.9074 0.4169 -0.0526
vn -0.5545 0.6682 0.4959
vn 0.2941 0.9440 0.1497
vn -0.0812 0.9920 0.0963
vn 0.0640 0.7563 0.6511
vn 0.5596 0.6893 0.4601
vn 0.2070 0.1566 0.9657
vn 0.7844 0.1388 0.6045
vn 0.3049 0.9524 0.0045
vn 0.7447 0.6629 -0.0775
vn 0.9909 0.1211 -0.0581
vn 0.8209 0.0821 0.5651
vn 0.2695 -0.0872 0.9591
vn 0.2483 -0.1007 0.9634
vn 0.8016 0.1208 0.5856
vn -0.5300 -0.3345 0.7792
vn -0.5047 -0.3876 0.7714
vn 0.2325 -0.1465 0.9615
vn 0.7728 0.1154 0.6241
vn 0.2604 -0.0543 0.9640
vn 0.8161 0.0439 0.5762
vn 0.9971 0.0623 -0.0434
vn 0.5104 -0.0203 -0.8597
vn 0.9905 0.1324 -0.0370
vn 0.5297 -0.0067 -0.8482
vn -0.4049 -0.1591 -0.9004
vn -0.4022 -0.1941 -0.8947
vn -0.7773 -0.2666 -0.5699
vn -0.3455 -0.0702 -0.9358
vn -0.4044 -0.0356 -0.9139
vn -0.7548 -0.2459 -0.6081
vn 0.5102 0.2214 -0.8311
vn 0.3965 0.2739 -0.8762
vn 0.2928 0.2722 -0.9166
vn -0.5184 -0.0776 -0.8516
vn -0.7515 -0.2347 -0.6166
vn 0.9750 0.2206 -0.0273
vn 0.5408 0.1014 -0.8350
vn 0.9570 0.2891 -0.0220
vn -0.3754 -0.1462 -0.9153
vn -0.8018 -0.2819 -0.5269
vn -0.9237 -0.3772 0.0667
vn -0.9093 -0.4124 0.0559
vn 0.8242 0.2555 -0.5054
vn 0.2933 -0.9448 -0.1458
vn 0.7514 0.1010 0.6521
vn 0.5146 -0.0529 0.8558
vn -0.2897 -0.4023 0.8684
vn -0.6881 -0.5783 0.4383
vn -0.8870 -0.4554 0.0762
vn -0.4148 -0.4166 0.8089
vn 0.2903 -0.1556 0.9442
vn 0.7562 0.1041 0.6460
vn 0.9397 0.3382 -0.0515
vn -0.3038 0.7342 -0.6072
vn 0.1427 0.3458 -0.9274
vn -0.5777 0.7369 0.3509
vn -0.6973 0.6753 0.2405
vn -0.1418 0.9306 -0.3375
vn 0.4532 0.6239 -0.6367
vn 0.4072 -0.7159 0.5672
vn 0.0756 -0.2400 0.9678
vn 0.6578 -0.6823 -0.3190
vn 0.2254 -0.6651 -0.7119
vn 0.2575 -0.9132 0.3159
vn 0.0304 -0.2525 0.9671
vn -0.0251 0.1692 0.9853
vn -0.0807 0.2017 0.9761
vn 0.6927 -0.0117 -0.7211
vn 0.1691 -0.1938 -0.9664
vn 0.5753 -0.3553 -0.7367
vn 0.9330 0.1094 -0.3429
vn 0.9721 0.0704 -0.2239
vn 0.5221 -0.2847 -0.8040
vn 0.8080 0.4369 0.3953
vn 0.7946 0.1944 0.5752
vn -0.3339 -0.1081 0.9364
vn -0.3233 -0.2761 0.9051
vn 0.2015 -0.0709 0.9769
vn 0.1698 0.0797 0.9823
vn 0.4310 -0.0434 -0.9013
vn 0.9189 0.1245 -0.3742
vn -0.0374 -0.9669 -0.2522
vn -0.3065 -0.5258 0.7935
vn 0.2363 -0.5518 -0.7998
vn -0.1350 -0.8057 -0.5767
vn -0.7588 -0.6055 0.2397
vn 0.3262 -0.0733 -0.9425
vn 0.7008 0.1601 -0.6951
vn -0.4593 0.1737 0.8712
vn -0.8067 0.1063 0.5814
vn 0.7770 0.5310 0.3381
vn 0.1991 0.4540 0.8685
vn 0.1449 0.3537 0.9241
vn 0.6529 0.7287 0.2069
vn 0.1697 0.8116 0.5590
vn -0.3619 0.5827 0.7277
vn -0.3958 0.2811 0.8743
vn -0.4139 0.1361 0.9001
vn 0.8761 0.3553 -0.3260
vn 0.6253 0.7403 -0.2470
vn -0.7728 0.1481 0.6171
vn -0.5910 0.6667 0.4542
vn -0.7931 -0.1408 0.5926
vn 0.0182 0.9986 0.0496
vn 0.8697 0.0636 0.4894
vn 0.9126 0.2055 -0.3535
vn 0.4380 -0.0162 -0.8988
vn 0.8617 0.2808 0.4226
vn 0.8672 0.3248 0.3776
vn 0.9369 0.1753 -0.3024
vn 0.4866 -0.0940 -0.8685
vn -0.7163 -0.3712 0.5909
vn -0.7219 -0.5058 0.4722
vn -0.5342 0.0294 0.8449
vn -0.8923 -0.2584 0.3701
vn -0.9357 -0.0931 0.3404
vn -0.5586 0.1254 0.8199
vn -0.8536 -0.4317 -0.2916
vn -0.9031 -0.3068 -0.3004
vn -0.9433 -0.2136 -0.2542
vn -0.9363 -0.0199 0.3507
vn -0.5770 0.1379 0.8050
vn -0.7646 -0.5763 -0.2886
vn -0.2977 -0.3661 -0.8817
vn -0.3275 -0.3393 -0.8818
vn -0.7971 -0.5207 -0.3057
vn -0.3618 -0.3794 -0.8515
vn -0.8021 -0.4060 0.4380
vn -0.4277 -0.1100 0.8972
vn 0.1940 0.1602 0.9678
vn 0.1867 0.2896 0.9388
vn 0.3868 0.1964 -0.9010
vn 0.8131 0.4150 -0.4082
vn 0.8874 0.3379 -0.3137
vn 0.4523 0.1880 -0.8718
vn 0.5980 0.8011 -0.0266
vn 0.6475 0.6966 0.3090
vn 0.8948 0.0826 0.4389
vn 0.9600 0.1143 -0.2557
vn 0.4809 0.1697 -0.8602
vn 0.1722 0.3173 0.9326
vn 0.8642 0.3179 0.3900
vn 0.1120 0.2823 0.9528
vn 0.8405 0.2954 0.4542
vn 0.9542 0.1250 -0.2719
vn 0.5151 -0.1768 -0.8387
vn 0.9620 0.1064 -0.2516
vn 0.5044 -0.2189 -0.8353
vn -0.3813 -0.3913 -0.8376
vn -0.4539 -0.3691 -0.8110
vn -0.9559 0.0564 -0.2883
vn -0.4643 0.1572 -0.8716
vn -0.3833 0.1637 -0.9090
vn -0.9246 -0.0511 -0.3776
vn 0.4992 0.1459 -0.8541
vn 0.5692 0.0815 -0.8181
vn -0.3041 0.1139 -0.9458
vn -0.9089 -0.0646 -0.4119
vn -0.9029 -0.0122 -0.4297
vn -0.4477 -0.0378 -0.8934
vn -0.4615 0.0428 -0.8861
vn -0.9507 0.1268 -0.2829
vn -0.6321 0.7243 0.2754
vn -0.9421 0.3190 0.1031
vn -0.9198 0.2881 0.2664
vn -0.5606 0.5495 0.6195
vn -0.9166 -0.1145 0.3831
vn -0.5221 -0.0765 0.8495
vn -0.1804 0.9481 0.2620
vn 0.0577 0.6517 0.7563
vn 0.2350 -0.0451 0.9709
vn -0.5798 -0.3129 0.7522
vn -0.9416 -0.2451 0.2308
vn -0.9763 -0.0903 0.1968
vn -0.7121 -0.0567 0.6997
vn -0.9313 -0.0447 -0.3616
vn -0.9587 0.0153 -0.2840
vn -0.9862 0.0355 0.1619
vn -0.7841 0.0395 0.6194
vn -0.9017 -0.3162 0.2947
vn -0.4429 -0.4369 0.7829
vn 0.2583 -0.4086 0.8754
vn 0.8909 -0.2270 0.3933
vn 0.2501 -0.3251 0.9120
vn 0.9119 -0.2174 0.3480
vn 0.9607 -0.0100 -0.2774
vn 0.9597 -0.0664 -0.2729
vn 0.7547 -0.1272 -0.6436
vn 0.9750 -0.1559 -0.1585
vn 0.9682 -0.2066 -0.1408
vn 0.7867 -0.2064 -0.5817
vn 0.9463 -0.1456 0.2886
vn 0.9459 -0.2216 0.2368
vn 0.9262 -0.2944 0.2354
vn 0.9595 -0.2356 -0.1545
vn 0.7703 -0.1863 -0.6099
vn 0.2279 -0.0860 0.9699
vn 0.9293 -0.1297 0.3458
vn 0.2278 -0.0730 0.9710
vn 0.9717 -0.1038 -0.2123
vn 0.6725 -0.0090 -0.7400
vn -0.2456 0.0313 -0.9689
vn -0.2198 -0.0759 -0.9726
vn -0.7646 0.0022 0.6445
vn -0.9702 0.1623 0.1801
vn -0.9645 0.1589 0.2111
vn -0.7118 -0.0593 0.6999
vn -0.9521 0.1982 -0.2330
vn -0.9326 0.2485 -0.2617
vn -0.9211 0.2643 -0.2857
vn -0.9662 0.0633 0.2497
vn -0.6818 -0.0949 0.7254
vn -0.2471 -0.0882 -0.9650
vn -0.9655 0.1105 -0.2359
vn -0.2788 0.0555 -0.9588
vn -0.9796 0.1261 0.1568
vn -0.7978 0.0463 0.6011
vn 0.2172 -0.1806 0.9593
vn 0.2087 -0.2930 0.9331
vn -0.2207 0.1241 -0.9674
vn -0.2194 -0.9464 -0.2370
vn 0.6871 -0.0640 -0.7237
vn 0.9200 -0.2953 -0.2577
vn 0.8790 -0.3810 0.2867
vn 0.1705 -0.4968 0.8509
vn 0.2082 -0.3744 0.9036
vn 0.9000 -0.3486 0.2616
vn 0.9510 -0.2429 -0.1912
vn 0.7241 -0.1108 -0.6807
vn -0.2747 0.1957 -0.9414
vn 0.0664 0.9978 -0.0000
vn -0.3004 0.9538 -0.0000
vn -0.3230 0.9429 0.0816
vn 0.0519 0.9939 0.0974
vn -0.8114 0.5845 -0.0000
vn -0.8151 0.5758 0.0640
vn -0.8060 0.5036 0.3111
vn -0.4628 0.7294 0.5037
vn -0.0314 0.7945 0.6064
vn 0.7678 0.6407 -0.0000
vn 0.3639 0.9314 -0.0000
vn 0.3691 0.9234 0.1057
vn 0.7666 0.6232 0.1546
vn 0.3930 0.7219 0.5696
vn 0.7211 0.5386 0.4358
vn 0.8912 0.4027 0.2090
vn 0.7690 0.3816 0.5128
vn 0.9052 0.4250 -0.0000
vn 0.4671 0.4417 0.7659
vn 0.0142 0.5355 0.8444
vn -0.9452 0.3164 0.0806
vn -0.9463 0.3233 -0.0000
vn -0.8608 0.3713 0.3479
vn -0.5149 0.5014 0.6954
vn -0.2406 -0.5715 -0.7845
vn -0.7614 -0.6251 -0.1715
vn 0.0257 -0.9577 -0.2867
vn 0.3214 -0.9074 -0.2709
vn 0.0767 -0.8329 -0.5481
vn 0.3181 -0.7987 -0.5107
vn 0.4852 -0.7610 -0.4307
vn 0.5395 -0.8083 -0.2357
vn 0.9863 0.0474 -0.1580
vn 0.9225 0.3521 -0.1581
vn 0.9256 -0.3393 -0.1677
vn 0.9559 0.2926 0.0264
vn 0.7943 0.5613 -0.2325
vn 0.8864 0.4272 -0.1783
vn 0.7332 -0.6375 -0.2367
vn 0.5852 -0.6466 -0.4893
vn 0.6945 -0.5092 -0.5083
vn 0.8759 -0.4183 -0.2403
vn 0.9571 -0.2078 -0.2020
vn 0.7980 -0.3953 -0.4549
vn -0.2505 -0.8305 -0.4975
vn -0.1956 -0.6961 -0.6908
vn 0.1161 -0.6826 -0.7216
vn -0.5348 -0.7640 -0.3610
vn -0.5514 -0.6990 -0.4553
vn -0.5129 -0.6200 -0.5938
vn -0.1682 -0.5809 -0.7964
vn 0.1342 -0.5838 -0.8007
vn -0.1461 -0.4060 -0.9021
vn 0.1365 -0.4983 -0.8562
vn -0.4687 -0.2886 -0.8349
vn -0.7320 0.0456 -0.6798
vn -0.1415 -0.2007 -0.9694
vn 0.0604 -0.2487 -0.9667
vn -0.8295 0.2375 -0.5055
vn -0.8953 0.3836 -0.2266
vn -0.9000 0.3721 -0.2271
vn -0.7644 0.3975 -0.5076
vn -0.8304 0.5288 -0.1756
vn -0.9483 0.2947 0.1183
vn -0.9677 0.2521 -0.0033
vn -0.6215 -0.7663 -0.1630
vn -0.7325 -0.6643 -0.1490
vn -0.7463 -0.6495 -0.1455
vn -0.9057 0.3774 -0.1931
vn -0.8389 0.3416 -0.4237
vn -0.9354 0.2963 -0.1931
vn -0.6719 0.4380 -0.5972
vn 0.8539 0.3094 -0.4185
vn 0.9487 0.2448 -0.1999
vn 0.8708 0.0287 -0.4907
vn 0.9724 -0.0374 -0.2302
vn 0.4055 -0.5793 -0.7071
vn 0.4534 -0.5295 -0.7170
vn 0.4546 -0.5775 -0.6780
vn 0.3531 -0.6654 -0.6577
vn -0.3484 -0.9073 -0.2354
vn 0.5790 0.6828 0.4456
vn 0.3641 0.8368 -0.4090
vn 0.5386 0.5723 -0.6184
vn 0.0680 0.2552 0.9645
vn -0.1190 0.9367 0.3294
vn -0.0848 0.6305 -0.7716
vn 0.1194 0.4823 -0.8678
vn 0.1347 0.3693 -0.9195
vn 0.1413 0.1719 -0.9749
vn 0.1462 0.0016 -0.9893
vn 0.5812 -0.0160 -0.8136
vn 0.6033 0.1025 -0.7909
vn 0.5142 0.0045 -0.8577
vn 0.6570 0.1718 -0.7340
vn 0.8413 0.1419 -0.5216
vn 0.8411 -0.0782 -0.5352
vn -0.7644 0.0947 -0.6378
vn -0.7418 -0.0404 -0.6694
vn -0.3377 -0.0056 -0.9412
vn -0.3418 0.1933 -0.9197
vn -0.9109 -0.1083 -0.3981
vn -0.1876 -0.6578 -0.7294
vn 0.2057 0.3612 -0.9095
vn 0.6167 0.3407 -0.7096
vn -0.9699 0.1119 -0.2165
vn -0.9637 -0.0432 -0.2634
vn -0.7564 0.2814 -0.5905
vn -0.2711 0.3750 -0.8865
vn -0.1743 0.4020 -0.8989
vn 0.7794 0.4443 -0.4417
vn 0.8544 0.4526 -0.2553
vn 0.9514 0.1312 -0.2785
vn 0.7495 0.4897 -0.4455
vn 0.8337 0.5011 -0.2319
vn -0.9522 -0.0756 -0.2961
vn -0.9512 0.1436 -0.2731
vn 0.9564 -0.1296 -0.2616
vn -0.7722 -0.6290 0.0899
vn 0.0745 -0.9972 -0.0091
vn -0.7083 -0.6664 0.2331
vn -0.0020 -0.9835 0.1809
vn 0.6255 -0.7613 -0.1709
vn 0.6987 -0.4977 -0.5139
vn 0.6672 0.4516 -0.5924
vn 0.6638 0.4680 -0.5834
vn 0.3813 0.6980 -0.6061
vn 0.5866 0.5147 -0.6252
vn -0.8638 0.4636 -0.1972
vn -0.8650 0.4848 -0.1293
vn -0.7876 0.5691 -0.2360
vn -0.9150 0.3633 -0.1753
vn 0.5832 0.5266 -0.6186
vn 0.6888 0.4522 -0.5666
vn -0.0713 0.7608 -0.6450
vn -0.0437 0.7770 -0.6280
vn 0.7522 0.4380 -0.4922
vn -0.0486 0.7313 -0.6804
vn -0.7382 0.4695 -0.4844
vn -0.7380 0.5211 -0.4287
vn -0.6596 0.6234 -0.4199
vn -0.7445 0.6305 -0.2193
vn -0.9786 0.2007 -0.0461
vn -0.8096 0.5314 -0.2493
vn -0.9977 0.0542 0.0402
vn 0.4774 0.6826 -0.5533
vn -0.1687 0.8908 -0.4218
vn -0.3641 0.7819 -0.5060
vn 0.5481 0.4997 -0.6707
vn -0.2081 0.7583 -0.6178
vn 0.7623 0.2651 -0.5905
vn 0.8230 -0.0004 -0.5680
vn 0.7814 -0.5329 0.3248
vn 0.7773 -0.4781 0.4089
vn 0.9953 -0.0872 0.0410
vn 0.9917 -0.1183 -0.0509
vn 0.7688 -0.4788 0.4238
vn 0.9966 -0.0639 0.0529
vn 0.7949 0.4388 -0.4190
vn 0.7808 0.4334 -0.4500
vn 0.8269 -0.5332 -0.1787
vn 0.7470 -0.6275 0.2196
vn 0.9400 -0.1074 -0.3238
vn 0.8887 -0.0516 -0.4557
vn -0.8112 -0.4381 0.3874
vn -0.7572 -0.5205 0.3947
vn 0.0474 -0.8068 0.5889
vn 0.1569 -0.7821 0.6030
vn -0.7816 -0.5245 0.3376
vn 0.0626 -0.8103 0.5827
vn -0.9919 0.0627 -0.1108
vn -0.9885 0.1316 -0.0742
vn -0.9931 0.0048 -0.1176
vn -0.7778 0.4490 -0.4398
vn -0.7795 0.4777 -0.4051
vn -0.9998 0.0050 -0.0181
vn -0.9993 -0.0004 -0.0380
vn -0.7747 0.4948 -0.3937
vn -0.9998 0.0144 -0.0138
vn -0.7912 -0.4800 0.3789
vn -0.7894 -0.4829 0.3790
vn -0.7861 -0.4821 0.3868
vn -0.7862 -0.4924 0.3734
vn 0.0520 -0.7619 0.6456
vn 0.0189 -0.7612 0.6483
vn -0.7592 0.4505 -0.4697
vn -0.9973 0.0033 -0.0739
vn -0.0397 0.7153 -0.6977
vn -0.0315 0.7236 -0.6895
vn 0.7655 -0.4648 0.4449
vn 0.7682 -0.4850 0.4180
vn 0.9984 -0.0252 0.0504
vn 0.9974 -0.0109 0.0712
vn 0.7773 -0.5185 0.3562
vn 0.9984 -0.0550 0.0085
vn 0.7962 0.4669 -0.3847
vn 0.7889 0.5123 -0.3395
vn 0.7917 0.5209 -0.3192
vn 0.7905 0.4745 -0.3873
vn -0.0269 0.7674 -0.6405
vn 0.7814 0.4966 -0.3780
vn -0.0327 0.7855 -0.6180
vn 0.7643 -0.4949 0.4133
vn 0.9980 -0.0427 0.0466
vn 0.7636 -0.4975 0.4116
vn 0.9984 -0.0328 0.0462
vn -0.0054 -0.7777 0.6287
vn -0.0086 -0.7804 0.6252
vn 0.7926 -0.5155 0.3257
vn 0.9976 -0.0681 -0.0133
vn 0.8105 -0.4693 0.3505
vn 0.9983 -0.0578 -0.0067
vn 0.8148 0.3815 -0.4366
vn 0.8068 0.4143 -0.4213
vn -0.7930 -0.4468 0.4141
vn -0.7950 -0.4685 0.3852
vn -0.0169 -0.7650 0.6438
vn -0.0204 -0.7380 0.6745
vn -0.8014 -0.5052 0.3203
vn -0.0169 -0.8195 0.5729
vn -0.7838 0.5191 -0.3410
vn -0.7852 0.5052 -0.3581
vn -0.9999 0.0117 -0.0043
vn -0.9995 0.0267 0.0196
vn -0.7926 0.4592 -0.4011
vn -0.9987 -0.0241 -0.0460
vn -0.0291 0.8232 -0.5670
vn -0.0236 0.8337 -0.5518
vn -0.0263 0.7781 -0.6276
vn -0.8079 0.3756 -0.4542
vn -0.8102 0.3513 -0.4692
vn -0.9983 -0.0310 -0.0494
vn -0.9974 -0.0357 -0.0630
vn -0.8092 0.3394 -0.4795
vn -0.9953 -0.0533 -0.0809
vn -0.8449 -0.3990 0.3562
vn -0.8419 -0.4187 0.3404
vn -0.8316 -0.4609 0.3098
vn -0.8144 -0.5042 0.2871
vn -0.0168 -0.8379 0.5455
vn -0.0164 -0.7963 0.6046
vn -0.8014 0.4088 -0.4366
vn -0.9969 -0.0412 -0.0677
vn -0.0230 0.7203 -0.6933
vn -0.0191 0.6738 -0.7387
vn 0.0137 -0.7476 -0.6640
vn -0.0182 -0.7510 0.6600
vn 0.0203 0.5377 -0.8429
vn 0.8182 0.3467 -0.4587
vn 0.9977 -0.0591 -0.0331
vn 0.8238 -0.4037 0.3980
vn 0.8187 0.3580 -0.4489
vn -0.0161 0.6264 -0.7793
vn 0.8208 -0.4245 0.3822
vn 0.9988 -0.0484 0.0091
vn -0.0153 -0.7334 0.6797
vn -0.7941 -0.3538 -0.4941
vn -0.1388 -0.5308 -0.8361
vn -0.7862 -0.6176 0.0227
vn -0.2127 -0.9734 -0.0850
vn 0.4612 -0.6538 -0.5998
vn 0.0836 0.0012 -0.9965
vn 0.5785 -0.8012 -0.1527
vn 0.9655 -0.0860 -0.2457
vn 0.6824 0.0144 -0.7308
vn 0.5722 -0.7895 -0.2218
vn 0.9748 -0.0869 -0.2056
vn 0.7735 0.6222 -0.1206
vn 0.7573 0.6042 -0.2477
vn 0.5307 0.4516 -0.7172
vn 0.0850 0.2408 -0.9669
vn -0.0486 0.4285 -0.9022
vn 0.1135 0.7678 -0.6306
vn -0.5145 0.7477 -0.4198
vn -0.4448 0.5415 -0.7134
vn -0.8072 0.2999 -0.5084
vn -0.9769 0.1714 -0.1275
vn 0.0878 0.1091 -0.9901
vn -0.0779 0.1337 -0.9880
vn 0.6542 -0.7433 -0.1397
vn 0.6230 -0.7026 0.3438
vn 0.9611 -0.2428 -0.1314
vn 0.9510 -0.2349 -0.2011
vn 0.6982 -0.3226 0.6391
vn 0.9963 -0.0762 -0.0398
vn 0.6934 0.1498 -0.7048
vn 0.6816 0.0999 -0.7249
vn 0.7017 0.1856 -0.6878
vn 0.1505 0.9758 -0.1586
vn 0.1706 0.9852 0.0175
vn -0.5658 0.8080 0.1644
vn -0.5732 0.8193 -0.0119
vn -0.7844 -0.6174 0.0590
vn -0.1514 -0.9882 -0.0233
vn -0.7684 -0.6400 0.0056
vn -0.1461 -0.9785 -0.1456
vn -0.9839 0.1596 0.0806
vn -0.9787 0.1160 0.1693
vn -0.7107 0.3051 -0.6339
vn -0.6459 0.5773 -0.4995
vn 0.0630 0.6169 -0.7845
vn 0.0169 0.3859 -0.9224
vn -0.4581 0.8666 -0.1976
vn 0.1385 0.9513 -0.2755
vn 0.6457 0.7156 -0.2664
vn 0.7116 0.4265 -0.5583
vn -0.5549 0.6997 0.4499
vn -0.5588 0.7814 0.2779
vn -0.9495 0.3074 0.0621
vn -0.9496 0.1380 0.2813
vn -0.9984 -0.0379 -0.0422
vn -0.8311 -0.5404 0.1311
vn 0.9825 0.1335 -0.1299
vn 0.9970 -0.0042 -0.0777
vn 0.7632 0.6346 0.1217
vn 0.7718 0.6104 0.1782
vn 0.1681 0.9285 0.3311
vn 0.1686 0.8917 0.4200
vn 0.7762 0.6304 0.0052
vn 0.1771 0.9580 0.2257
vn -0.5561 0.7507 0.3567
vn 0.5477 -0.7699 -0.3274
vn 0.9781 -0.0597 -0.1996
vn -0.9621 0.0866 0.2588
vn -0.7618 -0.6469 -0.0340
vn -0.1666 -0.9493 -0.2665
vn -0.1798 -0.9766 -0.1178
vn -0.7027 -0.3001 0.6451
vn -0.6903 -0.2285 0.6865
vn -0.0084 -0.3157 0.9488
vn -0.0245 -0.4136 0.9101
vn -0.6671 -0.1741 0.7244
vn -0.0011 -0.2185 0.9758
vn 0.6807 -0.1344 0.7201
vn 0.6999 -0.2249 0.6779
vn -0.7541 -0.5294 0.3887
vn -0.1444 -0.8463 0.5128
vn -0.0102 0.2468 -0.9690
vn -0.0039 0.2457 -0.9693
vn -0.7181 0.1558 -0.6783
vn -0.7196 0.1510 -0.6777
vn -0.9895 -0.1401 -0.0366
vn -0.9975 -0.0684 0.0165
vn -0.6727 0.1225 -0.7297
vn -0.6452 0.0537 -0.7621
vn -0.9996 -0.0296 0.0021
vn -0.9997 -0.0236 0.0041
vn -0.6215 0.0289 -0.7829
vn -0.9995 -0.0255 0.0165
vn -0.6083 -0.0489 0.7922
vn -0.6409 -0.0959 0.7616
vn 0.9995 -0.0051 -0.0326
vn 0.9989 0.0331 -0.0342
vn 0.6462 0.1510 -0.7481
vn 0.6767 0.1828 -0.7132
vn -0.6992 0.1793 -0.6920
vn -0.9997 -0.0195 0.0164
vn -0.0021 0.2507 -0.9681
vn -0.0062 0.1761 -0.9844
vn -0.7352 0.3229 -0.5960
vn -0.6341 0.2766 -0.7221
vn -0.9984 -0.0472 -0.0299
vn -0.9974 -0.0338 0.0639
vn -0.6974 -0.1141 -0.7075
vn -0.9813 -0.1919 0.0138
vn -0.7072 0.0163 0.7068
vn -0.6468 0.2450 0.7222
vn -0.7644 0.1316 0.6312
vn 0.6288 0.1025 -0.7708
vn -0.0021 0.0934 -0.9956
vn 0.6457 0.0799 -0.7594
vn 0.0204 0.0629 -0.9978
vn 0.0020 -0.0946 0.9955
vn 0.0190 -0.0308 0.9993
vn 0.6528 0.0132 0.7574
vn 0.6552 -0.0327 0.7547
vn 0.9980 0.0574 -0.0263
vn 0.9979 0.0642 -0.0062
vn -0.7302 -0.1314 0.6705
vn -0.0164 0.0449 0.9989
vn -0.0051 0.1992 0.9800
vn -0.7533 -0.1398 0.6426
vn -0.0075 0.0588 0.9982
vn 0.7983 0.1320 0.5876
vn 0.7599 0.0383 0.6490
vn 0.7252 0.1098 0.6797
vn 0.5407 0.6545 -0.5285
vn 0.6607 0.3663 -0.6552
vn 0.0458 0.4455 -0.8941
vn 0.0108 0.6813 -0.7319
vn 0.6924 -0.0740 -0.7177
vn 0.0053 -0.0264 -0.9996
vn 0.0276 0.5049 0.8627
vn -0.0295 0.6493 0.7600
vn 0.6673 0.4229 0.6130
vn 0.5155 0.6695 0.5349
vn 0.9543 0.2967 -0.0347
vn 0.8070 0.5904 0.0137
vn 0.9959 -0.0817 -0.0383
vn -0.7624 -0.3545 -0.5414
vn -0.7783 -0.3586 -0.5154
vn -0.9620 -0.2693 0.0459
vn -0.9588 -0.2803 0.0460
vn -0.7698 -0.3916 -0.5040
vn -0.9596 -0.2787 0.0380
vn -0.7806 -0.0854 0.6191
vn -0.7698 -0.1143 0.6280
vn 0.9928 -0.1019 -0.0628
vn 0.9946 0.0444 -0.0941
vn 0.7348 -0.1169 -0.6681
vn 0.6954 -0.2169 -0.6852
vn -0.7269 -0.3344 -0.5999
vn -0.9552 -0.2939 0.0357
vn -0.0368 -0.2914 -0.9559
vn -0.0452 -0.3109 -0.9494
vn 0.7583 -0.0596 -0.6491
vn 0.7567 -0.0906 -0.6475
vn -0.0322 -0.4067 -0.9130
vn -0.0335 -0.3462 -0.9376
vn 0.7618 -0.1039 -0.6394
vn 0.0359 -0.5078 -0.8607
vn -0.7373 -0.4585 -0.4962
vn -0.7515 -0.4321 -0.4986
vn 0.7533 -0.0506 -0.6557
vn -0.0387 -0.3043 -0.9518
vn 0.0057 0.1265 0.9920
vn 0.0139 0.2092 0.9778
vn 0.7988 0.2943 0.5247
vn 0.8091 0.2230 0.5437
vn 0.9857 0.1351 -0.1002
vn 0.9812 0.1762 -0.0784
vn -0.7818 -0.0421 0.6221
vn -0.9334 -0.3529 0.0654
vn 0.2195 -0.9252 0.3094
vn -0.0200 0.2018 0.9792
vn 0.9898 0.1308 -0.0556
vn 0.7728 0.3604 0.5224
vn -0.7848 -0.0571 0.6171
vn 0.0218 0.2838 0.9586
vn 0.7815 0.3435 0.5209
vn 0.9780 0.2038 -0.0433
vn -0.9551 -0.2942 0.0347
vn -0.2598 0.6748 -0.6908
vn -0.4371 0.8901 -0.1288
vn 0.1357 0.6852 -0.7156
vn -0.0406 0.9948 -0.0934
vn -0.3495 0.7500 0.5615
vn -0.7617 0.5439 0.3520
vn -0.6132 -0.6109 -0.5008
vn -0.7049 -0.1868 -0.6842
vn -0.3447 -0.7829 -0.5179
vn -0.6366 -0.1194 -0.7619
vn -0.9854 -0.0431 0.1646
vn -0.9462 -0.0778 0.3141
vn -0.7832 -0.5473 0.2951
vn -0.8978 -0.4149 0.1478
vn -0.6699 -0.7377 -0.0840
vn -0.4353 -0.9001 0.0186
vn 0.4687 -0.4955 -0.7313
vn 0.0486 -0.1680 -0.9846
vn 0.0021 0.1030 -0.9947
vn 0.2602 0.0201 -0.9653
vn -0.6020 -0.0459 -0.7972
vn -0.5724 0.1816 -0.7996
vn -0.4435 0.5803 -0.6831
vn -0.0422 0.6731 -0.7384
vn 0.2140 -0.7868 -0.5790
vn -0.0041 -0.0973 -0.9952
vn -0.8229 -0.0813 0.5623
vn -0.4793 0.0199 0.8774
vn -0.0920 -0.6735 0.7335
vn -0.5253 -0.7100 0.4690
vn 0.0095 -0.9996 0.0256
vn 0.4747 -0.8800 0.0190
vn -0.9971 -0.0381 -0.0654
vn -0.9707 0.2044 -0.1264
vn -0.7365 -0.0872 0.6708
vn -0.7699 0.1765 0.6132
vn -0.6437 0.6110 0.4608
vn -0.6674 0.7303 -0.1459
vn -0.3223 0.7329 0.5992
vn -0.3656 0.1301 0.9216
vn -0.2655 -0.2176 0.9392
vn 0.6500 -0.3029 -0.6970
vn 0.0919 -0.0960 -0.9911
vn 0.7008 -0.0563 -0.7111
vn 0.1054 0.0663 -0.9922
vn -0.6040 0.0963 -0.7911
vn -0.6165 -0.0268 -0.7869
vn -0.1509 0.9837 -0.0981
vn -0.6927 -0.1499 0.7055
vn -0.6964 -0.0960 0.7112
vn -0.1079 -0.2087 0.9720
vn -0.1027 -0.2577 0.9608
vn -0.7034 -0.0372 0.7098
vn -0.1493 -0.1555 0.9765
vn 0.5705 -0.2233 0.7904
vn 0.5845 -0.2599 0.7686
vn 0.5753 -0.3190 0.7532
vn -0.9971 -0.0755 -0.0126
vn -0.9998 0.0017 -0.0177
vn -0.6874 -0.1759 0.7047
vn -0.1434 -0.3118 0.9393
vn 0.4389 -0.5396 0.7185
vn 0.8509 -0.5253 -0.0041
vn 0.9732 -0.2294 0.0133
vn 0.7012 -0.0121 -0.7129
vn 0.7082 0.0040 -0.7060
vn 0.1425 0.1354 -0.9805
vn 0.1230 0.1221 -0.9849
vn 0.6906 0.0269 -0.7227
vn 0.1091 0.1495 -0.9827
vn -0.6473 0.2412 -0.7231
vn -0.5551 0.2353 -0.7978
vn -0.5689 0.2058 -0.7963
vn -0.5904 0.1584 -0.7914
vn -0.9974 0.0697 -0.0174
vn -0.9904 0.1380 -0.0099
vn 0.7002 -0.0117 -0.7139
vn 0.1092 0.1107 -0.9878
vn 0.9844 -0.1754 0.0135
vn 0.9865 -0.1631 0.0143
vn -0.6800 0.4694 0.5633
vn -0.7998 0.2452 0.5479
vn -0.4689 0.3713 0.8014
vn -0.4279 0.5454 0.7208
vn -0.8304 -0.0961 0.5489
vn -0.4296 0.0537 0.9014
vn 0.4580 0.1705 0.8724
vn 0.3475 0.4510 0.8221
vn 0.5151 0.4893 0.7037
vn 0.5332 -0.1375 0.8348
vn 0.9926 -0.1199 0.0211
vn 0.3781 -0.0520 0.9243
vn 0.9957 -0.0757 0.0543
vn -0.7283 0.0358 0.6844
vn -0.2489 -0.0561 0.9669
vn -0.7588 0.0672 0.6478
vn -0.3645 0.0053 0.9312
vn -0.9833 0.1822 -0.0056
vn -0.9811 0.1759 0.0809
vn -0.5681 0.0353 -0.8222
vn -0.5124 -0.2418 -0.8240
vn -0.9327 -0.3446 -0.1064
vn -0.9864 -0.1342 -0.0953
vn -0.5179 -0.3064 -0.7987
vn -0.9250 -0.3702 -0.0857
vn -0.8095 -0.2970 0.5064
vn -0.8101 -0.2767 0.5170
vn -0.4700 0.7926 -0.3885
vn -0.5872 0.5245 -0.6166
vn -0.9535 0.3012 0.0125
vn -0.8046 0.5627 0.1899
vn 0.7646 0.4114 -0.4962
vn 0.6903 0.3943 -0.6067
vn 0.1058 0.5630 -0.8196
vn 0.1305 0.7434 -0.6559
vn 0.7844 0.1388 -0.6045
vn 0.2070 0.1566 -0.9657
vn 0.9695 0.2362 0.0659
vn 0.9624 0.2709 0.0180
vn 0.9909 0.1211 0.0581
vn 0.8209 0.0821 -0.5651
vn 0.8016 0.1208 -0.5856
vn 0.2483 -0.1007 -0.9634
vn 0.2695 -0.0872 -0.9591
vn 0.7728 0.1154 -0.6241
vn 0.2325 -0.1465 -0.9615
vn -0.5047 -0.3876 -0.7714
vn -0.5300 -0.3345 -0.7792
vn 0.8161 0.0439 -0.5762
vn 0.2604 -0.0543 -0.9640
vn 0.5104 -0.0203 0.8597
vn 0.9971 0.0623 0.0434
vn 0.5297 -0.0067 0.8482
vn 0.9905 0.1324 0.0370
vn -0.4049 -0.1591 0.9004
vn -0.4022 -0.1941 0.8947
vn -0.7773 -0.2666 0.5699
vn -0.7548 -0.2459 0.6081
vn -0.4044 -0.0356 0.9139
vn -0.3455 -0.0702 0.9358
vn -0.7515 -0.2347 0.6166
vn -0.5184 -0.0776 0.8516
vn 0.2928 0.2722 0.9166
vn 0.3965 0.2739 0.8762
vn 0.5102 0.2214 0.8311
vn 0.5408 0.1014 0.8350
vn 0.9750 0.2206 0.0273
vn 0.9570 0.2891 0.0220
vn -0.8018 -0.2819 0.5269
vn -0.3754 -0.1462 0.9153
vn -0.9237 -0.3772 -0.0667
vn -0.9093 -0.4124 -0.0559
vn 0.2933 -0.9448 0.1458
vn 0.8242 0.2555 0.5054
vn -0.6881 -0.5783 -0.4383
vn -0.2897 -0.4023 -0.8684
vn 0.5146 -0.0529 -0.8558
vn 0.7514 0.1010 -0.6521
vn -0.4148 -0.4166 -0.8089
vn -0.8870 -0.4554 -0.0762
vn 0.7562 0.1041 -0.6460
vn 0.2903 -0.1556 -0.9442
vn 0.9397 0.3382 0.0515
vn 0.1427 0.3458 0.9274
vn -0.3038 0.7342 0.6072
vn 0.4532 0.6239 0.6367
vn -0.1418 0.9306 0.3375
vn -0.6973 0.6753 -0.2405
vn -0.5777 0.7369 -0.3509
vn 0.0756 -0.2400 -0.9678
vn 0.4072 -0.7159 -0.5672
vn 0.0304 -0.2525 -0.9671
vn 0.2575 -0.9132 -0.3159
vn 0.2254 -0.6651 0.7119
vn 0.6578 -0.6823 0.3190
vn -0.0251 0.1692 -0.9853
vn -0.0807 0.2017 -0.9761
vn 0.6927 -0.0117 0.7211
vn 0.1691 -0.1938 0.9664
vn 0.5753 -0.3553 0.7367
vn 0.5221 -0.2847 0.8040
vn 0.9721 0.0704 0.2239
vn 0.9330 0.1094 0.3429
vn 0.4310 -0.0434 0.9013
vn 0.9189 0.1245 0.3742
vn 0.7946 0.1944 -0.5752
vn 0.8697 0.0636 -0.4894
vn 0.2015 -0.0709 -0.9769
vn 0.1698 0.0797 -0.9823
vn 0.8080 0.4369 -0.3953
vn -0.3065 -0.5258 -0.7935
vn -0.0374 -0.9669 0.2522
vn -0.7588 -0.6056 -0.2397
vn -0.1350 -0.8057 0.5767
vn 0.2363 -0.5518 0.7998
vn 0.3262 -0.0733 0.9425
vn 0.7008 0.1601 0.6951
vn -0.4593 0.1737 -0.8712
vn -0.8067 0.1063 -0.5814
vn 0.1449 0.3537 -0.9241
vn 0.1991 0.4540 -0.8685
vn 0.7770 0.5310 -0.3381
vn -0.4139 0.1361 -0.9001
vn -0.3958 0.2811 -0.8743
vn -0.3619 0.5827 -0.7277
vn 0.1697 0.8116 -0.5590
vn 0.6529 0.7287 -0.2069
vn 0.8761 0.3553 0.3260
vn 0.6253 0.7403 0.2470
vn -0.5910 0.6667 -0.4542
vn -0.7728 0.1481 -0.6171
vn -0.7931 -0.1408 -0.5926
vn 0.0182 0.9986 -0.0496
vn -0.3339 -0.1081 -0.9364
vn 0.4380 -0.0162 0.8988
vn 0.9126 0.2055 0.3535
vn 0.4866 -0.0940 0.8685
vn 0.9369 0.1753 0.3024
vn 0.8672 0.3248 -0.3776
vn 0.8617 0.2808 -0.4226
vn -0.3233 -0.2761 -0.9051
vn -0.7219 -0.5058 -0.4722
vn -0.7163 -0.3712 -0.5909
vn -0.5342 0.0294 -0.8449
vn -0.5586 0.1254 -0.8199
vn -0.9357 -0.0931 -0.3404
vn -0.8923 -0.2584 -0.3701
vn -0.5770 0.1379 -0.8050
vn -0.9363 -0.0198 -0.3507
vn -0.9433 -0.2136 0.2542
vn -0.9031 -0.3068 0.3004
vn -0.8536 -0.4317 0.2916
vn -0.7646 -0.5763 0.2886
vn -0.7971 -0.5207 0.3057
vn -0.3275 -0.3393 0.8818
vn -0.2977 -0.3661 0.8817
vn -0.3618 -0.3794 0.8515
vn -0.4277 -0.1100 -0.8972
vn -0.8021 -0.4060 -0.4380
vn 0.1940 0.1602 -0.9678
vn 0.1867 0.2896 -0.9388
vn 0.3868 0.1963 0.9010
vn 0.4523 0.1880 0.8718
vn 0.8874 0.3379 0.3137
vn 0.8131 0.4150 0.4082
vn 0.4809 0.1697 0.8602
vn 0.9600 0.1143 0.2557
vn 0.8948 0.0826 -0.4389
vn 0.6475 0.6966 -0.3090
vn 0.5980 0.8011 0.0266
vn 0.8642 0.3179 -0.3900
vn 0.1722 0.3173 -0.9325
vn 0.8405 0.2954 -0.4542
vn 0.1120 0.2823 -0.9528
vn 0.5151 -0.1768 0.8387
vn 0.9542 0.1250 0.2719
vn 0.5044 -0.2189 0.8353
vn 0.9620 0.1064 0.2516
vn -0.3813 -0.3913 0.8376
vn -0.4539 -0.3691 0.8110
vn -0.9559 0.0564 0.2883
vn -0.9246 -0.0511 0.3776
vn -0.3833 0.1637 0.9090
vn -0.4643 0.1572 0.8716
vn -0.9089 -0.0646 0.4119
vn -0.3041 0.1139 0.9458
vn 0.5692 0.0815 0.8181
vn 0.4992 0.1459 0.8541
vn -0.9029 -0.0122 0.4297
vn -0.9507 0.1268 0.2829
vn -0.4615 0.0428 0.8861
vn -0.4477 -0.0378 0.8934
vn -0.6321 0.7243 -0.2754
vn -0.5606 0.5495 -0.6195
vn -0.9198 0.2881 -0.2664
vn -0.9421 0.3189 -0.1031
vn -0.5221 -0.0765 -0.8495
vn -0.9166 -0.1145 -0.3831
vn 0.0577 0.6517 -0.7563
vn -0.1804 0.9481 -0.2620
vn 0.2350 -0.0451 -0.9709
vn -0.5798 -0.3129 -0.7522
vn -0.7121 -0.0567 -0.6997
vn -0.9763 -0.0903 -0.1968
vn -0.9416 -0.2451 -0.2308
vn -0.7841 0.0395 -0.6194
vn -0.9862 0.0355 -0.1619
vn -0.9587 0.0153 0.2840
vn -0.9313 -0.0447 0.3616
vn -0.4429 -0.4369 -0.7829
vn -0.9017 -0.3162 -0.2947
vn 0.8909 -0.2270 -0.3933
vn 0.2583 -0.4086 -0.8754
vn 0.9119 -0.2174 -0.3480
vn 0.2501 -0.3251 -0.9120
vn 0.9607 -0.0100 0.2774
vn 0.9597 -0.0664 0.2729
vn 0.7547 -0.1272 0.6436
vn 0.7867 -0.2064 0.5817
vn 0.9682 -0.2066 0.1408
vn 0.9750 -0.1559 0.1585
vn 0.7703 -0.1863 0.6099
vn 0.9595 -0.2356 0.1545
vn 0.9262 -0.2944 -0.2354
vn 0.9459 -0.2216 -0.2368
vn 0.9463 -0.1456 -0.2886
vn 0.9293 -0.1297 -0.3458
vn 0.2279 -0.0860 -0.9699
vn 0.2278 -0.0730 -0.9710
vn 0.6725 -0.0090 0.7400
vn 0.9717 -0.1038 0.2123
vn -0.2456 0.0313 0.9689
vn -0.2198 -0.0759 0.9726
vn -0.7646 0.0022 -0.6445
vn -0.7118 -0.0593 -0.6999
vn -0.9645 0.1589 -0.2111
vn -0.9702 0.1623 -0.1801
vn -0.6818 -0.0949 -0.7254
vn -0.9662 0.0633 -0.2497
vn -0.9211 0.2643 0.2857
vn -0.9326 0.2485 0.2617
vn -0.9521 0.1982 0.2330
vn -0.9655 0.1105 0.2359
vn -0.2471 -0.0882 0.9650
vn -0.2788 0.0555 0.9588
vn -0.7978 0.0463 -0.6011
vn -0.9796 0.1261 -0.1568
vn 0.2172 -0.1806 -0.9593
vn 0.2087 -0.2930 -0.9331
vn -0.2194 -0.9464 0.2370
vn -0.2207 0.1241 0.9674
vn 0.1705 -0.4968 -0.8509
vn 0.8790 -0.3810 -0.2867
vn 0.9200 -0.2953 0.2577
vn 0.6871 -0.0640 0.7237
vn 0.9000 -0.3486 -0.2616
vn 0.2082 -0.3744 -0.9036
vn 0.7241 -0.1108 0.6808
vn 0.9510 -0.2429 0.1912
vn -0.2747 0.1957 0.9414
vn 0.0519 0.9939 -0.0974
vn -0.3230 0.9429 -0.0816
vn -0.0314 0.7945 -0.6064
vn -0.4628 0.7294 -0.5037
vn -0.8060 0.5036 -0.3111
vn -0.8151 0.5758 -0.0640
vn 0.7666 0.6232 -0.1546
vn 0.3691 0.9234 -0.1057
vn 0.7211 0.5386 -0.4358
vn 0.3930 0.7219 -0.5696
vn 0.7690 0.3816 -0.5128
vn 0.8912 0.4027 -0.2090
vn 0.0142 0.5355 -0.8444
vn 0.4671 0.4417 -0.7659
vn -0.9452 0.3164 -0.0806
vn -0.8608 0.3713 -0.3479
vn -0.5149 0.5014 -0.6954
vn -0.2406 -0.5715 0.7845
vn -0.7614 -0.6251 0.1715
vt 0.239149 0.631286
vt 0.307075 0.631286
vt 0.306669 0.690643
vt 0.242163 0.690643
vt 0.375000 0.631286
vt 0.367935 0.690703
vt 0.375000 0.750000
vt 0.307074 0.750000
vt 0.239149 0.750000
vt 0.543317 0.631286
vt 0.584158 0.631286
vt 0.582816 0.689070
vt 0.543073 0.690443
vt 0.625000 0.631286
vt 0.612929 0.691267
vt 0.615198 0.752057
vt 0.583128 0.734760
vt 0.543119 0.752056
vt 0.417492 0.631286
vt 0.416757 0.690941
vt 0.459983 0.631286
vt 0.459731 0.691000
vt 0.459708 0.752856
vt 0.417281 0.752618
vt 0.501650 0.631286
vt 0.501595 0.690979
vt 0.501306 0.752771
vt 0.375000 0.885851
vt 0.417457 0.882536
vt 0.417463 0.942549
vt 0.375000 0.942926
vt 0.459708 0.882234
vt 0.459731 0.942077
vt 0.459983 1.000000
vt 0.417492 1.000000
vt 0.375000 1.000000
vt 0.501027 0.882402
vt 0.500462 0.940930
vt 0.543167 0.883878
vt 0.532016 0.942716
vt 0.543317 1.000000
vt 0.501355 0.984146
vt 0.543317 0.000000
vt 0.554662 0.059769
vt 0.544451 0.059357
vt 0.543317 0.000000
vt 0.543317 0.118714
vt 0.543317 0.118714
vt 0.543317 0.059357
vt 0.375000 0.000000
vt 0.417492 0.000000
vt 0.416311 0.059357
vt 0.375000 0.059357
vt 0.459983 0.000000
vt 0.448180 0.059357
vt 0.459983 0.118714
vt 0.417492 0.118714
vt 0.375000 0.118714
vt 0.584158 0.016488
vt 0.584158 0.061006
vt 0.625000 0.000000
vt 0.613655 0.058945
vt 0.625000 0.118714
vt 0.584158 0.118714
vt 0.623684 0.695101
vt 0.623990 0.752771
vt 0.624716 0.667560
vt 0.625000 0.670858
vt 0.625000 0.695947
vt 0.625000 0.752856
vt 0.500452 0.817851
vt 0.459708 0.817831
vt 0.532285 0.817928
vt 0.417457 0.817846
vt 0.375000 0.817926
vt 0.125000 0.631286
vt 0.182074 0.631286
vt 0.182376 0.690643
vt 0.125000 0.690643
vt 0.182074 0.750000
vt 0.125000 0.750000
vt 0.623203 0.817928
vt 0.621856 0.817930
vt 0.611795 0.770495
vt 0.617574 0.883878
vt 0.612016 0.864962
vt 0.611386 0.863209
vt 0.621597 0.817926
vt 0.611386 0.772642
vt 0.625000 0.882234
vt 0.625000 0.817831
vt 0.625000 0.817858
vt 0.625000 0.882343
vt 0.625000 0.752856
vt 0.625000 0.817543
vt 0.625000 0.883247
vt 0.625000 1.000000
vt 0.625000 0.942473
vt 0.625000 0.942501
vt 0.625000 1.000000
vt 0.625000 0.943054
vt 0.624692 0.817851
vt 0.624496 0.882402
vt 0.623866 0.055235
vt 0.624716 0.082440
vt 0.625000 0.000000
vt 0.625000 0.054410
vt 0.625000 0.079143
vt 0.624212 0.943113
vt 0.624874 0.942515
vt 0.625000 0.695947
vt 0.625000 0.695947
vt 0.625000 0.752856
vt 0.625000 0.670857
vt 0.625000 0.670858
vt 0.625000 0.054410
vt 0.625000 0.054823
vt 0.625000 0.944859
vt 0.625000 0.902626
vt 0.625000 0.904876
vt 0.625000 0.945304
vt 0.625000 0.816348
vt 0.625000 0.867186
vt 0.625000 0.817811
vt 0.625000 0.885851
vt 0.625000 0.056059
vt 0.625000 0.016488
vt 0.760851 0.750000
vt 0.817926 0.750000
vt 0.817926 0.750000
vt 0.760851 0.750000
vt 0.875000 0.750000
vt 0.875000 0.750000
vt 0.817926 0.750000
vt 0.625000 0.001649
vt 0.625000 0.885898
vt 0.625000 0.885851
vt 0.625000 0.888229
vt 0.625000 0.888229
vt 0.625000 0.888229
vt 0.625000 0.945304
vt 0.625000 0.946537
vt 0.625000 0.945216
vt 0.625000 0.914388
vt 0.625000 0.904920
vt 0.625000 0.942926
vt 0.875000 0.750000
vt 0.625000 0.890123
vt 0.625000 0.906505
vt 0.625000 0.945612
vt 0.543575 0.944874
vt 0.543317 1.000000
vt 0.555497 0.903157
vt 0.556931 0.904876
vt 0.545018 0.945304
vt 0.584158 0.890607
vt 0.584158 0.890607
vt 0.556931 0.904876
vt 0.611386 0.904876
vt 0.623456 0.944874
vt 0.612016 0.903157
vt 0.623298 0.945304
vt 0.584158 0.001649
vt 0.584158 0.000000
vt 0.583644 0.885433
vt 0.584030 0.889748
vt 0.553119 0.899549
vt 0.556522 0.889640
vt 0.544916 0.890465
vt 0.544326 0.904305
vt 0.556931 0.904876
vt 0.545018 0.904876
vt 0.543317 0.904876
vt 0.543317 0.890607
vt 0.543317 0.904876
vt 0.555796 0.945304
vt 0.583938 0.945612
vt 0.584158 1.000000
vt 0.583276 0.906505
vt 0.604579 0.914388
vt 0.611355 0.946537
vt 0.584442 0.000000
vt 0.585293 0.000000
vt 0.554662 0.000000
vt 0.584158 0.000000
vt 0.583750 0.889640
vt 0.583836 0.890773
vt 0.611386 0.904876
vt 0.610220 0.906505
vt 0.621943 0.945612
vt 0.584056 0.890465
vt 0.556522 0.904305
vt 0.544916 0.945161
vt 0.544326 0.944733
vt 0.543317 0.945304
vt 0.543498 0.945161
vt 0.544735 0.945304
vt 0.543317 0.945304
vt 0.544451 0.000000
vt 0.543317 0.890607
vt 0.543317 0.904876
vt 0.543317 0.890607
vt 0.543317 0.945304
vt 0.543317 0.945304
vt 0.543317 0.945612
vt 0.543317 0.906505
vt 0.543317 0.946537
vt 0.543317 0.914388
vt 0.543317 0.946537
vt 0.543317 0.945920
vt 0.543317 0.908135
vt 0.543317 0.945612
vt 0.543317 0.906505
vt 0.543317 0.892809
vt 0.501650 0.998415
vt 0.459983 1.000000
vt 0.501650 1.000000
vt 0.000000 0.000000
vt 0.458803 0.059357
vt 0.459983 0.118714
vt 0.459983 0.000000
vt 0.459984 0.059357
vt 0.501940 1.000000
vt 0.502807 1.000000
vt 0.471558 1.000000
vt 0.501650 1.000000
vt 0.501650 1.000000
vt 0.501650 0.000000
vt 0.501650 0.059357
vt 0.471558 0.059357
vt 0.531743 0.059357
vt 0.501650 0.118714
vt 0.461141 1.000000
vt 0.459984 1.000000
vt 0.542159 0.059357
vt 0.461141 0.059357
vt 0.459984 1.000000
vt 0.621597 0.817926
vt 0.611386 0.772642
vt 0.621596 0.817926
vt 0.544989 0.817930
vt 0.555497 0.864962
vt 0.555492 0.770495
vt 0.556931 0.772642
vt 0.546720 0.817926
vt 0.556931 0.863209
vt 0.584030 0.881067
vt 0.584158 0.880191
vt 0.583973 0.753144
vt 0.584158 0.755660
vt 0.553119 0.766302
vt 0.556522 0.754510
vt 0.544469 0.755915
vt 0.544326 0.771963
vt 0.556931 0.772642
vt 0.545018 0.774581
vt 0.545018 0.861270
vt 0.543317 0.863209
vt 0.543317 0.817926
vt 0.545019 0.817926
vt 0.543317 0.772642
vt 0.543317 0.755660
vt 0.546516 0.817926
vt 0.556522 0.863889
vt 0.556522 0.771963
vt 0.545336 0.817926
vt 0.553119 0.869549
vt 0.584056 0.755491
vt 0.583750 0.754510
vt 0.584056 0.880360
vt 0.583750 0.881342
vt 0.583276 0.774581
vt 0.583717 0.817926
vt 0.556931 0.817926
vt 0.604579 0.783963
vt 0.609054 0.817926
vt 0.604579 0.851888
vt 0.583276 0.861270
vt 0.556931 0.863209
vt 0.583836 0.755858
vt 0.610220 0.774581
vt 0.583836 0.879994
vt 0.610220 0.861270
vt 0.556522 0.881342
vt 0.620021 0.817926
vt 0.543317 0.772642
vt 0.543317 0.755660
vt 0.543317 0.772642
vt 0.543317 0.772642
vt 0.544469 0.879935
vt 0.543317 0.880191
vt 0.543317 0.863209
vt 0.543317 0.880191
vt 0.543317 0.880191
vt 0.543317 0.863209
vt 0.543317 0.863209
vt 0.543317 0.880191
vt 0.543317 0.817926
vt 0.543317 0.755661
vt 0.543317 0.755661
vt 0.543317 0.817926
vt 0.543317 0.817926
vt 0.543317 0.817926
vt 0.543317 0.877570
vt 0.543317 0.861270
vt 0.543317 0.861270
vt 0.543317 0.851888
vt 0.543317 0.859331
vt 0.543317 0.783963
vt 0.543317 0.776520
vt 0.543317 0.774581
vt 0.543317 0.758281
vt 0.760851 0.631286
vt 0.817926 0.631286
vt 0.817624 0.688994
vt 0.757837 0.690231
vt 0.875000 0.631286
vt 0.875000 0.690643
vt 0.817850 0.733512
vt 0.692926 0.631286
vt 0.694511 0.690643
vt 0.643868 0.691527
vt 0.692926 0.750000
vt 0.625000 0.750000
vt 0.626887 0.695063
vt 0.625472 0.752618
vt 0.625472 0.667560
vt 0.625000 0.818223
vt 0.625000 0.817926
vt 0.625000 0.885851
vt 0.625000 0.055235
vt 0.625000 0.082440
vt 0.625000 0.059357
vt 0.817926 0.748351
vt 0.543680 0.817926
vt 0.544326 0.863889
vt 0.367935 0.690703
vt 0.543088 0.690703
vt 0.584135 0.690643
vt 0.543317 0.750000
vt 0.584158 0.750000
vt 0.625000 0.750000
vt 0.625000 0.690643
vt 0.416757 0.690941
vt 0.417281 0.752618
vt 0.459708 0.752856
vt 0.459731 0.691000
vt 0.501599 0.690941
vt 0.501610 0.752618
vt 0.417457 0.882536
vt 0.459731 0.942474
vt 0.459708 0.882234
vt 0.501621 0.942549
vt 0.501616 0.882536
vt 0.543317 0.942926
vt 0.543317 0.885851
vt 0.543317 0.059357
vt 0.417492 0.059357
vt 0.459983 0.059357
vt 0.459984 0.000000
vt 0.584158 0.059357
vt 0.625000 0.752618
vt 0.625000 0.695063
vt 0.501616 0.817846
vt 0.182376 0.690643
vt 0.612521 0.770755
vt 0.622038 0.817892
vt 0.623929 0.817776
vt 0.611386 0.863209
vt 0.612016 0.864962
vt 0.617574 0.883878
vt 0.625000 0.817858
vt 0.624496 0.882402
vt 0.624874 0.817813
vt 0.625000 0.055235
vt 0.624874 0.942515
vt 0.624212 0.943113
vt 0.625000 0.695947
vt 0.625000 0.695947
vt 0.625000 0.054823
vt 0.625000 0.944859
vt 0.625000 0.904876
vt 0.625000 0.902626
vt 0.625000 0.817811
vt 0.625000 0.056059
vt 0.625000 0.885898
vt 0.625000 0.904876
vt 0.625000 0.945216
vt 0.625000 0.946537
vt 0.625000 0.914388
vt 0.625000 0.906505
vt 0.625000 0.890123
vt 0.625000 0.945612
vt 0.544735 0.944907
vt 0.555796 0.903291
vt 0.556931 0.904876
vt 0.556931 0.904876
vt 0.611386 0.904876
vt 0.611386 0.904876
vt 0.612016 0.903157
vt 0.623456 0.944874
vt 0.623298 0.945304
vt 0.584032 0.889781
vt 0.583654 0.885567
vt 0.544326 0.904305
vt 0.544633 0.890068
vt 0.555388 0.887659
vt 0.543600 0.903291
vt 0.623298 0.945304
vt 0.584158 0.942926
vt 0.584158 0.885851
vt 0.584056 0.888086
vt 0.612521 0.903291
vt 0.623582 0.944907
vt 0.556522 0.904305
vt 0.584056 0.890465
vt 0.544916 0.945161
vt 0.544326 0.944733
vt 0.543498 0.945161
vt 0.543317 0.944907
vt 0.544451 0.000000
vt 0.543317 0.890607
vt 0.543317 0.890607
vt 0.543317 0.904876
vt 0.543317 0.945612
vt 0.543317 0.945920
vt 0.543317 0.908135
vt 0.543317 0.945612
vt 0.543317 0.906505
vt 0.543317 0.892809
vt 0.459984 0.059357
vt 0.502808 1.000000
vt 0.501650 0.059357
vt 0.459984 0.118714
vt 0.543317 0.118714
vt 0.611386 0.772642
vt 0.621597 0.817926
vt 0.621596 0.817926
vt 0.611386 0.863209
vt 0.555796 0.865096
vt 0.546153 0.817926
vt 0.556931 0.772642
vt 0.555796 0.770755
vt 0.584032 0.881101
vt 0.584158 0.754717
vt 0.584158 0.755660
vt 0.544326 0.771963
vt 0.544264 0.755576
vt 0.555388 0.752151
vt 0.543600 0.772694
vt 0.556522 0.863889
vt 0.546516 0.817926
vt 0.545336 0.817926
vt 0.556522 0.771963
vt 0.583750 0.754510
vt 0.584158 0.817926
vt 0.543317 0.885851
vt 0.625000 0.817926
vt 0.584056 0.752660
vt 0.612521 0.770755
vt 0.612521 0.865096
vt 0.584056 0.883191
vt 0.555388 0.883700
vt 0.622164 0.817926
vt 0.543600 0.863157
vt 0.544264 0.880275
vt 0.543317 0.880191
vt 0.543317 0.863209
vt 0.543317 0.863209
vt 0.543317 0.817926
vt 0.543317 0.755661
vt 0.543317 0.772642
vt 0.543317 0.817926
vt 0.543317 0.877570
vt 0.543317 0.851888
vt 0.543317 0.859331
vt 0.543317 0.776520
vt 0.543317 0.774581
vt 0.543317 0.774581
vt 0.757837 0.690643
vt 0.817624 0.690643
vt 0.692624 0.690643
vt 0.625000 0.695063
vt 0.544326 0.863889
s 1
usemtl Material
f 21/1/1 409/2/2 1131/3/3 412/4/4
f 409/2/2 12/5/5 394/6/6 1131/3/3
f 1131/3/3 394/6/6 2/7/7 384/8/8
f 412/4/4 1131/3/3 384/8/8 18/9/9
f 14/10/10 401/11/11 1132/12/12 390/13/13
f 401/11/11 10/14/14 383/15/15 1132/12/12
f 1132/12/12 383/15/15 1/16/16 387/17/17
f 390/13/13 1132/12/12 387/17/17 7/18/18
f 12/5/5 400/19/19 1133/20/20 394/6/6
f 400/19/19 13/21/21 389/22/22 1133/20/20
f 1133/20/20 389/22/22 8/23/23 381/24/24
f 394/6/6 1133/20/20 381/24/24 2/7/7
f 13/21/21 399/25/25 1134/26/26 389/22/22
f 399/25/25 14/10/10 390/13/13 1134/26/26
f 1134/26/26 390/13/13 7/18/18 388/27/27
f 389/22/22 1134/26/26 388/27/27 8/23/23
f 18/28/9 411/29/28 1135/30/29 406/31/30
f 411/29/28 19/32/31 391/33/32 1135/30/29
f 1135/30/29 391/33/32 5/34/33 385/35/34
f 406/31/30 1135/30/29 385/35/34 4/36/35
f 19/32/31 410/37/36 1136/38/37 391/33/32
f 410/37/36 20/39/38 392/40/39 1136/38/37
f 1136/38/37 392/40/39 6/41/40 386/42/41
f 391/33/32 1136/38/37 386/42/41 5/34/33
f 6/43/40 396/44/42 1137/45/43 590/46/44
f 396/44/42 16/47/45 589/48/46 1137/45/43
f 1137/45/43 589/48/46 112/47/47 587/49/48
f 590/46/44 1137/45/43 587/49/48 110/43/49
f 4/50/35 385/51/34 1138/52/50 379/53/51
f 385/51/34 5/54/33 395/55/52 1138/52/50
f 1138/52/50 395/55/52 15/56/53 398/57/54
f 379/53/51 1138/52/50 398/57/54 9/58/55
f 6/43/40 380/59/56 1139/60/57 396/44/42
f 380/59/56 3/61/58 393/62/59 1139/60/57
f 1139/60/57 393/62/59 11/63/60 403/64/61
f 396/44/42 1139/60/57 403/64/61 16/47/45
f 1/16/16 383/15/15 1140/65/62 421/66/63
f 383/15/15 10/14/14 404/67/64 1140/65/62
f 1140/65/62 404/67/64 25/68/65 416/69/66
f 421/66/63 1140/65/62 416/69/66 26/70/67
f 8/23/23 388/27/27 1141/71/68 407/72/69
f 388/27/27 7/18/18 408/73/70 1141/71/68
f 1141/71/68 408/73/70 20/39/38 410/37/36
f 407/72/69 1141/71/68 410/37/36 19/32/31
f 2/7/7 381/24/24 1142/74/71 384/75/8
f 381/24/24 8/23/23 407/72/69 1142/74/71
f 1142/74/71 407/72/69 19/32/31 411/29/28
f 384/75/8 1142/74/71 411/29/28 18/28/9
f 9/76/55 402/77/72 1143/78/73 379/79/51
f 402/77/72 21/1/1 412/4/4 1143/78/73
f 1143/78/73 412/4/4 18/9/9 406/80/30
f 379/79/51 1143/78/73 406/80/30 4/81/35
f 1/16/16 405/82/74 1144/83/75 670/84/76
f 405/82/74 17/85/77 669/86/78 1144/83/75
f 1144/83/75 669/86/78 151/87/79 666/88/80
f 670/84/76 1144/83/75 666/88/80 149/89/81
f 23/90/82 418/91/83 1145/92/84 430/93/85
f 418/91/83 26/70/67 432/70/86 1145/92/84
f 1145/92/84 432/70/86 31/94/87 427/95/88
f 430/93/85 1145/92/84 427/95/88 22/96/89
f 24/97/90 415/98/91 1146/99/92 431/100/93
f 415/98/91 23/90/82 430/93/85 1146/99/92
f 1146/99/92 430/93/85 22/96/89 424/101/94
f 431/100/93 1146/99/92 424/101/94 29/97/95
f 17/85/77 405/82/74 1147/102/96 422/103/97
f 405/82/74 1/16/16 421/66/63 1147/102/96
f 1147/102/96 421/66/63 26/70/67 418/91/83
f 422/103/97 1147/102/96 418/91/83 23/90/82
f 11/63/60 393/62/59 1148/104/98 414/105/99
f 393/62/59 3/61/58 423/106/100 1148/104/98
f 1148/104/98 423/106/100 24/61/90 417/107/101
f 414/105/99 1148/104/98 417/107/101 27/108/102
f 3/97/58 382/109/103 1149/110/104 423/100/100
f 382/109/103 17/85/77 422/103/97 1149/110/104
f 1149/110/104 422/103/97 23/90/82 415/98/91
f 423/100/100 1149/110/104 415/98/91 24/97/90
f 31/94/87 425/111/105 1150/112/106 428/113/107
f 425/111/105 30/114/108 429/115/109 1150/112/106
f 1150/112/106 429/115/109 34/114/110 434/111/111
f 428/113/107 1150/112/106 434/111/111 35/70/112
f 27/108/102 417/107/101 1151/116/113 419/108/114
f 417/107/101 24/61/90 431/106/93 1151/116/113
f 1151/116/113 431/106/93 29/61/95 426/117/115
f 419/108/114 1151/116/113 426/117/115 32/108/116
f 26/70/67 416/69/66 1152/112/117 432/70/86
f 416/69/66 25/68/65 420/115/118 1152/112/117
f 1152/112/117 420/115/118 30/114/108 425/111/105
f 432/70/86 1152/112/117 425/111/105 31/94/87
f 29/97/95 424/101/94 1153/118/119 446/100/120
f 424/101/94 22/96/89 445/119/121 1153/118/119
f 1153/118/119 445/119/121 37/120/122 441/121/123
f 446/100/120 1153/118/119 441/121/123 38/97/124
f 22/96/89 427/95/88 1154/122/125 439/123/126
f 427/95/88 31/94/87 428/113/107 1154/122/125
f 1154/122/125 428/113/107 35/70/112 436/124/127
f 439/123/126 1154/122/125 436/124/127 28/125/128
f 32/108/116 426/117/115 1155/126/129 438/108/130
f 426/117/115 29/61/95 440/127/131 1155/126/129
f 1155/126/129 440/127/131 33/61/132 435/117/133
f 438/108/130 1155/126/129 435/117/133 36/108/134
f 39/128/135 442/129/136 1156/130/137 454/131/138
f 442/129/136 40/132/139 453/133/140 1156/130/137
f 1156/130/137 453/133/140 44/132/141 450/134/142
f 454/131/138 1156/130/137 450/134/142 43/128/143
f 33/61/132 440/127/131 1157/135/144 447/106/145
f 440/127/131 29/61/95 446/106/120 1157/135/144
f 1157/135/144 446/106/120 38/61/124 444/106/146
f 447/106/145 1157/135/144 444/106/146 40/61/147
f 28/128/128 433/129/148 1158/130/149 448/131/150
f 433/129/148 33/132/132 447/133/145 1158/130/149
f 1158/130/149 447/133/145 40/132/147 442/129/151
f 448/131/150 1158/130/149 442/129/151 39/128/152
f 22/96/89 439/123/126 1159/136/153 445/119/121
f 439/123/126 28/125/128 448/137/150 1159/136/153
f 1159/136/153 448/137/150 39/125/152 443/138/154
f 445/119/121 1159/136/153 443/138/154 37/120/122
f 41/120/155 451/138/156 1160/139/157 462/120/158
f 451/138/156 43/125/143 461/137/159 1160/139/157
f 1160/139/157 461/137/159 47/125/160 459/138/161
f 462/120/158 1160/139/157 459/138/161 45/120/162
f 37/120/163 443/138/164 1161/140/165 455/120/166
f 443/138/164 39/125/135 454/137/138 1161/140/165
f 1161/140/165 454/137/138 43/125/143 451/138/156
f 455/120/166 1161/140/165 451/138/156 41/120/155
f 38/97/167 441/121/168 1162/141/169 456/100/170
f 441/121/168 37/120/163 455/120/166 1162/141/169
f 1162/141/169 455/120/166 41/120/155 449/121/171
f 456/100/170 1162/141/169 449/121/171 42/97/172
f 40/61/139 444/106/173 1163/106/174 453/106/140
f 444/106/175 38/61/167 456/106/170 1163/106/174
f 1163/106/174 456/106/170 42/61/172 452/106/176
f 453/106/140 1163/106/174 452/106/176 44/61/141
f 48/61/177 460/106/178 1164/106/179 470/106/180
f 460/106/178 46/61/181 469/106/182 1164/106/179
f 1164/106/179 469/106/182 50/61/183 468/106/184
f 470/106/180 1164/106/179 468/106/184 52/61/185
f 42/97/172 449/121/171 1165/141/186 463/100/187
f 449/121/171 41/120/155 462/120/158 1165/141/186
f 1165/141/186 462/120/158 45/120/162 457/121/188
f 463/100/187 1165/141/186 457/121/188 46/97/181
f 44/61/141 452/106/176 1166/106/189 464/106/190
f 452/106/176 42/61/172 463/106/187 1166/106/189
f 1166/106/189 463/106/187 46/61/181 460/106/178
f 464/106/190 1166/106/189 460/106/178 48/61/177
f 43/128/143 450/134/142 1167/134/191 461/131/159
f 450/134/142 44/132/141 464/133/190 1167/134/191
f 1167/134/191 464/133/190 48/132/177 458/134/192
f 461/131/159 1167/134/191 458/134/192 47/128/160
f 49/120/193 467/138/194 1168/139/195 478/120/196
f 467/138/194 51/125/197 477/137/198 1168/139/195
f 1168/139/195 477/137/198 55/125/199 475/138/200
f 478/120/196 1168/139/195 475/138/200 53/120/201
f 47/128/160 458/134/192 1169/134/202 471/131/203
f 458/134/192 48/132/177 470/133/180 1169/134/202
f 1169/134/202 470/133/180 52/132/185 466/134/204
f 471/131/203 1169/134/202 466/134/204 51/128/205
f 45/120/162 459/138/161 1170/140/206 472/120/207
f 459/138/161 47/125/160 471/137/203 1170/140/206
f 1170/140/206 471/137/203 51/125/205 467/138/208
f 472/120/207 1170/140/206 467/138/208 49/120/209
f 46/97/181 457/121/188 1171/141/210 469/100/182
f 457/121/188 45/120/162 472/120/207 1171/141/210
f 1171/141/210 472/120/207 49/120/209 465/121/211
f 469/100/182 1171/141/210 465/121/211 50/97/183
f 53/120/201 475/138/200 1172/140/212 486/120/213
f 475/138/200 55/125/199 485/137/214 1172/140/212
f 1172/140/212 485/137/214 59/125/215 483/138/216
f 486/120/213 1172/140/212 483/138/216 57/120/217
f 50/97/218 465/121/219 1173/141/220 479/100/221
f 465/121/219 49/120/193 478/120/196 1173/141/220
f 1173/141/220 478/120/196 53/120/201 473/121/222
f 479/100/221 1173/141/220 473/121/222 54/97/223
f 52/61/224 468/106/225 1174/106/226 480/106/227
f 468/106/225 50/61/218 479/106/221 1174/106/226
f 1174/106/226 479/106/221 54/61/223 476/106/228
f 480/106/227 1174/106/226 476/106/228 56/61/229
f 51/128/197 466/134/230 1175/134/231 477/131/198
f 466/134/230 52/132/224 480/133/227 1175/134/231
f 1175/134/231 480/133/227 56/132/229 474/134/232
f 477/131/198 1175/134/231 474/134/232 55/128/199
f 60/61/233 484/106/234 1176/106/235 494/106/236
f 484/106/234 58/61/237 493/106/238 1176/106/235
f 1176/106/235 493/106/238 62/106/239 492/106/240
f 494/106/236 1176/106/235 492/106/240 64/106/241
f 54/97/223 473/121/222 1177/141/242 487/100/243
f 473/121/222 53/120/201 486/120/213 1177/141/242
f 1177/141/242 486/120/213 57/120/217 481/121/244
f 487/100/243 1177/141/242 481/121/244 58/97/237
f 56/61/229 476/106/228 1178/106/245 488/106/246
f 476/106/228 54/61/223 487/106/243 1178/106/245
f 1178/106/245 487/106/243 58/61/237 484/106/234
f 488/106/246 1178/106/245 484/106/234 60/61/233
f 55/128/199 474/134/232 1179/134/247 485/131/214
f 474/134/232 56/132/229 488/133/246 1179/134/247
f 1179/134/247 488/133/246 60/132/233 482/134/248
f 485/131/214 1179/134/247 482/134/248 59/128/215
f 62/97/239 489/142/249 1180/143/250 492/100/240
f 489/142/249 61/144/251 491/145/252 1180/143/250
f 1180/143/250 491/145/252 63/125/253 490/146/254
f 492/100/240 1180/143/250 490/146/254 64/100/241
f 59/128/215 482/134/248 1181/134/255 495/131/256
f 482/134/248 60/132/233 494/133/236 1181/134/255
f 1181/134/255 494/133/236 64/147/241 490/134/254
f 495/131/256 1181/134/255 490/134/254 63/131/253
f 57/120/217 483/138/216 1182/148/257 496/149/258
f 483/138/216 59/125/215 495/137/256 1182/148/257
f 1182/148/257 495/137/256 63/125/253 491/145/252
f 496/149/258 1182/148/257 491/145/252 61/144/251
f 58/97/237 481/121/244 1183/150/259 493/100/238
f 481/121/244 57/120/217 496/149/258 1183/150/259
f 1183/150/259 496/149/258 61/144/251 489/142/249
f 493/100/238 1183/150/259 489/142/249 62/97/239
f 6/41/40 392/40/39 1184/151/260 502/152/261
f 392/40/39 20/39/38 501/153/262 1184/151/260
f 1184/151/260 501/153/262 68/154/263 499/155/264
f 502/152/261 1184/151/260 499/155/264 65/41/265
f 68/154/263 500/156/266 1185/157/267 510/158/268
f 500/156/266 67/159/269 509/159/270 1185/157/267
f 1185/157/267 509/159/270 71/159/271 508/156/272
f 510/158/268 1185/157/267 508/156/272 72/154/273
f 17/85/77 382/109/103 1186/160/274 504/161/275
f 382/109/103 3/97/58 503/100/276 1186/160/274
f 1186/160/274 503/100/276 66/97/277 498/162/278
f 504/161/275 1186/160/274 498/162/278 67/159/269
f 3/61/58 380/59/56 1187/163/279 503/106/276
f 380/59/56 6/43/40 502/46/261 1187/163/279
f 1187/163/279 502/46/261 65/43/265 497/164/280
f 503/106/276 1187/163/279 497/164/280 66/61/277
f 20/39/38 413/165/281 1188/166/282 501/153/262
f 413/165/281 17/85/77 504/161/275 1188/166/282
f 1188/166/282 504/161/275 67/159/269 500/156/266
f 501/153/262 1188/166/282 500/156/266 68/154/263
f 77/167/283 517/168/284 1189/169/285 534/170/286
f 517/168/284 76/171/287 533/172/288 1189/169/285
f 1189/169/285 533/172/288 81/173/289 530/174/290
f 534/170/286 1189/169/285 530/174/290 83/175/291
f 67/159/269 498/162/278 1190/162/292 509/159/270
f 498/162/278 66/97/277 511/100/293 1190/162/292
f 1190/162/292 511/100/293 70/97/294 506/162/295
f 509/159/270 1190/162/292 506/162/295 71/159/271
f 65/41/265 499/155/264 1191/155/296 512/152/297
f 499/155/264 68/154/263 510/158/268 1191/155/296
f 1191/155/296 510/158/268 72/154/273 507/155/298
f 512/152/297 1191/155/296 507/155/298 69/41/299
f 66/61/277 497/164/280 1192/164/300 511/106/293
f 497/164/280 65/43/265 512/46/297 1192/164/300
f 1192/164/300 512/46/297 69/43/299 505/164/301
f 511/106/293 1192/164/300 505/164/301 70/61/294
f 73/41/302 515/176/303 1193/177/304 513/178/305
f 515/176/303 76/171/287 516/179/306 1193/177/304
f 1193/177/304 516/179/306 75/180/307 514/181/308
f 513/178/305 1193/177/304 514/181/308 74/97/309
f 79/61/310 527/182/311 1194/183/312 523/106/313
f 527/182/311 78/43/314 522/184/315 1194/183/312
f 1194/183/312 522/184/315 73/43/302 513/185/305
f 523/106/313 1194/183/312 513/185/305 74/106/309
f 77/167/283 526/186/316 1195/187/317 517/168/284
f 526/186/316 80/188/318 520/189/319 1195/187/317
f 1195/187/317 520/189/319 75/180/307 516/179/306
f 517/168/284 1195/187/317 516/179/306 76/171/287
f 80/188/318 525/162/320 1196/190/321 520/189/319
f 525/162/320 79/97/310 523/100/313 1196/190/321
f 1196/190/321 523/100/313 74/97/309 514/181/308
f 520/189/319 1196/190/321 514/181/308 75/180/307
f 71/159/271 506/162/295 1197/162/322 524/188/323
f 506/162/295 70/97/294 519/100/324 1197/162/322
f 1197/162/322 519/100/324 79/97/310 525/162/320
f 524/188/323 1197/162/322 525/162/320 80/188/318
f 72/154/273 508/156/272 1198/191/325 521/192/326
f 508/156/272 71/159/271 524/188/323 1198/191/325
f 1198/191/325 524/188/323 80/188/318 526/186/316
f 521/192/326 1198/191/325 526/186/316 77/167/283
f 70/61/294 505/164/301 1199/164/327 519/106/324
f 505/164/301 69/43/299 518/46/328 1199/164/327
f 1199/164/327 518/46/328 78/43/314 527/182/311
f 519/106/324 1199/164/327 527/182/311 79/61/310
f 69/41/299 507/155/298 1200/193/329 518/152/328
f 507/155/298 72/154/273 521/192/326 1200/193/329
f 1200/193/329 521/192/326 77/167/283 528/194/330
f 518/152/328 1200/193/329 528/194/330 78/41/314
f 84/41/331 532/195/332 1201/195/333 542/152/334
f 532/195/332 83/175/291 541/175/335 1201/195/333
f 1201/195/333 541/175/335 87/175/336 540/195/337
f 542/152/334 1201/195/333 540/195/337 88/41/338
f 78/41/314 528/194/330 1202/196/339 535/152/340
f 528/194/330 77/167/283 534/170/286 1202/196/339
f 1202/196/339 534/170/286 83/175/291 532/195/332
f 535/152/340 1202/196/339 532/195/332 84/41/331
f 76/171/287 515/176/303 1203/197/341 533/172/288
f 515/176/303 73/41/302 536/152/342 1203/197/341
f 1203/197/341 536/152/342 82/41/343 529/198/344
f 533/172/288 1203/197/341 529/198/344 81/173/289
f 73/43/302 522/184/315 1204/199/345 536/46/342
f 522/184/315 78/43/314 535/46/340 1204/199/345
f 1204/199/345 535/46/340 84/43/331 531/46/346
f 536/46/342 1204/199/345 531/46/346 82/43/343
f 86/43/347 539/46/348 1205/46/349 550/46/350
f 539/46/348 88/43/338 549/46/351 1205/46/349
f 1205/46/349 549/46/351 92/43/352 547/46/353
f 550/46/350 1205/46/349 547/46/353 90/43/354
f 83/175/291 530/174/290 1206/200/355 541/175/335
f 530/174/290 81/173/289 543/201/356 1206/200/355
f 1206/200/355 543/201/356 85/175/357 538/202/358
f 541/175/335 1206/200/355 538/202/358 87/175/336
f 82/43/343 531/46/346 1207/46/359 544/46/360
f 531/46/346 84/43/331 542/46/334 1207/46/359
f 1207/46/359 542/46/334 88/43/338 539/46/348
f 544/46/360 1207/46/359 539/46/348 86/43/347
f 81/173/289 529/198/344 1208/203/361 543/201/356
f 529/198/344 82/41/343 544/152/360 1208/203/361
f 1208/203/361 544/152/360 86/41/347 537/198/362
f 543/201/356 1208/203/361 537/198/362 85/175/357
f 90/43/363 547/46/364 1209/46/365 558/46/366
f 547/46/364 92/43/367 557/46/368 1209/46/365
f 1209/46/365 557/46/368 96/43/369 555/46/370
f 558/46/366 1209/46/365 555/46/370 94/43/371
f 85/175/357 537/198/362 1210/203/372 551/173/373
f 537/198/362 86/41/347 550/152/350 1210/203/372
f 1210/203/372 550/152/350 90/41/354 545/198/374
f 551/173/373 1210/203/372 545/198/374 89/173/375
f 88/41/338 540/195/337 1211/195/376 549/152/351
f 540/195/337 87/175/336 552/175/377 1211/195/376
f 1211/195/376 552/175/377 91/175/378 548/195/379
f 549/152/351 1211/195/376 548/195/379 92/41/352
f 87/175/336 538/202/358 1212/200/380 552/175/377
f 538/202/358 85/175/357 551/173/373 1212/200/380
f 1212/200/380 551/173/373 89/173/375 546/202/381
f 552/175/377 1212/200/380 546/202/381 91/175/378
f 96/41/369 556/195/382 1213/195/383 566/152/384
f 556/195/382 95/175/385 565/175/386 1213/195/383
f 1213/195/383 565/175/386 99/175/387 564/195/388
f 566/152/384 1213/195/383 564/195/388 100/41/389
f 89/173/390 545/198/391 1214/203/392 559/173/393
f 545/198/391 90/41/363 558/152/366 1214/203/392
f 1214/203/392 558/152/366 94/41/371 553/198/394
f 559/173/393 1214/203/392 553/198/394 93/173/395
f 92/41/367 548/195/396 1215/195/397 557/152/368
f 548/195/396 91/175/398 560/175/399 1215/195/397
f 1215/195/397 560/175/399 95/175/385 556/195/382
f 557/152/368 1215/195/397 556/195/382 96/41/369
f 91/175/398 546/202/400 1216/200/401 560/175/399
f 546/202/400 89/173/390 559/173/393 1216/200/401
f 1216/200/401 559/173/393 93/173/395 554/202/402
f 560/175/399 1216/200/401 554/202/402 95/175/385
f 98/43/403 563/46/404 1217/46/405 574/46/406
f 563/46/404 100/43/389 573/46/407 1217/46/405
f 1217/46/405 573/46/407 104/43/408 571/46/409
f 574/46/406 1217/46/405 571/46/409 102/43/410
f 95/175/385 554/202/402 1218/200/411 565/175/386
f 554/202/402 93/173/395 567/201/412 1218/200/411
f 1218/200/411 567/201/412 97/175/413 562/202/414
f 565/175/386 1218/200/411 562/202/414 99/175/387
f 94/43/371 555/46/370 1219/46/415 568/46/416
f 555/46/370 96/43/369 566/46/384 1219/46/415
f 1219/46/415 566/46/384 100/43/389 563/46/404
f 568/46/416 1219/46/415 563/46/404 98/43/403
f 93/173/395 553/198/394 1220/203/417 567/201/412
f 553/198/394 94/41/371 568/152/416 1220/203/417
f 1220/203/417 568/152/416 98/41/403 561/198/418
f 567/201/412 1220/203/417 561/198/418 97/175/413
f 101/173/419 569/204/420 1221/205/421 582/206/422
f 569/204/420 102/41/410 581/152/423 1221/205/421
f 1221/205/421 581/152/423 106/41/424 577/207/425
f 582/206/422 1221/205/421 577/207/425 105/208/426
f 97/175/413 561/198/418 1222/203/427 575/173/428
f 561/198/418 98/41/403 574/152/406 1222/203/427
f 1222/203/427 574/152/406 102/41/410 569/204/420
f 575/173/428 1222/203/427 569/204/420 101/173/419
f 100/41/389 564/195/388 1223/195/429 573/152/407
f 564/195/388 99/175/387 576/175/430 1223/195/429
f 1223/195/429 576/175/430 103/175/431 572/195/432
f 573/152/407 1223/195/429 572/195/432 104/41/408
f 99/175/387 562/202/414 1224/200/433 576/175/430
f 562/202/414 97/175/413 575/173/428 1224/200/433
f 1224/200/433 575/173/428 101/173/419 570/202/434
f 576/175/430 1224/200/433 570/202/434 103/175/431
f 108/41/435 580/209/436 1225/210/437 579/152/438
f 580/209/436 107/208/439 578/211/440 1225/210/437
f 1225/210/437 578/211/440 105/208/426 577/207/425
f 579/152/438 1225/210/437 577/207/425 106/41/424
f 104/41/408 572/195/432 1226/212/441 584/152/442
f 572/195/432 103/175/431 583/213/443 1226/212/441
f 1226/212/441 583/213/443 107/208/439 580/209/436
f 584/152/442 1226/212/441 580/209/436 108/41/435
f 103/175/431 570/202/434 1227/214/444 583/213/443
f 570/202/434 101/173/419 582/206/422 1227/214/444
f 1227/214/444 582/206/422 105/208/426 578/211/440
f 583/213/443 1227/214/444 578/211/440 107/208/439
f 102/43/410 571/46/409 1228/43/445 581/46/423
f 571/46/409 104/43/408 584/46/442 1228/43/445
f 1228/43/445 584/46/442 108/46/435 579/46/438
f 581/46/423 1228/43/445 579/46/438 106/46/424
f 110/43/49 587/49/48 1229/49/446 598/46/447
f 587/49/48 112/47/47 597/48/448 1229/49/446
f 1229/49/446 597/48/448 116/47/449 595/49/450
f 598/46/447 1229/49/446 595/49/450 114/43/451
f 5/34/33 386/42/41 1230/215/452 591/216/453
f 386/42/41 6/41/40 590/152/44 1230/215/452
f 1230/215/452 590/152/44 110/41/49 585/217/454
f 591/216/453 1230/215/452 585/217/454 109/34/455
f 16/218/45 397/218/456 1231/218/457 589/218/46
f 397/218/456 15/218/53 592/218/458 1231/218/457
f 1231/218/457 592/218/458 111/218/459 588/218/460
f 589/218/46 1231/218/457 588/218/460 112/218/47
f 15/56/53 395/55/52 1232/219/461 592/220/458
f 395/55/52 5/54/33 591/221/453 1232/219/461
f 1232/219/461 591/221/453 109/54/455 586/222/462
f 592/220/458 1232/219/461 586/222/462 111/56/459
f 113/34/463 593/223/464 1233/224/465 606/225/466
f 593/223/464 114/41/451 605/152/467 1233/224/465
f 1233/224/465 605/152/467 118/152/468 601/226/469
f 606/225/466 1233/224/465 601/226/469 117/34/470
f 109/34/455 585/217/454 1234/227/471 599/216/472
f 585/217/454 110/41/49 598/152/447 1234/227/471
f 1234/227/471 598/152/447 114/41/451 593/223/464
f 599/216/472 1234/227/471 593/223/464 113/34/463
f 112/218/47 588/218/460 1235/218/473 597/218/448
f 588/218/460 111/218/459 600/218/474 1235/218/473
f 1235/218/473 600/218/474 115/218/475 596/218/476
f 597/218/448 1235/218/473 596/218/476 116/218/449
f 111/56/459 586/222/462 1236/222/477 600/220/474
f 586/222/462 109/54/455 599/221/472 1236/222/477
f 1236/222/477 599/221/472 113/54/463 594/222/478
f 600/220/474 1236/222/477 594/222/478 115/56/475
f 117/54/470 601/228/469 1237/229/479 602/230/480
f 601/228/469 118/43/468 603/231/481 1237/229/479
f 1237/229/479 603/231/481 120/47/482 604/232/483
f 602/230/480 1237/229/479 604/232/483 119/56/484
f 116/218/449 596/218/476 1238/218/485 608/218/486
f 596/218/476 115/218/475 607/218/487 1238/218/485
f 1238/218/485 607/218/487 119/218/484 604/218/483
f 608/218/486 1238/218/485 604/218/483 120/218/482
f 113/34/463 606/225/466 1239/233/488 614/216/489
f 606/225/466 117/34/470 613/216/490 1239/233/488
f 1239/233/488 613/216/490 123/34/491 611/234/492
f 614/216/489 1239/233/488 611/234/492 121/34/493
f 114/43/451 595/49/450 1240/235/494 605/46/467
f 595/49/450 116/47/449 608/48/486 1240/235/494
f 1240/235/494 608/48/486 120/47/482 603/231/481
f 605/46/467 1240/235/494 603/231/481 118/43/468
f 124/218/495 612/218/496 1241/218/497 622/218/498
f 612/218/496 122/218/499 621/218/500 1241/218/497
f 1241/218/497 621/218/500 126/218/501 620/218/502
f 622/218/498 1241/218/497 620/218/502 128/218/503
f 117/54/470 602/230/480 1242/236/504 613/221/490
f 602/230/480 119/56/484 615/220/505 1242/236/504
f 1242/236/504 615/220/505 124/56/495 610/222/506
f 613/221/490 1242/236/504 610/222/506 123/54/491
f 119/218/484 607/218/487 1243/218/507 615/218/505
f 607/218/487 115/218/475 616/218/508 1243/218/507
f 1243/218/507 616/218/508 122/218/499 612/218/496
f 615/218/505 1243/218/507 612/218/496 124/218/495
f 115/56/475 594/222/478 1244/222/509 616/220/508
f 594/222/478 113/54/463 614/221/489 1244/222/509
f 1244/222/509 614/221/489 121/54/493 609/222/510
f 616/220/508 1244/222/509 609/222/510 122/56/499
f 125/34/511 619/234/512 1245/234/513 630/216/514
f 619/234/512 127/34/515 629/216/516 1245/234/513
f 1245/234/513 629/216/516 131/34/517 627/234/518
f 630/216/514 1245/234/513 627/234/518 129/34/519
f 123/54/491 610/222/506 1246/222/520 623/221/521
f 610/222/506 124/56/495 622/220/498 1246/222/520
f 1246/222/520 622/220/498 128/56/503 618/222/522
f 623/221/521 1246/222/520 618/222/522 127/54/515
f 121/34/493 611/234/492 1247/234/523 624/216/524
f 611/234/492 123/34/491 623/216/521 1247/234/523
f 1247/234/523 623/216/521 127/34/515 619/234/512
f 624/216/524 1247/234/523 619/234/512 125/34/511
f 122/56/499 609/222/510 1248/222/525 621/220/500
f 609/222/510 121/54/493 624/221/524 1248/222/525
f 1248/222/525 624/221/524 125/54/511 617/222/526
f 621/220/500 1248/222/525 617/222/526 126/56/501
f 132/218/527 628/218/528 1249/218/529 638/218/530
f 628/218/528 130/218/531 637/218/532 1249/218/529
f 1249/218/529 637/218/532 134/218/533 636/218/534
f 638/218/530 1249/218/529 636/218/534 136/218/535
f 126/56/501 617/222/526 1250/222/536 631/220/537
f 617/222/526 125/54/511 630/221/514 1250/222/536
f 1250/222/536 630/221/514 129/54/519 625/222/538
f 631/220/537 1250/222/536 625/222/538 130/56/539
f 128/218/503 620/218/502 1251/218/540 632/218/541
f 620/218/502 126/218/501 631/218/537 1251/218/540
f 1251/218/540 631/218/537 130/218/539 628/218/542
f 632/218/541 1251/218/540 628/218/542 132/218/543
f 127/54/515 618/222/522 1252/222/544 629/221/516
f 618/222/522 128/56/503 632/220/541 1252/222/544
f 1252/222/544 632/220/541 132/56/543 626/222/545
f 629/221/516 1252/222/544 626/222/545 131/54/517
f 135/54/546 634/222/547 1253/222/548 646/221/549
f 634/222/547 136/56/535 645/220/550 1253/222/548
f 1253/222/548 645/220/550 140/56/551 642/222/552
f 646/221/549 1253/222/548 642/222/552 139/54/553
f 131/54/554 626/222/555 1254/222/556 639/221/557
f 626/222/555 132/56/527 638/220/530 1254/222/556
f 1254/222/556 638/220/530 136/56/535 634/222/547
f 639/221/557 1254/222/556 634/222/547 135/54/546
f 129/34/558 627/234/559 1255/234/560 640/216/561
f 627/234/559 131/34/554 639/216/557 1255/234/560
f 1255/234/560 639/216/557 135/34/546 635/234/562
f 640/216/561 1255/234/560 635/234/562 133/34/563
f 130/56/531 625/222/564 1256/222/565 637/220/532
f 625/222/564 129/54/558 640/221/561 1256/222/565
f 1256/222/565 640/221/561 133/54/563 633/222/566
f 637/220/532 1256/222/565 633/222/566 134/56/533
f 137/34/567 643/234/568 1257/234/569 654/216/570
f 643/234/568 139/34/553 653/216/571 1257/234/569
f 1257/234/569 653/216/571 143/34/572 651/234/573
f 654/216/570 1257/234/569 651/234/573 141/34/574
f 133/34/563 635/234/562 1258/234/575 647/216/576
f 635/234/562 135/34/546 646/216/549 1258/234/575
f 1258/234/575 646/216/549 139/34/553 643/234/568
f 647/216/576 1258/234/575 643/234/568 137/34/567
f 134/56/533 633/222/566 1259/222/577 648/220/578
f 633/222/566 133/54/563 647/221/576 1259/222/577
f 1259/222/577 647/221/576 137/54/567 641/222/579
f 648/220/578 1259/222/577 641/222/579 138/56/580
f 136/218/535 636/218/534 1260/218/581 645/218/550
f 636/218/534 134/218/533 648/218/578 1260/218/581
f 1260/218/581 648/218/578 138/218/580 644/218/582
f 645/218/550 1260/218/581 644/218/582 140/218/551
f 144/218/583 652/218/584 1261/218/585 662/218/586
f 652/218/584 142/218/587 661/218/588 1261/218/585
f 1261/218/585 661/218/588 146/218/589 660/218/590
f 662/218/586 1261/218/585 660/218/590 148/218/591
f 138/56/580 641/222/579 1262/222/592 655/220/593
f 641/222/579 137/54/567 654/221/570 1262/222/592
f 1262/222/592 654/221/570 141/54/574 649/222/594
f 655/220/593 1262/222/592 649/222/594 142/56/587
f 140/218/551 644/218/582 1263/218/595 656/218/596
f 644/218/582 138/218/580 655/218/593 1263/218/595
f 1263/218/595 655/218/593 142/218/587 652/218/584
f 656/218/596 1263/218/595 652/218/584 144/218/583
f 139/54/553 642/222/552 1264/222/597 653/221/571
f 642/222/552 140/56/551 656/220/596 1264/222/597
f 1264/222/597 656/220/596 144/56/583 650/222/598
f 653/221/571 1264/222/597 650/222/598 143/54/572
f 146/56/589 657/222/599 1265/222/600 660/220/590
f 657/222/599 145/54/601 659/221/602 1265/222/600
f 1265/222/600 659/221/602 147/54/603 658/222/604
f 660/220/590 1265/222/600 658/222/604 148/56/591
f 143/54/572 650/222/598 1266/222/605 663/221/606
f 650/222/598 144/56/583 662/220/586 1266/222/605
f 1266/222/605 662/220/586 148/56/591 658/222/604
f 663/221/606 1266/222/605 658/222/604 147/54/603
f 141/34/574 651/234/573 1267/234/607 664/216/608
f 651/234/573 143/34/572 663/216/606 1267/234/607
f 1267/234/607 663/216/606 147/237/603 659/216/602
f 664/216/608 1267/234/607 659/216/602 145/237/601
f 142/56/587 649/222/594 1268/222/609 661/220/588
f 649/222/594 141/54/574 664/221/608 1268/222/609
f 1268/222/609 664/221/608 145/54/601 657/222/599
f 661/220/588 1268/222/609 657/222/599 146/56/589
f 149/89/81 666/88/80 1269/238/610 678/239/611
f 666/88/80 151/87/79 677/87/612 1269/238/610
f 1269/238/610 677/87/612 155/87/613 674/240/614
f 678/239/611 1269/238/610 674/240/614 153/239/615
f 20/39/38 408/73/70 1270/241/616 672/242/617
f 408/73/70 7/18/18 671/243/618 1270/241/616
f 1270/241/616 671/243/618 150/244/619 667/245/620
f 672/242/617 1270/241/616 667/245/620 152/246/621
f 17/85/77 413/165/281 1271/247/622 669/86/78
f 413/165/281 20/39/38 672/242/617 1271/247/622
f 1271/247/622 672/242/617 152/246/621 668/248/623
f 669/86/78 1271/247/622 668/248/623 151/87/79
f 7/18/18 387/17/17 1272/249/624 671/243/618
f 387/17/17 1/16/16 670/84/76 1272/249/624
f 1272/249/624 670/84/76 149/89/81 665/250/625
f 671/243/618 1272/249/624 665/250/625 150/244/619
f 154/251/626 685/252/627 1273/253/628 695/254/629
f 158/255/630 690/256/631 1273/253/628 685/252/627
f 689/257/632 164/258/633 692/259/634 1281/260/635
f 161/261/636 695/254/629 1273/253/628 693/262/637
f 152/246/621 667/245/620 1274/263/638 680/264/639
f 667/245/620 150/244/619 679/265/640 1274/263/638
f 1274/263/638 679/265/640 154/251/626 675/266/641
f 680/264/639 1274/263/638 675/266/641 156/267/642
f 150/244/619 665/250/625 1275/268/643 679/265/640
f 665/250/625 149/89/81 678/239/611 1275/268/643
f 1275/268/643 678/239/611 153/239/615 673/269/644
f 679/265/640 1275/268/643 673/269/644 154/251/626
f 151/87/79 668/248/623 1276/270/645 677/87/612
f 668/248/623 152/246/621 680/264/639 1276/270/645
f 1276/270/645 680/264/639 156/267/642 676/271/646
f 677/87/612 1276/270/645 676/271/646 155/87/613
f 158/255/630 681/272/647 1277/273/648 683/274/649
f 681/272/647 157/275/650 682/276/651 1277/273/648
f 1277/273/648 682/276/651 159/277/652 684/278/653
f 683/274/649 1277/273/648 684/278/653 160/279/654
f 154/251/626 673/269/644 1278/280/655 685/252/627
f 673/269/644 153/239/615 687/281/656 1278/280/655
f 1278/280/655 687/281/656 157/275/650 681/272/647
f 685/252/627 1278/280/655 681/272/647 158/255/630
f 155/87/613 676/271/646 1279/282/657 688/283/658
f 676/271/646 156/267/642 686/284/659 1279/282/657
f 1279/282/657 686/284/659 160/279/654 684/278/653
f 688/283/658 1279/282/657 684/278/653 159/277/652
f 153/239/615 674/240/614 1280/285/660 687/281/656
f 674/240/614 155/87/613 688/283/658 1280/285/660
f 1280/285/660 688/283/658 159/277/652 682/276/651
f 687/281/656 1280/285/660 682/276/651 157/275/650
f 158/255/630 683/274/649 1281/260/635 690/256/631
f 683/274/649 160/279/654 689/257/632 1281/260/635
f 163/286/661 693/262/637 1273/253/628 690/256/631
f 161/261/636 693/262/637 1282/287/662 702/288/663
f 693/262/637 163/286/661 701/286/664 1282/287/662
f 1282/287/662 701/286/664 167/286/665 699/287/666
f 702/288/663 1282/287/662 699/287/666 165/289/667
f 1281/260/635 692/259/634 163/286/661 690/256/631
f 689/257/632 1318/290/668 694/291/669 164/258/633
f 168/292/670 700/293/671 1283/294/672 710/295/673
f 700/293/671 166/292/674 709/296/675 1283/294/672
f 1283/294/672 709/296/675 170/292/676 708/293/677
f 710/295/673 1283/294/672 708/293/677 172/292/678
f 162/258/679 691/259/680 1284/259/681 703/258/682
f 691/259/680 161/261/636 702/288/663 1284/259/681
f 1284/259/681 702/288/663 165/289/667 697/259/683
f 703/258/682 1284/259/681 697/259/683 166/292/674
f 164/258/633 694/291/669 1285/297/684 704/258/685
f 694/291/669 162/258/679 703/258/682 1285/297/684
f 1285/297/684 703/258/682 166/292/674 700/293/671
f 704/258/685 1285/297/684 700/293/671 168/292/670
f 163/286/661 692/259/634 1286/298/686 701/286/664
f 692/259/634 164/258/633 704/258/685 1286/298/686
f 1286/298/686 704/258/685 168/292/670 698/298/687
f 701/286/664 1286/298/686 698/298/687 167/286/665
f 169/289/688 707/299/689 1287/300/690 718/289/691
f 707/299/689 171/289/692 717/289/693 1287/300/690
f 1287/300/690 717/289/693 175/289/694 715/299/695
f 718/289/691 1287/300/690 715/299/695 173/289/696
f 167/286/665 698/298/687 1288/301/697 711/289/698
f 698/298/687 168/292/670 710/295/673 1288/301/697
f 1288/301/697 710/295/673 172/292/678 706/259/699
f 711/289/698 1288/301/697 706/259/699 171/289/700
f 165/289/667 699/287/666 1289/300/701 712/289/702
f 699/287/666 167/286/665 711/289/698 1289/300/701
f 1289/300/701 711/289/698 171/289/700 707/299/703
f 712/289/702 1289/300/701 707/299/703 169/289/704
f 166/292/674 697/259/683 1290/302/705 709/296/675
f 697/259/683 165/289/667 712/289/702 1290/302/705
f 1290/302/705 712/289/702 169/289/704 705/303/706
f 709/296/675 1290/302/705 705/303/706 170/292/676
f 174/292/707 713/303/708 1291/302/709 726/296/710
f 713/303/708 173/289/696 725/289/711 1291/302/709
f 1291/302/709 725/289/711 177/289/712 721/303/713
f 726/296/710 1291/302/709 721/303/713 178/292/714
f 170/292/715 705/303/716 1292/302/717 719/296/718
f 705/303/716 169/289/688 718/289/691 1292/302/717
f 1292/302/717 718/289/691 173/289/696 713/303/708
f 719/296/718 1292/302/717 713/303/708 174/292/707
f 172/292/719 708/293/720 1293/294/721 720/295/722
f 708/293/720 170/292/715 719/296/718 1293/294/721
f 1293/294/721 719/296/718 174/292/707 716/293/723
f 720/295/722 1293/294/721 716/293/723 176/292/724
f 171/289/692 706/259/725 1294/301/726 717/289/693
f 706/259/725 172/292/719 720/295/722 1294/301/726
f 1294/301/726 720/295/722 176/292/724 714/259/727
f 717/289/693 1294/301/726 714/259/727 175/289/694
f 180/292/728 724/293/729 1295/294/730 734/295/731
f 724/293/729 178/292/714 733/296/732 1295/294/730
f 1295/294/730 733/296/732 182/292/733 732/293/734
f 734/295/731 1295/294/730 732/293/734 184/292/735
f 176/292/724 716/293/723 1296/294/736 727/295/737
f 716/293/723 174/292/707 726/296/710 1296/294/736
f 1296/294/736 726/296/710 178/292/714 724/293/729
f 727/295/737 1296/294/736 724/293/729 180/292/728
f 175/289/694 714/259/727 1297/301/738 728/289/739
f 714/259/727 176/292/724 727/295/737 1297/301/738
f 1297/301/738 727/295/737 180/292/728 722/259/740
f 728/289/739 1297/301/738 722/259/740 179/289/741
f 173/289/696 715/299/695 1298/300/742 725/289/711
f 715/299/695 175/289/694 728/289/739 1298/300/742
f 1298/300/742 728/289/739 179/289/741 723/299/743
f 725/289/711 1298/300/742 723/299/743 177/289/712
f 181/289/744 731/299/745 1299/300/746 742/289/747
f 731/299/745 183/289/748 741/289/749 1299/300/746
f 1299/300/746 741/289/749 187/289/750 739/299/751
f 742/289/747 1299/300/746 739/299/751 185/289/752
f 179/289/741 722/259/740 1300/301/753 735/289/754
f 722/259/740 180/292/728 734/295/731 1300/301/753
f 1300/301/753 734/295/731 184/292/735 730/259/755
f 735/289/754 1300/301/753 730/259/755 183/289/748
f 177/289/712 723/299/743 1301/300/756 736/289/757
f 723/299/743 179/289/741 735/289/754 1301/300/756
f 1301/300/756 735/289/754 183/289/748 731/299/745
f 736/289/757 1301/300/756 731/299/745 181/289/744
f 178/292/714 721/303/713 1302/302/758 733/296/732
f 721/303/713 177/289/712 736/289/757 1302/302/758
f 1302/302/758 736/289/757 181/289/744 729/303/759
f 733/296/732 1302/302/758 729/303/759 182/292/733
f 188/258/760 740/297/761 1303/304/762 750/305/763
f 740/297/761 186/258/764 749/306/765 1303/304/762
f 1303/304/762 749/306/765 190/307/766 748/308/767
f 750/305/763 1303/304/762 748/308/767 192/307/768
f 182/292/733 729/303/759 1304/302/769 743/296/770
f 729/303/759 181/289/744 742/289/747 1304/302/769
f 1304/302/769 742/289/747 185/289/752 737/303/771
f 743/296/770 1304/302/769 737/303/771 186/258/764
f 184/292/735 732/293/734 1305/294/772 744/295/773
f 732/293/734 182/292/733 743/296/770 1305/294/772
f 1305/294/772 743/296/770 186/258/764 740/297/761
f 744/295/773 1305/294/772 740/297/761 188/258/760
f 183/289/748 730/259/755 1306/301/774 741/289/749
f 730/259/755 184/292/735 744/295/773 1306/301/774
f 1306/301/774 744/295/773 188/258/760 738/259/775
f 741/289/749 1306/301/774 738/259/775 187/289/750
f 190/307/766 745/259/776 1307/259/777 748/308/767
f 745/259/776 189/309/778 747/310/779 1307/259/777
f 1307/259/777 747/310/779 191/309/780 746/259/781
f 748/308/767 1307/259/777 746/259/781 192/307/768
f 187/289/750 738/259/775 1308/259/782 751/311/783
f 738/259/775 188/258/760 750/305/763 1308/259/782
f 1308/259/782 750/305/763 192/307/768 746/259/781
f 751/311/783 1308/259/782 746/259/781 191/309/780
f 185/289/752 739/299/751 1309/312/784 752/311/785
f 739/299/751 187/289/750 751/311/783 1309/312/784
f 1309/312/784 751/311/783 191/309/780 747/310/779
f 752/311/785 1309/312/784 747/310/779 189/309/778
f 186/258/764 737/303/771 1310/259/786 749/306/765
f 737/303/771 185/289/752 752/311/785 1310/259/786
f 1310/259/786 752/311/785 189/309/778 745/259/776
f 749/306/765 1310/259/786 745/259/776 190/307/766
f 198/313/787 758/314/788 1311/315/789 759/316/790
f 758/314/788 197/317/791 755/318/792 1311/315/789
f 1311/315/789 755/318/792 194/132/793 753/319/794
f 759/316/790 1311/315/789 753/319/794 193/128/795
f 195/14/796 756/320/797 1312/321/798 754/322/799
f 756/320/797 198/313/787 759/316/790 1312/321/798
f 1312/321/798 759/316/790 193/128/795 757/323/800
f 754/322/799 1312/321/798 757/323/800 196/324/801
f 35/70/112 434/111/111 1313/325/802 761/326/803
f 434/111/111 34/114/110 760/327/804 1313/325/802
f 1313/325/802 760/327/804 195/14/796 754/322/799
f 761/326/803 1313/325/802 754/322/799 196/324/801
f 28/125/128 436/124/127 1314/328/805 762/137/806
f 436/124/127 35/70/112 761/326/803 1314/328/805
f 1314/328/805 761/326/803 196/324/801 757/329/800
f 762/137/806 1314/328/805 757/329/800 193/330/795
f 36/108/134 435/117/133 1315/331/807 437/332/808
f 435/117/133 33/61/132 763/106/809 1315/331/807
f 1315/331/807 763/106/809 194/106/793 755/333/792
f 437/332/808 1315/331/807 755/333/792 197/63/791
f 33/132/132 433/129/148 1316/334/810 763/133/809
f 433/129/148 28/128/128 762/131/806 1316/334/810
f 1316/334/810 762/131/806 193/128/795 753/319/794
f 763/133/809 1316/334/810 753/319/794 194/132/793
f 154/251/626 695/254/629 1317/335/811 675/266/641
f 695/254/629 161/261/636 691/259/680 1317/335/811
f 1317/335/811 691/259/680 162/258/679 696/336/812
f 675/266/641 1317/335/811 696/336/812 156/267/642
f 156/267/642 696/336/812 1318/290/668 686/284/659
f 162/258/679 694/291/669 1318/290/668 696/336/812
f 160/279/654 686/284/659 1318/290/668 689/257/632
f 21/1/1 788/4/813 1319/3/814 409/2/2
f 788/4/813 208/9/815 769/8/816 1319/3/814
f 1319/3/814 769/8/816 200/7/817 779/337/818
f 409/2/2 1319/3/814 779/337/818 12/5/5
f 14/10/10 775/338/819 1320/339/820 401/11/11
f 775/338/819 205/340/821 772/341/822 1320/339/820
f 1320/339/820 772/341/822 199/342/823 768/343/824
f 401/11/11 1320/339/820 768/343/824 10/14/14
f 12/5/5 779/337/818 1321/344/825 400/19/19
f 779/337/818 200/7/817 766/345/826 1321/344/825
f 1321/344/825 766/345/826 206/346/827 774/347/828
f 400/19/19 1321/344/825 774/347/828 13/21/21
f 13/21/21 774/347/828 1322/348/829 399/25/25
f 774/347/828 206/346/827 773/349/830 1322/348/829
f 1322/348/829 773/349/830 205/340/821 775/338/819
f 399/25/25 1322/348/829 775/338/819 14/10/10
f 208/28/815 783/31/831 1323/30/832 787/350/833
f 783/31/831 202/36/834 770/35/835 1323/30/832
f 1323/30/832 770/35/835 203/34/836 776/351/837
f 787/350/833 1323/30/832 776/351/837 209/352/838
f 209/352/838 776/351/837 1324/353/839 786/354/840
f 776/351/837 203/34/836 771/226/841 1324/353/839
f 1324/353/839 771/226/841 204/152/842 777/355/843
f 786/354/840 1324/353/839 777/355/843 210/356/844
f 204/46/842 960/46/845 1325/49/846 781/357/847
f 960/46/845 293/43/848 957/49/849 1325/49/846
f 1325/49/846 957/49/849 295/47/850 959/48/851
f 781/357/847 1325/49/846 959/48/851 16/47/45
f 202/50/834 764/53/852 1326/358/853 770/51/835
f 764/53/852 9/58/55 398/57/54 1326/358/853
f 1326/358/853 398/57/54 15/56/53 780/359/854
f 770/51/835 1326/358/853 780/359/854 203/360/836
f 204/46/842 781/357/847 1327/361/855 765/185/856
f 781/357/847 16/47/45 403/64/61 1327/361/855
f 1327/361/855 403/64/61 11/63/60 778/333/857
f 765/185/856 1327/361/855 778/333/857 201/106/858
f 199/342/823 794/362/859 1328/363/860 768/343/824
f 794/362/859 214/70/861 791/69/862 1328/363/860
f 1328/363/860 791/69/862 25/68/65 404/67/64
f 768/343/824 1328/363/860 404/67/64 10/14/14
f 206/346/827 784/72/863 1329/364/864 773/349/830
f 784/72/863 209/352/838 786/354/840 1329/364/864
f 1329/364/864 786/354/840 210/356/844 785/259/865
f 773/349/830 1329/364/864 785/259/865 205/340/821
f 200/7/817 769/75/816 1330/74/866 766/345/826
f 769/75/816 208/28/815 787/350/833 1330/74/866
f 1330/74/866 787/350/833 209/352/838 784/72/863
f 766/345/826 1330/74/866 784/72/863 206/346/827
f 9/76/55 764/79/852 1331/365/867 402/77/72
f 764/79/852 202/81/834 783/80/831 1331/365/867
f 1331/365/867 783/80/831 208/9/815 788/4/813
f 402/77/72 1331/365/867 788/4/813 21/1/1
f 199/342/823 1040/366/868 1332/367/869 782/368/870
f 1040/366/868 332/239/871 1036/88/872 1332/367/869
f 1332/367/869 1036/88/872 334/369/873 1039/370/874
f 782/368/870 1332/367/869 1039/370/874 207/371/875
f 212/90/876 802/93/877 1333/372/878 793/91/879
f 802/93/877 211/96/880 800/95/881 1333/372/878
f 1333/372/878 800/95/881 217/70/882 804/70/883
f 793/91/879 1333/372/878 804/70/883 214/70/861
f 213/97/884 803/100/885 1334/99/886 790/98/887
f 803/100/885 216/97/888 797/101/889 1334/99/886
f 1334/99/886 797/101/889 211/96/880 802/93/877
f 790/98/887 1334/99/886 802/93/877 212/90/876
f 207/371/875 795/373/890 1335/374/891 782/368/870
f 795/373/890 212/90/876 793/91/879 1335/374/891
f 1335/374/891 793/91/879 214/70/861 794/362/859
f 782/368/870 1335/374/891 794/362/859 199/342/823
f 11/63/60 414/105/99 1336/375/892 778/333/857
f 414/105/99 27/108/102 792/116/893 1336/375/892
f 1336/375/892 792/116/893 213/61/884 796/106/894
f 778/333/857 1336/375/892 796/106/894 201/106/858
f 201/97/858 796/100/894 1337/376/895 767/377/896
f 796/100/894 213/97/884 790/98/887 1337/376/895
f 1337/376/895 790/98/887 212/90/876 795/373/890
f 767/377/896 1337/376/895 795/373/890 207/371/875
f 217/70/882 801/113/897 1338/378/898 798/379/899
f 801/113/897 219/70/900 806/379/901 1338/378/898
f 1338/378/898 806/379/901 34/114/110 429/115/109
f 798/379/899 1338/378/898 429/115/109 30/114/108
f 27/108/102 419/108/114 1339/116/902 792/116/893
f 419/108/114 32/108/116 799/380/903 1339/116/902
f 1339/116/902 799/380/903 216/61/888 803/106/885
f 792/116/893 1339/116/902 803/106/885 213/61/884
f 214/70/861 804/70/883 1340/378/904 791/69/862
f 804/70/883 217/70/882 798/379/899 1340/378/904
f 1340/378/904 798/379/899 30/114/108 420/115/118
f 791/69/862 1340/378/904 420/115/118 25/68/65
f 216/97/888 816/100/905 1341/381/906 797/101/889
f 816/100/905 221/97/907 811/121/908 1341/381/906
f 1341/381/906 811/121/908 220/382/909 815/383/910
f 797/101/889 1341/381/906 815/383/910 211/96/880
f 211/96/880 809/123/911 1342/122/912 800/95/881
f 809/123/911 215/125/913 808/384/914 1342/122/912
f 1342/122/912 808/384/914 219/70/900 801/113/897
f 800/95/881 1342/122/912 801/113/897 217/70/882
f 32/108/116 438/108/130 1343/385/915 799/380/903
f 438/108/130 36/108/134 807/380/916 1343/385/915
f 1343/385/915 807/380/916 218/61/917 810/127/918
f 799/380/903 1343/385/915 810/127/918 216/61/888
f 222/128/919 824/131/920 1344/134/921 812/129/922
f 824/131/920 226/128/923 820/129/924 1344/134/921
f 1344/134/921 820/129/924 227/132/925 823/133/926
f 812/129/922 1344/134/921 823/133/926 223/132/927
f 218/61/917 817/106/928 1345/135/929 810/127/918
f 817/106/928 223/61/930 814/106/931 1345/135/929
f 1345/135/929 814/106/931 221/61/907 816/106/905
f 810/127/918 1345/135/929 816/106/905 216/61/888
f 215/128/913 818/131/932 1346/134/933 805/129/934
f 818/131/932 222/128/935 812/129/936 1346/134/933
f 1346/134/933 812/129/936 223/132/930 817/133/928
f 805/129/934 1346/134/933 817/133/928 218/132/917
f 211/96/880 815/383/910 1347/386/937 809/123/911
f 815/383/910 220/382/909 813/138/938 1347/386/937
f 1347/386/937 813/138/938 222/125/935 818/137/932
f 809/123/911 1347/386/937 818/137/932 215/125/913
f 224/382/939 832/387/940 1348/140/941 821/138/942
f 832/387/940 228/382/943 829/138/944 1348/140/941
f 1348/140/941 829/138/944 230/125/945 831/137/946
f 821/138/942 1348/140/941 831/137/946 226/125/923
f 220/382/947 825/387/948 1349/138/949 813/138/950
f 825/387/948 224/382/939 821/138/942 1349/138/949
f 1349/138/949 821/138/942 226/125/923 824/137/920
f 813/138/950 1349/138/949 824/137/920 222/125/919
f 221/97/951 826/100/952 1350/121/953 811/121/954
f 826/100/952 225/97/955 819/121/956 1350/121/953
f 1350/121/953 819/121/956 224/382/939 825/387/948
f 811/121/954 1350/121/953 825/387/948 220/382/947
f 223/61/927 823/106/926 1351/106/957 814/106/958
f 823/106/926 227/61/925 822/106/959 1351/106/957
f 1351/106/957 822/106/959 225/61/955 826/106/952
f 814/106/958 1351/106/957 826/106/952 221/61/951
f 231/61/960 840/106/961 1352/106/962 830/106/963
f 840/106/961 235/61/964 838/106/965 1352/106/962
f 1352/106/962 838/106/965 233/61/966 839/106/967
f 830/106/963 1352/106/962 839/106/967 229/61/968
f 225/97/955 833/100/969 1353/121/970 819/121/956
f 833/100/969 229/97/968 827/121/971 1353/121/970
f 1353/121/970 827/121/971 228/382/943 832/387/940
f 819/121/956 1353/121/970 832/387/940 224/382/939
f 227/61/925 834/106/972 1354/106/973 822/106/959
f 834/106/972 231/61/960 830/106/963 1354/106/973
f 1354/106/973 830/106/963 229/61/968 833/106/969
f 822/106/959 1354/106/973 833/106/969 225/61/955
f 226/128/923 831/131/946 1355/134/974 820/129/924
f 831/131/946 230/128/945 828/129/975 1355/134/974
f 1355/134/974 828/129/975 231/132/960 834/133/972
f 820/129/924 1355/134/974 834/133/972 227/132/925
f 232/382/976 848/387/977 1356/140/978 837/138/979
f 848/387/977 236/382/980 845/138/981 1356/140/978
f 1356/140/978 845/138/981 238/125/982 847/137/983
f 837/138/979 1356/140/978 847/137/983 234/125/984
f 230/128/945 841/131/985 1357/134/986 828/129/975
f 841/131/985 234/128/987 836/129/988 1357/134/986
f 1357/134/986 836/129/988 235/132/964 840/133/961
f 828/129/975 1357/134/986 840/133/961 231/132/960
f 228/382/943 842/387/989 1358/138/990 829/138/944
f 842/387/989 232/382/991 837/138/992 1358/138/990
f 1358/138/990 837/138/992 234/125/987 841/137/985
f 829/138/944 1358/138/990 841/137/985 230/125/945
f 229/97/968 839/100/967 1359/121/993 827/121/971
f 839/100/967 233/97/966 835/121/994 1359/121/993
f 1359/121/993 835/121/994 232/382/991 842/387/989
f 827/121/971 1359/121/993 842/387/989 228/382/943
f 236/382/980 856/387/995 1360/138/996 845/138/981
f 856/387/995 240/382/997 853/138/998 1360/138/996
f 1360/138/996 853/138/998 242/125/999 855/137/1000
f 845/138/981 1360/138/996 855/137/1000 238/125/982
f 233/97/1001 849/100/1002 1361/121/1003 835/121/1004
f 849/100/1002 237/97/1005 843/121/1006 1361/121/1003
f 1361/121/1003 843/121/1006 236/382/980 848/387/977
f 835/121/1004 1361/121/1003 848/387/977 232/382/976
f 235/61/1007 850/106/1008 1362/106/1009 838/106/1010
f 850/106/1008 239/61/1011 846/106/1012 1362/106/1009
f 1362/106/1009 846/106/1012 237/61/1005 849/106/1002
f 838/106/1010 1362/106/1009 849/106/1002 233/61/1001
f 234/128/984 847/131/983 1363/134/1013 836/129/1014
f 847/131/983 238/128/982 844/129/1015 1363/134/1013
f 1363/134/1013 844/129/1015 239/132/1011 850/133/1008
f 836/129/1014 1363/134/1013 850/133/1008 235/132/1007
f 243/61/1016 864/106/1017 1364/106/1018 854/106/1019
f 864/106/1017 247/106/1020 862/106/1021 1364/106/1018
f 1364/106/1018 862/106/1021 245/106/1022 863/106/1023
f 854/106/1019 1364/106/1018 863/106/1023 241/61/1024
f 237/97/1005 857/100/1025 1365/121/1026 843/121/1006
f 857/100/1025 241/97/1024 851/121/1027 1365/121/1026
f 1365/121/1026 851/121/1027 240/382/997 856/387/995
f 843/121/1006 1365/121/1026 856/387/995 236/382/980
f 239/61/1011 858/106/1028 1366/106/1029 846/106/1012
f 858/106/1028 243/61/1016 854/106/1019 1366/106/1029
f 1366/106/1029 854/106/1019 241/61/1024 857/106/1025
f 846/106/1012 1366/106/1029 857/106/1025 237/61/1005
f 238/128/982 855/131/1000 1367/134/1030 844/129/1015
f 855/131/1000 242/128/999 852/129/1031 1367/134/1030
f 1367/134/1030 852/129/1031 243/132/1016 858/133/1028
f 844/129/1015 1367/134/1030 858/133/1028 239/132/1011
f 245/97/1022 862/100/1021 1368/388/1032 859/389/1033
f 862/100/1021 247/100/1020 860/146/1034 1368/388/1032
f 1368/388/1032 860/146/1034 246/125/1035 861/145/1036
f 859/389/1033 1368/388/1032 861/145/1036 244/390/1037
f 242/128/999 865/131/1038 1369/129/1039 852/129/1031
f 865/131/1038 246/131/1035 860/134/1034 1369/129/1039
f 1369/129/1039 860/134/1034 247/147/1020 864/133/1017
f 852/129/1031 1369/129/1039 864/133/1017 243/132/1016
f 240/382/997 866/391/1040 1370/392/1041 853/138/998
f 866/391/1040 244/390/1037 861/145/1036 1370/392/1041
f 1370/392/1041 861/145/1036 246/125/1035 865/137/1038
f 853/138/998 1370/392/1041 865/137/1038 242/125/999
f 241/97/1024 863/100/1023 1371/393/1042 851/121/1027
f 863/100/1023 245/97/1022 859/389/1033 1371/393/1042
f 1371/393/1042 859/389/1033 244/390/1037 866/391/1040
f 851/121/1027 1371/393/1042 866/391/1040 240/382/997
f 204/152/842 872/152/1043 1372/394/1044 777/355/843
f 872/152/1043 248/41/1045 869/155/1046 1372/394/1044
f 1372/394/1044 869/155/1046 251/171/1047 871/395/1048
f 777/355/843 1372/394/1044 871/395/1048 210/356/844
f 251/171/1047 880/396/1049 1373/157/1050 870/157/1051
f 880/396/1049 255/397/1052 878/157/1053 1373/157/1050
f 1373/157/1050 878/157/1053 254/398/1054 879/399/1055
f 870/157/1051 1373/157/1050 879/399/1055 250/398/1056
f 207/371/875 874/400/1057 1374/401/1058 767/377/896
f 874/400/1057 250/398/1056 868/402/1059 1374/401/1058
f 1374/401/1058 868/402/1059 249/97/1060 873/100/1061
f 767/377/896 1374/401/1058 873/100/1061 201/97/858
f 201/106/858 873/106/1061 1375/164/1062 765/185/856
f 873/106/1061 249/61/1060 867/164/1063 1375/164/1062
f 1375/164/1062 867/164/1063 248/43/1045 872/46/1043
f 765/185/856 1375/164/1062 872/46/1043 204/46/842
f 210/356/844 871/395/1048 1376/403/1064 789/404/1065
f 871/395/1048 251/171/1047 870/157/1051 1376/403/1064
f 1376/403/1064 870/157/1051 250/398/1056 874/400/1057
f 789/404/1065 1376/403/1064 874/400/1057 207/371/875
f 260/167/1066 904/405/1067 1377/406/1068 887/407/1069
f 904/405/1067 266/173/1070 900/174/1071 1377/406/1068
f 1377/406/1068 900/174/1071 264/175/1072 903/408/1073
f 887/407/1069 1377/406/1068 903/408/1073 259/356/1074
f 250/398/1056 879/399/1055 1378/409/1075 868/402/1059
f 879/399/1055 254/398/1054 876/402/1076 1378/409/1075
f 1378/409/1075 876/402/1076 253/97/1077 881/100/1078
f 868/402/1059 1378/409/1075 881/100/1078 249/97/1060
f 248/41/1045 882/152/1079 1379/155/1080 869/155/1046
f 882/152/1079 252/41/1081 877/155/1082 1379/155/1080
f 1379/155/1080 877/155/1082 255/397/1052 880/396/1049
f 869/155/1046 1379/155/1080 880/396/1049 251/171/1047
f 249/61/1060 881/106/1078 1380/164/1083 867/164/1063
f 881/106/1078 253/61/1077 875/164/1084 1380/164/1083
f 1380/164/1083 875/164/1084 252/43/1081 882/46/1079
f 867/164/1063 1380/164/1083 882/46/1079 248/43/1045
f 256/152/1085 883/178/1086 1381/410/1087 885/355/1088
f 883/178/1086 257/100/1089 884/146/1090 1381/410/1087
f 1381/410/1087 884/146/1090 258/330/1091 886/411/1092
f 885/355/1088 1381/410/1087 886/411/1092 259/356/1074
f 262/61/1093 893/106/1094 1382/183/1095 897/182/1096
f 893/106/1094 257/106/1089 883/185/1086 1382/183/1095
f 1382/183/1095 883/185/1086 256/43/1085 892/184/1097
f 897/182/1096 1382/183/1095 892/184/1097 261/43/1098
f 260/167/1066 887/407/1069 1383/412/1099 896/186/1100
f 887/407/1069 259/356/1074 886/411/1092 1383/412/1099
f 1383/412/1099 886/411/1092 258/330/1091 890/413/1101
f 896/186/1100 1383/412/1099 890/413/1101 263/398/1102
f 263/398/1102 890/413/1101 1384/414/1103 895/402/1104
f 890/413/1101 258/330/1091 884/146/1090 1384/414/1103
f 1384/414/1103 884/146/1090 257/100/1089 893/100/1094
f 895/402/1104 1384/414/1103 893/100/1094 262/97/1093
f 254/398/1054 894/398/1105 1385/409/1106 876/402/1076
f 894/398/1105 263/398/1102 895/402/1104 1385/409/1106
f 1385/409/1106 895/402/1104 262/97/1093 889/100/1107
f 876/402/1076 1385/409/1106 889/100/1107 253/97/1077
f 255/397/1052 891/415/1108 1386/416/1109 878/157/1053
f 891/415/1108 260/167/1066 896/186/1100 1386/416/1109
f 1386/416/1109 896/186/1100 263/398/1102 894/398/1105
f 878/157/1053 1386/416/1109 894/398/1105 254/398/1054
f 253/61/1077 889/106/1107 1387/164/1110 875/164/1084
f 889/106/1107 262/61/1093 897/182/1096 1387/164/1110
f 1387/164/1110 897/182/1096 261/43/1098 888/46/1111
f 875/164/1084 1387/164/1110 888/46/1111 252/43/1081
f 252/41/1081 888/152/1111 1388/417/1112 877/155/1082
f 888/152/1111 261/41/1098 898/418/1113 1388/417/1112
f 1388/417/1112 898/418/1113 260/167/1066 891/415/1108
f 877/155/1082 1388/417/1112 891/415/1108 255/397/1052
f 267/41/1114 912/152/1115 1389/195/1116 902/195/1117
f 912/152/1115 271/41/1118 910/195/1119 1389/195/1116
f 1389/195/1116 910/195/1119 270/173/1120 911/173/1121
f 902/195/1117 1389/195/1116 911/173/1121 266/173/1070
f 261/41/1098 905/152/1122 1390/419/1123 898/418/1113
f 905/152/1122 267/41/1114 902/195/1117 1390/419/1123
f 1390/419/1123 902/195/1117 266/173/1070 904/405/1067
f 898/418/1113 1390/419/1123 904/405/1067 260/167/1066
f 259/356/1074 903/408/1073 1391/420/1124 885/355/1088
f 903/408/1073 264/175/1072 899/203/1125 1391/420/1124
f 1391/420/1124 899/203/1125 265/41/1126 906/152/1127
f 885/355/1088 1391/420/1124 906/152/1127 256/152/1085
f 256/43/1085 906/46/1127 1392/421/1128 892/184/1097
f 906/46/1127 265/43/1126 901/46/1129 1392/421/1128
f 1392/421/1128 901/46/1129 267/43/1114 905/46/1122
f 892/184/1097 1392/421/1128 905/46/1122 261/43/1098
f 269/43/1130 920/46/1131 1393/46/1132 909/46/1133
f 920/46/1131 273/43/1134 917/46/1135 1393/46/1132
f 1393/46/1132 917/46/1135 275/43/1136 919/46/1137
f 909/46/1133 1393/46/1132 919/46/1137 271/43/1118
f 266/173/1070 911/173/1121 1394/422/1138 900/174/1071
f 911/173/1121 270/173/1120 908/423/1139 1394/422/1138
f 1394/422/1138 908/423/1139 268/175/1140 913/424/1141
f 900/174/1071 1394/422/1138 913/424/1141 264/175/1072
f 265/43/1126 914/46/1142 1395/46/1143 901/46/1129
f 914/46/1142 269/43/1130 909/46/1133 1395/46/1143
f 1395/46/1143 909/46/1133 271/43/1118 912/46/1115
f 901/46/1129 1395/46/1143 912/46/1115 267/43/1114
f 264/175/1072 913/424/1141 1396/203/1144 899/203/1125
f 913/424/1141 268/175/1140 907/203/1145 1396/203/1144
f 1396/203/1144 907/203/1145 269/41/1130 914/152/1142
f 899/203/1125 1396/203/1144 914/152/1142 265/41/1126
f 273/43/1146 928/46/1147 1397/46/1148 917/46/1149
f 928/46/1147 277/43/1150 925/46/1151 1397/46/1148
f 1397/46/1148 925/46/1151 279/43/1152 927/46/1153
f 917/46/1149 1397/46/1148 927/46/1153 275/43/1154
f 268/175/1140 921/175/1155 1398/203/1156 907/203/1145
f 921/175/1155 272/175/1157 915/203/1158 1398/203/1156
f 1398/203/1156 915/203/1158 273/41/1134 920/152/1131
f 907/203/1145 1398/203/1156 920/152/1131 269/41/1130
f 271/41/1118 919/152/1137 1399/195/1159 910/195/1119
f 919/152/1137 275/41/1136 918/195/1160 1399/195/1159
f 1399/195/1159 918/195/1160 274/173/1161 922/173/1162
f 910/195/1119 1399/195/1159 922/173/1162 270/173/1120
f 270/173/1120 922/173/1162 1400/422/1163 908/423/1139
f 922/173/1162 274/173/1161 916/423/1164 1400/422/1163
f 1400/422/1163 916/423/1164 272/175/1157 921/175/1155
f 908/423/1139 1400/422/1163 921/175/1155 268/175/1140
f 279/41/1152 936/152/1165 1401/195/1166 926/195/1167
f 936/152/1165 283/41/1168 934/195/1169 1401/195/1166
f 1401/195/1166 934/195/1169 282/173/1170 935/173/1171
f 926/195/1167 1401/195/1166 935/173/1171 278/173/1172
f 272/175/1173 929/175/1174 1402/203/1175 915/203/1176
f 929/175/1174 276/175/1177 923/203/1178 1402/203/1175
f 1402/203/1175 923/203/1178 277/41/1150 928/152/1147
f 915/203/1176 1402/203/1175 928/152/1147 273/41/1146
f 275/41/1154 927/152/1153 1403/195/1179 918/195/1180
f 927/152/1153 279/41/1152 926/195/1167 1403/195/1179
f 1403/195/1179 926/195/1167 278/173/1172 930/173/1181
f 918/195/1180 1403/195/1179 930/173/1181 274/173/1182
f 274/173/1182 930/173/1181 1404/422/1183 916/423/1184
f 930/173/1181 278/173/1172 924/423/1185 1404/422/1183
f 1404/422/1183 924/423/1185 276/175/1177 929/175/1174
f 916/423/1184 1404/422/1183 929/175/1174 272/175/1173
f 281/43/1186 944/46/1187 1405/46/1188 933/46/1189
f 944/46/1187 285/43/1190 941/46/1191 1405/46/1188
f 1405/46/1188 941/46/1191 287/43/1192 943/46/1193
f 933/46/1189 1405/46/1188 943/46/1193 283/43/1168
f 278/173/1172 935/173/1171 1406/422/1194 924/423/1185
f 935/173/1171 282/173/1170 932/423/1195 1406/422/1194
f 1406/422/1194 932/423/1195 280/175/1196 937/424/1197
f 924/423/1185 1406/422/1194 937/424/1197 276/175/1177
f 277/43/1150 938/46/1198 1407/46/1199 925/46/1151
f 938/46/1198 281/43/1186 933/46/1189 1407/46/1199
f 1407/46/1199 933/46/1189 283/43/1168 936/46/1165
f 925/46/1151 1407/46/1199 936/46/1165 279/43/1152
f 276/175/1177 937/424/1197 1408/203/1200 923/203/1178
f 937/424/1197 280/175/1196 931/203/1201 1408/203/1200
f 1408/203/1200 931/203/1201 281/41/1186 938/152/1198
f 923/203/1178 1408/203/1200 938/152/1198 277/41/1150
f 284/175/1202 952/206/1203 1409/425/1204 939/203/1205
f 952/206/1203 288/208/1206 947/209/1207 1409/425/1204
f 1409/425/1204 947/209/1207 289/41/1208 951/152/1209
f 939/203/1205 1409/425/1204 951/152/1209 285/41/1190
f 280/175/1196 945/175/1210 1410/203/1211 931/203/1201
f 945/175/1210 284/175/1202 939/203/1205 1410/203/1211
f 1410/203/1211 939/203/1205 285/41/1190 944/152/1187
f 931/203/1201 1410/203/1211 944/152/1187 281/41/1186
f 283/41/1168 943/152/1193 1411/195/1212 934/195/1169
f 943/152/1193 287/41/1192 942/195/1213 1411/195/1212
f 1411/195/1212 942/195/1213 286/173/1214 946/173/1215
f 934/195/1169 1411/195/1212 946/173/1215 282/173/1170
f 282/173/1170 946/173/1215 1412/422/1216 932/423/1195
f 946/173/1215 286/173/1214 940/423/1217 1412/422/1216
f 1412/422/1216 940/423/1217 284/175/1202 945/175/1210
f 932/423/1195 1412/422/1216 945/175/1210 280/175/1196
f 291/41/1218 949/152/1219 1413/426/1220 950/207/1221
f 949/152/1219 289/41/1208 947/209/1207 1413/426/1220
f 1413/426/1220 947/209/1207 288/208/1206 948/427/1222
f 950/207/1221 1413/426/1220 948/427/1222 290/208/1223
f 287/41/1192 954/152/1224 1414/428/1225 942/195/1213
f 954/152/1224 291/41/1218 950/207/1221 1414/428/1225
f 1414/428/1225 950/207/1221 290/208/1223 953/429/1226
f 942/195/1213 1414/428/1225 953/429/1226 286/173/1214
f 286/173/1214 953/429/1226 1415/430/1227 940/423/1217
f 953/429/1226 290/208/1223 948/427/1222 1415/430/1227
f 1415/430/1227 948/427/1222 288/208/1206 952/206/1203
f 940/423/1217 1415/430/1227 952/206/1203 284/175/1202
f 285/43/1190 951/46/1209 1416/46/1228 941/46/1191
f 951/46/1209 289/46/1208 949/46/1219 1416/46/1228
f 1416/46/1228 949/46/1219 291/46/1218 954/46/1224
f 941/46/1191 1416/46/1228 954/46/1224 287/43/1192
f 293/43/848 968/46/1229 1417/49/1230 957/49/849
f 968/46/1229 297/43/1231 965/49/1232 1417/49/1230
f 1417/49/1230 965/49/1232 299/47/1233 967/48/1234
f 957/49/849 1417/49/1230 967/48/1234 295/47/850
f 203/34/836 961/216/1235 1418/217/1236 771/226/841
f 961/216/1235 292/34/1237 955/227/1238 1418/217/1236
f 1418/217/1236 955/227/1238 293/41/848 960/152/845
f 771/226/841 1418/217/1236 960/152/845 204/152/842
f 16/218/45 959/218/851 1419/218/1239 397/218/456
f 959/218/851 295/218/850 958/218/1240 1419/218/1239
f 1419/218/1239 958/218/1240 294/218/1241 962/218/1242
f 397/218/456 1419/218/1239 962/218/1242 15/218/53
f 15/56/53 962/220/1242 1420/431/1243 780/359/854
f 962/220/1242 294/56/1241 956/431/1244 1420/431/1243
f 1420/431/1243 956/431/1244 292/54/1237 961/221/1235
f 780/359/854 1420/431/1243 961/221/1235 203/360/836
f 296/34/1245 976/225/1246 1421/432/1247 963/223/1248
f 976/225/1246 300/34/1249 971/226/1250 1421/432/1247
f 1421/432/1247 971/226/1250 301/152/1251 975/152/1252
f 963/223/1248 1421/432/1247 975/152/1252 297/41/1231
f 292/34/1237 969/216/1253 1422/217/1254 955/227/1238
f 969/216/1253 296/34/1245 963/223/1248 1422/217/1254
f 1422/217/1254 963/223/1248 297/41/1231 968/152/1229
f 955/227/1238 1422/217/1254 968/152/1229 293/41/848
f 295/218/850 967/218/1234 1423/218/1255 958/218/1240
f 967/218/1234 299/218/1233 966/218/1256 1423/218/1255
f 1423/218/1255 966/218/1256 298/218/1257 970/218/1258
f 958/218/1240 1423/218/1255 970/218/1258 294/218/1241
f 294/56/1241 970/220/1258 1424/431/1259 956/431/1244
f 970/220/1258 298/56/1257 964/431/1260 1424/431/1259
f 1424/431/1259 964/431/1260 296/54/1245 969/221/1253
f 956/431/1244 1424/431/1259 969/221/1253 292/54/1237
f 300/360/1249 972/359/1261 1425/433/1262 971/228/1250
f 972/359/1261 302/434/1263 974/232/1264 1425/433/1262
f 1425/433/1262 974/232/1264 303/435/1265 973/357/1266
f 971/228/1250 1425/433/1262 973/357/1266 301/46/1251
f 299/218/1233 978/218/1267 1426/218/1268 966/218/1256
f 978/218/1267 303/218/1265 974/218/1264 1426/218/1268
f 1426/218/1268 974/218/1264 302/218/1263 977/218/1269
f 966/218/1256 1426/218/1268 977/218/1269 298/218/1257
f 296/34/1245 984/216/1270 1427/233/1271 976/225/1246
f 984/216/1270 304/34/1272 981/234/1273 1427/233/1271
f 1427/233/1271 981/234/1273 306/34/1274 983/216/1275
f 976/225/1246 1427/233/1271 983/216/1275 300/34/1249
f 297/43/1231 975/46/1252 1428/49/1276 965/49/1232
f 975/46/1252 301/46/1251 973/357/1266 1428/49/1276
f 1428/49/1276 973/357/1266 303/435/1265 978/48/1267
f 965/49/1232 1428/49/1276 978/48/1267 299/47/1233
f 307/218/1277 992/218/1278 1429/218/1279 982/218/1280
f 992/218/1278 311/218/1281 990/218/1282 1429/218/1279
f 1429/218/1279 990/218/1282 309/218/1283 991/218/1284
f 982/218/1280 1429/218/1279 991/218/1284 305/218/1285
f 300/360/1249 983/221/1275 1430/222/1286 972/359/1261
f 983/221/1275 306/54/1274 980/222/1287 1430/222/1286
f 1430/222/1286 980/222/1287 307/56/1277 985/220/1288
f 972/359/1261 1430/222/1286 985/220/1288 302/434/1263
f 302/218/1263 985/218/1288 1431/218/1289 977/218/1269
f 985/218/1288 307/218/1277 982/218/1280 1431/218/1289
f 1431/218/1289 982/218/1280 305/218/1285 986/218/1290
f 977/218/1269 1431/218/1289 986/218/1290 298/218/1257
f 298/56/1257 986/220/1290 1432/431/1291 964/431/1260
f 986/220/1290 305/56/1285 979/431/1292 1432/431/1291
f 1432/431/1291 979/431/1292 304/54/1272 984/221/1270
f 964/431/1260 1432/431/1291 984/221/1270 296/54/1245
f 308/34/1293 1000/216/1294 1433/234/1295 989/234/1296
f 1000/216/1294 312/34/1297 997/234/1298 1433/234/1295
f 1433/234/1295 997/234/1298 314/34/1299 999/216/1300
f 989/234/1296 1433/234/1295 999/216/1300 310/34/1301
f 306/54/1274 993/221/1302 1434/222/1303 980/222/1287
f 993/221/1302 310/54/1301 988/222/1304 1434/222/1303
f 1434/222/1303 988/222/1304 311/56/1281 992/220/1278
f 980/222/1287 1434/222/1303 992/220/1278 307/56/1277
f 304/34/1272 994/216/1305 1435/234/1306 981/234/1273
f 994/216/1305 308/34/1293 989/234/1296 1435/234/1306
f 1435/234/1306 989/234/1296 310/34/1301 993/216/1302
f 981/234/1273 1435/234/1306 993/216/1302 306/34/1274
f 305/56/1285 991/220/1284 1436/431/1307 979/431/1292
f 991/220/1284 309/56/1283 987/431/1308 1436/431/1307
f 1436/431/1307 987/431/1308 308/54/1293 994/221/1305
f 979/431/1292 1436/431/1307 994/221/1305 304/54/1272
f 315/218/1309 1008/218/1310 1437/218/1311 998/218/1312
f 1008/218/1310 319/218/1313 1006/218/1314 1437/218/1311
f 1437/218/1311 1006/218/1314 317/218/1315 1007/218/1316
f 998/218/1312 1437/218/1311 1007/218/1316 313/218/1317
f 309/56/1283 1001/220/1318 1438/431/1319 987/431/1308
f 1001/220/1318 313/56/1320 995/431/1321 1438/431/1319
f 1438/431/1319 995/431/1321 312/54/1297 1000/221/1294
f 987/431/1308 1438/431/1319 1000/221/1294 308/54/1293
f 311/218/1281 1002/218/1322 1439/218/1323 990/218/1282
f 1002/218/1322 315/218/1324 998/218/1325 1439/218/1323
f 1439/218/1323 998/218/1325 313/218/1320 1001/218/1318
f 990/218/1282 1439/218/1323 1001/218/1318 309/218/1283
f 310/54/1301 999/221/1300 1440/222/1326 988/222/1304
f 999/221/1300 314/54/1299 996/222/1327 1440/222/1326
f 1440/222/1326 996/222/1327 315/56/1324 1002/220/1322
f 988/222/1304 1440/222/1326 1002/220/1322 311/56/1281
f 318/54/1328 1016/221/1329 1441/222/1330 1004/222/1331
f 1016/221/1329 322/54/1332 1012/222/1333 1441/222/1330
f 1441/222/1330 1012/222/1333 323/56/1334 1015/220/1335
f 1004/222/1331 1441/222/1330 1015/220/1335 319/56/1313
f 314/54/1336 1009/221/1337 1442/222/1338 996/222/1339
f 1009/221/1337 318/54/1328 1004/222/1331 1442/222/1338
f 1442/222/1338 1004/222/1331 319/56/1313 1008/220/1310
f 996/222/1339 1442/222/1338 1008/220/1310 315/56/1309
f 312/34/1340 1010/216/1341 1443/234/1342 997/234/1343
f 1010/216/1341 316/34/1344 1005/234/1345 1443/234/1342
f 1443/234/1342 1005/234/1345 318/34/1328 1009/216/1337
f 997/234/1343 1443/234/1342 1009/216/1337 314/34/1336
f 313/56/1317 1007/220/1316 1444/431/1346 995/431/1347
f 1007/220/1316 317/56/1315 1003/431/1348 1444/431/1346
f 1444/431/1346 1003/431/1348 316/54/1344 1010/221/1341
f 995/431/1347 1444/431/1346 1010/221/1341 312/54/1340
f 320/34/1349 1024/216/1350 1445/234/1351 1013/234/1352
f 1024/216/1350 324/34/1353 1021/234/1354 1445/234/1351
f 1445/234/1351 1021/234/1354 326/34/1355 1023/216/1356
f 1013/234/1352 1445/234/1351 1023/216/1356 322/34/1332
f 316/34/1344 1017/216/1357 1446/234/1358 1005/234/1345
f 1017/216/1357 320/34/1349 1013/234/1352 1446/234/1358
f 1446/234/1358 1013/234/1352 322/34/1332 1016/216/1329
f 1005/234/1345 1446/234/1358 1016/216/1329 318/34/1328
f 317/56/1315 1018/220/1359 1447/431/1360 1003/431/1348
f 1018/220/1359 321/56/1361 1011/431/1362 1447/431/1360
f 1447/431/1360 1011/431/1362 320/54/1349 1017/221/1357
f 1003/431/1348 1447/431/1360 1017/221/1357 316/54/1344
f 319/218/1313 1015/218/1335 1448/218/1363 1006/218/1314
f 1015/218/1335 323/218/1334 1014/218/1364 1448/218/1363
f 1448/218/1363 1014/218/1364 321/218/1361 1018/218/1359
f 1006/218/1314 1448/218/1363 1018/218/1359 317/218/1315
f 327/218/1365 1032/218/1366 1449/218/1367 1022/218/1368
f 1032/218/1366 331/218/1369 1030/218/1370 1449/218/1367
f 1449/218/1367 1030/218/1370 329/218/1371 1031/218/1372
f 1022/218/1368 1449/218/1367 1031/218/1372 325/218/1373
f 321/56/1361 1025/220/1374 1450/431/1375 1011/431/1362
f 1025/220/1374 325/56/1373 1019/431/1376 1450/431/1375
f 1450/431/1375 1019/431/1376 324/54/1353 1024/221/1350
f 1011/431/1362 1450/431/1375 1024/221/1350 320/54/1349
f 323/218/1334 1026/218/1377 1451/218/1378 1014/218/1364
f 1026/218/1377 327/218/1365 1022/218/1368 1451/218/1378
f 1451/218/1378 1022/218/1368 325/218/1373 1025/218/1374
f 1014/218/1364 1451/218/1378 1025/218/1374 321/218/1361
f 322/54/1332 1023/221/1356 1452/222/1379 1012/222/1333
f 1023/221/1356 326/54/1355 1020/222/1380 1452/222/1379
f 1452/222/1379 1020/222/1380 327/56/1365 1026/220/1377
f 1012/222/1333 1452/222/1379 1026/220/1377 323/56/1334
f 329/56/1371 1030/220/1370 1453/431/1381 1027/431/1382
f 1030/220/1370 331/56/1369 1028/431/1383 1453/431/1381
f 1453/431/1381 1028/431/1383 330/54/1384 1029/221/1385
f 1027/431/1382 1453/431/1381 1029/221/1385 328/54/1386
f 326/54/1355 1033/221/1387 1454/222/1388 1020/222/1380
f 1033/221/1387 330/54/1384 1028/431/1383 1454/222/1388
f 1454/222/1388 1028/431/1383 331/56/1369 1032/220/1366
f 1020/222/1380 1454/222/1388 1032/220/1366 327/56/1365
f 324/34/1353 1034/216/1389 1455/234/1390 1021/234/1354
f 1034/216/1389 328/237/1386 1029/216/1385 1455/234/1390
f 1455/234/1390 1029/216/1385 330/237/1384 1033/216/1387
f 1021/234/1354 1455/234/1390 1033/216/1387 326/34/1355
f 325/56/1373 1031/220/1372 1456/431/1391 1019/431/1376
f 1031/220/1372 329/56/1371 1027/431/1382 1456/431/1391
f 1456/431/1391 1027/431/1382 328/54/1386 1034/221/1389
f 1019/431/1376 1456/431/1391 1034/221/1389 324/54/1353
f 332/239/871 1048/436/1392 1457/437/1393 1036/88/872
f 1048/436/1392 336/436/1394 1044/438/1395 1457/437/1393
f 1457/437/1393 1044/438/1395 338/369/1396 1047/439/1397
f 1036/88/872 1457/437/1393 1047/439/1397 334/369/873
f 210/356/844 1042/440/1398 1458/441/1399 785/259/865
f 1042/440/1398 335/279/1400 1037/245/1401 1458/441/1399
f 1458/441/1399 1037/245/1401 333/442/1402 1041/443/1403
f 785/259/865 1458/441/1399 1041/443/1403 205/340/821
f 207/371/875 1039/370/874 1459/444/1404 789/404/1065
f 1039/370/874 334/369/873 1038/248/1405 1459/444/1404
f 1459/444/1404 1038/248/1405 335/279/1400 1042/440/1398
f 789/404/1065 1459/444/1404 1042/440/1398 210/356/844
f 205/340/821 1041/443/1403 1460/445/1406 772/341/822
f 1041/443/1403 333/442/1402 1035/446/1407 1460/445/1406
f 1460/445/1406 1035/446/1407 332/239/871 1040/366/868
f 772/341/822 1460/445/1406 1040/366/868 199/342/823
f 337/251/1408 1065/447/1409 1461/448/1410 1055/449/1411
f 344/286/1412 1063/262/1413 1461/448/1410 1065/447/1409
f 1060/450/1414 346/261/1415 1062/298/1416 1469/301/1417
f 341/340/1418 1055/449/1411 1461/448/1410 1060/450/1414
f 335/279/1400 1050/451/1419 1462/452/1420 1037/245/1401
f 1050/451/1419 339/267/1421 1045/453/1422 1462/452/1420
f 1462/452/1420 1045/453/1422 337/251/1408 1049/454/1423
f 1037/245/1401 1462/452/1420 1049/454/1423 333/442/1402
f 333/442/1402 1049/454/1423 1463/268/1424 1035/446/1407
f 1049/454/1423 337/251/1408 1043/455/1425 1463/268/1424
f 1463/268/1424 1043/455/1425 336/436/1394 1048/436/1392
f 1035/446/1407 1463/268/1424 1048/436/1392 332/239/871
f 334/369/873 1047/439/1397 1464/270/1426 1038/248/1405
f 1047/439/1397 338/369/1396 1046/271/1427 1464/270/1426
f 1464/270/1426 1046/271/1427 339/267/1421 1050/451/1419
f 1038/248/1405 1464/270/1426 1050/451/1419 335/279/1400
f 341/340/1418 1053/259/1428 1465/456/1429 1051/341/1430
f 1053/259/1428 343/457/1431 1054/411/1432 1465/456/1429
f 1465/456/1429 1054/411/1432 342/330/1433 1052/458/1434
f 1051/341/1430 1465/456/1429 1052/458/1434 340/342/1435
f 337/251/1408 1055/449/1411 1466/459/1436 1043/455/1425
f 1055/449/1411 341/340/1418 1051/341/1430 1466/459/1436
f 1466/459/1436 1051/341/1430 340/342/1435 1057/460/1437
f 1043/455/1425 1466/459/1436 1057/460/1437 336/436/1394
f 338/369/1396 1058/461/1438 1467/462/1439 1046/271/1427
f 1058/461/1438 342/330/1433 1054/411/1432 1467/462/1439
f 1467/462/1439 1054/411/1432 343/457/1431 1056/463/1440
f 1046/271/1427 1467/462/1439 1056/463/1440 339/267/1421
f 336/436/1394 1057/460/1437 1468/464/1441 1044/438/1395
f 1057/460/1437 340/342/1435 1052/458/1434 1468/464/1441
f 1468/464/1441 1052/458/1434 342/330/1433 1058/461/1438
f 1044/438/1395 1468/464/1441 1058/461/1438 338/369/1396
f 341/340/1418 1060/450/1414 1469/301/1417 1053/259/1428
f 1060/450/1414 1461/448/1410 1063/262/1413 346/261/1415
f 1053/259/1428 1469/301/1417 1059/465/1442 343/457/1431
f 344/286/1412 1072/288/1443 1470/287/1444 1063/262/1413
f 1072/288/1443 348/288/1445 1069/287/1446 1470/287/1444
f 1470/287/1444 1069/287/1446 350/289/1447 1071/289/1448
f 1063/262/1413 1470/287/1444 1071/289/1448 346/261/1415
f 1469/301/1417 1062/298/1416 347/258/1449 1059/465/1442
f 347/258/1449 1064/297/1450 1506/466/1451 1059/465/1442
f 351/258/1452 1080/292/1453 1471/467/1454 1070/293/1455
f 1080/292/1453 355/258/1456 1078/293/1457 1471/467/1454
f 1471/467/1454 1078/293/1457 353/468/1458 1079/469/1459
f 1070/293/1455 1471/467/1454 1079/469/1459 349/468/1460
f 345/258/1461 1073/258/1462 1472/259/1463 1061/470/1464
f 1073/258/1462 349/468/1460 1067/259/1465 1472/259/1463
f 1472/259/1463 1067/259/1465 348/288/1445 1072/288/1443
f 1061/470/1464 1472/259/1463 1072/288/1443 344/286/1412
f 347/258/1449 1074/258/1466 1473/291/1467 1064/297/1450
f 1074/258/1466 351/258/1452 1070/293/1455 1473/291/1467
f 1473/291/1467 1070/293/1455 349/468/1460 1073/258/1462
f 1064/297/1450 1473/291/1467 1073/258/1462 345/258/1461
f 346/261/1415 1071/289/1448 1474/298/1468 1062/298/1416
f 1071/289/1448 350/289/1447 1068/298/1469 1474/298/1468
f 1474/298/1468 1068/298/1469 351/258/1452 1074/258/1466
f 1062/298/1416 1474/298/1468 1074/258/1466 347/258/1449
f 352/288/1470 1088/261/1471 1475/300/1472 1077/471/1473
f 1088/261/1471 356/288/1474 1085/471/1475 1475/300/1472
f 1475/300/1472 1085/471/1475 358/472/1476 1087/472/1477
f 1077/471/1473 1475/300/1472 1087/472/1477 354/472/1478
f 350/289/1447 1081/472/1479 1476/302/1480 1068/298/1469
f 1081/472/1479 354/472/1481 1076/302/1482 1476/302/1480
f 1476/302/1480 1076/302/1482 355/258/1456 1080/292/1453
f 1068/298/1469 1476/302/1480 1080/292/1453 351/258/1452
f 348/288/1445 1082/261/1483 1477/300/1484 1069/287/1446
f 1082/261/1483 352/288/1485 1077/471/1486 1477/300/1484
f 1477/300/1484 1077/471/1486 354/472/1481 1081/472/1479
f 1069/287/1446 1477/300/1484 1081/472/1479 350/289/1447
f 349/468/1460 1079/469/1459 1478/473/1487 1067/259/1465
f 1079/469/1459 353/468/1458 1075/302/1488 1478/473/1487
f 1478/473/1487 1075/302/1488 352/288/1485 1082/261/1483
f 1067/259/1465 1478/473/1487 1082/261/1483 348/288/1445
f 357/468/1489 1096/469/1490 1479/473/1491 1083/302/1492
f 1096/469/1490 361/468/1493 1091/302/1494 1479/473/1491
f 1479/473/1491 1091/302/1494 360/288/1495 1095/261/1496
f 1083/302/1492 1479/473/1491 1095/261/1496 356/288/1474
f 353/468/1497 1089/469/1498 1480/473/1499 1075/302/1500
f 1089/469/1498 357/468/1489 1083/302/1492 1480/473/1499
f 1480/473/1499 1083/302/1492 356/288/1474 1088/261/1471
f 1075/302/1500 1480/473/1499 1088/261/1471 352/288/1470
f 355/258/1501 1090/292/1502 1481/467/1503 1078/293/1504
f 1090/292/1502 359/258/1505 1086/293/1506 1481/467/1503
f 1481/467/1503 1086/293/1506 357/468/1489 1089/469/1498
f 1078/293/1504 1481/467/1503 1089/469/1498 353/468/1497
f 354/472/1478 1087/472/1477 1482/302/1507 1076/302/1508
f 1087/472/1477 358/472/1476 1084/302/1509 1482/302/1507
f 1482/302/1507 1084/302/1509 359/258/1505 1090/292/1502
f 1076/302/1508 1482/302/1507 1090/292/1502 355/258/1501
f 363/258/1510 1104/292/1511 1483/467/1512 1094/293/1513
f 1104/292/1511 367/258/1514 1102/293/1515 1483/467/1512
f 1483/467/1512 1102/293/1515 365/468/1516 1103/469/1517
f 1094/293/1513 1483/467/1512 1103/469/1517 361/468/1493
f 359/258/1505 1097/292/1518 1484/467/1519 1086/293/1506
f 1097/292/1518 363/258/1510 1094/293/1513 1484/467/1519
f 1484/467/1519 1094/293/1513 361/468/1493 1096/469/1490
f 1086/293/1506 1484/467/1519 1096/469/1490 357/468/1489
f 358/472/1476 1098/472/1520 1485/302/1521 1084/302/1509
f 1098/472/1520 362/472/1522 1092/302/1523 1485/302/1521
f 1485/302/1521 1092/302/1523 363/258/1510 1097/292/1518
f 1084/302/1509 1485/302/1521 1097/292/1518 359/258/1505
f 356/288/1474 1095/261/1496 1486/300/1524 1085/471/1475
f 1095/261/1496 360/288/1495 1093/471/1525 1486/300/1524
f 1486/300/1524 1093/471/1525 362/472/1522 1098/472/1520
f 1085/471/1475 1486/300/1524 1098/472/1520 358/472/1476
f 364/288/1526 1112/261/1527 1487/300/1528 1101/471/1529
f 1112/261/1527 368/288/1530 1109/471/1531 1487/300/1528
f 1487/300/1528 1109/471/1531 370/472/1532 1111/472/1533
f 1101/471/1529 1487/300/1528 1111/472/1533 366/472/1534
f 362/472/1522 1105/472/1535 1488/302/1536 1092/302/1523
f 1105/472/1535 366/472/1534 1100/302/1537 1488/302/1536
f 1488/302/1536 1100/302/1537 367/258/1514 1104/292/1511
f 1092/302/1523 1488/302/1536 1104/292/1511 363/258/1510
f 360/288/1495 1106/261/1538 1489/300/1539 1093/471/1525
f 1106/261/1538 364/288/1526 1101/471/1529 1489/300/1539
f 1489/300/1539 1101/471/1529 366/472/1534 1105/472/1535
f 1093/471/1525 1489/300/1539 1105/472/1535 362/472/1522
f 361/468/1493 1103/469/1517 1490/473/1540 1091/302/1494
f 1103/469/1517 365/468/1516 1099/302/1541 1490/473/1540
f 1490/473/1540 1099/302/1541 364/288/1526 1106/261/1538
f 1091/302/1494 1490/473/1540 1106/261/1538 360/288/1495
f 371/258/1542 1120/305/1543 1491/474/1544 1110/297/1545
f 1120/305/1543 375/475/1546 1118/476/1547 1491/474/1544
f 1491/474/1544 1118/476/1547 373/307/1548 1119/306/1549
f 1110/297/1545 1491/474/1544 1119/306/1549 369/258/1550
f 365/468/1516 1113/469/1551 1492/473/1552 1099/302/1541
f 1113/469/1551 369/258/1550 1107/302/1553 1492/473/1552
f 1492/473/1552 1107/302/1553 368/288/1530 1112/261/1527
f 1099/302/1541 1492/473/1552 1112/261/1527 364/288/1526
f 367/258/1514 1114/292/1554 1493/467/1555 1102/293/1515
f 1114/292/1554 371/258/1542 1110/297/1545 1493/467/1555
f 1493/467/1555 1110/297/1545 369/258/1550 1113/469/1551
f 1102/293/1515 1493/467/1555 1113/469/1551 365/468/1516
f 366/472/1534 1111/472/1533 1494/302/1556 1100/302/1537
f 1111/472/1533 370/472/1532 1108/302/1557 1494/302/1556
f 1494/302/1556 1108/302/1557 371/258/1542 1114/292/1554
f 1100/302/1537 1494/302/1556 1114/292/1554 367/258/1514
f 373/307/1548 1118/476/1547 1495/259/1558 1115/259/1559
f 1118/476/1547 375/475/1546 1116/259/1560 1495/259/1558
f 1495/259/1558 1116/259/1560 374/309/1561 1117/477/1562
f 1115/259/1559 1495/259/1558 1117/477/1562 372/309/1563
f 370/472/1532 1121/478/1564 1496/259/1565 1108/302/1557
f 1121/478/1564 374/309/1561 1116/259/1560 1496/259/1565
f 1496/259/1565 1116/259/1560 375/475/1546 1120/305/1543
f 1108/302/1557 1496/259/1565 1120/305/1543 371/258/1542
f 368/288/1530 1122/479/1566 1497/312/1567 1109/471/1531
f 1122/479/1566 372/309/1563 1117/477/1562 1497/312/1567
f 1497/312/1567 1117/477/1562 374/309/1561 1121/478/1564
f 1109/471/1531 1497/312/1567 1121/478/1564 370/472/1532
f 369/258/1550 1119/306/1549 1498/259/1568 1107/302/1553
f 1119/306/1549 373/307/1548 1115/259/1559 1498/259/1568
f 1498/259/1568 1115/259/1559 372/309/1563 1122/479/1566
f 1107/302/1553 1498/259/1568 1122/479/1566 368/288/1530
f 198/313/787 1127/480/1569 1499/481/1570 758/314/788
f 1127/480/1569 376/128/1571 1123/134/1572 1499/481/1570
f 1499/481/1570 1123/134/1572 377/147/1573 1125/318/1574
f 758/314/788 1499/481/1570 1125/318/1574 197/317/791
f 195/14/796 1124/343/1575 1500/482/1576 756/320/797
f 1124/343/1575 378/342/1577 1126/323/1578 1500/482/1576
f 1500/482/1576 1126/323/1578 376/128/1571 1127/480/1569
f 756/320/797 1500/482/1576 1127/480/1569 198/313/787
f 219/70/900 1128/362/1579 1501/483/1580 806/379/901
f 1128/362/1579 378/342/1577 1124/343/1575 1501/483/1580
f 1501/483/1580 1124/343/1575 195/14/796 760/327/804
f 806/379/901 1501/483/1580 760/327/804 34/114/110
f 215/125/913 1129/137/1581 1502/328/1582 808/384/914
f 1129/137/1581 376/330/1571 1126/329/1578 1502/328/1582
f 1502/328/1582 1126/329/1578 378/342/1577 1128/362/1579
f 808/384/914 1502/328/1582 1128/362/1579 219/70/900
f 36/108/134 437/332/808 1503/331/1583 807/380/916
f 437/332/808 197/63/791 1125/333/1574 1503/331/1583
f 1503/331/1583 1125/333/1574 377/106/1573 1130/106/1584
f 807/380/916 1503/331/1583 1130/106/1584 218/61/917
f 218/132/917 1130/133/1584 1504/134/1585 805/129/934
f 1130/133/1584 377/147/1573 1123/134/1572 1504/134/1585
f 1504/134/1585 1123/134/1572 376/128/1571 1129/131/1581
f 805/129/934 1504/134/1585 1129/131/1581 215/128/913
f 337/251/1408 1045/453/1422 1505/335/1586 1065/447/1409
f 1045/453/1422 339/267/1421 1066/484/1587 1505/335/1586
f 1505/335/1586 1066/484/1587 345/258/1461 1061/470/1464
f 1065/447/1409 1505/335/1586 1061/470/1464 344/286/1412
f 339/267/1421 1056/463/1440 1506/466/1451 1066/484/1587
f 343/457/1431 1059/465/1442 1506/466/1451 1056/463/1440
f 345/258/1461 1066/484/1587 1506/466/1451 1064/297/1450
