# Blender 4.2.1 LTS
# www.blender.org
mtllib Yalantus.mtl
o Yalantus
v -0.150076 1.203579 -0.760001
v 0.000000 1.183068 -0.760195
v 0.000000 1.177628 -0.509031
v -0.152694 1.197677 -0.512217
v -0.743093 0.810276 0.157935
v -0.741431 0.799274 0.211671
v -0.717742 0.564699 0.205833
v -0.719057 0.572230 0.163752
v -0.807675 0.807165 0.211580
v -0.766672 0.573986 0.205833
v -0.807378 0.819507 0.156895
v -0.766502 0.581728 0.163752
v -0.692435 0.316426 0.215383
v -0.650097 0.297067 0.221497
v -0.650831 0.303272 0.194022
v -0.691945 0.322736 0.187908
v 0.000000 1.640962 0.499069
v -0.123346 1.607680 0.501517
v -0.092402 1.566890 0.620803
v 0.000000 1.585451 0.633068
v -0.075339 1.222807 0.526803
v -0.105546 1.240133 0.524237
v -0.105959 1.243440 0.500459
v -0.073934 1.228153 0.503184
v -0.399161 1.744188 -0.516741
v -0.425230 1.763914 -0.666939
v -0.731229 1.763292 -0.691256
v -0.743832 1.748067 -0.610502
v 0.000000 1.854692 -0.307471
v -0.137598 1.795707 -0.303413
v -0.175717 1.743882 -0.191516
v 0.000000 1.801932 -0.210993
v -0.377762 0.877890 0.462935
v -0.376092 0.894155 0.500752
v -0.409272 0.577898 0.529948
v -0.404411 0.580396 0.507091
v -0.447107 0.828574 0.502176
v -0.442116 0.560028 0.531130
v -0.439697 0.830370 0.462202
v -0.436346 0.560962 0.507013
v -0.319851 0.242109 0.574302
v -0.317905 0.242034 0.563611
v -0.333068 0.235679 0.575711
v -0.330894 0.234967 0.565149
v -0.087285 1.177578 0.648488
v -0.069658 1.169417 0.643643
v -0.103426 1.116510 0.639254
v -0.109629 1.121712 0.641447
v -0.066567 1.184374 0.661387
v -0.101940 1.119717 0.645193
v -0.078555 1.190916 0.664412
v -0.105816 1.124690 0.646737
v -0.193087 1.517412 0.520622
v -0.123520 1.494056 0.651103
v -0.186452 1.409416 0.553518
v -0.125491 1.403967 0.639532
v -0.152121 1.318137 0.610326
v -0.097949 1.350119 0.668375
v -0.121370 1.281873 0.336555
v -0.226989 1.353801 0.298647
v -0.239677 1.356584 0.189725
v -0.125754 1.285051 0.242595
v -0.730117 1.012418 0.225989
v -0.831175 0.998968 0.218851
v -0.831083 1.020941 0.159008
v -0.732994 1.030795 0.163878
v -0.276441 1.354186 0.003294
v -0.205828 1.351883 0.106159
v -0.579265 1.254957 0.033238
v -0.577854 1.262275 -0.036687
v -0.266850 1.426755 0.087345
v -0.568604 1.331349 0.041697
v -0.267035 1.459740 -0.006669
v -0.567478 1.340924 -0.035562
v -0.768952 1.199990 0.023910
v -0.768492 1.206844 -0.052253
v -0.757427 1.279462 0.020638
v -0.759131 1.286124 -0.058258
v 0.000000 1.621447 0.348668
v -0.098951 1.604898 0.346309
v 0.000000 1.374363 0.710682
v 0.000000 1.427383 0.706819
v 0.000000 1.495464 0.694862
v -0.216107 1.403118 -0.230290
v -0.138775 1.318729 -0.271052
v -0.149461 1.276175 -0.091663
v -0.231449 1.363330 -0.112881
v 0.000000 1.287845 -0.270700
v 0.000000 1.239984 -0.080380
v -0.210091 1.653601 -0.259876
v -0.249540 1.609100 -0.159668
v -0.226507 1.511545 -0.230356
v -0.254956 1.482194 -0.131725
v -0.447767 1.592658 -0.658042
v -0.729718 1.651747 -0.703828
v -0.403621 1.581972 -0.491626
v -0.743062 1.630866 -0.613745
v -0.232915 1.401055 -1.060866
v -0.255761 1.482310 -1.092842
v -0.154944 1.519683 -1.167907
v -0.152879 1.396161 -1.090609
v 0.000000 1.526712 -1.187312
v 0.000000 1.394056 -1.099187
v -0.275970 1.571835 -1.113273
v -0.158256 1.614845 -1.198524
v 0.000000 1.622949 -1.220517
v -0.291933 1.680423 -1.125335
v -0.275847 1.824077 -1.099800
v -0.160064 1.867128 -1.178812
v -0.161827 1.726615 -1.213618
v 0.000000 1.880996 -1.199385
v 0.000000 1.736247 -1.235893
v -0.253942 1.926859 -1.060046
v -0.157969 1.990150 -1.093532
v 0.000000 2.017069 -1.103722
v -0.268758 1.312867 -0.364177
v -0.312175 1.410751 -0.339855
v -0.067011 1.275159 0.695788
v 0.000000 1.257164 0.692715
v -0.324353 1.500435 -0.344608
v -0.319846 1.608289 -0.365202
v -0.291509 1.744834 -0.404827
v -0.157825 1.914309 -0.395866
v -0.257347 1.860712 -0.436815
v 0.000000 1.935075 -0.385059
v -0.147997 1.297688 -0.960690
v -0.258108 1.343297 -0.952814
v 0.000000 1.283044 -0.962920
v -0.281703 1.275451 -0.756235
v -0.292263 1.265751 -0.521193
v -0.159642 2.071078 -0.943798
v 0.000000 2.101386 -0.946201
v -0.284766 1.966408 -0.936003
v -0.161506 2.082754 -0.726512
v 0.000000 2.112983 -0.726184
v -0.294836 1.967166 -0.716439
v -0.161507 2.014661 -0.521403
v 0.000000 2.043642 -0.517404
v -0.286791 1.908733 -0.531619
v -0.380182 1.803486 -0.936451
v -0.406582 1.628848 -0.941121
v -0.388882 1.518415 -0.946800
v -0.351243 1.435643 -0.950588
v -0.424784 1.495579 -0.699028
v -0.393856 1.413055 -0.737570
v -0.390301 1.492324 -0.499882
v -0.374372 1.410013 -0.520349
v -0.998448 1.629088 -0.781182
v -0.997071 1.787984 -0.762189
v -0.989000 1.610133 -0.666109
v -0.983996 1.785549 -0.680355
v -1.135262 1.621657 -0.790871
v -1.106803 1.817341 -0.774203
v -0.814664 0.150456 -0.661970
v -0.815329 0.151853 -0.646986
v -0.830268 0.151948 -0.649134
v -0.831069 0.151678 -0.663096
v -1.096434 1.812477 -0.706842
v -1.120070 1.602022 -0.684064
v -0.154515 1.293768 0.057909
v 0.000000 1.257373 0.089373
v -0.140505 1.687960 -0.100148
v 0.000000 1.730508 -0.117735
v -0.216901 1.585407 -0.056869
v -0.131856 1.316260 0.169152
v 0.000000 1.288679 0.198894
v -0.142634 1.685598 -0.004332
v 0.000000 1.728433 -0.023732
v -0.220979 1.589513 0.038972
v -0.093432 1.273306 0.474091
v -0.167968 1.352063 0.394522
v 0.000000 1.265915 0.378616
v 0.000000 1.235802 0.488896
v 0.000000 1.702809 0.151257
v -0.134077 1.678974 0.153347
v -0.123583 1.642514 0.262932
v 0.000000 1.659588 0.264884
v -0.209732 1.599026 0.176020
v -0.193040 1.551869 0.266084
v -0.230469 1.479966 0.222233
v -0.199194 1.443093 0.300692
v -0.147057 1.334600 0.477420
v -0.093041 1.259400 0.535191
v -0.100023 1.227828 0.635017
v 0.000000 1.218444 0.552043
v 0.000000 1.180022 0.624560
v -0.164434 1.521786 0.348239
v -0.169823 1.419564 0.386045
v -0.107950 1.074367 0.648562
v -0.105244 1.071422 0.647616
v -0.104689 1.072531 0.650338
v -0.106636 1.075515 0.651087
v 0.000000 1.277920 0.275255
v -0.141384 1.689248 0.064659
v 0.000000 1.727932 0.057321
v -0.219662 1.599342 0.098915
v -0.242107 1.472293 0.147838
v -0.815568 1.133361 0.205705
v -0.816648 1.148460 0.157970
v -0.900658 1.164639 0.014716
v -0.908958 1.156384 -0.070374
v -0.874327 1.275959 0.005979
v -0.880714 1.281635 -0.075969
v -0.939238 0.128004 0.033732
v -0.938264 0.127403 0.042281
v -0.953340 0.124975 0.039444
v -0.953266 0.124844 0.031460
v -0.986859 1.301930 0.004237
v -1.043316 1.146881 -0.004728
v -0.989539 1.304770 -0.078766
v -1.043479 1.146401 -0.085713
v -0.731387 1.121436 0.213590
v -0.733902 1.135377 0.154072
v -0.587850 0.107217 0.240597
v -0.588266 0.102761 0.253187
v -0.623318 0.143382 0.234846
v -0.622314 0.147818 0.222256
v -0.435927 0.923061 0.486121
v -0.432767 0.924398 0.454714
v -0.393915 0.941867 0.490102
v -0.392336 0.944817 0.455514
v -0.238744 0.062978 0.616711
v -0.239384 0.063307 0.620287
v -0.243767 0.062729 0.620816
v -0.243101 0.062240 0.617288
v -1.000309 1.270526 -0.693484
v -1.004119 1.270820 -0.785199
v -1.074840 1.268507 -0.696273
v -1.086301 1.273081 -0.784796
v -0.973301 0.906505 -0.714759
v -0.971771 0.901883 -0.780027
v -1.031388 0.906595 -0.720670
v -1.036181 0.905951 -0.782401
v -0.912590 0.510866 -0.695483
v -0.910471 0.506911 -0.740257
v -0.954500 0.510942 -0.701756
v -0.957004 0.510391 -0.743417
v -1.071590 0.884655 -0.009946
v -1.077538 0.887350 -0.065806
v -1.163229 0.886175 -0.026930
v -1.162519 0.885551 -0.081899
v -1.097341 0.726964 -0.014653
v -1.103039 0.729138 -0.060271
v -1.181972 0.720483 -0.029205
v -1.181267 0.719921 -0.074230
v -1.039233 0.432957 -0.001054
v -1.042566 0.434733 -0.022827
v -1.088392 0.426297 -0.008319
v -1.087978 0.425828 -0.028846
v -0.152382 1.185041 -0.636939
v -0.076883 1.188341 -0.760171
v 0.000000 1.163938 -0.636405
v -0.076542 1.183123 -0.509700
v -0.734816 0.694422 0.158328
v -0.730025 0.803170 0.184909
v -0.733314 0.685638 0.207364
v -0.709364 0.566704 0.184792
v -0.774424 0.801032 0.221790
v -0.789744 0.695762 0.207352
v -0.742100 0.567911 0.213723
v -0.819764 0.814941 0.184131
v -0.789539 0.704923 0.158198
v -0.775622 0.579618 0.184792
v -0.775364 0.817079 0.147251
v -0.742887 0.578411 0.155861
v -0.689054 0.433618 0.209292
v -0.732871 0.443350 0.208528
v -0.671243 0.305573 0.223592
v -0.732675 0.450234 0.173642
v -0.690182 0.440323 0.174406
v -0.671411 0.314177 0.185813
v 0.000000 1.623372 0.573648
v -0.065179 1.632566 0.499025
v -0.111866 1.588148 0.575710
v -0.052671 1.577564 0.630193
v -0.124572 1.189243 0.525399
v -0.090535 1.230659 0.529964
v -0.151199 1.204971 0.522089
v -0.111586 1.244844 0.511852
v -0.151264 1.208162 0.496819
v -0.089853 1.236608 0.497378
v -0.122605 1.194515 0.500020
v -0.068802 1.222423 0.515489
v -0.416253 1.777992 -0.587659
v -0.577569 1.746101 -0.669623
v -0.737744 1.777124 -0.649397
v 0.000000 1.831754 -0.259048
v -0.071626 1.839228 -0.307082
v -0.162838 1.771250 -0.244122
v -0.096384 1.786673 -0.205078
v -0.244739 1.068221 0.515889
v -0.274002 1.085902 0.511707
v -0.273990 1.089476 0.480511
v -0.242387 1.074126 0.484513
v -0.402513 0.740319 0.482815
v -0.371498 0.867628 0.484508
v -0.408350 0.737000 0.512310
v -0.400769 0.582644 0.518416
v -0.417909 0.840976 0.507579
v -0.449194 0.717548 0.514536
v -0.426691 0.568641 0.534943
v -0.450738 0.825451 0.482299
v -0.441850 0.719005 0.481623
v -0.445304 0.556998 0.519175
v -0.408993 0.844635 0.456250
v -0.419382 0.571001 0.502648
v -0.370955 0.404709 0.533671
v -0.374318 0.403564 0.550110
v -0.316421 0.243337 0.568680
v -0.397180 0.391359 0.551227
v -0.326846 0.238968 0.576999
v -0.393342 0.391390 0.534719
v -0.334438 0.234058 0.570707
v -0.324013 0.238427 0.562387
v -0.098671 1.151358 0.643827
v -0.079580 1.170845 0.642909
v -0.090308 1.146443 0.640892
v -0.107024 1.118531 0.639298
v -0.065336 1.175517 0.651777
v -0.088505 1.151846 0.649363
v -0.101738 1.117160 0.641873
v -0.071453 1.190298 0.666056
v -0.093932 1.156217 0.651355
v -0.103382 1.122783 0.647017
v -0.085696 1.185626 0.657188
v -0.108667 1.124155 0.644442
v -0.167800 1.567653 0.509326
v -0.171505 1.505420 0.596559
v -0.108249 1.535285 0.640289
v -0.196673 1.462759 0.533892
v -0.165282 1.424526 0.592191
v -0.128827 1.449272 0.648368
v -0.171116 1.361671 0.582242
v -0.133576 1.329966 0.645794
v -0.113956 1.378203 0.651789
v -0.230284 1.234137 0.296611
v -0.178672 1.303645 0.341172
v -0.319743 1.280798 0.276612
v -0.256790 1.362569 0.234405
v -0.329305 1.294747 0.201317
v -0.198366 1.314277 0.201945
v -0.244248 1.249282 0.225523
v -0.109348 1.268177 0.297017
v -0.745716 0.908391 0.217415
v -0.789113 0.997945 0.230614
v -0.824852 0.908835 0.216403
v -0.824451 0.926583 0.158788
v -0.790482 1.024707 0.150416
v -0.747574 0.922874 0.161962
v -0.642640 0.296530 0.208906
v -0.700014 0.323220 0.200499
v -0.400156 1.315179 -0.008173
v -0.281834 1.336960 0.057811
v -0.401888 1.308046 0.063575
v -0.580655 1.244265 -0.001442
v -0.239036 1.388422 0.105486
v -0.396396 1.380281 0.063821
v -0.574981 1.288840 0.056371
v -0.270609 1.461290 0.040281
v -0.390575 1.393659 -0.009962
v -0.565780 1.351620 0.002764
v -0.277549 1.401415 -0.018274
v -0.573160 1.300851 -0.048613
v -0.770680 1.188534 -0.013302
v -0.763073 1.238459 0.036811
v -0.756321 1.297676 -0.019680
v -0.763928 1.247752 -0.069792
v 0.000000 1.631946 0.417917
v -0.051378 1.619293 0.347926
v -0.111720 1.607558 0.417788
v -0.051600 1.367291 0.695692
v 0.000000 1.403691 0.709376
v -0.067858 1.414801 0.681885
v 0.000000 1.540115 0.672828
v -0.064103 1.493177 0.683911
v -0.223654 1.378683 -0.172991
v -0.186330 1.358048 -0.247847
v -0.142401 1.293444 -0.177343
v -0.199764 1.314544 -0.102255
v -0.071527 1.295889 -0.271961
v 0.000000 1.259782 -0.174456
v -0.080062 1.249871 -0.083587
v -0.182299 1.728130 -0.282338
v -0.236453 1.630827 -0.209897
v -0.225264 1.679973 -0.175722
v -0.222587 1.579408 -0.242118
v -0.244277 1.494907 -0.184404
v -0.257047 1.543773 -0.144528
v -0.436514 1.676668 -0.685911
v -0.728041 1.710905 -0.713558
v -0.433055 1.566470 -0.568718
v -0.581485 1.610418 -0.557046
v -0.736176 1.619862 -0.660269
v -0.398778 1.658806 -0.489036
v -0.745879 1.686081 -0.596108
v -0.203722 1.397701 -1.076655
v -0.244563 1.435297 -1.076975
v -0.208929 1.504398 -1.138078
v -0.154198 1.458113 -1.135820
v -0.082002 1.394795 -1.097527
v -0.083046 1.525848 -1.183154
v 0.000000 1.461609 -1.150142
v -0.265673 1.527321 -1.104072
v -0.219189 1.597313 -1.164736
v -0.156280 1.569460 -1.186506
v -0.083503 1.621936 -1.215796
v 0.000000 1.577520 -1.208123
v -0.228539 1.706799 -1.179002
v -0.286490 1.752159 -1.116823
v -0.220423 1.845253 -1.147277
v -0.161463 1.795927 -1.203056
v -0.084325 1.734962 -1.231142
v -0.084744 1.878400 -1.194973
v 0.000000 1.806632 -1.225354
v -0.265439 1.883863 -1.079013
v -0.217638 1.955432 -1.077448
v -0.158644 1.932759 -1.142849
v -0.082890 2.010977 -1.101709
v 0.000000 1.953173 -1.158777
v -0.291571 1.355380 -0.348680
v -0.222296 1.307374 -0.333270
v -0.265674 1.408162 -0.279042
v -0.079523 1.315639 0.687438
v -0.038448 1.277692 0.700445
v 0.000000 1.327823 0.704277
v -0.321799 1.457290 -0.339540
v -0.226802 1.453517 -0.225023
v -0.276857 1.506327 -0.283928
v -0.308169 1.674638 -0.383825
v -0.268126 1.630409 -0.312216
v -0.229332 1.768237 -0.357756
v -0.273097 1.812238 -0.423723
v -0.152089 1.860063 -0.355257
v -0.218637 1.887134 -0.416763
v 0.000000 1.891214 -0.342906
v -0.082650 1.930264 -0.386531
v -0.245148 1.375991 -1.020407
v -0.150201 1.345207 -1.033348
v -0.206083 1.314594 -0.956677
v 0.000000 1.336500 -1.037922
v -0.077724 1.287027 -0.962578
v -0.270358 1.306362 -0.863461
v -0.148143 1.246281 -0.869263
v -0.217274 1.229787 -0.759238
v 0.000000 1.227774 -0.870164
v -0.290710 1.261225 -0.637342
v -0.226816 1.221312 -0.516761
v -0.282525 1.287214 -0.424017
v -0.148787 1.244067 -0.395397
v 0.000000 1.225382 -0.387332
v 0.000000 2.067315 -1.033731
v -0.158486 2.037423 -1.028216
v -0.082905 2.094555 -0.945805
v -0.270750 1.944477 -1.014624
v -0.225896 2.027747 -0.939696
v 0.000000 2.117372 -0.840524
v -0.160738 2.087314 -0.839775
v -0.083160 2.106173 -0.726225
v -0.292261 1.975681 -0.830333
v -0.231516 2.038118 -0.725747
v 0.000000 2.087097 -0.614922
v -0.161797 2.056187 -0.616692
v -0.083345 2.037249 -0.517911
v -0.293667 1.941357 -0.614133
v -0.229958 1.971798 -0.528642
v 0.000000 1.989095 -0.441510
v -0.160420 1.966177 -0.448672
v -0.272788 1.880229 -0.472493
v -0.334331 1.813362 -1.033907
v -0.338707 1.890340 -0.935167
v -0.356898 1.653714 -1.049466
v -0.401780 1.711829 -0.938552
v -0.286752 1.621016 -1.122296
v -0.336749 1.543188 -1.042590
v -0.400326 1.565907 -0.943993
v -0.305921 1.457583 -1.031425
v -0.309402 1.387264 -0.951228
v -0.402822 1.784366 -0.802435
v -0.357075 1.869960 -0.693378
v -0.429372 1.607426 -0.798499
v -0.418144 1.503206 -0.824805
v -0.427759 1.535489 -0.674716
v -0.381121 1.420976 -0.849267
v -0.344620 1.344237 -0.749276
v -0.335484 1.829361 -0.524093
v -0.413249 1.492241 -0.591589
v -0.389766 1.530093 -0.487383
v -0.390519 1.410060 -0.626609
v -0.342241 1.337436 -0.522981
v -0.336955 1.737311 -0.453536
v -0.358557 1.591947 -0.420549
v -0.361383 1.495409 -0.417130
v -0.324391 1.550025 -0.352606
v -0.348385 1.410904 -0.422119
v -0.868173 1.776914 -0.726459
v -0.860675 1.664267 -0.747167
v -1.003092 1.730629 -0.784720
v -0.877941 1.644297 -0.652918
v -0.975815 1.588741 -0.726414
v -0.880515 1.767516 -0.646416
v -0.987758 1.716614 -0.657582
v -0.978963 1.808461 -0.721441
v -1.056205 1.799194 -0.779834
v -1.066183 1.625251 -0.810175
v -1.142294 1.742185 -0.786183
v -0.813258 0.123277 -0.657249
v -0.804769 0.123371 -0.648696
v -0.813185 0.124176 -0.641856
v -0.821674 0.124081 -0.650409
v -1.050634 1.601255 -0.662845
v -1.059738 1.819746 -0.698386
v -1.130641 1.726134 -0.692054
v -1.105931 1.827619 -0.740799
v -0.154579 1.279765 -0.012700
v -0.210100 1.326276 0.031147
v -0.239340 1.362370 -0.050824
v 0.000000 1.241507 0.009955
v -0.082843 1.267848 0.080020
v -0.160865 1.712135 -0.145498
v -0.075368 1.719320 -0.112896
v 0.000000 1.762192 -0.164444
v -0.235792 1.593427 -0.108747
v -0.187397 1.640664 -0.081562
v -0.253131 1.475844 -0.068824
v -0.236162 1.528468 -0.027683
v -0.146524 1.305237 0.118921
v -0.190862 1.333861 0.139359
v 0.000000 1.276702 0.151628
v -0.068075 1.298320 0.190674
v 0.000000 1.723055 -0.069752
v -0.137181 1.681810 -0.050590
v -0.076448 1.716313 -0.018237
v -0.214778 1.585330 -0.005259
v -0.190520 1.643160 0.014834
v -0.241020 1.524309 0.066508
v -0.089173 1.282287 0.417982
v -0.134168 1.310803 0.438191
v -0.184551 1.361386 0.351943
v -0.039278 1.270249 0.373432
v 0.000000 1.253363 0.435130
v -0.049784 1.251790 0.476344
v 0.000000 1.683404 0.210643
v -0.071725 1.697288 0.150993
v -0.131561 1.663835 0.210684
v -0.065713 1.657677 0.264154
v -0.179752 1.645941 0.161944
v -0.204494 1.578288 0.223259
v -0.166842 1.604453 0.262825
v -0.226526 1.541047 0.194848
v -0.217421 1.464127 0.263266
v -0.202108 1.496196 0.276162
v -0.151429 1.322702 0.545893
v -0.124685 1.295054 0.514006
v -0.097279 1.242221 0.582572
v -0.129159 1.275735 0.627586
v -0.052339 1.230516 0.547795
v 0.000000 1.199646 0.580650
v -0.058560 1.194488 0.619562
v -0.138536 1.570115 0.345248
v -0.180677 1.520269 0.428951
v -0.172936 1.469591 0.359749
v -0.179558 1.413861 0.469535
v -0.092194 1.254842 0.672631
v -0.106925 1.071698 0.650700
v -0.106093 1.069373 0.648706
v -0.104276 1.068283 0.649731
v -0.105108 1.070608 0.651725
v -0.116410 1.304930 0.208526
v -0.222431 1.367128 0.153063
v 0.000000 1.286324 0.236660
v -0.047933 1.281263 0.268115
v -0.144074 1.688742 0.031621
v -0.075826 1.717023 0.058511
v 0.000000 1.731277 0.017525
v -0.222654 1.594202 0.070733
v -0.188787 1.650351 0.078583
v -0.236927 1.416697 0.170250
v -0.248023 1.463099 0.119820
v 0.000000 1.457339 0.703381
v -0.247870 1.420806 -0.121969
v -0.160468 1.666165 -1.209671
v 0.000000 1.674876 -1.231759
v -0.375304 1.477816 -0.949127
v -0.418337 1.460111 -0.720728
v -0.388670 1.458015 -0.512259
v -0.224586 1.421772 0.260126
v -0.188844 1.395599 0.344191
v -0.161457 1.375338 0.429790
v -0.214778 1.603872 0.133644
v -0.237295 1.536298 0.123075
v -0.238075 1.480436 0.182446
v -0.834533 1.113300 0.155530
v -0.845802 1.009882 0.188475
v -0.824559 1.080951 0.215541
v -0.818074 1.148912 0.180843
v 0.000000 1.272385 0.323408
v -0.137398 1.686769 0.104197
v 0.000000 1.718050 0.100409
v -0.910959 1.142772 -0.023962
v -0.880146 1.225943 0.024167
v -0.875148 1.293808 -0.036312
v -0.886094 1.234433 -0.087062
v -0.936212 0.102820 0.036434
v -0.928185 0.104190 0.042725
v -0.935731 0.102569 0.046045
v -0.943758 0.101200 0.039755
v -0.983234 1.142314 0.012853
v -0.937528 1.309117 0.008239
v -1.003570 1.258035 0.009042
v -0.944057 1.311601 -0.084940
v -0.993551 1.307185 -0.036734
v -0.990997 1.143943 -0.091900
v -1.005246 1.259726 -0.089432
v -0.479310 1.131510 0.246816
v -0.535218 1.174698 0.240578
v -0.542927 1.196879 0.177858
v -0.489837 1.153976 0.188461
v -0.662836 1.062170 0.230924
v -0.681853 1.130484 0.219202
v -0.730837 1.077654 0.230071
v -0.684970 1.144358 0.158396
v -0.732577 1.142110 0.181498
v -0.667145 1.078473 0.173521
v -0.734444 1.099116 0.149769
v -0.713972 1.005238 0.197157
v -0.778991 1.127532 0.211220
v -0.780906 1.143973 0.151982
v -0.599993 0.115013 0.233309
v -0.578983 0.085757 0.252676
v -0.600967 0.109605 0.247800
v -0.621978 0.138861 0.228433
v -0.609590 0.176605 0.222248
v -0.609552 0.170858 0.241835
v -0.652293 0.209205 0.225510
v -0.651259 0.214942 0.205923
v -0.043910 1.179502 0.640914
v -0.086323 1.199990 0.649535
v 0.000000 1.203115 0.663514
v -0.038680 1.217725 0.680711
v -0.067629 1.231865 0.684042
v -0.110937 1.092466 0.644560
v -0.106485 1.088040 0.643024
v -0.105489 1.090032 0.647295
v -0.108408 1.094473 0.648430
v -0.103604 1.274546 0.501811
v -0.154082 1.343615 0.430768
v -0.436922 0.901574 0.453060
v -0.442483 0.900295 0.493842
v -0.436960 0.926648 0.469922
v -0.107170 1.618937 0.301238
v 0.000000 1.633899 0.304173
v -0.173230 1.531939 0.300262
v -0.179015 1.428331 0.334635
v -0.039895 1.228644 0.528873
v -0.086312 1.253538 0.526882
v -0.087294 1.258593 0.498459
v -0.039281 1.236124 0.502017
v 0.000000 1.224817 0.515626
v -0.342946 0.947915 0.500275
v -0.365799 0.974000 0.495221
v -0.386904 0.923259 0.499703
v -0.365078 0.977266 0.462103
v -0.396484 0.948408 0.471957
v -0.339509 0.952916 0.466651
v -0.382516 0.928027 0.451368
v -0.414442 0.932242 0.488905
v -0.411493 0.934374 0.451773
v -0.235037 0.051908 0.620650
v -0.232901 0.052363 0.622347
v -0.235780 0.052367 0.624604
v -0.237917 0.051912 0.622907
v -0.267620 0.122429 0.595750
v -0.268700 0.122866 0.602028
v -0.276019 0.120567 0.603066
v -0.274864 0.119793 0.596884
v -1.139056 1.611582 -0.737489
v -1.008735 1.458884 -0.787997
v -1.003042 1.448884 -0.684015
v -0.987522 1.270650 -0.739118
v -1.093575 1.443596 -0.686204
v -1.036143 1.269060 -0.677981
v -1.107687 1.457879 -0.788400
v -1.095262 1.270816 -0.740758
v -1.046642 1.272406 -0.801895
v -0.990200 1.085156 -0.783768
v -0.989193 1.089164 -0.705862
v -0.961052 0.903804 -0.746616
v -1.054086 1.088989 -0.710456
v -1.002039 0.907044 -0.705808
v -1.061980 1.088998 -0.784420
v -1.045269 0.906662 -0.752312
v -1.004282 0.903423 -0.793120
v -0.948489 0.713356 -0.768083
v -0.950926 0.717895 -0.712181
v -0.903239 0.508555 -0.716986
v -1.002612 0.717983 -0.718910
v -0.933509 0.511326 -0.690516
v -1.005865 0.717351 -0.771397
v -0.964044 0.511000 -0.723471
v -0.933774 0.508229 -0.749941
v -0.854706 0.289555 -0.695665
v -0.856065 0.292190 -0.667439
v -0.883100 0.292248 -0.671592
v -0.884706 0.291874 -0.697755
v -1.059322 1.148467 -0.048612
v -1.006743 1.011155 -0.066144
v -1.000714 1.007880 -0.001042
v -1.058006 0.886028 -0.034775
v -1.095380 1.015118 -0.016610
v -1.116919 0.885221 -0.008048
v -1.094815 1.014475 -0.081799
v -1.179432 0.885837 -0.057515
v -1.120519 0.886645 -0.084243
v -1.105995 0.807314 -0.065249
v -1.099960 0.804942 -0.013838
v -1.084922 0.729523 -0.034789
v -1.190818 0.801464 -0.029620
v -1.139189 0.723572 -0.013431
v -1.190081 0.800878 -0.080776
v -1.196888 0.718730 -0.054390
v -1.142621 0.724680 -0.075748
v -1.083068 0.604378 -0.046920
v -1.078354 0.602320 -0.012727
v -1.032033 0.435304 -0.010695
v -1.147974 0.594815 -0.023934
v -1.063539 0.429504 -0.000721
v -1.147387 0.594273 -0.057091
v -1.097051 0.424603 -0.019828
v -1.065545 0.430403 -0.029802
v -0.982511 0.248392 0.010012
v -0.980571 0.247223 0.023545
v -1.009235 0.242828 0.018984
v -1.008997 0.242521 0.006508
v -0.077052 1.169347 -0.636506
v -0.723644 0.688096 0.182859
v -0.761407 0.689018 0.216563
v -0.800063 0.702276 0.182762
v -0.762299 0.701355 0.149058
v -0.710875 0.437210 0.215451
v -0.711516 0.446552 0.167483
v -0.059835 1.613353 0.573346
v -0.138064 1.196314 0.528492
v -0.156414 1.209320 0.508844
v -0.136756 1.202132 0.493671
v -0.118405 1.189125 0.513320
v -0.088731 1.815740 -0.255168
v -0.259592 1.076172 0.519664
v -0.279702 1.090785 0.495342
v -0.257967 1.082689 0.476646
v -0.237857 1.068076 0.500968
v -0.397857 0.742263 0.497714
v -0.430503 0.723969 0.519145
v -0.452724 0.714095 0.498183
v -0.421462 0.727199 0.476439
v -0.368394 0.406529 0.541688
v -0.386424 0.397351 0.553757
v -0.399503 0.388982 0.543176
v -0.381473 0.398159 0.531106
v -0.095103 1.147938 0.640859
v -0.088113 1.148274 0.644666
v -0.090605 1.154994 0.651859
v -0.097594 1.154658 0.648053
v -0.149557 1.551016 0.586548
v -0.175787 1.454598 0.600360
v -0.152860 1.365794 0.623692
v -0.273761 1.253938 0.300147
v -0.340817 1.296096 0.234726
v -0.289977 1.274180 0.200230
v -0.221773 1.233372 0.264420
v -0.785870 0.905478 0.227212
v -0.786826 0.927540 0.149789
v -0.681527 0.435129 0.191992
v -0.740865 0.448633 0.190942
v -0.402930 1.297811 0.028017
v -0.401222 1.339518 0.078033
v -0.392395 1.401362 0.026838
v -0.396075 1.353894 -0.024483
v -0.058433 1.626914 0.417494
v -0.060636 1.394927 0.687427
v -0.056470 1.535824 0.666336
v -0.192058 1.331010 -0.174905
v -0.075834 1.268706 -0.176062
v -0.211168 1.705199 -0.227527
v -0.245091 1.560267 -0.195460
v -0.584240 1.596594 -0.623873
v -0.205881 1.449685 -1.112989
v -0.082897 1.461265 -1.147166
v -0.213341 1.552093 -1.153563
v -0.083213 1.576514 -1.203464
v -0.225466 1.775907 -1.168817
v -0.084790 1.804992 -1.220569
v -0.217824 1.905176 -1.117765
v -0.083847 1.948785 -1.155447
v -0.243367 1.357760 -0.294690
v -0.041433 1.326711 0.706161
v -0.275380 1.456025 -0.277091
v -0.249895 1.699721 -0.333696
v -0.220393 1.832442 -0.385128
v -0.078127 1.882583 -0.344497
v -0.204065 1.355510 -1.025864
v -0.079865 1.338894 -1.037127
v -0.210642 1.268639 -0.867226
v -0.076849 1.232670 -0.870044
v -0.224232 1.212360 -0.637620
v -0.222325 1.256778 -0.411626
v -0.074603 1.231411 -0.388908
v -0.082675 2.060520 -1.032722
v -0.221595 1.996448 -1.019714
v -0.083103 2.110611 -0.840418
v -0.229253 2.043289 -0.837532
v -0.083129 2.080154 -0.615144
v -0.232261 2.010865 -0.619023
v -0.083775 1.984214 -0.442438
v -0.223909 1.931251 -0.462289
v -0.307660 1.884146 -1.021724
v -0.351435 1.731936 -1.044300
v -0.349845 1.591937 -1.047794
v -0.279309 1.412902 -1.024206
v -0.352921 1.885006 -0.816200
v -0.426697 1.689191 -0.798511
v -0.424230 1.547398 -0.809478
v -0.331415 1.362718 -0.857562
v -0.351549 1.851889 -0.597445
v -0.414828 1.528494 -0.570353
v -0.348723 1.335975 -0.634449
v -0.308881 1.813390 -0.467970
v -0.352598 1.660820 -0.434447
v -0.360018 1.537931 -0.415708
v -0.323637 1.346149 -0.424974
v -0.862078 1.724938 -0.748377
v -0.874137 1.631310 -0.700152
v -0.882060 1.704839 -0.629299
v -0.875206 1.793339 -0.685571
v -1.070294 1.737129 -0.803113
v -0.793053 0.065475 -0.637498
v -1.080606 1.722425 -0.672153
v -1.064345 1.843820 -0.739687
v -0.206002 1.317019 -0.032889
v -0.083094 1.252361 0.003407
v -0.087533 1.749131 -0.158839
v -0.209253 1.656229 -0.128670
v -0.247665 1.534123 -0.086514
v -0.205269 1.330908 0.089248
v -0.077546 1.284569 0.142135
v -0.073285 1.711791 -0.064404
v -0.184239 1.638422 -0.030944
v -0.236961 1.525452 0.024131
v -0.141423 1.316828 0.391595
v -0.041804 1.261448 0.430933
v -0.070298 1.680062 0.210142
v -0.176460 1.628266 0.214850
v -0.217196 1.521415 0.237283
v -0.129038 1.280820 0.571157
v -0.052887 1.212312 0.582672
v -0.154515 1.569985 0.421026
v -0.186591 1.466378 0.443709
v -0.111395 1.293076 0.664187
v -0.104490 1.062713 0.651925
v -0.175619 1.331786 0.178937
v -0.056809 1.290673 0.229294
v -0.077325 1.719112 0.021126
v -0.192060 1.647364 0.048460
v -0.244236 1.409865 0.136686
v -0.067691 1.453182 0.686740
v -0.238877 1.433957 -0.176388
v -0.225521 1.647507 -1.175384
v -0.083870 1.673777 -1.227045
v -0.275785 1.564838 -0.295644
v -0.323452 1.500274 -1.037353
v -0.407487 1.465273 -0.838378
v -0.410112 1.458342 -0.612009
v -0.359348 1.457860 -0.419506
v -0.253131 1.416828 -0.061144
v -0.207531 1.411057 0.305077
v -0.167688 1.366410 0.507743
v -0.232975 1.543567 0.155788
v -0.845646 1.092885 0.185065
v -0.041355 1.274747 0.317260
v -0.073589 1.709679 0.100449
v -0.183925 1.651790 0.115728
v -0.234860 1.422445 0.212414
v -0.239992 1.529062 0.096455
v -0.914868 0.053143 0.050705
v -0.943922 1.246068 0.020319
v -0.939873 1.323537 -0.037139
v -0.951496 1.249613 -0.098439
v -0.505554 1.148919 0.255048
v -0.549291 1.193860 0.207639
v -0.518092 1.179613 0.171809
v -0.474355 1.134672 0.219217
v -0.671928 1.094592 0.236040
v -0.686756 1.149348 0.186259
v -0.677016 1.115271 0.155061
v -0.660194 1.057509 0.204705
v -0.788387 1.078899 0.227743
v -0.776851 1.150684 0.179573
v -0.790513 1.104589 0.145783
v -0.590078 0.085057 0.246499
v -0.731836 0.913972 0.190196
v -0.838847 0.918256 0.187287
v -0.601079 0.164851 0.235595
v -0.630539 0.187673 0.237541
v -0.659291 0.218394 0.212721
v -0.629831 0.195572 0.210775
v -0.067597 1.183676 0.638358
v -0.035519 1.194745 0.659709
v -0.051425 1.231449 0.686340
v -0.083066 1.218947 0.668439
v -0.108973 1.089551 0.643126
v -0.105262 1.087882 0.644996
v -0.106581 1.092271 0.648689
v -0.110293 1.093939 0.646819
v -0.128646 1.304651 0.473596
v -0.446316 0.899437 0.473423
v -0.056255 1.632636 0.303337
v -0.147608 1.582582 0.299061
v -0.181841 1.478580 0.309586
v -0.170389 1.384190 0.379426
v -0.063387 1.239411 0.533247
v -0.095165 1.260736 0.511916
v -0.063414 1.248121 0.495279
v -0.031813 1.228575 0.515894
v -0.354662 0.961445 0.503787
v -0.370041 0.979598 0.477848
v -0.351853 0.967098 0.458040
v -0.336333 0.945274 0.484541
v -0.415820 0.908698 0.500154
v -0.414191 0.939779 0.469413
v -0.409180 0.911425 0.447039
v -0.223153 0.029733 0.630709
v -0.266249 0.122021 0.599077
v -0.271988 0.120774 0.604057
v -0.276201 0.118702 0.600547
v -0.270462 0.119949 0.595566
v -1.150717 1.735386 -0.739131
v -0.987710 1.451972 -0.735519
v -1.047624 1.444229 -0.666407
v -1.117695 1.450174 -0.737382
v -1.061190 1.460663 -0.807455
v -0.976883 1.086816 -0.744323
v -1.020805 1.089452 -0.693921
v -1.070846 1.089338 -0.747930
v -1.026924 1.086702 -0.798332
v -0.939483 0.715243 -0.739191
v -0.976693 0.718424 -0.705384
v -1.014463 0.718050 -0.746095
v -0.977253 0.714869 -0.779902
v -0.849315 0.287923 -0.680430
v -0.868613 0.289753 -0.664081
v -0.888078 0.289538 -0.684663
v -0.868781 0.287708 -0.701012
v -1.018646 1.255025 -0.042887
v -0.987135 1.006744 -0.030079
v -1.048645 1.011229 0.002152
v -1.111536 1.015905 -0.052611
v -1.052317 1.012962 -0.086010
v -1.086577 0.807057 -0.036608
v -1.144892 0.803036 -0.012113
v -1.206851 0.800242 -0.058133
v -1.148535 0.804263 -0.082628
v -1.068154 0.605000 -0.027819
v -1.112777 0.598426 -0.012016
v -1.160237 0.592893 -0.042517
v -1.115615 0.599467 -0.058320
v -0.975601 0.246399 0.017965
v -0.993759 0.242620 0.024103
v -1.013073 0.239427 0.012449
v -0.994915 0.243206 0.006311
v -0.576643 1.732496 -0.562029
v -0.583244 1.626468 -0.674391
v -0.577049 1.761707 -0.623617
v -0.581568 1.688814 -0.690507
v -0.579643 1.668541 -0.542832
v 0.150076 1.203579 -0.760001
v 0.152694 1.197677 -0.512217
v 0.743093 0.810276 0.157935
v 0.741431 0.799274 0.211671
v 0.717742 0.564699 0.205833
v 0.719057 0.572230 0.163752
v 0.807675 0.807165 0.211580
v 0.766672 0.573986 0.205833
v 0.807378 0.819507 0.156895
v 0.766502 0.581728 0.163752
v 0.692435 0.316426 0.215383
v 0.650097 0.297067 0.221497
v 0.650831 0.303272 0.194022
v 0.691945 0.322736 0.187908
v 0.123346 1.607680 0.501517
v 0.092402 1.566890 0.620803
v 0.075339 1.222807 0.526803
v 0.105546 1.240133 0.524237
v 0.105959 1.243440 0.500459
v 0.073934 1.228153 0.503184
v 0.399161 1.744188 -0.516741
v 0.425230 1.763914 -0.666939
v 0.731229 1.763292 -0.691256
v 0.743832 1.748067 -0.610502
v 0.137598 1.795707 -0.303413
v 0.175717 1.743882 -0.191516
v 0.377762 0.877890 0.462935
v 0.376092 0.894155 0.500752
v 0.409272 0.577898 0.529948
v 0.404411 0.580396 0.507091
v 0.447107 0.828574 0.502176
v 0.442116 0.560028 0.531130
v 0.439697 0.830370 0.462202
v 0.436346 0.560962 0.507013
v 0.319851 0.242109 0.574302
v 0.317905 0.242034 0.563611
v 0.333068 0.235679 0.575711
v 0.330894 0.234967 0.565149
v 0.087285 1.177578 0.648488
v 0.069658 1.169417 0.643643
v 0.103426 1.116510 0.639254
v 0.109629 1.121712 0.641447
v 0.066567 1.184374 0.661387
v 0.101940 1.119717 0.645193
v 0.078555 1.190916 0.664412
v 0.105816 1.124690 0.646737
v 0.193087 1.517412 0.520622
v 0.123520 1.494056 0.651103
v 0.186452 1.409416 0.553518
v 0.125491 1.403967 0.639532
v 0.152121 1.318137 0.610326
v 0.097949 1.350119 0.668375
v 0.121370 1.281873 0.336555
v 0.226989 1.353801 0.298647
v 0.239677 1.356584 0.189725
v 0.125754 1.285051 0.242595
v 0.730117 1.012418 0.225989
v 0.831175 0.998968 0.218851
v 0.831083 1.020941 0.159008
v 0.732994 1.030795 0.163878
v 0.276441 1.354186 0.003294
v 0.205828 1.351883 0.106159
v 0.579265 1.254957 0.033238
v 0.577854 1.262275 -0.036687
v 0.266850 1.426755 0.087345
v 0.568604 1.331349 0.041697
v 0.267035 1.459740 -0.006669
v 0.567478 1.340924 -0.035562
v 0.768952 1.199990 0.023910
v 0.768492 1.206844 -0.052253
v 0.757427 1.279462 0.020638
v 0.759131 1.286124 -0.058258
v 0.098951 1.604898 0.346309
v 0.216107 1.403118 -0.230290
v 0.138775 1.318729 -0.271052
v 0.149461 1.276175 -0.091663
v 0.231449 1.363330 -0.112881
v 0.210091 1.653601 -0.259876
v 0.249540 1.609100 -0.159668
v 0.226507 1.511545 -0.230356
v 0.254956 1.482194 -0.131725
v 0.447767 1.592658 -0.658042
v 0.729718 1.651747 -0.703828
v 0.403621 1.581972 -0.491626
v 0.743062 1.630866 -0.613745
v 0.232915 1.401055 -1.060866
v 0.255761 1.482310 -1.092842
v 0.154944 1.519683 -1.167907
v 0.152879 1.396161 -1.090609
v 0.275970 1.571835 -1.113273
v 0.158256 1.614845 -1.198524
v 0.291933 1.680423 -1.125335
v 0.275847 1.824077 -1.099800
v 0.160064 1.867128 -1.178812
v 0.161827 1.726615 -1.213618
v 0.253942 1.926859 -1.060046
v 0.157969 1.990150 -1.093532
v 0.268758 1.312867 -0.364177
v 0.312175 1.410751 -0.339855
v 0.067011 1.275159 0.695788
v 0.324353 1.500435 -0.344608
v 0.319846 1.608289 -0.365202
v 0.291509 1.744834 -0.404827
v 0.157825 1.914309 -0.395866
v 0.257347 1.860712 -0.436815
v 0.147997 1.297688 -0.960690
v 0.258108 1.343297 -0.952814
v 0.281703 1.275451 -0.756235
v 0.292263 1.265751 -0.521193
v 0.159642 2.071078 -0.943798
v 0.284766 1.966408 -0.936003
v 0.161506 2.082754 -0.726512
v 0.294836 1.967166 -0.716439
v 0.161507 2.014661 -0.521403
v 0.286791 1.908733 -0.531619
v 0.380182 1.803486 -0.936451
v 0.406582 1.628848 -0.941121
v 0.388882 1.518415 -0.946800
v 0.351243 1.435643 -0.950588
v 0.424784 1.495579 -0.699028
v 0.393856 1.413055 -0.737570
v 0.390301 1.492324 -0.499882
v 0.374372 1.410013 -0.520349
v 0.998448 1.629088 -0.781182
v 0.997071 1.787984 -0.762189
v 0.989000 1.610133 -0.666109
v 0.983996 1.785549 -0.680355
v 1.135262 1.621657 -0.790871
v 1.106803 1.817341 -0.774203
v 0.814664 0.150456 -0.661970
v 0.815329 0.151853 -0.646986
v 0.830268 0.151948 -0.649134
v 0.831069 0.151678 -0.663096
v 1.096434 1.812477 -0.706842
v 1.120070 1.602022 -0.684064
v 0.154515 1.293768 0.057909
v 0.140505 1.687960 -0.100148
v 0.216901 1.585407 -0.056869
v 0.131856 1.316260 0.169152
v 0.142634 1.685598 -0.004332
v 0.220979 1.589513 0.038972
v 0.093432 1.273306 0.474091
v 0.167968 1.352063 0.394522
v 0.134077 1.678974 0.153347
v 0.123583 1.642514 0.262932
v 0.209732 1.599026 0.176020
v 0.193040 1.551869 0.266084
v 0.230469 1.479966 0.222233
v 0.199194 1.443093 0.300692
v 0.147057 1.334600 0.477420
v 0.093041 1.259400 0.535191
v 0.100023 1.227828 0.635017
v 0.164434 1.521786 0.348239
v 0.169823 1.419564 0.386045
v 0.107950 1.074367 0.648562
v 0.105244 1.071422 0.647616
v 0.104689 1.072531 0.650338
v 0.106636 1.075515 0.651087
v 0.141384 1.689248 0.064659
v 0.219662 1.599342 0.098915
v 0.242107 1.472293 0.147838
v 0.815568 1.133361 0.205705
v 0.816648 1.148460 0.157970
v 0.900658 1.164639 0.014716
v 0.908958 1.156384 -0.070374
v 0.874327 1.275959 0.005979
v 0.880714 1.281635 -0.075969
v 0.939238 0.128004 0.033732
v 0.938264 0.127403 0.042281
v 0.953340 0.124975 0.039444
v 0.953266 0.124844 0.031460
v 0.986859 1.301930 0.004237
v 1.043316 1.146881 -0.004728
v 0.989539 1.304770 -0.078766
v 1.043479 1.146401 -0.085713
v 0.731387 1.121436 0.213590
v 0.733902 1.135377 0.154072
v 0.587850 0.107217 0.240597
v 0.588266 0.102761 0.253187
v 0.623318 0.143382 0.234846
v 0.622314 0.147818 0.222256
v 0.435927 0.923061 0.486121
v 0.432767 0.924398 0.454714
v 0.393915 0.941867 0.490102
v 0.392336 0.944817 0.455514
v 0.238744 0.062978 0.616711
v 0.239384 0.063307 0.620287
v 0.243767 0.062729 0.620816
v 0.243101 0.062240 0.617288
v 1.000309 1.270526 -0.693484
v 1.004119 1.270820 -0.785199
v 1.074840 1.268507 -0.696273
v 1.086301 1.273081 -0.784796
v 0.973301 0.906505 -0.714759
v 0.971771 0.901883 -0.780027
v 1.031388 0.906595 -0.720670
v 1.036181 0.905951 -0.782401
v 0.912590 0.510866 -0.695483
v 0.910471 0.506911 -0.740257
v 0.954500 0.510942 -0.701756
v 0.957004 0.510391 -0.743417
v 1.071590 0.884655 -0.009946
v 1.077538 0.887350 -0.065806
v 1.163229 0.886175 -0.026930
v 1.162519 0.885551 -0.081899
v 1.097341 0.726964 -0.014653
v 1.103039 0.729138 -0.060271
v 1.181972 0.720483 -0.029205
v 1.181267 0.719921 -0.074230
v 1.039233 0.432957 -0.001054
v 1.042566 0.434733 -0.022827
v 1.088392 0.426297 -0.008319
v 1.087978 0.425828 -0.028846
v 0.152382 1.185041 -0.636939
v 0.076883 1.188341 -0.760171
v 0.076542 1.183123 -0.509700
v 0.734816 0.694422 0.158328
v 0.730025 0.803170 0.184909
v 0.733314 0.685638 0.207364
v 0.709364 0.566704 0.184792
v 0.774424 0.801032 0.221790
v 0.789744 0.695762 0.207352
v 0.742100 0.567911 0.213723
v 0.819764 0.814941 0.184131
v 0.789539 0.704923 0.158198
v 0.775622 0.579618 0.184792
v 0.775364 0.817079 0.147251
v 0.742887 0.578411 0.155861
v 0.689054 0.433618 0.209292
v 0.732871 0.443350 0.208528
v 0.671243 0.305573 0.223592
v 0.732675 0.450234 0.173642
v 0.690182 0.440323 0.174406
v 0.671411 0.314177 0.185813
v 0.065179 1.632566 0.499025
v 0.111866 1.588148 0.575710
v 0.052671 1.577564 0.630193
v 0.124572 1.189243 0.525399
v 0.090535 1.230659 0.529964
v 0.151199 1.204971 0.522089
v 0.111586 1.244844 0.511852
v 0.151264 1.208162 0.496819
v 0.089853 1.236608 0.497378
v 0.122605 1.194515 0.500020
v 0.068802 1.222423 0.515489
v 0.416253 1.777992 -0.587659
v 0.577569 1.746101 -0.669623
v 0.737744 1.777124 -0.649397
v 0.071626 1.839228 -0.307082
v 0.162838 1.771250 -0.244122
v 0.096384 1.786673 -0.205078
v 0.244739 1.068221 0.515889
v 0.274002 1.085902 0.511707
v 0.273990 1.089476 0.480511
v 0.242387 1.074126 0.484513
v 0.402513 0.740319 0.482815
v 0.371498 0.867628 0.484508
v 0.408350 0.737000 0.512310
v 0.400769 0.582644 0.518416
v 0.417909 0.840976 0.507579
v 0.449194 0.717548 0.514536
v 0.426691 0.568641 0.534943
v 0.450738 0.825451 0.482299
v 0.441850 0.719005 0.481623
v 0.445304 0.556998 0.519175
v 0.408993 0.844635 0.456250
v 0.419382 0.571001 0.502648
v 0.370955 0.404709 0.533671
v 0.374318 0.403564 0.550110
v 0.316421 0.243337 0.568680
v 0.397180 0.391359 0.551227
v 0.326846 0.238968 0.576999
v 0.393342 0.391390 0.534719
v 0.334438 0.234058 0.570707
v 0.324013 0.238427 0.562387
v 0.098671 1.151358 0.643827
v 0.079580 1.170845 0.642909
v 0.090308 1.146443 0.640892
v 0.107024 1.118531 0.639298
v 0.065336 1.175517 0.651777
v 0.088505 1.151846 0.649363
v 0.101738 1.117160 0.641873
v 0.071453 1.190298 0.666056
v 0.093932 1.156217 0.651355
v 0.103382 1.122783 0.647017
v 0.085696 1.185626 0.657188
v 0.108667 1.124155 0.644442
v 0.167800 1.567653 0.509326
v 0.171505 1.505420 0.596559
v 0.108249 1.535285 0.640289
v 0.196673 1.462759 0.533892
v 0.165282 1.424526 0.592191
v 0.128827 1.449272 0.648368
v 0.171116 1.361671 0.582242
v 0.133576 1.329966 0.645794
v 0.113956 1.378203 0.651789
v 0.230284 1.234137 0.296611
v 0.178672 1.303645 0.341172
v 0.319743 1.280798 0.276612
v 0.256790 1.362569 0.234405
v 0.329305 1.294747 0.201317
v 0.198366 1.314277 0.201945
v 0.244248 1.249282 0.225523
v 0.109348 1.268177 0.297017
v 0.745716 0.908391 0.217415
v 0.789113 0.997945 0.230614
v 0.824852 0.908835 0.216403
v 0.824451 0.926583 0.158788
v 0.790482 1.024707 0.150416
v 0.747574 0.922874 0.161962
v 0.642640 0.296530 0.208906
v 0.700014 0.323220 0.200499
v 0.400156 1.315179 -0.008173
v 0.281834 1.336960 0.057811
v 0.401888 1.308046 0.063575
v 0.580655 1.244265 -0.001442
v 0.239036 1.388422 0.105486
v 0.396396 1.380281 0.063821
v 0.574981 1.288840 0.056371
v 0.270609 1.461290 0.040281
v 0.390575 1.393659 -0.009962
v 0.565780 1.351620 0.002764
v 0.277549 1.401415 -0.018274
v 0.573160 1.300851 -0.048613
v 0.770680 1.188534 -0.013302
v 0.763073 1.238459 0.036811
v 0.756321 1.297676 -0.019680
v 0.763928 1.247752 -0.069792
v 0.051378 1.619293 0.347926
v 0.111720 1.607558 0.417788
v 0.051600 1.367291 0.695692
v 0.067858 1.414801 0.681885
v 0.064103 1.493177 0.683911
v 0.223654 1.378683 -0.172991
v 0.186330 1.358048 -0.247847
v 0.142401 1.293444 -0.177343
v 0.199764 1.314544 -0.102255
v 0.071527 1.295889 -0.271961
v 0.080062 1.249871 -0.083587
v 0.182299 1.728130 -0.282338
v 0.236453 1.630827 -0.209897
v 0.225264 1.679973 -0.175722
v 0.222587 1.579408 -0.242118
v 0.244277 1.494907 -0.184404
v 0.257047 1.543773 -0.144528
v 0.436514 1.676668 -0.685911
v 0.728041 1.710905 -0.713558
v 0.433055 1.566470 -0.568718
v 0.581485 1.610418 -0.557046
v 0.736176 1.619862 -0.660269
v 0.398778 1.658806 -0.489036
v 0.745879 1.686081 -0.596108
v 0.203722 1.397701 -1.076655
v 0.244563 1.435297 -1.076975
v 0.208929 1.504398 -1.138078
v 0.154198 1.458113 -1.135820
v 0.082002 1.394795 -1.097527
v 0.083046 1.525848 -1.183154
v 0.265673 1.527321 -1.104072
v 0.219189 1.597313 -1.164736
v 0.156280 1.569460 -1.186506
v 0.083503 1.621936 -1.215796
v 0.228539 1.706799 -1.179002
v 0.286490 1.752159 -1.116823
v 0.220423 1.845253 -1.147277
v 0.161463 1.795927 -1.203056
v 0.084325 1.734962 -1.231142
v 0.084744 1.878400 -1.194973
v 0.265439 1.883863 -1.079013
v 0.217638 1.955432 -1.077448
v 0.158644 1.932759 -1.142849
v 0.082890 2.010977 -1.101709
v 0.291571 1.355380 -0.348680
v 0.222296 1.307374 -0.333270
v 0.265674 1.408162 -0.279042
v 0.079523 1.315639 0.687438
v 0.038448 1.277692 0.700445
v 0.321799 1.457290 -0.339540
v 0.226802 1.453517 -0.225023
v 0.276857 1.506327 -0.283928
v 0.308169 1.674638 -0.383825
v 0.268126 1.630409 -0.312216
v 0.229332 1.768237 -0.357756
v 0.273097 1.812238 -0.423723
v 0.152089 1.860063 -0.355257
v 0.218637 1.887134 -0.416763
v 0.082650 1.930264 -0.386531
v 0.245148 1.375991 -1.020407
v 0.150201 1.345207 -1.033348
v 0.206083 1.314594 -0.956677
v 0.077724 1.287027 -0.962578
v 0.270358 1.306362 -0.863461
v 0.148143 1.246281 -0.869263
v 0.217274 1.229787 -0.759238
v 0.290710 1.261225 -0.637342
v 0.226816 1.221312 -0.516761
v 0.282525 1.287214 -0.424017
v 0.148787 1.244067 -0.395397
v 0.158486 2.037423 -1.028216
v 0.082905 2.094555 -0.945805
v 0.270750 1.944477 -1.014624
v 0.225896 2.027747 -0.939696
v 0.160738 2.087314 -0.839775
v 0.083160 2.106173 -0.726225
v 0.292261 1.975681 -0.830333
v 0.231516 2.038118 -0.725747
v 0.161797 2.056187 -0.616692
v 0.083345 2.037249 -0.517911
v 0.293667 1.941357 -0.614133
v 0.229958 1.971798 -0.528642
v 0.160420 1.966177 -0.448672
v 0.272788 1.880229 -0.472493
v 0.334331 1.813362 -1.033907
v 0.338707 1.890340 -0.935167
v 0.356898 1.653714 -1.049466
v 0.401780 1.711829 -0.938552
v 0.286752 1.621016 -1.122296
v 0.336749 1.543188 -1.042590
v 0.400326 1.565907 -0.943993
v 0.305921 1.457583 -1.031425
v 0.309402 1.387264 -0.951228
v 0.402822 1.784366 -0.802435
v 0.357075 1.869960 -0.693378
v 0.429372 1.607426 -0.798499
v 0.418144 1.503206 -0.824805
v 0.427759 1.535489 -0.674716
v 0.381121 1.420976 -0.849267
v 0.344620 1.344237 -0.749276
v 0.335484 1.829361 -0.524093
v 0.413249 1.492241 -0.591589
v 0.389766 1.530093 -0.487383
v 0.390519 1.410060 -0.626609
v 0.342241 1.337436 -0.522981
v 0.336955 1.737311 -0.453536
v 0.358557 1.591947 -0.420549
v 0.361383 1.495409 -0.417130
v 0.324391 1.550025 -0.352606
v 0.348385 1.410904 -0.422119
v 0.868173 1.776914 -0.726459
v 0.860675 1.664267 -0.747167
v 1.003092 1.730629 -0.784720
v 0.877941 1.644297 -0.652918
v 0.975815 1.588741 -0.726414
v 0.880515 1.767516 -0.646416
v 0.987758 1.716614 -0.657582
v 0.978963 1.808461 -0.721441
v 1.056205 1.799194 -0.779834
v 1.066183 1.625251 -0.810175
v 1.142294 1.742185 -0.786183
v 0.813258 0.123277 -0.657249
v 0.804769 0.123371 -0.648696
v 0.813185 0.124176 -0.641856
v 0.821674 0.124081 -0.650409
v 1.050634 1.601255 -0.662845
v 1.059738 1.819746 -0.698386
v 1.130641 1.726134 -0.692054
v 1.105931 1.827619 -0.740799
v 0.154579 1.279765 -0.012700
v 0.210100 1.326276 0.031147
v 0.239340 1.362370 -0.050824
v 0.082843 1.267848 0.080020
v 0.160865 1.712135 -0.145498
v 0.075368 1.719320 -0.112896
v 0.235792 1.593427 -0.108747
v 0.187397 1.640664 -0.081562
v 0.253131 1.475844 -0.068824
v 0.236162 1.528468 -0.027683
v 0.146524 1.305237 0.118921
v 0.190862 1.333861 0.139359
v 0.068075 1.298320 0.190674
v 0.137181 1.681810 -0.050590
v 0.076448 1.716313 -0.018237
v 0.214778 1.585330 -0.005259
v 0.190520 1.643160 0.014834
v 0.241020 1.524309 0.066508
v 0.089173 1.282287 0.417982
v 0.134168 1.310803 0.438191
v 0.184551 1.361386 0.351943
v 0.039278 1.270249 0.373432
v 0.049784 1.251790 0.476344
v 0.071725 1.697288 0.150993
v 0.131561 1.663835 0.210684
v 0.065713 1.657677 0.264154
v 0.179752 1.645941 0.161944
v 0.204494 1.578288 0.223259
v 0.166842 1.604453 0.262825
v 0.226526 1.541047 0.194848
v 0.217421 1.464127 0.263266
v 0.202108 1.496196 0.276162
v 0.151429 1.322702 0.545893
v 0.124685 1.295054 0.514006
v 0.097279 1.242221 0.582572
v 0.129159 1.275735 0.627586
v 0.052339 1.230516 0.547795
v 0.058560 1.194488 0.619562
v 0.138536 1.570115 0.345248
v 0.180677 1.520269 0.428951
v 0.172936 1.469591 0.359749
v 0.179558 1.413861 0.469535
v 0.092194 1.254842 0.672631
v 0.106925 1.071698 0.650700
v 0.106093 1.069373 0.648706
v 0.104276 1.068283 0.649731
v 0.105108 1.070608 0.651725
v 0.116410 1.304930 0.208526
v 0.222431 1.367128 0.153063
v 0.047933 1.281263 0.268115
v 0.144074 1.688742 0.031621
v 0.075826 1.717023 0.058511
v 0.222654 1.594202 0.070733
v 0.188787 1.650351 0.078583
v 0.236927 1.416697 0.170250
v 0.248023 1.463099 0.119820
v 0.247870 1.420806 -0.121969
v 0.160468 1.666165 -1.209671
v 0.375304 1.477816 -0.949127
v 0.418337 1.460111 -0.720728
v 0.388670 1.458015 -0.512259
v 0.224586 1.421772 0.260126
v 0.188844 1.395599 0.344191
v 0.161457 1.375338 0.429790
v 0.214778 1.603872 0.133644
v 0.237295 1.536298 0.123075
v 0.238075 1.480436 0.182446
v 0.834533 1.113300 0.155530
v 0.845802 1.009882 0.188475
v 0.824559 1.080951 0.215541
v 0.818074 1.148912 0.180843
v 0.137398 1.686769 0.104197
v 0.910959 1.142772 -0.023962
v 0.880146 1.225943 0.024167
v 0.875148 1.293808 -0.036312
v 0.886094 1.234433 -0.087062
v 0.936212 0.102820 0.036434
v 0.928185 0.104190 0.042725
v 0.935731 0.102569 0.046045
v 0.943758 0.101200 0.039755
v 0.983234 1.142314 0.012853
v 0.937528 1.309117 0.008239
v 1.003570 1.258035 0.009042
v 0.944057 1.311601 -0.084940
v 0.993551 1.307185 -0.036734
v 0.990997 1.143943 -0.091900
v 1.005246 1.259726 -0.089432
v 0.479310 1.131510 0.246816
v 0.535218 1.174698 0.240578
v 0.542927 1.196879 0.177858
v 0.489837 1.153976 0.188461
v 0.662836 1.062170 0.230924
v 0.681853 1.130484 0.219202
v 0.730837 1.077654 0.230071
v 0.684970 1.144358 0.158396
v 0.732577 1.142110 0.181498
v 0.667145 1.078473 0.173521
v 0.734444 1.099116 0.149769
v 0.713972 1.005238 0.197157
v 0.778991 1.127532 0.211220
v 0.780906 1.143973 0.151982
v 0.599993 0.115013 0.233309
v 0.578983 0.085757 0.252676
v 0.600967 0.109605 0.247800
v 0.621978 0.138861 0.228433
v 0.609590 0.176605 0.222248
v 0.609552 0.170858 0.241835
v 0.652293 0.209205 0.225510
v 0.651259 0.214942 0.205923
v 0.043910 1.179502 0.640914
v 0.086323 1.199990 0.649535
v 0.038680 1.217725 0.680711
v 0.067629 1.231865 0.684042
v 0.110937 1.092466 0.644560
v 0.106485 1.088040 0.643024
v 0.105489 1.090032 0.647295
v 0.108408 1.094473 0.648430
v 0.103604 1.274546 0.501811
v 0.154082 1.343615 0.430768
v 0.436922 0.901574 0.453060
v 0.442483 0.900295 0.493842
v 0.436960 0.926648 0.469922
v 0.107170 1.618937 0.301238
v 0.173230 1.531939 0.300262
v 0.179015 1.428331 0.334635
v 0.039895 1.228644 0.528873
v 0.086312 1.253538 0.526882
v 0.087294 1.258593 0.498459
v 0.039281 1.236124 0.502017
v 0.342946 0.947915 0.500275
v 0.365799 0.974000 0.495221
v 0.386904 0.923259 0.499703
v 0.365078 0.977266 0.462103
v 0.396484 0.948408 0.471957
v 0.339509 0.952916 0.466651
v 0.382516 0.928027 0.451368
v 0.414442 0.932242 0.488905
v 0.411493 0.934374 0.451773
v 0.235037 0.051908 0.620650
v 0.232901 0.052363 0.622347
v 0.235780 0.052367 0.624604
v 0.237917 0.051912 0.622907
v 0.267620 0.122429 0.595750
v 0.268700 0.122866 0.602028
v 0.276019 0.120567 0.603066
v 0.274864 0.119793 0.596884
v 1.139056 1.611582 -0.737489
v 1.008735 1.458884 -0.787997
v 1.003042 1.448884 -0.684015
v 0.987522 1.270650 -0.739118
v 1.093575 1.443596 -0.686204
v 1.036143 1.269060 -0.677981
v 1.107687 1.457879 -0.788400
v 1.095262 1.270816 -0.740758
v 1.046642 1.272406 -0.801895
v 0.990200 1.085156 -0.783768
v 0.989193 1.089164 -0.705862
v 0.961052 0.903804 -0.746616
v 1.054086 1.088989 -0.710456
v 1.002039 0.907044 -0.705808
v 1.061980 1.088998 -0.784420
v 1.045269 0.906662 -0.752312
v 1.004282 0.903423 -0.793120
v 0.948489 0.713356 -0.768083
v 0.950926 0.717895 -0.712181
v 0.903239 0.508555 -0.716986
v 1.002612 0.717983 -0.718910
v 0.933509 0.511326 -0.690516
v 1.005865 0.717351 -0.771397
v 0.964044 0.511000 -0.723471
v 0.933774 0.508229 -0.749941
v 0.854706 0.289555 -0.695665
v 0.856065 0.292190 -0.667439
v 0.883100 0.292248 -0.671592
v 0.884706 0.291874 -0.697755
v 1.059322 1.148467 -0.048612
v 1.006743 1.011155 -0.066144
v 1.000714 1.007880 -0.001042
v 1.058006 0.886028 -0.034775
v 1.095380 1.015118 -0.016610
v 1.116919 0.885221 -0.008048
v 1.094815 1.014475 -0.081799
v 1.179432 0.885837 -0.057515
v 1.120519 0.886645 -0.084243
v 1.105995 0.807314 -0.065249
v 1.099960 0.804942 -0.013838
v 1.084922 0.729523 -0.034789
v 1.190818 0.801464 -0.029620
v 1.139189 0.723572 -0.013431
v 1.190081 0.800878 -0.080776
v 1.196888 0.718730 -0.054390
v 1.142621 0.724680 -0.075748
v 1.083068 0.604378 -0.046920
v 1.078354 0.602320 -0.012727
v 1.032033 0.435304 -0.010695
v 1.147974 0.594815 -0.023934
v 1.063539 0.429504 -0.000721
v 1.147387 0.594273 -0.057091
v 1.097051 0.424603 -0.019828
v 1.065545 0.430403 -0.029802
v 0.982511 0.248392 0.010012
v 0.980571 0.247223 0.023545
v 1.009235 0.242828 0.018984
v 1.008997 0.242521 0.006508
v 0.077052 1.169347 -0.636506
v 0.723644 0.688096 0.182859
v 0.761407 0.689018 0.216563
v 0.800063 0.702276 0.182762
v 0.762299 0.701355 0.149058
v 0.710875 0.437210 0.215451
v 0.711516 0.446552 0.167483
v 0.059835 1.613353 0.573346
v 0.138064 1.196314 0.528492
v 0.156414 1.209320 0.508844
v 0.136756 1.202132 0.493671
v 0.118405 1.189125 0.513320
v 0.088731 1.815740 -0.255168
v 0.259592 1.076172 0.519664
v 0.279702 1.090785 0.495342
v 0.257967 1.082689 0.476646
v 0.237857 1.068076 0.500968
v 0.397857 0.742263 0.497714
v 0.430503 0.723969 0.519145
v 0.452724 0.714095 0.498183
v 0.421462 0.727199 0.476439
v 0.368394 0.406529 0.541688
v 0.386424 0.397351 0.553757
v 0.399503 0.388982 0.543176
v 0.381473 0.398159 0.531106
v 0.095103 1.147938 0.640859
v 0.088113 1.148274 0.644666
v 0.090605 1.154994 0.651859
v 0.097594 1.154658 0.648053
v 0.149557 1.551016 0.586548
v 0.175787 1.454598 0.600360
v 0.152860 1.365794 0.623692
v 0.273761 1.253938 0.300147
v 0.340817 1.296096 0.234726
v 0.289977 1.274180 0.200230
v 0.221773 1.233372 0.264420
v 0.785870 0.905478 0.227212
v 0.786826 0.927540 0.149789
v 0.681527 0.435129 0.191992
v 0.740865 0.448633 0.190942
v 0.402930 1.297811 0.028017
v 0.401222 1.339518 0.078033
v 0.392395 1.401362 0.026838
v 0.396075 1.353894 -0.024483
v 0.058433 1.626914 0.417494
v 0.060636 1.394927 0.687427
v 0.056470 1.535824 0.666336
v 0.192058 1.331010 -0.174905
v 0.075834 1.268706 -0.176062
v 0.211168 1.705199 -0.227527
v 0.245091 1.560267 -0.195460
v 0.584240 1.596594 -0.623873
v 0.205881 1.449685 -1.112989
v 0.082897 1.461265 -1.147166
v 0.213341 1.552093 -1.153563
v 0.083213 1.576514 -1.203464
v 0.225466 1.775907 -1.168817
v 0.084790 1.804992 -1.220569
v 0.217824 1.905176 -1.117765
v 0.083847 1.948785 -1.155447
v 0.243367 1.357760 -0.294690
v 0.041433 1.326711 0.706161
v 0.275380 1.456025 -0.277091
v 0.249895 1.699721 -0.333696
v 0.220393 1.832442 -0.385128
v 0.078127 1.882583 -0.344497
v 0.204065 1.355510 -1.025864
v 0.079865 1.338894 -1.037127
v 0.210642 1.268639 -0.867226
v 0.076849 1.232670 -0.870044
v 0.224232 1.212360 -0.637620
v 0.222325 1.256778 -0.411626
v 0.074603 1.231411 -0.388908
v 0.082675 2.060520 -1.032722
v 0.221595 1.996448 -1.019714
v 0.083103 2.110611 -0.840418
v 0.229253 2.043289 -0.837532
v 0.083129 2.080154 -0.615144
v 0.232261 2.010865 -0.619023
v 0.083775 1.984214 -0.442438
v 0.223909 1.931251 -0.462289
v 0.307660 1.884146 -1.021724
v 0.351435 1.731936 -1.044300
v 0.349845 1.591937 -1.047794
v 0.279309 1.412902 -1.024206
v 0.352921 1.885006 -0.816200
v 0.426697 1.689191 -0.798511
v 0.424230 1.547398 -0.809478
v 0.331415 1.362718 -0.857562
v 0.351549 1.851889 -0.597445
v 0.414828 1.528494 -0.570353
v 0.348723 1.335975 -0.634449
v 0.308881 1.813390 -0.467970
v 0.352598 1.660820 -0.434447
v 0.360018 1.537931 -0.415708
v 0.323637 1.346149 -0.424974
v 0.862078 1.724938 -0.748377
v 0.874137 1.631310 -0.700152
v 0.882060 1.704839 -0.629299
v 0.875206 1.793339 -0.685571
v 1.070294 1.737129 -0.803113
v 0.793053 0.065475 -0.637498
v 1.080606 1.722425 -0.672153
v 1.064345 1.843820 -0.739687
v 0.206002 1.317019 -0.032889
v 0.083094 1.252361 0.003407
v 0.087533 1.749131 -0.158839
v 0.209253 1.656229 -0.128670
v 0.247665 1.534123 -0.086514
v 0.205269 1.330908 0.089248
v 0.077546 1.284569 0.142135
v 0.073285 1.711791 -0.064404
v 0.184239 1.638422 -0.030944
v 0.236961 1.525452 0.024131
v 0.141423 1.316828 0.391595
v 0.041804 1.261448 0.430933
v 0.070298 1.680062 0.210142
v 0.176460 1.628266 0.214850
v 0.217196 1.521415 0.237283
v 0.129038 1.280820 0.571157
v 0.052887 1.212312 0.582672
v 0.154515 1.569985 0.421026
v 0.186591 1.466378 0.443709
v 0.111395 1.293076 0.664187
v 0.104490 1.062713 0.651925
v 0.175619 1.331786 0.178937
v 0.056809 1.290673 0.229294
v 0.077325 1.719112 0.021126
v 0.192060 1.647364 0.048460
v 0.244236 1.409865 0.136686
v 0.067691 1.453182 0.686740
v 0.238877 1.433957 -0.176388
v 0.225521 1.647507 -1.175384
v 0.083870 1.673777 -1.227045
v 0.275785 1.564838 -0.295644
v 0.323452 1.500274 -1.037353
v 0.407487 1.465273 -0.838378
v 0.410112 1.458342 -0.612009
v 0.359348 1.457860 -0.419506
v 0.253131 1.416828 -0.061144
v 0.207531 1.411057 0.305077
v 0.167688 1.366410 0.507743
v 0.232975 1.543567 0.155788
v 0.845646 1.092885 0.185065
v 0.041355 1.274747 0.317260
v 0.073589 1.709679 0.100449
v 0.183925 1.651790 0.115728
v 0.234860 1.422445 0.212414
v 0.239992 1.529062 0.096455
v 0.914868 0.053143 0.050705
v 0.943922 1.246068 0.020319
v 0.939873 1.323537 -0.037139
v 0.951496 1.249613 -0.098439
v 0.505554 1.148919 0.255048
v 0.549291 1.193860 0.207639
v 0.518092 1.179613 0.171809
v 0.474355 1.134672 0.219217
v 0.671928 1.094592 0.236040
v 0.686756 1.149348 0.186259
v 0.677016 1.115271 0.155061
v 0.660194 1.057509 0.204705
v 0.788387 1.078899 0.227743
v 0.776851 1.150684 0.179573
v 0.790513 1.104589 0.145783
v 0.590078 0.085057 0.246499
v 0.731836 0.913972 0.190196
v 0.838847 0.918256 0.187287
v 0.601079 0.164851 0.235595
v 0.630539 0.187673 0.237541
v 0.659291 0.218394 0.212721
v 0.629831 0.195572 0.210775
v 0.067597 1.183676 0.638358
v 0.035519 1.194745 0.659709
v 0.051425 1.231449 0.686340
v 0.083066 1.218947 0.668439
v 0.108973 1.089551 0.643126
v 0.105262 1.087882 0.644996
v 0.106581 1.092271 0.648689
v 0.110293 1.093939 0.646819
v 0.128646 1.304651 0.473596
v 0.446316 0.899437 0.473423
v 0.056255 1.632636 0.303337
v 0.147608 1.582582 0.299061
v 0.181841 1.478580 0.309586
v 0.170389 1.384190 0.379426
v 0.063387 1.239411 0.533247
v 0.095165 1.260736 0.511916
v 0.063414 1.248121 0.495279
v 0.031813 1.228575 0.515894
v 0.354662 0.961445 0.503787
v 0.370041 0.979598 0.477848
v 0.351853 0.967098 0.458040
v 0.336333 0.945274 0.484541
v 0.415820 0.908698 0.500154
v 0.414191 0.939779 0.469413
v 0.409180 0.911425 0.447039
v 0.223153 0.029733 0.630709
v 0.266249 0.122021 0.599077
v 0.271988 0.120774 0.604057
v 0.276201 0.118702 0.600547
v 0.270462 0.119949 0.595566
v 1.150717 1.735386 -0.739131
v 0.987710 1.451972 -0.735519
v 1.047624 1.444229 -0.666407
v 1.117695 1.450174 -0.737382
v 1.061190 1.460663 -0.807455
v 0.976883 1.086816 -0.744323
v 1.020805 1.089452 -0.693921
v 1.070846 1.089338 -0.747930
v 1.026924 1.086702 -0.798332
v 0.939483 0.715243 -0.739191
v 0.976693 0.718424 -0.705384
v 1.014463 0.718050 -0.746095
v 0.977253 0.714869 -0.779902
v 0.849315 0.287923 -0.680430
v 0.868613 0.289753 -0.664081
v 0.888078 0.289538 -0.684663
v 0.868781 0.287708 -0.701012
v 1.018646 1.255025 -0.042887
v 0.987135 1.006744 -0.030079
v 1.048645 1.011229 0.002152
v 1.111536 1.015905 -0.052611
v 1.052317 1.012962 -0.086010
v 1.086577 0.807057 -0.036608
v 1.144892 0.803036 -0.012113
v 1.206851 0.800242 -0.058133
v 1.148535 0.804263 -0.082628
v 1.068154 0.605000 -0.027819
v 1.112777 0.598426 -0.012016
v 1.160237 0.592893 -0.042517
v 1.115615 0.599467 -0.058320
v 0.975601 0.246399 0.017965
v 0.993759 0.242620 0.024103
v 1.013073 0.239427 0.012449
v 0.994915 0.243206 0.006311
v 0.576643 1.732496 -0.562029
v 0.583244 1.626468 -0.674391
v 0.577049 1.761707 -0.623617
v 0.581568 1.688814 -0.690507
v 0.579643 1.668541 -0.542832
vn -0.2703 -0.9290 -0.2527
vn -0.1296 -0.9566 -0.2612
vn -0.1351 -0.9906 -0.0228
vn -0.2726 -0.9617 -0.0292
vn -0.0000 -0.9798 -0.2002
vn -0.0708 -0.9972 -0.0225
vn -0.0748 -0.9680 0.2396
vn -0.1337 -0.9618 0.2387
vn -0.2482 -0.9422 0.2253
vn 0.6549 0.0455 -0.7544
vn 0.9989 0.0431 -0.0170
vn 0.9959 0.0890 -0.0152
vn 0.6656 0.0451 -0.7450
vn 0.6586 0.0031 0.7525
vn 0.6749 0.0505 0.7362
vn 0.6647 0.1235 0.7369
vn 0.9865 0.1636 -0.0070
vn 0.6647 0.0643 -0.7443
vn -0.0136 -0.0565 0.9983
vn -0.0117 -0.0389 0.9992
vn -0.6745 -0.1410 0.7247
vn -0.6897 -0.1400 0.7104
vn -0.6927 -0.1556 0.7043
vn -0.0134 -0.0093 0.9999
vn -0.9842 -0.1718 -0.0427
vn -0.9826 -0.1819 -0.0374
vn -0.6363 -0.0955 -0.7655
vn -0.6603 -0.1311 -0.7395
vn -0.6583 -0.1862 -0.7294
vn -0.9733 -0.2257 -0.0421
vn 0.0147 0.0009 -0.9999
vn -0.0044 -0.0380 -0.9993
vn -0.0120 -0.0749 -0.9971
vn -0.0401 0.0248 0.9989
vn 0.6210 0.2028 0.7571
vn -0.6902 -0.1759 0.7019
vn -0.7129 -0.2002 0.6721
vn -0.1460 0.0372 0.9886
vn 0.5108 0.2594 0.8196
vn 0.0164 -0.1058 -0.9943
vn -0.6200 -0.2447 -0.7454
vn 0.6660 0.0815 -0.7415
vn 0.6871 0.0755 -0.7227
vn 0.1085 -0.1314 -0.9854
vn -0.5356 -0.2928 -0.7921
vn -0.1286 0.9888 0.0758
vn -0.2603 0.9617 0.0859
vn -0.2593 0.8814 0.3949
vn -0.0000 0.9682 0.2502
vn -0.5332 0.8404 0.0969
vn -0.4826 0.7742 0.4096
vn -0.4087 0.6880 0.5997
vn -0.2394 0.7320 0.6379
vn -0.0000 0.8483 0.5296
vn 0.2349 -0.6598 0.7137
vn -0.0845 -0.0017 0.9964
vn -0.0777 0.0446 0.9960
vn 0.3974 -0.5255 0.7523
vn -0.4158 0.4678 0.7799
vn -0.4544 0.4986 0.7382
vn -0.1239 0.0024 0.9923
vn 0.4603 -0.4894 0.7406
vn -0.6414 0.7638 0.0726
vn -0.7452 0.6648 0.0525
vn -0.5667 0.4268 0.7048
vn -0.6384 0.7646 0.0886
vn -0.4024 0.5011 -0.7661
vn -0.3955 0.5603 -0.7277
vn 0.0892 0.0110 -0.9960
vn 0.1251 0.0422 -0.9913
vn -0.4585 0.5223 -0.7190
vn 0.0277 -0.0814 -0.9963
vn 0.2517 -0.5841 -0.7717
vn 0.4465 -0.4796 -0.7554
vn 0.7510 -0.6590 -0.0403
vn 0.6215 -0.7788 -0.0849
vn 0.5741 -0.4071 -0.7104
vn 0.3317 -0.9266 -0.1774
vn -0.6273 0.4131 0.6601
vn -0.1919 0.0433 0.9805
vn -0.5334 0.5208 0.6666
vn -0.5048 0.8297 0.2382
vn 0.0526 0.9862 0.1568
vn -0.1809 0.5604 0.8082
vn -0.6755 0.6727 -0.3018
vn -0.1131 0.6920 -0.7130
vn 0.2129 0.7285 -0.6511
vn 0.0664 0.9878 0.1407
vn -0.1445 0.5889 0.7952
vn -0.0000 0.9742 0.2259
vn -0.2937 0.9011 0.3189
vn -0.3227 0.8783 0.3529
vn -0.0000 0.9510 0.3093
vn -0.6179 0.7824 0.0780
vn -0.6716 0.7327 0.1097
vn -0.5671 0.7207 0.3987
vn -0.2418 0.8131 0.5295
vn -0.0000 0.8741 0.4857
vn 0.4343 -0.3391 0.8345
vn -0.7767 0.6295 0.0220
vn 0.1690 0.0371 -0.9849
vn -0.4576 0.4991 -0.7359
vn 0.8523 -0.5211 0.0445
vn 0.6392 -0.3346 -0.6924
vn -0.4706 0.4681 0.7479
vn -0.3096 0.5296 0.7897
vn -0.1063 -0.0475 0.9932
vn -0.2470 -0.1159 0.9620
vn 0.5323 -0.1934 -0.8242
vn 0.9720 -0.1897 0.1389
vn 0.9851 -0.1122 0.1302
vn 0.7239 -0.1754 -0.6672
vn 0.2359 0.0402 0.9709
vn 0.5240 0.0371 0.8509
vn 0.5075 0.1492 0.8486
vn 0.9800 0.0907 0.1769
vn 0.7129 -0.0507 -0.6994
vn -0.0580 0.0930 0.9940
vn -0.0369 0.1015 0.9942
vn -0.7315 0.1067 0.6735
vn -0.7310 0.0667 0.6791
vn -0.7200 -0.0303 0.6933
vn -0.0447 0.1048 0.9935
vn -0.9853 0.0079 -0.1706
vn -0.9806 -0.0477 -0.1899
vn -0.5689 -0.1020 -0.8161
vn -0.5449 -0.1356 -0.8274
vn -0.5166 -0.1997 -0.8326
vn -0.9648 -0.1887 -0.1831
vn 0.1353 -0.1708 -0.9760
vn 0.1170 -0.1685 -0.9787
vn 0.0758 -0.1484 -0.9860
vn 0.9532 0.2577 0.1581
vn 0.6770 0.0486 -0.7343
vn 0.4936 0.2452 0.8344
vn 0.5091 0.3464 0.7879
vn 0.9255 0.3603 0.1169
vn 0.6571 0.0749 -0.7501
vn -0.0329 0.1192 0.9923
vn -0.6742 -0.1256 0.7278
vn -0.6546 -0.1508 0.7408
vn -0.0124 0.1791 0.9838
vn -0.9248 -0.3470 -0.1560
vn -0.4806 -0.3022 -0.8232
vn -0.4871 -0.3979 -0.7774
vn -0.8925 -0.4362 -0.1149
vn 0.0542 -0.1610 -0.9855
vn 0.0277 -0.2202 -0.9751
vn -0.7741 0.2792 -0.5682
vn -0.2117 0.0753 -0.9744
vn -0.2138 0.1737 -0.9613
vn -0.7615 0.3720 -0.5308
vn 0.4758 -0.6630 -0.5780
vn 0.5155 -0.2200 -0.8282
vn 0.4226 -0.1566 -0.8927
vn -0.3511 0.0147 -0.9362
vn -0.8983 0.1767 -0.4024
vn 0.4694 -0.7146 0.5186
vn 0.8163 -0.5500 0.1765
vn 0.2458 -0.5668 0.7863
vn 0.5326 -0.4709 0.7033
vn 0.8183 -0.2225 0.5300
vn 0.9579 -0.2521 -0.1375
vn -0.0560 -0.4091 0.9108
vn 0.0517 -0.3094 0.9495
vn -0.4272 -0.2395 0.8718
vn -0.4896 -0.0327 0.8714
vn -0.4470 0.0611 0.8924
vn 0.2132 -0.1183 0.9698
vn -0.8976 0.0502 0.4380
vn -0.9029 0.3002 0.3076
vn -0.8881 0.2165 0.4056
vn -0.7853 0.6119 0.0946
vn -0.6791 0.5771 0.4536
vn -0.9551 0.2821 0.0906
vn -0.8225 0.2797 0.4952
vn -0.5940 0.2332 0.7700
vn -0.4966 0.5160 0.6980
vn -0.9685 -0.1997 0.1487
vn -0.8500 -0.1113 0.5149
vn -0.8560 -0.0626 0.5131
vn -0.9936 -0.0474 0.1024
vn -0.6527 -0.2173 0.7258
vn -0.6477 -0.0791 0.7578
vn -0.9133 -0.3304 0.2380
vn -0.7460 -0.0414 0.6646
vn -0.7951 0.0344 0.6055
vn -0.9548 -0.2224 0.1975
vn -0.5682 0.1174 0.8145
vn -0.6031 0.1263 0.7876
vn -0.6454 0.1483 0.7493
vn -0.1556 -0.9362 0.3152
vn -0.5049 -0.3578 0.7855
vn 0.1258 -0.7984 0.5888
vn -0.7281 0.2864 0.6227
vn 0.2445 -0.8001 0.5478
vn -0.5497 0.8145 0.1855
vn -0.3825 0.8762 0.2932
vn -0.8215 0.5587 0.1137
vn -0.7487 -0.0875 -0.6572
vn -0.3237 0.5737 -0.7524
vn 0.1467 -0.2218 -0.9640
vn 0.1290 -0.0204 -0.9914
vn -0.2266 0.7603 -0.6087
vn -0.0097 -0.5951 -0.8036
vn 0.1413 -0.8670 -0.4779
vn 0.3225 -0.6172 -0.7177
vn 0.3798 -0.8623 -0.3351
vn 0.3587 -0.9150 -0.1846
vn 0.3070 -0.5377 -0.7852
vn 0.1498 -0.9862 -0.0700
vn -0.2411 0.6117 0.7535
vn -0.1242 0.1025 0.9870
vn 0.3602 -0.0902 0.9285
vn -0.0953 -0.0214 0.9952
vn -0.0426 -0.0615 0.9972
vn 0.5943 -0.0737 0.8009
vn -0.6434 -0.0109 0.7655
vn -0.6650 -0.1106 0.7386
vn -0.6252 -0.0406 -0.7794
vn -0.0076 -0.0454 -0.9989
vn 0.0159 0.0050 -0.9999
vn -0.6232 -0.0596 -0.7798
vn 0.3938 -0.0850 -0.9152
vn 0.6063 -0.0096 -0.7952
vn 0.9712 0.2384 0.0054
vn 0.9564 0.2891 0.0412
vn -0.9564 -0.2857 -0.0604
vn -0.9343 -0.3412 -0.1038
vn -0.1709 -0.8256 -0.5378
vn 0.1078 -0.9930 -0.0476
vn 0.2961 -0.9507 -0.0919
vn 0.3016 -0.6786 -0.6697
vn -0.4097 -0.5360 0.7382
vn 0.1145 -0.7822 0.6124
vn 0.1903 -0.7663 0.6136
vn 0.3266 -0.9414 -0.0840
vn 0.2870 -0.6402 -0.7125
vn -0.1802 -0.0479 0.9825
vn -0.1602 -0.0128 0.9870
vn -0.3396 0.5392 0.7707
vn -0.3123 0.5989 0.7374
vn -0.2921 0.6447 0.7064
vn -0.0969 -0.0706 0.9928
vn -0.4469 0.8739 0.1913
vn -0.3769 0.9114 0.1650
vn -0.7865 0.4912 -0.3742
vn -0.2236 0.7037 -0.6744
vn -0.1516 0.7163 -0.6812
vn -0.3149 0.9447 0.0915
vn -0.5153 -0.0787 -0.8534
vn 0.1183 -0.0531 -0.9916
vn 0.1214 -0.0173 -0.9924
vn -0.1935 0.6756 0.7114
vn -0.1034 0.0378 0.9939
vn 0.2405 -0.9680 -0.0710
vn 0.2298 -0.6756 -0.7006
vn -0.0176 0.6972 -0.7166
vn -0.1665 0.9835 0.0702
vn 0.0900 -0.6978 0.7106
vn 0.1400 -0.0745 -0.9873
vn 0.1859 -0.7447 0.6409
vn 0.3606 -0.9319 -0.0386
vn -0.0000 0.9805 -0.1967
vn -0.1857 0.9748 -0.1240
vn -0.2158 0.9709 -0.1039
vn -0.0000 0.9798 -0.1999
vn -0.4828 0.8663 -0.1284
vn -0.5127 0.8520 -0.1060
vn -0.0000 0.3797 0.9251
vn -0.3451 0.0752 0.9356
vn -0.4602 0.1046 0.8817
vn -0.3917 0.1015 0.9145
vn -0.3122 -0.0111 0.9500
vn -0.4694 -0.0029 0.8830
vn -0.2662 0.5236 0.8093
vn -0.0000 0.6673 0.7448
vn -0.3330 0.2549 0.9078
vn -0.0000 0.4677 0.8839
vn -0.8948 -0.3519 -0.2748
vn -0.7353 -0.6205 -0.2726
vn -0.7183 -0.6497 -0.2489
vn -0.8835 -0.3987 -0.2457
vn -0.4798 -0.8353 -0.2684
vn -0.4710 -0.8481 -0.2424
vn -0.4691 -0.8769 -0.1047
vn -0.7020 -0.6990 -0.1362
vn -0.8847 -0.4377 -0.1603
vn -0.2162 -0.9375 -0.2726
vn -0.2183 -0.9460 -0.2395
vn -0.0000 -0.9244 -0.3814
vn -0.1107 -0.9633 -0.2447
vn -0.1227 -0.9879 -0.0949
vn -0.2340 -0.9679 -0.0916
vn -0.8599 0.4561 -0.2295
vn -0.8900 0.4329 -0.1431
vn -0.9023 0.1678 -0.3971
vn -0.9446 0.1617 -0.2856
vn -0.9633 0.2539 0.0865
vn -0.8376 0.4949 0.2314
vn -0.9216 -0.0596 -0.3835
vn -0.9538 -0.0792 -0.2899
vn -0.9469 0.0003 -0.3214
vn -0.9019 0.0067 -0.4318
vn -0.9951 -0.0498 -0.0849
vn -0.9974 0.0710 -0.0148
vn -0.7184 0.0896 -0.6898
vn -0.1011 0.0033 -0.9949
vn -0.7405 -0.5380 -0.4028
vn -0.1404 -0.6172 -0.7742
vn 0.1369 -0.5367 -0.8326
vn 0.2262 0.1256 -0.9660
vn -0.6650 -0.7324 0.1462
vn -0.0963 -0.9887 -0.1148
vn -0.7562 -0.2386 0.6093
vn -0.3001 -0.6596 0.6891
vn -0.2759 -0.7205 0.6362
vn -0.0752 -0.9804 -0.1821
vn -0.5709 0.1473 0.8077
vn -0.2914 -0.0133 0.9565
vn -0.2819 -0.0274 0.9591
vn -0.5028 -0.5983 -0.6238
vn -0.5642 -0.4658 -0.6817
vn -0.4012 -0.4727 -0.7846
vn -0.3361 -0.6388 -0.6921
vn -0.6025 -0.3608 -0.7119
vn -0.4605 -0.3620 -0.8105
vn -0.2589 -0.3945 -0.8817
vn -0.2034 -0.5133 -0.8337
vn -0.1625 -0.6632 -0.7306
vn -0.0720 -0.5387 -0.8394
vn -0.0590 -0.6681 -0.7417
vn -0.0964 -0.4232 -0.9009
vn -0.0000 -0.4688 -0.8833
vn -0.0290 -0.5466 -0.8369
vn -0.0242 -0.6682 -0.7436
vn -0.6266 -0.2726 -0.7301
vn -0.4984 -0.2547 -0.8287
vn -0.4913 -0.2949 -0.8196
vn -0.6182 -0.3033 -0.7251
vn -0.3068 -0.2392 -0.9212
vn -0.2951 -0.3006 -0.9069
vn -0.1243 -0.2362 -0.9637
vn -0.1160 -0.3128 -0.9427
vn -0.0000 -0.2876 -0.9577
vn -0.0485 -0.3197 -0.9463
vn -0.7061 0.0139 -0.7080
vn -0.7194 0.1884 -0.6686
vn -0.5956 0.2072 -0.7761
vn -0.5663 0.0320 -0.8236
vn -0.7147 0.3000 -0.6319
vn -0.6034 0.3257 -0.7279
vn -0.3870 0.3776 -0.8412
vn -0.3777 0.2278 -0.8975
vn -0.3520 0.0421 -0.9350
vn -0.1502 0.2387 -0.9594
vn -0.1413 0.0430 -0.9890
vn -0.1540 0.4068 -0.9004
vn -0.0000 0.3559 -0.9345
vn -0.0595 0.2396 -0.9690
vn -0.0574 0.0410 -0.9975
vn -0.7070 0.4002 -0.5831
vn -0.5976 0.4413 -0.6695
vn -0.6911 0.5006 -0.5214
vn -0.5936 0.5755 -0.5625
vn -0.3942 0.6746 -0.6242
vn -0.3876 0.5256 -0.7573
vn -0.1582 0.5689 -0.8070
vn -0.1682 0.7290 -0.6635
vn -0.0000 0.6903 -0.7235
vn -0.0636 0.5736 -0.8167
vn -0.5897 -0.6463 0.4843
vn -0.4014 -0.7355 0.5458
vn -0.5591 -0.5720 0.6001
vn -0.7256 -0.4784 0.4946
vn -0.2981 -0.7904 0.5351
vn -0.4760 -0.6386 0.6046
vn -0.6475 -0.3893 0.6551
vn -0.7062 -0.3301 0.6264
vn -0.8181 -0.2895 0.4969
vn -0.3956 -0.1342 0.9086
vn -0.0746 -0.1729 0.9821
vn -0.2219 0.0016 0.9751
vn -0.5113 0.0400 0.8585
vn -0.0000 -0.2961 0.9552
vn -0.1544 -0.0580 0.9863
vn -0.7626 -0.0639 0.6437
vn -0.8517 -0.0935 0.5157
vn -0.7253 -0.0733 0.6845
vn -0.7274 0.1110 0.6772
vn -0.7584 0.0964 0.6446
vn -0.8437 0.0430 0.5350
vn -0.7848 0.2292 0.5759
vn -0.7170 0.3055 0.6265
vn -0.6670 0.4045 0.6257
vn -0.7322 0.3217 0.6004
vn -0.6917 0.3471 0.6333
vn -0.6243 0.4635 0.6288
vn -0.4762 0.5024 0.7217
vn -0.6100 0.4248 0.6689
vn -0.6916 0.3640 0.6239
vn -0.5732 0.4176 0.7050
vn -0.6776 0.3850 0.6266
vn -0.4039 0.5176 0.7543
vn -0.3665 0.5994 0.7117
vn -0.5603 0.5042 0.6572
vn -0.6668 0.4373 0.6035
vn -0.2233 0.6157 0.7557
vn -0.1886 0.6288 0.7544
vn -0.0000 0.5768 0.8169
vn -0.0931 0.6644 0.7415
vn -0.0619 0.6961 0.7153
vn -0.1529 0.6742 0.7226
vn -0.3339 -0.7668 -0.5482
vn -0.5227 -0.6784 -0.5163
vn -0.1698 -0.7855 -0.5951
vn -0.2066 -0.8377 -0.5055
vn -0.3731 -0.8050 -0.4613
vn -0.5487 -0.7240 -0.4180
vn -0.0688 -0.7806 -0.6212
vn -0.0310 -0.7762 -0.6297
vn -0.0446 -0.8389 -0.5425
vn -0.0917 -0.8412 -0.5329
vn -0.4177 -0.8258 -0.3790
vn -0.5960 -0.7348 -0.3238
vn -0.2437 -0.8761 -0.4160
vn -0.4564 -0.8578 -0.2363
vn -0.6518 -0.7321 -0.1979
vn -0.1136 -0.8928 -0.4358
vn -0.0570 -0.8947 -0.4430
vn -0.4654 -0.8840 -0.0448
vn -0.6889 -0.7234 -0.0456
vn -0.4306 -0.8839 0.1824
vn -0.6895 -0.7116 0.1351
vn -0.3756 -0.8363 0.3993
vn -0.6485 -0.6862 0.3295
vn -0.2384 -0.8679 0.4358
vn -0.1472 -0.8912 0.4291
vn -0.0865 -0.9018 0.4234
vn -0.0000 -0.8275 0.5615
vn -0.1654 -0.8572 0.4876
vn -0.1794 0.8646 -0.4694
vn -0.0000 0.8401 -0.5425
vn -0.4080 0.7979 -0.4436
vn -0.4170 0.8755 -0.2443
vn -0.1850 0.9490 -0.2553
vn -0.0000 0.9420 -0.3357
vn -0.6117 0.6821 -0.4007
vn -0.7291 0.5639 -0.3877
vn -0.7651 0.6112 -0.2025
vn -0.6314 0.7432 -0.2215
vn -0.1853 0.9811 -0.0559
vn -0.0000 0.9904 -0.1383
vn -0.4169 0.9072 -0.0561
vn -0.4123 0.9027 0.1231
vn -0.1839 0.9741 0.1315
vn -0.0000 0.9987 0.0507
vn -0.6397 0.7669 -0.0524
vn -0.7830 0.6208 -0.0389
vn -0.7818 0.6165 0.0936
vn -0.6372 0.7634 0.1060
vn -0.1790 0.9333 0.3114
vn -0.0000 0.9707 0.2402
vn -0.4044 0.8668 0.2917
vn -0.3872 0.8067 0.4465
vn -0.1641 0.8604 0.4824
vn -0.0000 0.9018 0.4322
vn -0.6267 0.7363 0.2554
vn -0.7639 0.6033 0.2292
vn -0.7387 0.5635 0.3699
vn -0.6091 0.6892 0.3924
vn -0.1466 0.7634 0.6290
vn -0.0000 0.8058 0.5922
vn -0.3656 0.7166 0.5939
vn -0.5818 0.6160 0.5311
vn -0.7074 0.4997 0.4998
vn -0.7858 0.4412 -0.4335
vn -0.8179 0.3085 -0.4857
vn -0.9140 0.3268 -0.2403
vn -0.8487 0.4860 -0.2087
vn -0.8397 0.1666 -0.5169
vn -0.8383 -0.0033 -0.5452
vn -0.9544 -0.0119 -0.2984
vn -0.9505 0.1478 -0.2732
vn -0.7534 -0.2668 -0.6011
vn -0.7981 -0.1743 -0.5768
vn -0.6603 -0.1776 -0.7297
vn -0.8975 -0.2222 -0.3808
vn -0.9327 -0.1355 -0.3343
vn -0.6360 -0.5452 -0.5462
vn -0.6841 -0.4256 -0.5924
vn -0.6688 -0.6225 -0.4064
vn -0.7593 -0.5003 -0.4162
vn -0.8604 0.5081 -0.0402
vn -0.9342 0.3467 -0.0842
vn -0.8346 0.5475 0.0610
vn -0.9833 0.1331 -0.1245
vn -0.9904 -0.0386 -0.1324
vn -0.9846 -0.1183 -0.1289
vn -0.9743 -0.1641 -0.1542
vn -0.9894 -0.1439 0.0177
vn -0.9808 -0.1944 0.0148
vn -0.7194 -0.6409 -0.2677
vn -0.8187 -0.5265 -0.2294
vn -0.7790 -0.6123 -0.1349
vn -0.8604 -0.5045 -0.0725
vn -0.7808 0.5799 0.2324
vn -0.7287 0.5243 0.4405
vn -0.9478 -0.2390 0.2110
vn -0.9737 -0.1532 0.1688
vn -0.9498 -0.1171 0.2900
vn -0.9218 -0.1267 0.3664
vn -0.8292 -0.5589 -0.0028
vn -0.8915 -0.4484 0.0643
vn -0.8547 -0.5006 0.1375
vn -0.9097 -0.3710 0.1866
vn -0.7131 0.4304 0.5534
vn -0.7077 0.3522 0.6125
vn -0.7672 0.2287 0.5992
vn -0.8417 0.1012 0.5304
vn -0.8909 0.0172 0.4539
vn -0.9175 -0.0363 0.3962
vn -0.8226 0.1271 0.5543
vn -0.8362 -0.4594 0.2996
vn -0.8961 -0.3066 0.3209
vn 0.2686 0.1729 -0.9476
vn 0.2535 0.6924 -0.6755
vn 0.2755 -0.4220 -0.8637
vn 0.3401 -0.3904 -0.8555
vn 0.2588 0.1718 -0.9505
vn 0.2649 0.5879 -0.7643
vn 0.0873 -0.6897 0.7188
vn 0.3704 -0.9085 -0.1933
vn 0.1914 -0.9664 -0.1716
vn -0.1120 -0.6831 0.7217
vn -0.2278 0.0056 0.9737
vn -0.1420 0.5870 0.7971
vn -0.1302 0.6577 0.7419
vn -0.2086 0.0683 0.9756
vn 0.0909 0.9898 0.1093
vn 0.1463 0.9861 -0.0789
vn 0.3553 0.5460 -0.7587
vn 0.3191 0.1630 -0.9336
vn 0.0472 0.1665 -0.9849
vn 0.1568 0.5250 -0.8365
vn 0.5286 0.0016 -0.8489
vn 0.0387 0.0068 -0.9992
vn -0.7551 -0.0660 -0.6523
vn -0.7405 0.2189 -0.6354
vn -0.4539 0.6211 -0.6389
vn 0.7184 0.0329 -0.6949
vn 0.9843 0.1743 0.0262
vn 0.2738 -0.9452 0.1781
vn 0.0762 -0.3208 -0.9441
vn 0.6133 0.2818 0.7379
vn -0.0564 0.0323 0.9979
vn -0.7144 -0.1662 0.6797
vn -0.8924 -0.4510 0.0151
vn -0.6260 -0.4108 -0.6629
vn 0.3500 -0.0649 0.9345
vn -0.0935 0.1424 0.9854
vn -0.2234 0.1511 0.9629
vn -0.1211 -0.0316 0.9921
vn 0.0339 0.5543 0.8316
vn -0.0793 0.6657 0.7420
vn -0.5176 0.5426 0.6616
vn -0.6944 0.1576 0.7021
vn -0.6942 -0.0693 0.7164
vn 0.3607 0.9313 0.0513
vn 0.0701 0.9936 -0.0885
vn -0.5929 0.8051 0.0189
vn -0.4650 -0.8670 0.1790
vn -0.4444 -0.8958 -0.0055
vn -0.6287 -0.7764 -0.0430
vn -0.4827 -0.8722 0.0789
vn -0.8108 -0.5284 -0.2516
vn -0.2569 -0.9604 0.1074
vn -0.1400 -0.9848 0.1028
vn -0.1474 -0.9622 0.2291
vn -0.2655 -0.9367 0.2283
vn -0.4251 0.7015 0.5719
vn -0.1829 0.7772 0.6021
vn -0.4168 0.7256 0.5476
vn -0.1867 0.8055 0.5624
vn -0.0000 0.7740 0.6332
vn -0.0835 0.7846 0.6144
vn -0.6806 0.5516 0.4822
vn -0.8608 0.3748 0.3442
vn -0.8370 0.4253 0.3445
vn -0.6586 0.5841 0.4744
vn -0.9933 0.1078 -0.0409
vn -0.9579 0.2280 0.1747
vn -0.9396 0.3170 0.1290
vn -0.4207 -0.8737 0.2442
vn -0.5008 -0.8067 0.3138
vn -0.3860 -0.8756 0.2903
vn -0.4787 -0.8146 0.3275
vn -0.0000 -0.9880 0.1544
vn -0.2591 -0.9231 0.2841
vn 0.0002 -0.9689 0.2475
vn -0.2285 -0.9286 0.2923
vn -0.0000 0.9999 0.0118
vn -0.2600 0.9534 0.1533
vn -0.2877 0.9574 0.0237
vn -0.0000 0.9914 -0.1308
vn -0.5191 0.8445 0.1317
vn -0.5614 0.8275 -0.0013
vn -0.5711 0.8122 -0.1189
vn -0.3028 0.9480 -0.0983
vn -0.0000 0.9660 -0.2585
vn -0.8937 0.4464 0.0437
vn -0.9193 0.3895 -0.0570
vn -0.7934 0.6074 -0.0392
vn -0.7530 0.6523 0.0866
vn -0.9284 0.3546 -0.1113
vn -0.7995 0.5851 -0.1358
vn -0.9027 0.4289 -0.0336
vn -0.9158 0.3938 0.0790
vn -0.9360 0.3517 -0.0168
vn -0.9265 0.3763 0.0015
vn -0.9630 0.0636 0.2618
vn -0.9562 0.2896 0.0421
vn -0.4160 -0.9087 -0.0335
vn -0.6817 -0.6912 0.2398
vn -0.5440 -0.8126 -0.2092
vn -0.7378 -0.6749 0.0131
vn -0.9205 -0.2548 0.2962
vn -0.8686 -0.1118 0.4827
vn -0.0000 -0.9991 -0.0417
vn -0.1734 -0.9505 -0.2580
vn -0.2415 -0.9536 -0.1798
vn -0.1370 -0.9889 -0.0572
vn -0.1742 -0.8937 -0.4134
vn -0.2875 -0.8962 -0.3378
vn -0.0786 0.9566 0.2806
vn -0.1765 0.9498 0.2583
vn -0.1500 0.9291 0.3380
vn -0.0000 0.9549 0.2971
vn -0.4203 0.8793 0.2238
vn -0.4141 0.8454 0.3372
vn -0.4091 0.7607 0.5040
vn -0.1373 0.8674 0.4783
vn -0.0000 0.8976 0.4408
vn -0.8645 0.4527 0.2184
vn -0.8437 0.3990 0.3592
vn -0.6879 0.6368 0.3482
vn -0.6870 0.6950 0.2122
vn -0.7889 0.3290 0.5190
vn -0.6627 0.5386 0.5203
vn -0.9579 0.1211 0.2602
vn -0.8895 0.1766 0.4215
vn -0.8949 0.2332 0.3806
vn -0.9401 0.2490 0.2331
vn -0.7959 0.2648 0.5445
vn -0.8182 0.2259 0.5287
vn -0.8657 -0.4807 -0.1394
vn -0.7656 -0.6107 -0.2020
vn -0.7929 -0.5907 -0.1493
vn -0.8672 -0.4870 -0.1040
vn -0.6120 -0.7307 -0.3025
vn -0.6556 -0.7066 -0.2663
vn -0.8434 -0.5362 0.0336
vn -0.8668 -0.4405 0.2336
vn -0.3728 -0.8244 -0.4258
vn -0.3744 -0.8310 -0.4114
vn -0.0000 -0.7054 -0.7088
vn -0.2441 -0.8483 -0.4699
vn -0.0482 -0.9965 -0.0684
vn -0.4039 -0.7932 -0.4557
vn -0.7694 0.6185 -0.1595
vn -0.7879 0.6014 -0.1327
vn -0.9377 0.2979 -0.1788
vn -0.9531 0.2631 -0.1498
vn -0.9678 -0.2095 -0.1393
vn -0.9598 -0.2563 -0.1145
vn -0.9888 -0.0566 -0.1379
vn -0.9862 -0.0055 -0.1657
vn -0.7191 -0.1419 0.6803
vn -0.7114 -0.2364 0.6618
vn -0.9639 -0.2140 -0.1585
vn -0.5315 -0.4785 -0.6989
vn 0.0511 -0.9532 0.2981
vn -0.8551 -0.1655 0.4914
vn 0.3571 -0.2518 -0.8995
vn 0.8842 -0.2220 -0.4109
vn 0.9569 0.0913 0.2756
vn 0.3445 0.0479 0.9376
vn -0.3697 0.0828 0.9254
vn -0.3037 -0.9506 -0.0640
vn -0.1257 -0.9365 -0.3274
vn -0.3462 -0.8848 -0.3118
vn -0.6343 -0.7699 0.0708
vn -0.8028 -0.5775 -0.1482
vn -0.7691 -0.6358 0.0650
vn -0.0000 -0.9906 -0.1369
vn -0.0000 -0.9928 -0.1199
vn -0.0646 -0.9696 -0.2362
vn -0.1588 -0.9753 -0.1533
vn -0.0434 -0.9842 -0.1717
vn 0.0087 -0.9727 -0.2318
vn -0.5040 0.8609 0.0697
vn -0.2574 0.9596 0.1134
vn -0.2880 0.9576 -0.0116
vn -0.5463 0.8368 -0.0348
vn -0.0000 1.0000 -0.0038
vn -0.1592 0.9872 0.0061
vn -0.9256 0.3779 -0.0229
vn -0.7802 0.6238 -0.0456
vn -0.9081 0.4156 0.0508
vn -0.7442 0.6663 0.0467
vn -0.9614 -0.2325 0.1472
vn -0.8890 -0.4260 0.1681
vn -0.9990 -0.0430 -0.0103
vn -0.9901 0.0566 0.1285
vn -0.9774 0.0820 0.1948
vn -0.3957 0.0081 0.9183
vn -0.0000 0.3181 0.9480
vn -0.9512 -0.1835 -0.2483
vn -0.9429 -0.1367 -0.3038
vn -0.9715 -0.1921 -0.1388
vn -0.5210 -0.1573 -0.8389
vn -0.3210 -0.1410 -0.9365
vn -0.1304 -0.1381 -0.9818
vn -0.0544 -0.1399 -0.9887
vn -0.7180 0.2126 0.6627
vn -0.7443 0.1889 0.6406
vn -0.7221 -0.3259 -0.6102
vn -0.8436 -0.3436 -0.4126
vn -0.9200 -0.3378 -0.1986
vn -0.9480 -0.3171 -0.0251
vn -0.9497 -0.2884 0.1223
vn -0.9419 -0.2339 0.2411
vn -0.9200 -0.1596 0.3578
vn -0.9591 -0.1225 -0.2551
vn -0.8408 0.2219 0.4938
vn -0.9136 0.1972 0.3556
vn -0.8561 0.1808 0.4841
vn -0.9182 -0.3831 -0.1002
vn -0.9301 -0.3459 -0.1233
vn -0.8852 0.4508 0.1145
vn -0.9640 0.2335 0.1270
vn -0.9739 0.2117 0.0816
vn -0.9880 0.0699 0.1374
vn -0.9993 -0.0250 0.0270
vn -0.9789 0.1771 0.1021
vn -0.7124 0.2338 -0.6617
vn -0.5818 0.1782 0.7936
vn -0.4172 0.5437 0.7282
vn -0.4948 0.8340 0.2443
vn -0.4345 0.7145 -0.5484
vn -0.0586 -0.9915 -0.1160
vn -0.0317 -0.9967 -0.0750
vn -0.2172 0.9549 0.2023
vn -0.4569 0.8775 0.1459
vn -0.1112 0.9658 0.2342
vn -0.7083 0.6965 0.1153
vn -0.9880 0.1150 0.1031
vn -0.9709 0.2296 0.0678
vn -0.0499 0.7102 0.7023
vn -0.0691 0.0575 0.9959
vn 0.3637 -0.7176 -0.5939
vn 0.1519 0.6150 -0.7738
vn 0.0594 0.9982 -0.0031
vn 0.2115 -0.0919 -0.9730
vn 0.5918 0.0501 -0.8045
vn 0.9630 0.2436 0.1156
vn 0.3559 -0.9212 0.1575
vn 0.1774 -0.2096 -0.9616
vn 0.4153 0.2775 0.8663
vn -0.1389 0.0214 0.9901
vn -0.6009 -0.1533 0.7845
vn -0.8365 -0.5421 -0.0804
vn -0.3656 -0.3623 -0.8574
vn 0.2191 -0.2307 0.9480
vn 0.0238 0.0711 0.9972
vn -0.0670 0.0891 0.9938
vn -0.1272 -0.0440 0.9909
vn 0.2643 0.5742 0.7748
vn 0.0697 0.7139 0.6968
vn -0.4915 0.6064 0.6250
vn -0.6269 0.2473 0.7388
vn -0.6638 0.1960 0.7217
vn 0.4424 0.8964 0.0263
vn 0.1063 0.9941 0.0220
vn 0.3608 0.5823 -0.7285
vn 0.0762 0.7229 -0.6867
vn -0.5157 0.6536 -0.5540
vn -0.6490 0.7595 0.0446
vn 0.2181 -0.0045 -0.9759
vn 0.0520 0.0591 -0.9969
vn 0.4707 -0.3280 -0.8191
vn 0.0838 -0.1070 -0.9907
vn -0.5754 0.1932 -0.7947
vn -0.6030 0.2836 -0.7456
vn 0.2541 -0.5820 0.7725
vn -0.2490 0.9505 0.1857
vn 0.1564 -0.1037 -0.9822
vn -0.0934 0.6687 -0.7376
vn 0.5327 -0.8219 -0.2016
vn 0.3604 -0.4951 -0.7906
vn -0.2005 0.6171 0.7609
vn -0.1007 0.0989 0.9900
vn 0.3897 -0.5599 0.7312
vn -0.0373 0.6080 -0.7930
vn -0.1835 0.9723 0.1446
vn 0.4438 -0.4505 -0.7746
vn 0.1747 -0.1050 -0.9790
vn 0.6535 -0.7454 -0.1318
vn 0.0016 0.1631 0.9866
vn -0.1288 0.1638 0.9781
vn 0.0392 0.5850 0.8101
vn -0.0267 0.5939 0.8041
vn 0.1584 0.9666 0.2015
vn 0.0942 0.9784 0.1841
vn 0.1571 0.6304 -0.7602
vn 0.0377 0.6752 -0.7366
vn 0.1169 -0.0057 -0.9931
vn -0.0497 0.0304 -0.9983
vn 0.7072 -0.0477 -0.7054
vn 0.5934 -0.7517 0.2876
vn -0.3149 -0.9326 -0.1765
vn 0.0671 -0.3298 -0.9417
vn 0.1233 0.0689 0.9900
vn -0.6402 -0.2384 0.7303
vn -0.8116 -0.3021 0.5000
vn -0.7735 -0.5423 -0.3279
vn -0.3098 -0.3732 -0.8745
vn 0.9826 -0.1694 -0.0766
vn 0.9970 -0.0717 -0.0284
vn -0.9920 -0.1219 -0.0330
vn 0.9448 0.2998 0.1322
vn 0.7147 0.0583 -0.6970
vn 0.3310 0.2461 0.9110
vn -0.3258 -0.0013 0.9454
vn -0.7744 -0.2518 0.5804
vn -0.9012 -0.3984 -0.1705
vn -0.4157 -0.3411 -0.8431
vn 0.2361 -0.1472 -0.9605
vn -0.3480 -0.4631 -0.8151
vn 0.1241 -0.9919 -0.0253
vn -0.9527 -0.2341 -0.1939
vn 0.1366 -0.6557 0.7426
vn 0.2279 -0.7163 0.6596
vn 0.0992 -0.4826 0.8702
vn -0.0588 -0.3376 0.9394
vn -0.3594 -0.2824 0.8894
vn -0.7643 -0.2197 0.6062
vn -0.4819 -0.2056 -0.8517
vn -0.9636 -0.0776 -0.2558
vn 0.3471 -0.2212 -0.9114
vn 0.9699 -0.0582 -0.2365
vn 0.9432 0.0142 0.3320
vn 0.4277 0.0688 0.9013
vn -0.4016 0.0748 0.9127
vn -0.8585 0.0360 0.5116
vn -0.7129 -0.6888 -0.1319
vn -0.7741 -0.6317 -0.0406
vn -0.7061 -0.7081 -0.0045
vn -0.7534 -0.6538 -0.0702
vn -0.8795 -0.4757 0.0168
vn -0.9279 -0.3463 0.1383
vn -0.9792 0.1572 -0.1282
vn -0.6166 0.0523 -0.7855
vn -0.7239 0.2479 0.6438
vn -0.6441 0.5736 0.5061
vn -0.7668 0.6387 -0.0638
vn -0.5968 0.4622 -0.6559
vn -0.4602 0.8251 0.3278
vn -0.1483 0.9424 0.2998
vn -0.1412 0.8875 0.4387
vn -0.4262 0.7670 0.4796
vn -0.0000 0.9496 0.3133
vn -0.0329 0.9086 0.4164
vn -0.8347 0.3224 0.4465
vn -0.6936 0.5387 0.4782
vn -0.9210 0.3081 0.2383
vn -0.7594 0.5775 0.2995
vn -0.8887 0.2115 0.4068
vn -0.8840 0.1983 0.4234
vn -0.9846 -0.0029 0.1749
vn -0.9770 0.0921 0.1923
vn -0.9427 0.0720 0.3258
vn -0.9745 -0.1833 0.1291
vn -0.0965 -0.9936 0.0594
vn -0.3664 -0.7377 0.5671
vn -0.0000 -0.9973 0.0731
vn -0.3421 -0.9364 -0.0779
vn -0.7536 -0.3416 0.5617
vn -0.9973 -0.0707 -0.0223
vn -0.5952 -0.3747 -0.7109
vn -0.1823 -0.6462 -0.7411
vn -0.0540 -0.8502 -0.5236
vn -0.1505 -0.9500 -0.2736
vn -0.0333 -0.9650 -0.2603
vn -0.6022 0.4226 0.6773
vn -0.1492 0.0614 0.9869
vn 0.5618 -0.3036 0.7695
vn -0.3829 0.4706 -0.7950
vn -0.7592 0.6508 0.0023
vn 0.7656 -0.3528 -0.5379
vn 0.2641 -0.0343 -0.9639
vn 0.8993 -0.4370 -0.0153
vn -0.1084 0.2659 0.9579
vn -0.1756 0.2486 0.9525
vn -0.3476 0.6701 0.6559
vn -0.3691 0.6702 0.6439
vn -0.4379 0.8987 0.0260
vn -0.4542 0.8908 -0.0092
vn -0.2128 0.6418 -0.7367
vn -0.2754 0.5829 -0.7645
vn 0.1548 0.0715 -0.9854
vn 0.0166 0.0047 -0.9999
vn 0.6409 0.0357 -0.7668
vn 0.9316 0.3566 -0.0707
vn 0.4198 -0.8590 0.2930
vn 0.0750 -0.3886 -0.9183
vn 0.5370 0.4797 0.6939
vn -0.0383 0.2255 0.9735
vn -0.6616 -0.1464 0.7354
vn -0.8377 -0.5358 0.1060
vn -0.5178 -0.5310 -0.6708
vn 0.8975 0.4320 0.0885
vn 0.6463 0.0543 -0.7612
vn 0.5277 0.4342 0.7300
vn 0.0182 0.2688 0.9630
vn -0.6580 -0.1497 0.7379
vn -0.8697 -0.4898 -0.0612
vn -0.5063 -0.4797 -0.7166
vn -0.0018 -0.3143 -0.9493
vn -0.9743 0.1787 0.1369
vn -0.9878 -0.1116 0.1086
vn 0.9935 -0.0801 -0.0805
vn 0.9975 -0.0372 -0.0602
vn 0.6936 -0.0090 -0.7203
vn 0.7099 -0.0643 0.7014
vn 0.7395 -0.0130 0.6731
vn 0.9990 0.0317 -0.0319
vn 0.7108 0.0265 -0.7029
vn -0.0456 -0.0670 0.9967
vn -0.6882 -0.1066 0.7176
vn -0.7045 -0.1243 0.6988
vn -0.0239 -0.0805 0.9965
vn -0.9849 -0.1372 0.1058
vn -0.7566 -0.1068 -0.6451
vn -0.7654 -0.1010 -0.6355
vn -0.9858 -0.1313 0.1051
vn 0.0038 -0.0278 -0.9996
vn -0.0162 -0.0270 -0.9995
vn 0.9974 0.0711 -0.0109
vn 0.7202 0.0528 -0.6917
vn 0.7241 0.0129 0.6896
vn 0.6913 0.0590 0.7202
vn 0.9950 0.0995 0.0123
vn 0.7241 0.0512 -0.6878
vn -0.0481 -0.0798 0.9956
vn -0.7150 -0.1319 0.6866
vn -0.7251 -0.1169 0.6787
vn -0.0832 -0.0406 0.9957
vn -0.9863 -0.1400 0.0868
vn -0.7484 -0.1060 -0.6548
vn -0.7169 -0.1306 -0.6849
vn -0.9867 -0.1511 0.0595
vn 0.0005 -0.0220 -0.9998
vn 0.0229 -0.0448 -0.9987
vn 0.9890 0.1458 0.0257
vn 0.7236 0.0409 -0.6890
vn 0.6573 0.1347 0.7415
vn 0.6323 0.2183 0.7433
vn 0.9774 0.2098 0.0268
vn 0.7217 0.0380 -0.6911
vn -0.1155 0.0155 0.9932
vn -0.7319 -0.1113 0.6723
vn -0.7304 -0.1323 0.6701
vn -0.1329 0.0589 0.9894
vn -0.9798 -0.1956 0.0412
vn -0.6884 -0.1997 -0.6973
vn -0.6624 -0.2996 -0.6866
vn -0.9611 -0.2731 0.0405
vn 0.0351 -0.1012 -0.9942
vn 0.0424 -0.1711 -0.9843
vn 0.9664 0.2557 0.0254
vn 0.7183 0.0369 -0.6947
vn 0.6176 0.2688 0.7392
vn -0.1301 0.0848 0.9879
vn -0.7237 -0.1555 0.6724
vn -0.9391 -0.3399 0.0509
vn -0.6405 -0.3753 -0.6700
vn 0.0531 -0.2220 -0.9736
vn -0.9312 0.3645 0.0057
vn -0.9387 0.3440 -0.0241
vn 0.8502 -0.5263 -0.0118
vn 0.8546 -0.5178 -0.0409
vn 0.6051 -0.3665 -0.7067
vn 0.5016 -0.3594 0.7869
vn 0.4812 -0.2687 0.8344
vn 0.8970 -0.4392 -0.0507
vn 0.6036 -0.2804 -0.7463
vn -0.1490 -0.0120 0.9888
vn -0.6483 0.2461 0.7205
vn -0.6562 0.2451 0.7136
vn -0.1767 0.0200 0.9841
vn -0.9104 0.4114 -0.0449
vn -0.5028 0.2185 -0.8363
vn -0.4876 0.2078 -0.8480
vn -0.9264 0.3717 -0.0599
vn 0.1402 -0.1065 -0.9844
vn 0.1531 -0.0737 -0.9855
vn 0.9817 -0.1837 -0.0498
vn 0.6031 -0.1241 -0.7879
vn 0.4708 -0.0936 0.8773
vn 0.4806 0.0485 0.8756
vn 0.9969 0.0690 -0.0366
vn 0.6056 -0.0102 -0.7957
vn -0.1894 0.0015 0.9819
vn -0.6789 0.0676 0.7311
vn -0.6392 -0.1021 0.7622
vn -0.1659 -0.0233 0.9859
vn -0.9945 0.0792 -0.0684
vn -0.5064 0.0220 -0.8620
vn -0.4453 -0.1750 -0.8781
vn -0.9760 -0.2072 -0.0677
vn 0.1457 -0.0630 -0.9873
vn 0.1642 -0.0844 -0.9828
vn 0.9861 0.1621 -0.0368
vn 0.5815 0.0123 -0.8134
vn 0.4517 0.1265 0.8832
vn 0.4115 0.2049 0.8881
vn 0.9700 0.2407 -0.0337
vn 0.5560 0.0214 -0.8309
vn -0.1569 0.0012 0.9876
vn -0.6015 -0.1349 0.7874
vn -0.5755 -0.1302 0.8074
vn -0.1564 0.0463 0.9866
vn -0.9441 -0.3234 -0.0637
vn -0.3941 -0.2538 -0.8833
vn -0.3580 -0.2986 -0.8847
vn -0.9200 -0.3879 -0.0565
vn 0.1616 -0.1078 -0.9809
vn 0.1529 -0.1255 -0.9802
vn 0.9526 0.3035 -0.0189
vn 0.5628 0.0363 -0.8258
vn 0.4020 0.2588 0.8783
vn -0.1674 0.0760 0.9830
vn -0.5815 -0.1359 0.8021
vn -0.8991 -0.4360 -0.0383
vn -0.3523 -0.3349 -0.8739
vn 0.1597 -0.1365 -0.9777
vn 0.2703 -0.9290 -0.2527
vn 0.2726 -0.9617 -0.0292
vn 0.1351 -0.9906 -0.0228
vn 0.1296 -0.9566 -0.2612
vn 0.1337 -0.9618 0.2387
vn 0.2482 -0.9422 0.2253
vn -0.6549 0.0455 -0.7544
vn -0.6656 0.0451 -0.7450
vn -0.9959 0.0890 -0.0152
vn -0.9989 0.0431 -0.0170
vn -0.6749 0.0505 0.7362
vn -0.6586 0.0031 0.7525
vn -0.9865 0.1636 -0.0070
vn -0.6647 0.1235 0.7369
vn -0.6647 0.0643 -0.7443
vn 0.0117 -0.0389 0.9992
vn 0.0136 -0.0565 0.9983
vn 0.6897 -0.1400 0.7104
vn 0.6745 -0.1410 0.7247
vn 0.0134 -0.0093 0.9999
vn 0.6927 -0.1556 0.7043
vn 0.9826 -0.1819 -0.0374
vn 0.9842 -0.1718 -0.0427
vn 0.6603 -0.1311 -0.7395
vn 0.6363 -0.0955 -0.7655
vn 0.9733 -0.2257 -0.0421
vn 0.6583 -0.1862 -0.7294
vn 0.0044 -0.0380 -0.9993
vn -0.0147 0.0009 -0.9999
vn 0.0120 -0.0749 -0.9971
vn -0.6210 0.2028 0.7571
vn 0.0401 0.0248 0.9989
vn 0.6902 -0.1759 0.7019
vn 0.1460 0.0372 0.9886
vn 0.7129 -0.2002 0.6721
vn -0.5108 0.2594 0.8196
vn 0.6200 -0.2447 -0.7454
vn -0.0164 -0.1058 -0.9943
vn -0.6660 0.0815 -0.7415
vn -0.1085 -0.1314 -0.9854
vn -0.6871 0.0755 -0.7227
vn 0.5356 -0.2928 -0.7921
vn 0.2593 0.8814 0.3949
vn 0.2603 0.9617 0.0859
vn 0.4826 0.7742 0.4096
vn 0.5332 0.8404 0.0969
vn 0.2394 0.7320 0.6379
vn 0.4087 0.6880 0.5997
vn -0.2349 -0.6598 0.7137
vn -0.3974 -0.5255 0.7523
vn 0.0777 0.0446 0.9960
vn 0.0845 -0.0017 0.9964
vn 0.4544 0.4986 0.7382
vn 0.4158 0.4678 0.7799
vn -0.4603 -0.4894 0.7406
vn 0.1239 0.0024 0.9923
vn 0.6414 0.7638 0.0726
vn 0.5667 0.4268 0.7048
vn 0.7452 0.6648 0.0525
vn 0.6384 0.7646 0.0886
vn 0.3955 0.5603 -0.7277
vn 0.4024 0.5011 -0.7661
vn -0.0892 0.0110 -0.9960
vn 0.4585 0.5223 -0.7190
vn -0.1250 0.0422 -0.9913
vn -0.0277 -0.0814 -0.9963
vn -0.4465 -0.4796 -0.7554
vn -0.2517 -0.5841 -0.7717
vn -0.6215 -0.7788 -0.0849
vn -0.7510 -0.6590 -0.0403
vn -0.5741 -0.4071 -0.7104
vn -0.3317 -0.9266 -0.1774
vn 0.1919 0.0433 0.9805
vn 0.6273 0.4131 0.6601
vn 0.5334 0.5208 0.6666
vn 0.1809 0.5604 0.8082
vn -0.0526 0.9862 0.1567
vn 0.5048 0.8297 0.2382
vn 0.1131 0.6920 -0.7130
vn 0.6755 0.6727 -0.3018
vn -0.0664 0.9878 0.1407
vn -0.2129 0.7285 -0.6511
vn 0.1445 0.5889 0.7952
vn 0.3227 0.8783 0.3529
vn 0.2937 0.9011 0.3190
vn 0.6716 0.7327 0.1097
vn 0.6179 0.7824 0.0780
vn 0.2418 0.8131 0.5295
vn 0.5671 0.7207 0.3987
vn -0.4343 -0.3391 0.8345
vn 0.7767 0.6295 0.0220
vn 0.4576 0.4991 -0.7359
vn -0.1690 0.0371 -0.9849
vn -0.8523 -0.5211 0.0445
vn -0.6392 -0.3346 -0.6924
vn 0.4706 0.4681 0.7479
vn 0.2470 -0.1159 0.9620
vn 0.1063 -0.0475 0.9932
vn 0.3096 0.5296 0.7897
vn -0.5323 -0.1934 -0.8242
vn -0.7239 -0.1754 -0.6672
vn -0.9851 -0.1122 0.1302
vn -0.9720 -0.1897 0.1389
vn -0.5240 0.0371 0.8509
vn -0.2359 0.0402 0.9709
vn -0.9800 0.0907 0.1769
vn -0.5075 0.1492 0.8486
vn -0.7129 -0.0507 -0.6994
vn 0.0369 0.1015 0.9942
vn 0.0580 0.0930 0.9940
vn 0.7310 0.0667 0.6791
vn 0.7315 0.1067 0.6735
vn 0.0447 0.1048 0.9935
vn 0.7200 -0.0303 0.6933
vn 0.9806 -0.0477 -0.1899
vn 0.9853 0.0079 -0.1706
vn 0.5449 -0.1356 -0.8274
vn 0.5689 -0.1020 -0.8161
vn 0.9648 -0.1887 -0.1831
vn 0.5166 -0.1997 -0.8326
vn -0.1170 -0.1685 -0.9787
vn -0.1353 -0.1708 -0.9760
vn -0.0758 -0.1484 -0.9860
vn -0.6770 0.0486 -0.7343
vn -0.9532 0.2577 0.1581
vn -0.4936 0.2452 0.8344
vn -0.9255 0.3603 0.1169
vn -0.5091 0.3464 0.7879
vn -0.6571 0.0749 -0.7501
vn 0.0329 0.1192 0.9923
vn 0.6742 -0.1256 0.7278
vn 0.0124 0.1791 0.9838
vn 0.6546 -0.1508 0.7408
vn 0.9248 -0.3470 -0.1560
vn 0.4806 -0.3022 -0.8232
vn 0.8925 -0.4362 -0.1149
vn 0.4871 -0.3979 -0.7774
vn -0.0542 -0.1610 -0.9855
vn -0.0277 -0.2202 -0.9751
vn 0.7741 0.2792 -0.5682
vn 0.7615 0.3720 -0.5308
vn 0.2138 0.1737 -0.9613
vn 0.2117 0.0753 -0.9744
vn -0.5155 -0.2200 -0.8282
vn -0.4758 -0.6630 -0.5780
vn 0.3511 0.0147 -0.9362
vn -0.4226 -0.1566 -0.8927
vn 0.8982 0.1767 -0.4024
vn -0.8163 -0.5500 0.1765
vn -0.4694 -0.7146 0.5186
vn -0.5326 -0.4709 0.7033
vn -0.2458 -0.5668 0.7863
vn -0.9579 -0.2521 -0.1375
vn -0.8183 -0.2225 0.5300
vn -0.0517 -0.3094 0.9495
vn 0.0560 -0.4091 0.9108
vn 0.4896 -0.0327 0.8714
vn 0.4272 -0.2395 0.8718
vn -0.2132 -0.1183 0.9698
vn 0.4470 0.0611 0.8924
vn 0.9029 0.3002 0.3076
vn 0.8976 0.0502 0.4380
vn 0.8881 0.2165 0.4056
vn 0.6791 0.5771 0.4536
vn 0.7853 0.6119 0.0946
vn 0.8225 0.2797 0.4952
vn 0.9551 0.2821 0.0906
vn 0.4966 0.5160 0.6980
vn 0.5940 0.2332 0.7700
vn 0.9685 -0.1997 0.1487
vn 0.9936 -0.0474 0.1024
vn 0.8560 -0.0626 0.5131
vn 0.8500 -0.1113 0.5149
vn 0.6477 -0.0791 0.7578
vn 0.6527 -0.2173 0.7258
vn 0.9133 -0.3304 0.2380
vn 0.9548 -0.2224 0.1975
vn 0.7951 0.0344 0.6055
vn 0.7460 -0.0414 0.6646
vn 0.6031 0.1263 0.7876
vn 0.5682 0.1174 0.8145
vn 0.6454 0.1483 0.7493
vn 0.1556 -0.9362 0.3152
vn -0.1258 -0.7984 0.5888
vn 0.5049 -0.3578 0.7855
vn 0.7281 0.2864 0.6227
vn -0.2445 -0.8001 0.5478
vn 0.5497 0.8145 0.1855
vn 0.3825 0.8762 0.2932
vn 0.8215 0.5587 0.1137
vn 0.3237 0.5737 -0.7524
vn 0.7487 -0.0875 -0.6572
vn -0.1467 -0.2218 -0.9640
vn 0.2266 0.7603 -0.6087
vn -0.1290 -0.0204 -0.9914
vn 0.0097 -0.5951 -0.8036
vn -0.3225 -0.6172 -0.7177
vn -0.1413 -0.8670 -0.4779
vn -0.3587 -0.9150 -0.1845
vn -0.3798 -0.8623 -0.3351
vn -0.3070 -0.5377 -0.7852
vn -0.1498 -0.9862 -0.0700
vn 0.1242 0.1025 0.9870
vn 0.2411 0.6117 0.7535
vn -0.3602 -0.0902 0.9285
vn -0.5943 -0.0737 0.8009
vn 0.0426 -0.0615 0.9972
vn 0.0953 -0.0214 0.9952
vn 0.6650 -0.1106 0.7386
vn 0.6434 -0.0109 0.7655
vn 0.6252 -0.0406 -0.7794
vn 0.6232 -0.0596 -0.7798
vn -0.0159 0.0050 -0.9999
vn 0.0076 -0.0454 -0.9989
vn -0.6063 -0.0096 -0.7952
vn -0.3938 -0.0850 -0.9152
vn -0.9712 0.2384 0.0054
vn -0.9564 0.2891 0.0412
vn 0.9564 -0.2857 -0.0604
vn 0.9343 -0.3412 -0.1038
vn 0.1709 -0.8256 -0.5378
vn -0.3016 -0.6786 -0.6697
vn -0.2961 -0.9507 -0.0919
vn -0.1078 -0.9930 -0.0476
vn -0.1145 -0.7822 0.6124
vn 0.4097 -0.5360 0.7382
vn -0.3266 -0.9414 -0.0840
vn -0.1903 -0.7663 0.6136
vn -0.2870 -0.6402 -0.7125
vn 0.1602 -0.0128 0.9870
vn 0.1802 -0.0479 0.9825
vn 0.3123 0.5989 0.7374
vn 0.3396 0.5392 0.7707
vn 0.0968 -0.0707 0.9928
vn 0.2921 0.6447 0.7064
vn 0.3769 0.9114 0.1650
vn 0.4469 0.8739 0.1913
vn 0.2236 0.7037 -0.6744
vn 0.7865 0.4912 -0.3742
vn 0.3149 0.9447 0.0915
vn 0.1516 0.7163 -0.6812
vn -0.1183 -0.0531 -0.9916
vn 0.5153 -0.0787 -0.8534
vn -0.1214 -0.0173 -0.9924
vn 0.1034 0.0378 0.9939
vn 0.1935 0.6756 0.7114
vn -0.2298 -0.6756 -0.7006
vn -0.2405 -0.9680 -0.0710
vn 0.1666 0.9835 0.0703
vn 0.0176 0.6972 -0.7166
vn -0.0900 -0.6978 0.7106
vn -0.1400 -0.0745 -0.9873
vn -0.3606 -0.9319 -0.0386
vn -0.1859 -0.7447 0.6409
vn 0.2158 0.9709 -0.1039
vn 0.1857 0.9748 -0.1240
vn 0.5127 0.8520 -0.1060
vn 0.4828 0.8663 -0.1284
vn 0.3917 0.1015 0.9145
vn 0.4602 0.1046 0.8817
vn 0.4694 -0.0029 0.8830
vn 0.2662 0.5236 0.8093
vn 0.3330 0.2549 0.9078
vn 0.8948 -0.3519 -0.2748
vn 0.8835 -0.3987 -0.2457
vn 0.7183 -0.6497 -0.2489
vn 0.7353 -0.6205 -0.2726
vn 0.4710 -0.8481 -0.2424
vn 0.4798 -0.8353 -0.2684
vn 0.7020 -0.6990 -0.1362
vn 0.4691 -0.8769 -0.1047
vn 0.8847 -0.4377 -0.1603
vn 0.2183 -0.9460 -0.2395
vn 0.2162 -0.9375 -0.2726
vn 0.2340 -0.9679 -0.0916
vn 0.8900 0.4329 -0.1431
vn 0.8599 0.4561 -0.2295
vn 0.9446 0.1617 -0.2856
vn 0.9023 0.1678 -0.3971
vn 0.8376 0.4949 0.2314
vn 0.9633 0.2539 0.0865
vn 0.9216 -0.0596 -0.3835
vn 0.9019 0.0067 -0.4318
vn 0.9469 0.0003 -0.3214
vn 0.9538 -0.0792 -0.2899
vn 0.9974 0.0710 -0.0148
vn 0.9951 -0.0498 -0.0849
vn 0.1011 0.0033 -0.9949
vn 0.7184 0.0896 -0.6898
vn 0.1403 -0.6172 -0.7742
vn 0.7405 -0.5380 -0.4028
vn -0.2262 0.1256 -0.9660
vn -0.1369 -0.5367 -0.8326
vn 0.0963 -0.9887 -0.1148
vn 0.6650 -0.7324 0.1462
vn 0.3001 -0.6596 0.6891
vn 0.7562 -0.2386 0.6093
vn 0.0752 -0.9804 -0.1821
vn 0.2759 -0.7205 0.6362
vn 0.2914 -0.0133 0.9565
vn 0.5709 0.1473 0.8077
vn 0.2819 -0.0274 0.9591
vn 0.5028 -0.5983 -0.6238
vn 0.3361 -0.6388 -0.6921
vn 0.4012 -0.4727 -0.7846
vn 0.5642 -0.4658 -0.6817
vn 0.4605 -0.3620 -0.8105
vn 0.6025 -0.3608 -0.7119
vn 0.2034 -0.5133 -0.8337
vn 0.2589 -0.3945 -0.8817
vn 0.1625 -0.6632 -0.7306
vn 0.0590 -0.6681 -0.7417
vn 0.0720 -0.5387 -0.8394
vn 0.0964 -0.4232 -0.9009
vn 0.6266 -0.2726 -0.7301
vn 0.6182 -0.3033 -0.7251
vn 0.4913 -0.2949 -0.8196
vn 0.4984 -0.2547 -0.8287
vn 0.2951 -0.3006 -0.9069
vn 0.3068 -0.2392 -0.9212
vn 0.1160 -0.3128 -0.9427
vn 0.1243 -0.2362 -0.9637
vn 0.7061 0.0139 -0.7080
vn 0.5663 0.0320 -0.8236
vn 0.5956 0.2072 -0.7761
vn 0.7194 0.1884 -0.6686
vn 0.6034 0.3257 -0.7279
vn 0.7147 0.3000 -0.6319
vn 0.3777 0.2278 -0.8975
vn 0.3870 0.3776 -0.8412
vn 0.3520 0.0421 -0.9350
vn 0.1413 0.0430 -0.9890
vn 0.1502 0.2387 -0.9594
vn 0.1540 0.4068 -0.9004
vn 0.5976 0.4413 -0.6695
vn 0.7070 0.4002 -0.5831
vn 0.5936 0.5755 -0.5625
vn 0.6911 0.5006 -0.5214
vn 0.3876 0.5256 -0.7573
vn 0.3942 0.6746 -0.6242
vn 0.1582 0.5689 -0.8070
vn 0.1682 0.7290 -0.6635
vn 0.5897 -0.6463 0.4843
vn 0.7256 -0.4784 0.4946
vn 0.5591 -0.5720 0.6001
vn 0.4014 -0.7355 0.5458
vn 0.4760 -0.6386 0.6046
vn 0.2981 -0.7904 0.5351
vn 0.7062 -0.3301 0.6264
vn 0.6475 -0.3893 0.6551
vn 0.8181 -0.2895 0.4969
vn 0.3956 -0.1342 0.9086
vn 0.5113 0.0400 0.8585
vn 0.2219 0.0016 0.9751
vn 0.0746 -0.1729 0.9821
vn 0.8517 -0.0935 0.5157
vn 0.7626 -0.0639 0.6437
vn 0.7253 -0.0733 0.6845
vn 0.7584 0.0964 0.6446
vn 0.7274 0.1110 0.6772
vn 0.8437 0.0430 0.5350
vn 0.7848 0.2292 0.5759
vn 0.7322 0.3217 0.6004
vn 0.6670 0.4045 0.6257
vn 0.7170 0.3055 0.6265
vn 0.6243 0.4635 0.6288
vn 0.6917 0.3471 0.6333
vn 0.6100 0.4248 0.6689
vn 0.4762 0.5024 0.7217
vn 0.6916 0.3640 0.6239
vn 0.6776 0.3850 0.6266
vn 0.5732 0.4176 0.7050
vn 0.4039 0.5176 0.7543
vn 0.5603 0.5042 0.6572
vn 0.3665 0.5994 0.7117
vn 0.6668 0.4373 0.6035
vn 0.1886 0.6288 0.7544
vn 0.2233 0.6157 0.7557
vn 0.1529 0.6742 0.7226
vn 0.5227 -0.6784 -0.5163
vn 0.3339 -0.7668 -0.5482
vn 0.1698 -0.7855 -0.5951
vn 0.3731 -0.8050 -0.4613
vn 0.2066 -0.8377 -0.5055
vn 0.5487 -0.7240 -0.4180
vn 0.0688 -0.7806 -0.6212
vn 0.0917 -0.8412 -0.5329
vn 0.5960 -0.7348 -0.3238
vn 0.4177 -0.8258 -0.3790
vn 0.2437 -0.8761 -0.4160
vn 0.4564 -0.8578 -0.2363
vn 0.6518 -0.7321 -0.1979
vn 0.1136 -0.8928 -0.4358
vn 0.6889 -0.7234 -0.0456
vn 0.4654 -0.8840 -0.0448
vn 0.4306 -0.8839 0.1824
vn 0.6895 -0.7116 0.1351
vn 0.6485 -0.6862 0.3295
vn 0.3756 -0.8363 0.3993
vn 0.2384 -0.8679 0.4358
vn 0.1472 -0.8912 0.4291
vn 0.1654 -0.8572 0.4876
vn 0.1794 0.8646 -0.4694
vn 0.4080 0.7979 -0.4436
vn 0.1850 0.9490 -0.2553
vn 0.4170 0.8755 -0.2443
vn 0.6117 0.6821 -0.4007
vn 0.7291 0.5639 -0.3877
vn 0.6314 0.7432 -0.2215
vn 0.7651 0.6112 -0.2025
vn 0.1853 0.9811 -0.0559
vn 0.4169 0.9072 -0.0561
vn 0.1839 0.9741 0.1315
vn 0.4123 0.9027 0.1231
vn 0.6397 0.7669 -0.0524
vn 0.7830 0.6208 -0.0389
vn 0.6372 0.7634 0.1060
vn 0.7818 0.6165 0.0936
vn 0.1790 0.9333 0.3114
vn 0.4044 0.8668 0.2917
vn 0.1641 0.8604 0.4824
vn 0.3872 0.8067 0.4465
vn 0.6267 0.7363 0.2554
vn 0.7639 0.6033 0.2292
vn 0.6091 0.6892 0.3924
vn 0.7387 0.5635 0.3699
vn 0.1466 0.7634 0.6290
vn 0.3656 0.7166 0.5939
vn 0.5818 0.6160 0.5311
vn 0.7074 0.4997 0.4998
vn 0.7858 0.4412 -0.4335
vn 0.8179 0.3085 -0.4857
vn 0.8487 0.4860 -0.2087
vn 0.9140 0.3268 -0.2403
vn 0.8397 0.1666 -0.5169
vn 0.8383 -0.0033 -0.5452
vn 0.9505 0.1478 -0.2732
vn 0.9544 -0.0119 -0.2984
vn 0.6603 -0.1776 -0.7297
vn 0.7981 -0.1743 -0.5768
vn 0.7534 -0.2668 -0.6011
vn 0.9327 -0.1355 -0.3343
vn 0.8975 -0.2222 -0.3808
vn 0.6841 -0.4256 -0.5924
vn 0.6360 -0.5452 -0.5462
vn 0.6688 -0.6225 -0.4064
vn 0.7593 -0.5003 -0.4162
vn 0.8604 0.5081 -0.0402
vn 0.9342 0.3467 -0.0842
vn 0.8346 0.5475 0.0610
vn 0.9833 0.1331 -0.1245
vn 0.9904 -0.0386 -0.1324
vn 0.9846 -0.1183 -0.1289
vn 0.9743 -0.1641 -0.1542
vn 0.9808 -0.1944 0.0148
vn 0.9894 -0.1439 0.0177
vn 0.8187 -0.5265 -0.2294
vn 0.7194 -0.6409 -0.2677
vn 0.7790 -0.6123 -0.1349
vn 0.8604 -0.5045 -0.0725
vn 0.7808 0.5799 0.2324
vn 0.7287 0.5243 0.4405
vn 0.9478 -0.2390 0.2110
vn 0.9737 -0.1532 0.1688
vn 0.9218 -0.1267 0.3664
vn 0.9498 -0.1171 0.2900
vn 0.8915 -0.4484 0.0643
vn 0.8292 -0.5589 -0.0028
vn 0.8547 -0.5006 0.1375
vn 0.9097 -0.3710 0.1866
vn 0.7131 0.4304 0.5534
vn 0.7077 0.3522 0.6125
vn 0.7672 0.2287 0.5992
vn 0.8417 0.1012 0.5304
vn 0.8909 0.0172 0.4539
vn 0.9175 -0.0363 0.3962
vn 0.8226 0.1271 0.5543
vn 0.8961 -0.3066 0.3209
vn 0.8362 -0.4594 0.2996
vn -0.2535 0.6924 -0.6755
vn -0.2686 0.1729 -0.9476
vn -0.2755 -0.4220 -0.8637
vn -0.2588 0.1718 -0.9505
vn -0.3401 -0.3904 -0.8555
vn -0.2649 0.5879 -0.7643
vn -0.0873 -0.6897 0.7188
vn 0.1120 -0.6831 0.7217
vn -0.1914 -0.9664 -0.1716
vn -0.3704 -0.9085 -0.1933
vn 0.2278 0.0056 0.9737
vn 0.1420 0.5870 0.7971
vn 0.2086 0.0683 0.9756
vn 0.1302 0.6577 0.7419
vn -0.0909 0.9898 0.1093
vn -0.1463 0.9861 -0.0789
vn -0.3553 0.5460 -0.7587
vn -0.1568 0.5250 -0.8365
vn -0.0472 0.1665 -0.9849
vn -0.3191 0.1630 -0.9336
vn -0.0387 0.0068 -0.9992
vn -0.5286 0.0016 -0.8489
vn 0.7405 0.2189 -0.6354
vn 0.7551 -0.0660 -0.6523
vn 0.4539 0.6211 -0.6389
vn -0.7184 0.0329 -0.6949
vn -0.0762 -0.3208 -0.9441
vn -0.2738 -0.9452 0.1781
vn -0.9843 0.1743 0.0262
vn 0.0564 0.0323 0.9979
vn -0.6133 0.2818 0.7379
vn 0.8924 -0.4510 0.0151
vn 0.7144 -0.1662 0.6797
vn 0.6260 -0.4108 -0.6629
vn -0.3500 -0.0649 0.9345
vn 0.1211 -0.0316 0.9921
vn 0.2234 0.1511 0.9629
vn 0.0935 0.1424 0.9854
vn 0.0793 0.6657 0.7420
vn -0.0339 0.5543 0.8316
vn 0.6944 0.1576 0.7021
vn 0.5176 0.5426 0.6616
vn 0.6942 -0.0693 0.7164
vn -0.0701 0.9936 -0.0885
vn -0.3607 0.9313 0.0513
vn 0.5929 0.8051 0.0189
vn 0.4650 -0.8670 0.1790
vn 0.4827 -0.8722 0.0789
vn 0.6287 -0.7764 -0.0430
vn 0.4444 -0.8958 -0.0055
vn 0.8108 -0.5284 -0.2516
vn 0.2569 -0.9604 0.1074
vn 0.2655 -0.9367 0.2283
vn 0.1829 0.7772 0.6021
vn 0.4251 0.7015 0.5719
vn 0.1867 0.8055 0.5624
vn 0.4168 0.7256 0.5476
vn 0.6806 0.5516 0.4822
vn 0.8608 0.3748 0.3442
vn 0.6586 0.5841 0.4744
vn 0.8370 0.4253 0.3445
vn 0.9579 0.2280 0.1747
vn 0.9933 0.1078 -0.0409
vn 0.9396 0.3170 0.1290
vn 0.5008 -0.8067 0.3138
vn 0.4207 -0.8737 0.2442
vn 0.4787 -0.8146 0.3275
vn 0.3860 -0.8756 0.2903
vn 0.2591 -0.9231 0.2841
vn 0.2285 -0.9286 0.2923
vn 0.2877 0.9574 0.0237
vn 0.2600 0.9534 0.1533
vn 0.5614 0.8275 -0.0013
vn 0.5191 0.8445 0.1317
vn 0.3028 0.9480 -0.0983
vn 0.5711 0.8122 -0.1189
vn 0.8937 0.4464 0.0437
vn 0.7530 0.6523 0.0866
vn 0.7934 0.6074 -0.0392
vn 0.9193 0.3895 -0.0570
vn 0.7995 0.5851 -0.1358
vn 0.9284 0.3546 -0.1113
vn 0.9027 0.4289 -0.0336
vn 0.9265 0.3763 0.0015
vn 0.9360 0.3517 -0.0168
vn 0.9158 0.3938 0.0790
vn 0.9562 0.2896 0.0421
vn 0.9630 0.0636 0.2618
vn 0.6817 -0.6912 0.2398
vn 0.4160 -0.9087 -0.0335
vn 0.7378 -0.6749 0.0131
vn 0.5440 -0.8126 -0.2092
vn 0.8686 -0.1118 0.4827
vn 0.9205 -0.2548 0.2962
vn 0.1370 -0.9889 -0.0572
vn 0.2415 -0.9536 -0.1798
vn 0.2875 -0.8962 -0.3378
vn 0.1500 0.9291 0.3380
vn 0.1765 0.9498 0.2583
vn 0.4141 0.8454 0.3372
vn 0.4203 0.8793 0.2238
vn 0.1373 0.8674 0.4783
vn 0.4091 0.7607 0.5040
vn 0.8645 0.4527 0.2184
vn 0.6870 0.6950 0.2122
vn 0.6879 0.6368 0.3482
vn 0.8437 0.3990 0.3592
vn 0.6627 0.5386 0.5203
vn 0.7889 0.3290 0.5190
vn 0.9579 0.1211 0.2602
vn 0.9401 0.2490 0.2331
vn 0.8949 0.2332 0.3806
vn 0.8895 0.1766 0.4215
vn 0.8182 0.2259 0.5287
vn 0.7959 0.2648 0.5445
vn 0.8657 -0.4807 -0.1394
vn 0.8672 -0.4870 -0.1040
vn 0.7929 -0.5907 -0.1493
vn 0.7656 -0.6107 -0.2020
vn 0.6556 -0.7066 -0.2663
vn 0.6120 -0.7307 -0.3025
vn 0.8668 -0.4405 0.2336
vn 0.8434 -0.5362 0.0336
vn 0.3744 -0.8310 -0.4114
vn 0.3728 -0.8244 -0.4258
vn 0.4039 -0.7932 -0.4557
vn 0.7879 0.6014 -0.1327
vn 0.7694 0.6185 -0.1595
vn 0.9531 0.2631 -0.1498
vn 0.9377 0.2979 -0.1788
vn 0.9678 -0.2095 -0.1393
vn 0.9862 -0.0055 -0.1657
vn 0.9888 -0.0566 -0.1379
vn 0.9598 -0.2563 -0.1145
vn 0.7191 -0.1419 0.6803
vn 0.7114 -0.2364 0.6618
vn 0.9639 -0.2140 -0.1585
vn 0.8551 -0.1655 0.4914
vn -0.0511 -0.9532 0.2981
vn 0.5315 -0.4785 -0.6989
vn -0.8842 -0.2220 -0.4109
vn -0.3571 -0.2518 -0.8995
vn -0.3445 0.0479 0.9376
vn -0.9569 0.0913 0.2756
vn 0.3697 0.0828 0.9254
vn 0.3037 -0.9506 -0.0640
vn 0.6343 -0.7699 0.0708
vn 0.3462 -0.8848 -0.3118
vn 0.1257 -0.9365 -0.3274
vn 0.8028 -0.5775 -0.1482
vn 0.7691 -0.6358 0.0650
vn 0.1588 -0.9753 -0.1533
vn 0.0646 -0.9696 -0.2362
vn -0.0087 -0.9727 -0.2318
vn 0.5040 0.8609 0.0697
vn 0.5463 0.8368 -0.0348
vn 0.2880 0.9576 -0.0116
vn 0.2574 0.9596 0.1134
vn 0.7802 0.6238 -0.0456
vn 0.9256 0.3779 -0.0229
vn 0.7442 0.6663 0.0467
vn 0.9081 0.4156 0.0508
vn 0.8890 -0.4260 0.1681
vn 0.9614 -0.2325 0.1472
vn 0.9990 -0.0430 -0.0103
vn 0.9774 0.0820 0.1948
vn 0.9901 0.0566 0.1285
vn 0.3957 0.0081 0.9183
vn 0.9429 -0.1367 -0.3038
vn 0.9512 -0.1835 -0.2483
vn 0.9715 -0.1921 -0.1388
vn 0.5210 -0.1573 -0.8389
vn 0.3210 -0.1410 -0.9365
vn 0.1304 -0.1381 -0.9818
vn 0.7443 0.1889 0.6406
vn 0.7180 0.2126 0.6627
vn 0.7221 -0.3259 -0.6102
vn 0.8436 -0.3436 -0.4126
vn 0.9200 -0.3378 -0.1986
vn 0.9480 -0.3171 -0.0251
vn 0.9496 -0.2884 0.1223
vn 0.9419 -0.2339 0.2411
vn 0.9200 -0.1596 0.3578
vn 0.9591 -0.1225 -0.2551
vn 0.9136 0.1972 0.3556
vn 0.8408 0.2219 0.4938
vn 0.8561 0.1808 0.4841
vn 0.9301 -0.3459 -0.1233
vn 0.9182 -0.3831 -0.1002
vn 0.9640 0.2335 0.1270
vn 0.8852 0.4508 0.1145
vn 0.9739 0.2117 0.0816
vn 0.9880 0.0699 0.1374
vn 0.7124 0.2338 -0.6617
vn 0.9789 0.1771 0.1021
vn 0.9993 -0.0250 0.0270
vn 0.5818 0.1782 0.7936
vn 0.4948 0.8340 0.2443
vn 0.4172 0.5437 0.7282
vn 0.4345 0.7145 -0.5484
vn 0.0317 -0.9967 -0.0750
vn 0.4569 0.8775 0.1459
vn 0.2172 0.9549 0.2023
vn 0.7083 0.6965 0.1153
vn 0.9880 0.1150 0.1031
vn 0.9709 0.2296 0.0678
vn 0.0691 0.0575 0.9959
vn 0.0499 0.7102 0.7023
vn -0.3637 -0.7176 -0.5939
vn -0.0594 0.9982 -0.0031
vn -0.1519 0.6150 -0.7738
vn -0.2115 -0.0919 -0.9730
vn -0.5918 0.0501 -0.8045
vn -0.1774 -0.2096 -0.9616
vn -0.3559 -0.9212 0.1575
vn -0.9630 0.2436 0.1156
vn 0.1389 0.0214 0.9901
vn -0.4153 0.2775 0.8663
vn 0.8365 -0.5421 -0.0804
vn 0.6009 -0.1533 0.7845
vn 0.3656 -0.3623 -0.8574
vn -0.2191 -0.2307 0.9480
vn 0.1272 -0.0440 0.9909
vn 0.0670 0.0891 0.9938
vn -0.0238 0.0711 0.9972
vn -0.0697 0.7139 0.6968
vn -0.2643 0.5742 0.7748
vn 0.6269 0.2473 0.7388
vn 0.4915 0.6064 0.6250
vn 0.6638 0.1960 0.7217
vn -0.1063 0.9941 0.0220
vn -0.4424 0.8964 0.0263
vn -0.0762 0.7229 -0.6867
vn -0.3608 0.5823 -0.7285
vn 0.6490 0.7595 0.0446
vn 0.5157 0.6536 -0.5540
vn -0.0520 0.0591 -0.9969
vn -0.2181 -0.0045 -0.9759
vn -0.0838 -0.1070 -0.9907
vn -0.4707 -0.3280 -0.8191
vn 0.6030 0.2836 -0.7456
vn 0.5754 0.1932 -0.7947
vn -0.2541 -0.5820 0.7725
vn 0.2490 0.9505 0.1857
vn 0.0934 0.6687 -0.7376
vn -0.1564 -0.1037 -0.9822
vn -0.5327 -0.8219 -0.2016
vn -0.3604 -0.4951 -0.7906
vn 0.1007 0.0989 0.9900
vn 0.2005 0.6171 0.7609
vn -0.3897 -0.5599 0.7312
vn 0.1835 0.9723 0.1446
vn 0.0373 0.6080 -0.7930
vn -0.1747 -0.1050 -0.9790
vn -0.4438 -0.4505 -0.7746
vn -0.6535 -0.7454 -0.1318
vn 0.1288 0.1638 0.9781
vn -0.0016 0.1631 0.9866
vn 0.0267 0.5939 0.8041
vn -0.0392 0.5850 0.8101
vn -0.0942 0.9784 0.1841
vn -0.1584 0.9666 0.2015
vn -0.0377 0.6752 -0.7366
vn -0.1571 0.6304 -0.7602
vn 0.0497 0.0304 -0.9983
vn -0.1169 -0.0057 -0.9931
vn -0.7072 -0.0477 -0.7054
vn -0.0671 -0.3298 -0.9417
vn 0.3149 -0.9326 -0.1765
vn -0.5934 -0.7517 0.2876
vn 0.6402 -0.2384 0.7303
vn -0.1233 0.0689 0.9900
vn 0.7735 -0.5423 -0.3279
vn 0.8116 -0.3021 0.5000
vn 0.3098 -0.3732 -0.8745
vn -0.9970 -0.0717 -0.0284
vn -0.9826 -0.1694 -0.0766
vn 0.9920 -0.1219 -0.0330
vn -0.7147 0.0583 -0.6970
vn -0.9448 0.2998 0.1322
vn -0.3310 0.2461 0.9110
vn 0.3258 -0.0013 0.9454
vn 0.7744 -0.2518 0.5804
vn 0.9012 -0.3984 -0.1705
vn 0.4157 -0.3411 -0.8431
vn -0.2361 -0.1472 -0.9605
vn -0.1241 -0.9919 -0.0253
vn 0.3480 -0.4631 -0.8151
vn 0.9527 -0.2341 -0.1939
vn -0.2279 -0.7163 0.6596
vn -0.0992 -0.4826 0.8702
vn 0.0588 -0.3376 0.9394
vn 0.3594 -0.2824 0.8894
vn 0.7643 -0.2197 0.6062
vn 0.9636 -0.0776 -0.2558
vn 0.4819 -0.2056 -0.8517
vn -0.3471 -0.2212 -0.9114
vn -0.9699 -0.0582 -0.2365
vn -0.9432 0.0142 0.3320
vn -0.4277 0.0688 0.9013
vn 0.4016 0.0748 0.9127
vn 0.8585 0.0360 0.5116
vn 0.7741 -0.6317 -0.0406
vn 0.7129 -0.6888 -0.1319
vn 0.7534 -0.6538 -0.0702
vn 0.7061 -0.7081 -0.0045
vn 0.9279 -0.3463 0.1383
vn 0.8795 -0.4757 0.0168
vn 0.6166 0.0523 -0.7855
vn 0.9792 0.1572 -0.1282
vn 0.7239 0.2479 0.6438
vn 0.7668 0.6387 -0.0638
vn 0.6441 0.5736 0.5061
vn 0.5968 0.4622 -0.6559
vn 0.4602 0.8251 0.3278
vn 0.4262 0.7670 0.4796
vn 0.1412 0.8875 0.4387
vn 0.1483 0.9424 0.2998
vn 0.6936 0.5387 0.4782
vn 0.8347 0.3224 0.4465
vn 0.7594 0.5775 0.2995
vn 0.9210 0.3081 0.2383
vn 0.8840 0.1983 0.4234
vn 0.8887 0.2115 0.4068
vn 0.9770 0.0921 0.1923
vn 0.9846 -0.0029 0.1749
vn 0.9427 0.0720 0.3258
vn 0.9745 -0.1833 0.1291
vn 0.3664 -0.7377 0.5671
vn 0.0965 -0.9936 0.0594
vn 0.3421 -0.9364 -0.0779
vn 0.7536 -0.3416 0.5617
vn 0.9973 -0.0707 -0.0223
vn 0.5952 -0.3747 -0.7109
vn 0.1823 -0.6462 -0.7411
vn 0.0540 -0.8502 -0.5236
vn 0.0333 -0.9650 -0.2603
vn 0.1492 0.0614 0.9869
vn 0.6022 0.4226 0.6773
vn -0.5618 -0.3036 0.7695
vn 0.7592 0.6508 0.0023
vn 0.3829 0.4706 -0.7950
vn -0.2641 -0.0343 -0.9639
vn -0.7656 -0.3528 -0.5379
vn -0.8993 -0.4370 -0.0153
vn 0.1756 0.2486 0.9525
vn 0.1084 0.2659 0.9579
vn 0.3691 0.6702 0.6439
vn 0.3476 0.6701 0.6559
vn 0.4542 0.8908 -0.0092
vn 0.4379 0.8987 0.0260
vn 0.2754 0.5829 -0.7645
vn 0.2128 0.6418 -0.7367
vn -0.0166 0.0047 -0.9999
vn -0.1548 0.0715 -0.9854
vn -0.6409 0.0357 -0.7668
vn -0.0750 -0.3886 -0.9183
vn -0.4198 -0.8590 0.2930
vn -0.9316 0.3566 -0.0707
vn 0.0383 0.2255 0.9735
vn -0.5370 0.4797 0.6939
vn 0.8377 -0.5358 0.1060
vn 0.6616 -0.1464 0.7354
vn 0.5178 -0.5310 -0.6708
vn -0.6463 0.0543 -0.7612
vn -0.8975 0.4320 0.0885
vn -0.5277 0.4342 0.7300
vn -0.0182 0.2688 0.9630
vn 0.6580 -0.1497 0.7379
vn 0.8697 -0.4898 -0.0612
vn 0.5063 -0.4797 -0.7166
vn 0.0018 -0.3143 -0.9493
vn 0.9743 0.1787 0.1369
vn 0.9878 -0.1116 0.1086
vn -0.6936 -0.0090 -0.7203
vn -0.9975 -0.0372 -0.0602
vn -0.9935 -0.0801 -0.0805
vn -0.7099 -0.0643 0.7014
vn -0.9990 0.0317 -0.0319
vn -0.7395 -0.0130 0.6731
vn -0.7108 0.0265 -0.7029
vn 0.0456 -0.0670 0.9967
vn 0.6882 -0.1066 0.7176
vn 0.0239 -0.0805 0.9965
vn 0.7045 -0.1243 0.6988
vn 0.9849 -0.1372 0.1058
vn 0.7566 -0.1068 -0.6451
vn 0.9858 -0.1313 0.1051
vn 0.7654 -0.1010 -0.6355
vn -0.0038 -0.0278 -0.9996
vn 0.0162 -0.0270 -0.9995
vn -0.7202 0.0528 -0.6917
vn -0.9974 0.0711 -0.0109
vn -0.7241 0.0129 0.6896
vn -0.9950 0.0995 0.0123
vn -0.6913 0.0590 0.7202
vn -0.7241 0.0512 -0.6878
vn 0.0481 -0.0798 0.9956
vn 0.7150 -0.1319 0.6866
vn 0.0832 -0.0406 0.9957
vn 0.7251 -0.1169 0.6787
vn 0.9863 -0.1400 0.0868
vn 0.7484 -0.1060 -0.6548
vn 0.9867 -0.1511 0.0595
vn 0.7169 -0.1306 -0.6849
vn -0.0005 -0.0220 -0.9998
vn -0.0229 -0.0448 -0.9987
vn -0.7236 0.0409 -0.6890
vn -0.9890 0.1458 0.0257
vn -0.6573 0.1347 0.7415
vn -0.9774 0.2098 0.0268
vn -0.6323 0.2183 0.7433
vn -0.7217 0.0380 -0.6911
vn 0.1155 0.0155 0.9932
vn 0.7319 -0.1113 0.6723
vn 0.1329 0.0589 0.9894
vn 0.7304 -0.1323 0.6701
vn 0.9798 -0.1956 0.0412
vn 0.6884 -0.1997 -0.6973
vn 0.9611 -0.2731 0.0405
vn 0.6624 -0.2996 -0.6866
vn -0.0351 -0.1012 -0.9942
vn -0.0424 -0.1711 -0.9843
vn -0.7183 0.0369 -0.6947
vn -0.9664 0.2557 0.0254
vn -0.6176 0.2688 0.7392
vn 0.1301 0.0848 0.9879
vn 0.7237 -0.1555 0.6724
vn 0.9391 -0.3399 0.0509
vn 0.6405 -0.3753 -0.6700
vn -0.0531 -0.2220 -0.9736
vn 0.9312 0.3645 0.0057
vn 0.9387 0.3440 -0.0241
vn -0.6051 -0.3665 -0.7067
vn -0.8546 -0.5178 -0.0409
vn -0.8502 -0.5263 -0.0118
vn -0.5016 -0.3594 0.7869
vn -0.8970 -0.4392 -0.0507
vn -0.4812 -0.2687 0.8344
vn -0.6036 -0.2804 -0.7463
vn 0.1490 -0.0120 0.9888
vn 0.6483 0.2461 0.7205
vn 0.1767 0.0200 0.9841
vn 0.6562 0.2451 0.7136
vn 0.9104 0.4114 -0.0449
vn 0.5028 0.2185 -0.8363
vn 0.9264 0.3717 -0.0599
vn 0.4876 0.2078 -0.8480
vn -0.1402 -0.1065 -0.9844
vn -0.1531 -0.0737 -0.9855
vn -0.6031 -0.1241 -0.7879
vn -0.9817 -0.1837 -0.0498
vn -0.4708 -0.0936 0.8773
vn -0.9969 0.0690 -0.0366
vn -0.4806 0.0485 0.8756
vn -0.6056 -0.0102 -0.7957
vn 0.1894 0.0015 0.9819
vn 0.6789 0.0676 0.7311
vn 0.1659 -0.0233 0.9859
vn 0.6392 -0.1021 0.7622
vn 0.9945 0.0792 -0.0684
vn 0.5064 0.0220 -0.8620
vn 0.9760 -0.2072 -0.0677
vn 0.4453 -0.1750 -0.8781
vn -0.1457 -0.0630 -0.9873
vn -0.1642 -0.0844 -0.9828
vn -0.5815 0.0123 -0.8134
vn -0.9861 0.1621 -0.0368
vn -0.4517 0.1265 0.8832
vn -0.9700 0.2407 -0.0337
vn -0.4115 0.2049 0.8881
vn -0.5560 0.0214 -0.8309
vn 0.1569 0.0012 0.9876
vn 0.6015 -0.1349 0.7874
vn 0.1564 0.0463 0.9866
vn 0.5755 -0.1302 0.8074
vn 0.9441 -0.3234 -0.0637
vn 0.3941 -0.2538 -0.8833
vn 0.9200 -0.3879 -0.0565
vn 0.3580 -0.2986 -0.8847
vn -0.1616 -0.1078 -0.9809
vn -0.1529 -0.1255 -0.9802
vn -0.5628 0.0363 -0.8258
vn -0.9526 0.3035 -0.0189
vn -0.4020 0.2588 0.8783
vn 0.1674 0.0760 0.9830
vn 0.5815 -0.1359 0.8021
vn 0.8991 -0.4360 -0.0383
vn 0.3523 -0.3349 -0.8739
vn -0.1597 -0.1365 -0.9777
vt 0.506434 0.150368
vt 0.530115 0.138867
vt 0.547424 0.181116
vt 0.521795 0.188169
vt 0.557307 0.125186
vt 0.575907 0.173012
vt 0.585755 0.224594
vt 0.555605 0.227155
vt 0.528018 0.228812
vt 0.852452 0.214307
vt 0.843541 0.212274
vt 0.844228 0.177859
vt 0.852098 0.180113
vt 0.916200 0.203204
vt 0.907526 0.204587
vt 0.899448 0.171451
vt 0.907176 0.169859
vt 0.891138 0.136040
vt 0.897742 0.134756
vt 0.844645 0.141533
vt 0.851300 0.143800
vt 0.897907 0.208020
vt 0.891495 0.175286
vt 0.888549 0.212424
vt 0.883728 0.179863
vt 0.878092 0.144126
vt 0.884487 0.139720
vt 0.880345 0.215986
vt 0.876430 0.183212
vt 0.871820 0.217546
vt 0.868710 0.184369
vt 0.865424 0.148298
vt 0.872020 0.147283
vt 0.862265 0.216535
vt 0.860407 0.182851
vt 0.858306 0.146665
vt 0.877313 0.100877
vt 0.882881 0.097138
vt 0.872019 0.105399
vt 0.865634 0.067730
vt 0.869734 0.061712
vt 0.873864 0.056450
vt 0.855431 0.107358
vt 0.861606 0.109306
vt 0.849446 0.104201
vt 0.847103 0.062886
vt 0.852315 0.067725
vt 0.857602 0.071324
vt 0.293039 0.536322
vt 0.305971 0.537374
vt 0.303777 0.551545
vt 0.293039 0.550679
vt 0.318040 0.540648
vt 0.313731 0.554635
vt 0.309697 0.563342
vt 0.302239 0.563373
vt 0.293039 0.562798
vt 0.988000 0.435501
vt 0.983353 0.433311
vt 0.982675 0.416545
vt 0.986692 0.418124
vt 0.978177 0.431491
vt 0.978195 0.415212
vt 0.984587 0.370120
vt 0.989101 0.371310
vt 0.974177 0.414641
vt 0.974814 0.368548
vt 0.979579 0.369115
vt 0.973949 0.430879
vt 0.970249 0.431674
vt 0.970634 0.415222
vt 0.966617 0.417051
vt 0.966004 0.370342
vt 0.970567 0.368878
vt 0.965491 0.433891
vt 0.960335 0.435844
vt 0.962096 0.418718
vt 0.993414 0.372403
vt 0.990257 0.419222
vt 0.960960 0.371749
vt 0.956218 0.435558
vt 0.957951 0.418743
vt 0.991662 0.436262
vt 0.956068 0.371913
vt 0.980370 0.329762
vt 0.985636 0.329381
vt 0.439119 0.923514
vt 0.418999 0.918504
vt 0.411400 0.872568
vt 0.431433 0.873684
vt 0.398706 0.915316
vt 0.396856 0.871998
vt 0.394828 0.825467
vt 0.407546 0.824307
vt 0.421605 0.824075
vt 0.293039 0.297456
vt 0.310875 0.298362
vt 0.315820 0.312426
vt 0.293039 0.310444
vt 0.330736 0.301570
vt 0.337642 0.318077
vt 0.342587 0.333364
vt 0.319047 0.327386
vt 0.293039 0.325131
vt 0.990645 0.328561
vt 0.975137 0.329592
vt 0.965732 0.329445
vt 0.970495 0.329408
vt 0.995314 0.329205
vt 0.960058 0.328926
vt 0.954677 0.328703
vt 0.287843 0.888218
vt 0.282951 0.818314
vt 0.294041 0.823099
vt 0.302430 0.895572
vt 0.950768 0.530546
vt 0.956032 0.535367
vt 0.945585 0.571576
vt 0.941123 0.570654
vt 0.899735 0.528035
vt 0.905627 0.520870
vt 0.906638 0.568720
vt 0.901641 0.566436
vt 0.905107 0.614511
vt 0.901223 0.612931
vt 0.935559 0.616774
vt 0.932242 0.616184
vt 0.914158 0.540247
vt 0.912789 0.573271
vt 0.921416 0.544840
vt 0.918164 0.575387
vt 0.914573 0.618859
vt 0.910123 0.616915
vt 0.926661 0.545718
vt 0.922935 0.576276
vt 0.932530 0.544222
vt 0.928589 0.574948
vt 0.922082 0.618840
vt 0.917937 0.619472
vt 0.940902 0.540437
vt 0.934806 0.573267
vt 0.927341 0.617318
vt 0.925061 0.665256
vt 0.922791 0.664760
vt 0.903436 0.663299
vt 0.900628 0.662560
vt 0.902085 0.709920
vt 0.900307 0.709616
vt 0.915047 0.711204
vt 0.913621 0.710829
vt 0.907083 0.664303
vt 0.910365 0.665121
vt 0.906181 0.710462
vt 0.904255 0.710233
vt 0.912689 0.665458
vt 0.915597 0.665375
vt 0.909459 0.710683
vt 0.907649 0.710600
vt 0.919385 0.664987
vt 0.911678 0.710720
vt 0.350416 0.688431
vt 0.358064 0.690672
vt 0.357989 0.706378
vt 0.354801 0.706014
vt 0.363333 0.689690
vt 0.360506 0.705545
vt 0.364596 0.721979
vt 0.362522 0.721939
vt 0.360294 0.721384
vt 0.330365 0.699515
vt 0.329445 0.693150
vt 0.344628 0.709875
vt 0.344072 0.712589
vt 0.330454 0.685376
vt 0.345727 0.706535
vt 0.354788 0.723920
vt 0.353801 0.725882
vt 0.352721 0.727086
vt 0.332890 0.680598
vt 0.347037 0.704147
vt 0.337215 0.679798
vt 0.349079 0.703380
vt 0.356551 0.720767
vt 0.355494 0.721996
vt 0.343884 0.683346
vt 0.352050 0.704439
vt 0.358432 0.720705
vt 0.328543 0.546544
vt 0.321707 0.560444
vt 0.337308 0.554439
vt 0.328340 0.567590
vt 0.317757 0.576998
vt 0.313115 0.569804
vt 0.350188 0.577746
vt 0.339171 0.581935
vt 0.334507 0.575990
vt 0.344796 0.564388
vt 0.328504 0.594245
vt 0.322982 0.584774
vt 0.350826 0.609994
vt 0.338127 0.612788
vt 0.340515 0.599580
vt 0.351694 0.593474
vt 0.324141 0.612049
vt 0.327226 0.602263
vt 0.318978 0.932790
vt 0.306222 0.924965
vt 0.313648 0.901852
vt 0.288200 0.919829
vt 0.302177 0.826944
vt 0.273817 0.884700
vt 0.271372 0.816243
vt 0.273196 0.913694
vt 0.262746 0.916542
vt 0.263568 0.886939
vt 0.252794 0.893858
vt 0.255389 0.822628
vt 0.262704 0.817789
vt 0.249147 0.919353
vt 0.231818 0.931571
vt 0.239312 0.901677
vt 0.309924 0.826690
vt 0.322256 0.900248
vt 0.245005 0.828056
vt 0.217674 0.932790
vt 0.227589 0.905283
vt 0.328976 0.929472
vt 0.234522 0.831146
vt 0.277568 0.773874
vt 0.288854 0.773093
vt 0.920965 0.269195
vt 0.903867 0.262842
vt 0.902313 0.238054
vt 0.914431 0.236774
vt 0.893245 0.262823
vt 0.891707 0.240838
vt 0.879017 0.269089
vt 0.870216 0.272560
vt 0.865296 0.247601
vt 0.875572 0.246843
vt 0.855577 0.280146
vt 0.853535 0.247393
vt 0.844009 0.101805
vt 0.888299 0.096132
vt 0.877823 0.055065
vt 0.842913 0.059763
vt 0.867109 0.108509
vt 0.861879 0.071273
vt 0.022307 0.928810
vt 0.007289 0.926071
vt 0.014533 0.891754
vt 0.025498 0.893178
vt 0.104655 0.925311
vt 0.099667 0.949257
vt 0.091544 0.893616
vt 0.101089 0.890049
vt 0.091140 0.841869
vt 0.100680 0.839631
vt 0.015126 0.841539
vt 0.025724 0.842104
vt 0.087402 0.944612
vt 0.082666 0.897503
vt 0.074437 0.941204
vt 0.071173 0.902382
vt 0.069293 0.851094
vt 0.080850 0.846431
vt 0.059569 0.942955
vt 0.058810 0.904564
vt 0.047371 0.942801
vt 0.047789 0.903454
vt 0.046751 0.850144
vt 0.057303 0.852402
vt 0.035257 0.933331
vt 0.036705 0.897471
vt 0.036203 0.845510
vt 0.068475 0.795644
vt 0.080459 0.792420
vt 0.009442 0.788858
vt 0.020943 0.788120
vt 0.044066 0.793525
vt 0.055601 0.795869
vt 0.090708 0.788396
vt 0.033091 0.790319
vt 0.093998 0.753083
vt 0.105077 0.749333
vt 0.100877 0.787037
vt 0.293039 0.499915
vt 0.308049 0.500128
vt 0.307318 0.519233
vt 0.293039 0.518504
vt 0.323040 0.501611
vt 0.321062 0.521893
vt 0.293040 0.610662
vt 0.293039 0.603082
vt 0.309648 0.603345
vt 0.308006 0.611316
vt 0.293039 0.597364
vt 0.310689 0.597936
vt 0.303181 0.573083
vt 0.293039 0.573278
vt 0.305487 0.581484
vt 0.293039 0.582470
vt 0.459568 0.336054
vt 0.483918 0.332524
vt 0.484559 0.365293
vt 0.462694 0.361480
vt 0.512194 0.327965
vt 0.509092 0.368781
vt 0.502949 0.402493
vt 0.481106 0.393340
vt 0.461526 0.384758
vt 0.543023 0.331607
vt 0.537652 0.374484
vt 0.574362 0.336269
vt 0.570098 0.380404
vt 0.562691 0.422218
vt 0.530139 0.412510
vt 0.351516 0.309650
vt 0.358252 0.326356
vt 0.373354 0.318261
vt 0.379125 0.335062
vt 0.383101 0.351181
vt 0.363202 0.341886
vt 0.417291 0.332051
vt 0.420615 0.349462
vt 0.399727 0.342769
vt 0.395510 0.325939
vt 0.421098 0.368502
vt 0.401947 0.360092
vt 0.376588 0.911692
vt 0.378594 0.871613
vt 0.353796 0.910491
vt 0.360387 0.873161
vt 0.362014 0.830855
vt 0.378651 0.827925
vt 0.329624 0.914933
vt 0.344617 0.874952
vt 0.494353 0.897723
vt 0.481978 0.915962
vt 0.465959 0.867169
vt 0.480890 0.856748
vt 0.455690 0.821295
vt 0.467961 0.817553
vt 0.347586 0.833546
vt 0.462404 0.920878
vt 0.450107 0.871240
vt 0.439808 0.823180
vt 0.390781 0.096525
vt 0.378333 0.106484
vt 0.361325 0.098941
vt 0.382017 0.083651
vt 0.366858 0.117428
vt 0.348931 0.112143
vt 0.332723 0.108458
vt 0.343794 0.091189
vt 0.363249 0.066645
vt 0.321018 0.082587
vt 0.333201 0.049729
vt 0.314337 0.103846
vt 0.293039 0.101531
vt 0.293039 0.078504
vt 0.293039 0.040882
vt 0.352573 0.134870
vt 0.336797 0.130820
vt 0.341775 0.122232
vt 0.358841 0.126644
vt 0.323137 0.128437
vt 0.326930 0.119654
vt 0.308824 0.125745
vt 0.310983 0.116411
vt 0.293039 0.124393
vt 0.293039 0.114742
vt 0.340818 0.151150
vt 0.334505 0.159982
vt 0.323559 0.156669
vt 0.327848 0.147708
vt 0.328874 0.168221
vt 0.319990 0.165216
vt 0.311632 0.164062
vt 0.313842 0.155163
vt 0.316564 0.145994
vt 0.303838 0.153857
vt 0.305195 0.144333
vt 0.302738 0.163187
vt 0.293039 0.162795
vt 0.293039 0.153245
vt 0.293039 0.143524
vt 0.324696 0.174800
vt 0.317635 0.172619
vt 0.321731 0.179412
vt 0.316368 0.179489
vt 0.309078 0.180003
vt 0.310041 0.172223
vt 0.301856 0.171995
vt 0.301263 0.180351
vt 0.293039 0.180476
vt 0.293039 0.171887
vt 0.479175 0.278521
vt 0.491046 0.292325
vt 0.472063 0.305858
vt 0.464695 0.283541
vt 0.452879 0.309951
vt 0.447637 0.286585
vt 0.318047 0.639621
vt 0.307354 0.640573
vt 0.305935 0.623827
vt 0.319765 0.624659
vt 0.293040 0.650356
vt 0.293040 0.624453
vt 0.436766 0.310200
vt 0.434298 0.287042
vt 0.438258 0.335752
vt 0.420941 0.308268
vt 0.422484 0.286231
vt 0.394746 0.281737
vt 0.385880 0.299237
vt 0.367816 0.293004
vt 0.378920 0.277467
vt 0.351785 0.285296
vt 0.363530 0.272166
vt 0.340452 0.275517
vt 0.350302 0.266567
vt 0.325786 0.282464
vt 0.321685 0.269994
vt 0.333336 0.265997
vt 0.341590 0.262549
vt 0.309662 0.285193
vt 0.293039 0.285797
vt 0.293039 0.273664
vt 0.308089 0.272723
vt 0.392129 0.081644
vt 0.417206 0.092830
vt 0.408112 0.107003
vt 0.399095 0.059284
vt 0.427817 0.073997
vt 0.455910 0.092433
vt 0.441482 0.108466
vt 0.428012 0.122392
vt 0.413916 0.031072
vt 0.444521 0.050092
vt 0.434762 0.000324
vt 0.465822 0.022323
vt 0.497597 0.048591
vt 0.474801 0.072437
vt 0.465605 0.130993
vt 0.448125 0.143276
vt 0.483445 0.117959
vt 0.485696 0.160155
vt 0.464986 0.169757
vt 0.504839 0.102123
vt 0.529882 0.083009
vt 0.498719 0.194318
vt 0.476243 0.200349
vt 0.503330 0.229735
vt 0.480848 0.231314
vt 0.501395 0.263501
vt 0.481384 0.259030
vt 0.525684 0.272000
vt 0.553432 0.276494
vt 0.584280 0.279549
vt 0.301015 0.188630
vt 0.293039 0.188856
vt 0.308714 0.188015
vt 0.308918 0.196967
vt 0.301082 0.197630
vt 0.293039 0.197868
vt 0.316273 0.186901
vt 0.323620 0.184787
vt 0.325813 0.193720
vt 0.316852 0.195771
vt 0.301414 0.208138
vt 0.293039 0.208298
vt 0.309679 0.207583
vt 0.311015 0.219612
vt 0.302062 0.220075
vt 0.293039 0.220220
vt 0.318307 0.206680
vt 0.328674 0.205531
vt 0.331929 0.218985
vt 0.320413 0.219017
vt 0.302995 0.233031
vt 0.293039 0.233165
vt 0.312916 0.232590
vt 0.315336 0.245799
vt 0.304312 0.246483
vt 0.293039 0.246700
vt 0.323343 0.232061
vt 0.335611 0.232353
vt 0.338968 0.244731
vt 0.326559 0.244897
vt 0.306107 0.259763
vt 0.293039 0.260324
vt 0.318229 0.258201
vt 0.329497 0.256189
vt 0.340918 0.255124
vt 0.330645 0.180664
vt 0.338099 0.174798
vt 0.347489 0.185484
vt 0.336189 0.190272
vt 0.346691 0.167159
vt 0.355533 0.158854
vt 0.370570 0.172190
vt 0.359314 0.179219
vt 0.370428 0.144319
vt 0.363327 0.151299
vt 0.346756 0.142909
vt 0.387003 0.159820
vt 0.379696 0.165653
vt 0.396688 0.118934
vt 0.385929 0.129469
vt 0.413724 0.135916
vt 0.401978 0.146870
vt 0.342155 0.204113
vt 0.357469 0.201762
vt 0.366034 0.220293
vt 0.347501 0.219905
vt 0.371856 0.197599
vt 0.384729 0.192832
vt 0.394022 0.216177
vt 0.378883 0.214474
vt 0.393979 0.186863
vt 0.400695 0.180734
vt 0.410547 0.203745
vt 0.404340 0.210488
vt 0.429832 0.156199
vt 0.415282 0.167381
vt 0.443335 0.180317
vt 0.425754 0.190102
vt 0.351109 0.233679
vt 0.365996 0.232552
vt 0.371000 0.244210
vt 0.353677 0.245824
vt 0.410115 0.230620
vt 0.401849 0.231448
vt 0.416710 0.224957
vt 0.420391 0.245054
vt 0.412384 0.248799
vt 0.400983 0.247733
vt 0.452670 0.207146
vt 0.433467 0.213648
vt 0.458385 0.234444
vt 0.439078 0.237823
vt 0.353876 0.256757
vt 0.368667 0.259872
vt 0.385995 0.249315
vt 0.384322 0.263442
vt 0.399522 0.266132
vt 0.412017 0.266628
vt 0.422170 0.265400
vt 0.409383 0.284603
vt 0.461617 0.260283
vt 0.443547 0.262572
vt 0.374423 0.789252
vt 0.389367 0.785797
vt 0.358525 0.792971
vt 0.342702 0.757950
vt 0.367655 0.751415
vt 0.383594 0.750821
vt 0.452201 0.749333
vt 0.469491 0.749782
vt 0.464048 0.779284
vt 0.450626 0.781555
vt 0.329624 0.770597
vt 0.343312 0.796323
vt 0.432241 0.783977
vt 0.414367 0.784612
vt 0.407418 0.756149
vt 0.426018 0.755241
vt 0.401459 0.784522
vt 0.395235 0.755793
vt 0.643541 0.506730
vt 0.621706 0.496378
vt 0.636347 0.480217
vt 0.645562 0.488553
vt 0.605148 0.466686
vt 0.624676 0.458983
vt 0.640575 0.454302
vt 0.647185 0.473669
vt 0.650321 0.482520
vt 0.593726 0.029205
vt 0.592107 0.019733
vt 0.596501 0.000324
vt 0.595665 0.021336
vt 0.605472 0.018160
vt 0.606041 0.027375
vt 0.602399 0.019869
vt 0.602157 0.029823
vt 0.599146 0.021815
vt 0.598220 0.031181
vt 0.698376 0.450550
vt 0.692639 0.483655
vt 0.670077 0.472816
vt 0.681225 0.446972
vt 0.677880 0.503252
vt 0.661465 0.487110
vt 0.658537 0.482428
vt 0.660638 0.470384
vt 0.663681 0.447487
vt 0.661401 0.509893
vt 0.654588 0.487976
vt 0.654116 0.482976
vt 0.482286 0.454793
vt 0.464365 0.437844
vt 0.472915 0.417138
vt 0.493196 0.430327
vt 0.446650 0.424470
vt 0.455354 0.406150
vt 0.519023 0.445303
vt 0.550755 0.459878
vt 0.536183 0.491865
vt 0.506360 0.473646
vt 0.342376 0.349555
vt 0.318686 0.344186
vt 0.339530 0.366198
vt 0.316814 0.361012
vt 0.293039 0.359364
vt 0.293039 0.342287
vt 0.363385 0.357827
vt 0.382869 0.368078
vt 0.379313 0.385638
vt 0.360320 0.374495
vt 0.418147 0.390063
vt 0.400414 0.379443
vt 0.418469 0.411668
vt 0.396728 0.398896
vt 0.473878 0.476870
vt 0.456031 0.456892
vt 0.468507 0.496753
vt 0.452333 0.476040
vt 0.447844 0.461958
vt 0.444276 0.437304
vt 0.522346 0.516467
vt 0.495608 0.497261
vt 0.511363 0.534428
vt 0.487841 0.516744
vt 0.316239 0.376348
vt 0.293039 0.374388
vt 0.338329 0.382113
vt 0.337560 0.396606
vt 0.316057 0.390598
vt 0.293039 0.388361
vt 0.376046 0.401949
vt 0.358015 0.390716
vt 0.372910 0.415554
vt 0.355868 0.405022
vt 0.414208 0.425745
vt 0.393838 0.415308
vt 0.420673 0.442758
vt 0.391509 0.428551
vt 0.438742 0.553464
vt 0.425015 0.586624
vt 0.412646 0.561134
vt 0.422377 0.539894
vt 0.408374 0.604068
vt 0.403134 0.577563
vt 0.398672 0.551317
vt 0.403170 0.535236
vt 0.413820 0.515984
vt 0.466189 0.599792
vt 0.450429 0.619659
vt 0.437572 0.606072
vt 0.454327 0.587180
vt 0.435086 0.639295
vt 0.422189 0.619617
vt 0.293039 0.438732
vt 0.312942 0.439117
vt 0.312595 0.456155
vt 0.293039 0.456142
vt 0.330706 0.441198
vt 0.329990 0.457363
vt 0.328677 0.473105
vt 0.311749 0.472609
vt 0.293039 0.472876
vt 0.359639 0.453534
vt 0.359938 0.468241
vt 0.345224 0.461336
vt 0.345592 0.445979
vt 0.360665 0.483324
vt 0.344758 0.476660
vt 0.388371 0.478824
vt 0.386775 0.493035
vt 0.374303 0.478350
vt 0.374425 0.464155
vt 0.386482 0.507668
vt 0.375040 0.493246
vt 0.385407 0.581088
vt 0.386136 0.602937
vt 0.369496 0.617903
vt 0.368610 0.598784
vt 0.390784 0.623413
vt 0.374656 0.638153
vt 0.353074 0.652485
vt 0.350703 0.627757
vt 0.400207 0.643950
vt 0.388763 0.658255
vt 0.416400 0.661717
vt 0.407669 0.674007
vt 0.396074 0.691309
vt 0.374035 0.672958
vt 0.339059 0.505280
vt 0.334503 0.527066
vt 0.355097 0.512132
vt 0.346971 0.534873
vt 0.379585 0.537383
vt 0.366084 0.560250
vt 0.357862 0.545456
vt 0.369005 0.522434
vt 0.334719 0.627653
vt 0.332956 0.644412
vt 0.367460 0.744063
vt 0.368208 0.747235
vt 0.366758 0.746769
vt 0.366961 0.745680
vt 0.369272 0.748685
vt 0.366579 0.747768
vt 0.365412 0.746041
vt 0.366302 0.746456
vt 0.365865 0.744207
vt 0.467477 0.513371
vt 0.451184 0.491977
vt 0.458009 0.525163
vt 0.441677 0.500495
vt 0.427795 0.487614
vt 0.433935 0.474896
vt 0.503030 0.548642
vt 0.483966 0.533289
vt 0.493730 0.563309
vt 0.478561 0.549219
vt 0.334241 0.416548
vt 0.314455 0.412824
vt 0.315384 0.402187
vt 0.336140 0.407222
vt 0.293039 0.411668
vt 0.293039 0.400375
vt 0.369841 0.424682
vt 0.353537 0.414807
vt 0.366327 0.432356
vt 0.350794 0.423132
vt 0.420782 0.461647
vt 0.432060 0.454927
vt 0.414352 0.471810
vt 0.399811 0.457875
vt 0.405736 0.450135
vt 0.307964 0.589389
vt 0.293039 0.590494
vt 0.441798 0.355924
vt 0.441459 0.376574
vt 0.332248 0.139195
vt 0.319687 0.137125
vt 0.306877 0.134976
vt 0.293039 0.133915
vt 0.403816 0.304463
vt 0.377615 0.137460
vt 0.393849 0.154157
vt 0.406724 0.174841
vt 0.416214 0.197323
vt 0.422880 0.219212
vt 0.427720 0.241177
vt 0.431371 0.264051
vt 0.437248 0.397686
vt 0.436766 0.414053
vt 0.395912 0.512460
vt 0.399372 0.497483
vt 0.394214 0.527295
vt 0.369037 0.579108
vt 0.384716 0.558006
vt 0.362236 0.441660
vt 0.377995 0.452970
vt 0.383204 0.444287
vt 0.393365 0.467222
vt 0.885876 0.265699
vt 0.887179 0.280309
vt 0.883789 0.283784
vt 0.892927 0.279070
vt 0.890382 0.286327
vt 0.887177 0.287379
vt 0.884835 0.287768
vt 0.481179 0.580693
vt 0.468466 0.567850
vt 0.452362 0.545475
vt 0.313584 0.424706
vt 0.332226 0.427530
vt 0.293039 0.423997
vt 0.347709 0.433226
vt 0.418878 0.497435
vt 0.406301 0.483498
vt 0.387652 0.437122
vt 0.066047 0.763765
vt 0.079307 0.761084
vt 0.000324 0.751616
vt 0.012661 0.749333
vt 0.044549 0.759798
vt 0.054624 0.762781
vt 0.032396 0.757018
vt 0.705269 0.535175
vt 0.703816 0.527155
vt 0.706956 0.510541
vt 0.706828 0.528040
vt 0.714614 0.525630
vt 0.715711 0.533041
vt 0.712168 0.526626
vt 0.711804 0.535114
vt 0.709451 0.528168
vt 0.709368 0.535899
vt 0.801749 0.852712
vt 0.793451 0.873385
vt 0.777719 0.863174
vt 0.781436 0.835794
vt 0.779044 0.885258
vt 0.767901 0.870758
vt 0.765180 0.864276
vt 0.766847 0.857383
vt 0.765139 0.831695
vt 0.763480 0.890154
vt 0.760510 0.872054
vt 0.748743 0.889880
vt 0.753211 0.871228
vt 0.754351 0.865182
vt 0.759717 0.864250
vt 0.732663 0.883215
vt 0.742790 0.867020
vt 0.713473 0.862257
vt 0.731160 0.842093
vt 0.743167 0.834462
vt 0.750365 0.859467
vt 0.298213 0.771535
vt 0.266797 0.773904
vt 0.250347 0.773871
vt 0.258772 0.773682
vt 0.305557 0.771301
vt 0.238580 0.774424
vt 0.228309 0.776303
vt 0.275476 0.760665
vt 0.286627 0.756856
vt 0.301238 0.749333
vt 0.258922 0.760148
vt 0.266000 0.761349
vt 0.232028 0.753210
vt 0.249738 0.757759
vt 0.309293 0.752095
vt 0.220591 0.757724
vt 0.913451 0.289306
vt 0.900426 0.281423
vt 0.903096 0.301068
vt 0.894578 0.290472
vt 0.889824 0.305955
vt 0.887899 0.293061
vt 0.878780 0.305371
vt 0.882996 0.291894
vt 0.867187 0.298863
vt 0.877442 0.287304
vt 0.849561 0.008427
vt 0.850623 0.000324
vt 0.851485 0.006171
vt 0.850809 0.011473
vt 0.853935 0.006536
vt 0.853838 0.009541
vt 0.855243 0.018850
vt 0.853516 0.018347
vt 0.852533 0.020774
vt 0.842913 0.274111
vt 0.843702 0.245619
vt 0.930639 0.264963
vt 0.923941 0.236221
vt 0.883666 0.244272
vt 0.843846 0.021299
vt 0.846390 0.026002
vt 0.863411 0.020964
vt 0.865050 0.018013
vt 0.861843 0.028151
vt 0.859577 0.036956
vt 0.857068 0.040896
vt 0.854191 0.039872
vt 0.850081 0.033000
vt 0.364084 0.681636
vt 0.375521 0.687172
vt 0.348442 0.672640
vt 0.293040 0.701615
vt 0.293040 0.678682
vt 0.311661 0.682446
vt 0.315574 0.695287
vt 0.311949 0.666796
vt 0.316653 0.659105
vt 0.323933 0.657205
vt 0.335779 0.662328
vt 0.366509 0.735745
vt 0.364880 0.734861
vt 0.367913 0.736219
vt 0.369364 0.745302
vt 0.368956 0.746563
vt 0.360576 0.739329
vt 0.359459 0.739672
vt 0.361330 0.737923
vt 0.365726 0.748170
vt 0.364162 0.747010
vt 0.361802 0.736543
vt 0.362213 0.735078
vt 0.363501 0.734759
vt 0.397078 0.608984
vt 0.395578 0.589797
vt 0.393951 0.565416
vt 0.928346 0.528481
vt 0.932940 0.527420
vt 0.923969 0.528091
vt 0.925777 0.523365
vt 0.929041 0.522830
vt 0.932157 0.522799
vt 0.309684 0.486296
vt 0.325733 0.487109
vt 0.293039 0.486402
vt 0.359127 0.496827
vt 0.342364 0.490373
vt 0.384503 0.520950
vt 0.373629 0.506625
vt 0.391165 0.541060
vt 0.991374 0.444959
vt 0.985643 0.441131
vt 0.410201 0.641922
vt 0.401136 0.634892
vt 0.395983 0.624166
vt 0.978755 0.438126
vt 0.397770 0.616662
vt 0.404000 0.615428
vt 0.973717 0.437351
vt 0.969678 0.438504
vt 0.412452 0.622444
vt 0.418210 0.632834
vt 0.963441 0.441779
vt 0.956786 0.445152
vt 0.427170 0.649363
vt 0.416643 0.640229
vt 0.995424 0.445584
vt 0.952025 0.444891
vt 0.980196 0.317959
vt 0.985636 0.315608
vt 0.992652 0.311374
vt 0.970351 0.317657
vt 0.974968 0.318281
vt 0.954970 0.306603
vt 0.965338 0.315754
vt 0.999676 0.306603
vt 0.948313 0.306627
vt 0.914765 0.513495
vt 0.919049 0.523173
vt 0.922729 0.510554
vt 0.924126 0.517946
vt 0.929884 0.510541
vt 0.929782 0.516806
vt 0.936226 0.511256
vt 0.934592 0.518169
vt 0.943316 0.513997
vt 0.938522 0.523023
vt 0.903587 0.764497
vt 0.903324 0.768269
vt 0.900848 0.775938
vt 0.902599 0.767771
vt 0.899735 0.767936
vt 0.900297 0.764401
vt 0.900753 0.767731
vt 0.901530 0.763988
vt 0.901556 0.767434
vt 0.902516 0.764015
vt 0.907747 0.747041
vt 0.906992 0.746393
vt 0.900779 0.745945
vt 0.899753 0.746192
vt 0.901916 0.746250
vt 0.902966 0.745824
vt 0.903762 0.746149
vt 0.904836 0.745930
vt 0.905956 0.746476
vt 0.653316 0.471457
vt 0.651442 0.450406
vt 0.586403 0.456100
vt 0.587173 0.414889
vt 0.603711 0.416188
vt 0.714010 0.439602
vt 0.689375 0.403462
vt 0.704733 0.400069
vt 0.677508 0.353078
vt 0.690665 0.349086
vt 0.588066 0.361772
vt 0.602389 0.361813
vt 0.675744 0.404978
vt 0.662093 0.407360
vt 0.654577 0.358525
vt 0.666570 0.355893
vt 0.647038 0.411209
vt 0.633310 0.414638
vt 0.628080 0.362865
vt 0.640851 0.361248
vt 0.619593 0.416004
vt 0.615641 0.362574
vt 0.588479 0.307963
vt 0.600600 0.307510
vt 0.665682 0.301345
vt 0.676733 0.297292
vt 0.654562 0.248564
vt 0.663983 0.245307
vt 0.587913 0.254364
vt 0.598127 0.254079
vt 0.656319 0.304396
vt 0.645743 0.306877
vt 0.636886 0.253806
vt 0.646203 0.251352
vt 0.633924 0.308829
vt 0.623025 0.309478
vt 0.617913 0.256314
vt 0.626999 0.255737
vt 0.612067 0.308497
vt 0.608203 0.255235
vt 0.586750 0.199033
vt 0.595502 0.199347
vt 0.643693 0.193917
vt 0.651852 0.191370
vt 0.631406 0.133594
vt 0.637963 0.131570
vt 0.586403 0.137605
vt 0.593433 0.138544
vt 0.636444 0.196570
vt 0.628472 0.199268
vt 0.619507 0.138967
vt 0.625737 0.136134
vt 0.620301 0.201509
vt 0.612698 0.202236
vt 0.607155 0.142101
vt 0.613155 0.141344
vt 0.604259 0.200979
vt 0.600385 0.140634
vt 0.588298 0.070172
vt 0.592721 0.072020
vt 0.616743 0.068656
vt 0.620657 0.066446
vt 0.613035 0.069712
vt 0.609291 0.072716
vt 0.605262 0.073629
vt 0.601505 0.075032
vt 0.597064 0.072924
vt 0.757757 0.855884
vt 0.753132 0.831723
vt 0.698882 0.858407
vt 0.699347 0.809417
vt 0.712029 0.807377
vt 0.810713 0.841994
vt 0.788248 0.796880
vt 0.798027 0.795523
vt 0.776310 0.754841
vt 0.785002 0.754234
vt 0.700576 0.766051
vt 0.711539 0.763848
vt 0.773885 0.794126
vt 0.758698 0.791748
vt 0.749798 0.751211
vt 0.763216 0.752983
vt 0.746754 0.791478
vt 0.737009 0.794340
vt 0.733739 0.753189
vt 0.740947 0.750871
vt 0.725634 0.800561
vt 0.723847 0.758391
vt 0.700632 0.739825
vt 0.711028 0.738599
vt 0.769777 0.729696
vt 0.777822 0.729009
vt 0.765855 0.706614
vt 0.772808 0.705525
vt 0.698882 0.715767
vt 0.708047 0.716081
vt 0.757244 0.730088
vt 0.745259 0.730579
vt 0.742836 0.711953
vt 0.754177 0.709229
vt 0.738095 0.731116
vt 0.732217 0.732571
vt 0.729698 0.714254
vt 0.735878 0.713473
vt 0.723002 0.735481
vt 0.719798 0.715225
vt 0.700189 0.678510
vt 0.707099 0.679779
vt 0.756126 0.671000
vt 0.761373 0.669885
vt 0.741351 0.622673
vt 0.744819 0.622043
vt 0.702684 0.628118
vt 0.707175 0.629264
vt 0.746793 0.674445
vt 0.737045 0.678259
vt 0.728111 0.628688
vt 0.734878 0.625479
vt 0.731195 0.680131
vt 0.725874 0.680586
vt 0.720633 0.630410
vt 0.724272 0.630188
vt 0.716949 0.680458
vt 0.714118 0.630077
vt 0.703200 0.570656
vt 0.705886 0.572170
vt 0.725946 0.568047
vt 0.727864 0.567020
vt 0.722049 0.569085
vt 0.718277 0.571873
vt 0.715917 0.572127
vt 0.713832 0.573012
vt 0.709878 0.572013
vt 0.079645 0.150368
vt 0.064284 0.188169
vt 0.038655 0.181116
vt 0.055964 0.138867
vt 0.010171 0.173012
vt 0.028772 0.125186
vt 0.030474 0.227156
vt 0.000324 0.224594
vt 0.058060 0.228812
vt 0.820900 0.602189
vt 0.820547 0.636383
vt 0.812676 0.638637
vt 0.811989 0.604222
vt 0.884648 0.613292
vt 0.875624 0.646637
vt 0.867897 0.645045
vt 0.875974 0.611909
vt 0.866190 0.681740
vt 0.859587 0.680457
vt 0.819748 0.672696
vt 0.813093 0.674963
vt 0.859943 0.641210
vt 0.866355 0.608476
vt 0.852176 0.636633
vt 0.856997 0.604072
vt 0.852935 0.676776
vt 0.846540 0.672371
vt 0.844878 0.633284
vt 0.848793 0.600510
vt 0.837158 0.632127
vt 0.840268 0.598950
vt 0.840468 0.669213
vt 0.833872 0.668198
vt 0.828855 0.633645
vt 0.830713 0.599961
vt 0.826754 0.669831
vt 0.851329 0.719358
vt 0.845761 0.715619
vt 0.840467 0.711097
vt 0.838182 0.754784
vt 0.834082 0.748766
vt 0.842312 0.760046
vt 0.830054 0.707190
vt 0.823879 0.709138
vt 0.817894 0.712295
vt 0.820763 0.748771
vt 0.815551 0.753610
vt 0.826050 0.745172
vt 0.282302 0.551545
vt 0.280108 0.537374
vt 0.272348 0.554635
vt 0.268039 0.540648
vt 0.283840 0.563373
vt 0.276382 0.563342
vt 0.534688 0.759416
vt 0.533379 0.776793
vt 0.529362 0.778372
vt 0.530041 0.761606
vt 0.524882 0.779705
vt 0.524864 0.763426
vt 0.535789 0.823607
vt 0.531275 0.824797
vt 0.520864 0.780276
vt 0.526266 0.825803
vt 0.521502 0.826370
vt 0.520636 0.764038
vt 0.517321 0.779695
vt 0.516936 0.763243
vt 0.513305 0.777867
vt 0.517255 0.826039
vt 0.512691 0.824575
vt 0.512178 0.761026
vt 0.508784 0.776199
vt 0.507023 0.759073
vt 0.536944 0.775695
vt 0.540101 0.822514
vt 0.507648 0.823168
vt 0.504639 0.776174
vt 0.502905 0.759359
vt 0.538349 0.758655
vt 0.502756 0.823004
vt 0.532323 0.865536
vt 0.527058 0.865156
vt 0.866595 0.991002
vt 0.874282 0.941172
vt 0.894314 0.940056
vt 0.886715 0.985991
vt 0.908858 0.939486
vt 0.907008 0.982803
vt 0.898168 0.891795
vt 0.910886 0.892954
vt 0.884110 0.891562
vt 0.270258 0.312426
vt 0.275204 0.298362
vt 0.248437 0.318077
vt 0.255343 0.301570
vt 0.267032 0.327386
vt 0.243491 0.333364
vt 0.537333 0.866357
vt 0.521825 0.865325
vt 0.517183 0.865510
vt 0.512420 0.865472
vt 0.542002 0.865712
vt 0.506746 0.865991
vt 0.501365 0.866215
vt 0.146858 0.888218
vt 0.132271 0.895572
vt 0.140660 0.823099
vt 0.151749 0.818314
vt 0.982320 0.245716
vt 0.972675 0.205608
vt 0.977137 0.204686
vt 0.987584 0.240895
vt 0.931287 0.248227
vt 0.933192 0.209826
vt 0.938190 0.207542
vt 0.937179 0.255392
vt 0.932774 0.163332
vt 0.936659 0.161751
vt 0.963794 0.160078
vt 0.967111 0.159488
vt 0.944341 0.202991
vt 0.945710 0.236016
vt 0.949716 0.200875
vt 0.952968 0.231422
vt 0.941675 0.159348
vt 0.946124 0.157403
vt 0.954487 0.199986
vt 0.958213 0.230544
vt 0.960141 0.201314
vt 0.964082 0.232040
vt 0.949489 0.156790
vt 0.953633 0.157422
vt 0.966358 0.202995
vt 0.972454 0.235826
vt 0.958893 0.158944
vt 0.954342 0.111502
vt 0.956613 0.111006
vt 0.932180 0.113702
vt 0.934988 0.112963
vt 0.931859 0.066646
vt 0.933637 0.066342
vt 0.945172 0.065433
vt 0.946599 0.065058
vt 0.938635 0.111959
vt 0.941917 0.111141
vt 0.935807 0.066029
vt 0.937733 0.065800
vt 0.944241 0.110804
vt 0.947149 0.110888
vt 0.939201 0.065662
vt 0.941011 0.065579
vt 0.950937 0.111275
vt 0.943230 0.065542
vt 0.235663 0.688431
vt 0.231278 0.706014
vt 0.228090 0.706379
vt 0.228015 0.690672
vt 0.225573 0.705546
vt 0.222746 0.689690
vt 0.223558 0.721939
vt 0.221483 0.721979
vt 0.225785 0.721385
vt 0.255714 0.699515
vt 0.242007 0.712589
vt 0.241452 0.709875
vt 0.256634 0.693150
vt 0.240352 0.706535
vt 0.255625 0.685376
vt 0.232278 0.725882
vt 0.231291 0.723920
vt 0.233358 0.727086
vt 0.239042 0.704147
vt 0.253189 0.680598
vt 0.237000 0.703380
vt 0.248864 0.679798
vt 0.230585 0.721996
vt 0.229528 0.720767
vt 0.234030 0.704439
vt 0.242195 0.683347
vt 0.227647 0.720705
vt 0.264372 0.560444
vt 0.257536 0.546544
vt 0.257739 0.567590
vt 0.248771 0.554439
vt 0.272963 0.569804
vt 0.268322 0.576998
vt 0.235891 0.577746
vt 0.241283 0.564388
vt 0.251572 0.575990
vt 0.246908 0.581935
vt 0.263097 0.584774
vt 0.257575 0.594245
vt 0.235253 0.609995
vt 0.234385 0.593474
vt 0.245564 0.599580
vt 0.247953 0.612788
vt 0.258853 0.602263
vt 0.261938 0.612049
vt 0.115722 0.932790
vt 0.121053 0.901852
vt 0.128479 0.924965
vt 0.146500 0.919829
vt 0.132524 0.826944
vt 0.160884 0.884700
vt 0.163328 0.816243
vt 0.161505 0.913694
vt 0.171133 0.886939
vt 0.171955 0.916542
vt 0.181907 0.893858
vt 0.171997 0.817789
vt 0.179312 0.822628
vt 0.185554 0.919353
vt 0.195389 0.901677
vt 0.202882 0.931572
vt 0.112444 0.900248
vt 0.124777 0.826690
vt 0.189696 0.828056
vt 0.207111 0.905283
vt 0.217026 0.932790
vt 0.105725 0.929472
vt 0.200179 0.831146
vt 0.145846 0.773093
vt 0.157133 0.773874
vt 0.889413 0.547301
vt 0.882879 0.579722
vt 0.870761 0.578442
vt 0.872315 0.553654
vt 0.860155 0.575658
vt 0.861693 0.553673
vt 0.847465 0.547407
vt 0.844020 0.569653
vt 0.833744 0.568895
vt 0.838664 0.543936
vt 0.821983 0.569103
vt 0.824025 0.536350
vt 0.812457 0.714691
vt 0.856747 0.720364
vt 0.846271 0.761431
vt 0.811361 0.756733
vt 0.835557 0.707987
vt 0.830328 0.745223
vt 0.864895 0.327051
vt 0.868087 0.362682
vt 0.857121 0.364106
vt 0.849877 0.329789
vt 0.947243 0.330550
vt 0.943678 0.365811
vt 0.934132 0.362245
vt 0.942255 0.306603
vt 0.943269 0.416230
vt 0.933729 0.413991
vt 0.868313 0.413757
vt 0.857715 0.414322
vt 0.925254 0.358358
vt 0.929990 0.311248
vt 0.913761 0.353479
vt 0.917026 0.314656
vt 0.923438 0.409430
vt 0.911882 0.404767
vt 0.901399 0.351296
vt 0.902157 0.312906
vt 0.890377 0.352407
vt 0.889959 0.313060
vt 0.899891 0.403459
vt 0.889340 0.405716
vt 0.879294 0.358390
vt 0.877845 0.322529
vt 0.878792 0.410351
vt 0.923047 0.463441
vt 0.911064 0.460217
vt 0.863532 0.467741
vt 0.852030 0.467002
vt 0.898190 0.459992
vt 0.886654 0.462336
vt 0.933297 0.467465
vt 0.875680 0.465542
vt 0.943466 0.468824
vt 0.947666 0.506528
vt 0.936587 0.502777
vt 0.278761 0.519233
vt 0.278030 0.500128
vt 0.265017 0.521893
vt 0.263039 0.501611
vt 0.278073 0.611316
vt 0.276431 0.603345
vt 0.275390 0.597936
vt 0.282898 0.573083
vt 0.280592 0.581484
vt 0.126511 0.336054
vt 0.123385 0.361480
vt 0.101520 0.365293
vt 0.102161 0.332524
vt 0.076987 0.368781
vt 0.073885 0.327965
vt 0.104973 0.393340
vt 0.083129 0.402493
vt 0.124553 0.384758
vt 0.048427 0.374484
vt 0.043056 0.331607
vt 0.015981 0.380404
vt 0.011717 0.336269
vt 0.055940 0.412510
vt 0.023388 0.422218
vt 0.227827 0.326356
vt 0.234563 0.309650
vt 0.206954 0.335062
vt 0.212724 0.318261
vt 0.222877 0.341887
vt 0.202977 0.351181
vt 0.168788 0.332051
vt 0.190569 0.325939
vt 0.186352 0.342769
vt 0.165464 0.349463
vt 0.184132 0.360092
vt 0.164981 0.368502
vt 0.927121 0.939100
vt 0.929126 0.979179
vt 0.945327 0.940648
vt 0.951918 0.977978
vt 0.927063 0.895412
vt 0.943700 0.898343
vt 0.961097 0.942440
vt 0.976090 0.982420
vt 0.811361 0.965211
vt 0.824824 0.924236
vt 0.839755 0.934657
vt 0.823736 0.983450
vt 0.837753 0.885041
vt 0.850024 0.888783
vt 0.958128 0.901034
vt 0.855607 0.938728
vt 0.843310 0.988365
vt 0.865906 0.890668
vt 0.195297 0.096525
vt 0.204062 0.083651
vt 0.224754 0.098941
vt 0.207746 0.106484
vt 0.237147 0.112143
vt 0.219221 0.117428
vt 0.242285 0.091189
vt 0.253355 0.108458
vt 0.222830 0.066645
vt 0.252878 0.049729
vt 0.265061 0.082587
vt 0.271741 0.103846
vt 0.233506 0.134870
vt 0.227238 0.126644
vt 0.244304 0.122232
vt 0.249282 0.130820
vt 0.259149 0.119654
vt 0.262942 0.128437
vt 0.275096 0.116411
vt 0.277255 0.125745
vt 0.245260 0.151150
vt 0.258231 0.147708
vt 0.262519 0.156669
vt 0.251574 0.159982
vt 0.266089 0.165216
vt 0.257205 0.168221
vt 0.272237 0.155163
vt 0.274447 0.164062
vt 0.269515 0.145994
vt 0.280884 0.144333
vt 0.282241 0.153857
vt 0.283341 0.163187
vt 0.268444 0.172619
vt 0.261382 0.174800
vt 0.269710 0.179489
vt 0.264348 0.179412
vt 0.276038 0.172223
vt 0.277001 0.180003
vt 0.284223 0.171995
vt 0.284816 0.180351
vt 0.106904 0.278521
vt 0.121384 0.283541
vt 0.114016 0.305858
vt 0.095033 0.292325
vt 0.133200 0.309951
vt 0.138442 0.286585
vt 0.268032 0.639621
vt 0.266314 0.624659
vt 0.280144 0.623827
vt 0.278725 0.640573
vt 0.151780 0.287042
vt 0.149313 0.310200
vt 0.147820 0.335752
vt 0.165138 0.308268
vt 0.163595 0.286231
vt 0.191333 0.281737
vt 0.207159 0.277467
vt 0.218263 0.293004
vt 0.200199 0.299237
vt 0.234294 0.285296
vt 0.222549 0.272166
vt 0.235777 0.266567
vt 0.245627 0.275517
vt 0.260293 0.282464
vt 0.252742 0.265997
vt 0.264394 0.269994
vt 0.244488 0.262549
vt 0.276417 0.285193
vt 0.277990 0.272723
vt 0.177966 0.107003
vt 0.168873 0.092830
vt 0.193949 0.081644
vt 0.158262 0.073997
vt 0.186983 0.059284
vt 0.144596 0.108466
vt 0.130168 0.092433
vt 0.158067 0.122392
vt 0.141558 0.050092
vt 0.172162 0.031072
vt 0.120257 0.022323
vt 0.151317 0.000324
vt 0.111278 0.072437
vt 0.088482 0.048591
vt 0.137953 0.143276
vt 0.120473 0.130993
vt 0.102634 0.117959
vt 0.100383 0.160155
vt 0.121092 0.169757
vt 0.081240 0.102123
vt 0.056197 0.083009
vt 0.109835 0.200349
vt 0.087360 0.194318
vt 0.082749 0.229735
vt 0.105231 0.231314
vt 0.104694 0.259030
vt 0.084683 0.263502
vt 0.060395 0.272000
vt 0.032646 0.276494
vt 0.001799 0.279549
vt 0.285063 0.188630
vt 0.277364 0.188015
vt 0.284997 0.197630
vt 0.277160 0.196967
vt 0.269805 0.186901
vt 0.262459 0.184787
vt 0.269226 0.195771
vt 0.260266 0.193720
vt 0.284665 0.208138
vt 0.276400 0.207583
vt 0.284017 0.220075
vt 0.275064 0.219612
vt 0.267771 0.206680
vt 0.257405 0.205531
vt 0.265666 0.219017
vt 0.254149 0.218985
vt 0.283084 0.233031
vt 0.273162 0.232590
vt 0.281766 0.246483
vt 0.270743 0.245799
vt 0.262736 0.232061
vt 0.250468 0.232353
vt 0.259519 0.244897
vt 0.247110 0.244731
vt 0.279972 0.259763
vt 0.267850 0.258201
vt 0.256582 0.256189
vt 0.245161 0.255124
vt 0.255434 0.180664
vt 0.247980 0.174798
vt 0.249890 0.190272
vt 0.238590 0.185484
vt 0.239387 0.167159
vt 0.230545 0.158854
vt 0.226765 0.179219
vt 0.215509 0.172190
vt 0.239323 0.142909
vt 0.222751 0.151299
vt 0.215650 0.144319
vt 0.206383 0.165653
vt 0.199075 0.159820
vt 0.200150 0.129469
vt 0.189391 0.118934
vt 0.172354 0.135916
vt 0.184101 0.146870
vt 0.243924 0.204113
vt 0.228610 0.201762
vt 0.238578 0.219906
vt 0.220045 0.220293
vt 0.214223 0.197599
vt 0.201350 0.192832
vt 0.207195 0.214474
vt 0.192057 0.216177
vt 0.192100 0.186863
vt 0.185383 0.180734
vt 0.181739 0.210488
vt 0.175532 0.203745
vt 0.170797 0.167381
vt 0.156247 0.156199
vt 0.142743 0.180317
vt 0.160325 0.190102
vt 0.234969 0.233679
vt 0.220083 0.232552
vt 0.232402 0.245824
vt 0.215079 0.244210
vt 0.184230 0.231448
vt 0.175964 0.230620
vt 0.169369 0.224957
vt 0.173695 0.248799
vt 0.165688 0.245054
vt 0.185095 0.247733
vt 0.152612 0.213648
vt 0.133409 0.207146
vt 0.127694 0.234444
vt 0.147001 0.237823
vt 0.232202 0.256757
vt 0.217412 0.259872
vt 0.201756 0.263442
vt 0.200084 0.249315
vt 0.186557 0.266132
vt 0.174062 0.266628
vt 0.163909 0.265400
vt 0.176696 0.284603
vt 0.142531 0.262572
vt 0.124461 0.260283
vt 0.916347 0.853285
vt 0.931291 0.856740
vt 0.947189 0.860459
vt 0.938059 0.818903
vt 0.963012 0.825437
vt 0.922120 0.818309
vt 0.853513 0.816820
vt 0.855088 0.849042
vt 0.841667 0.846771
vt 0.836223 0.817270
vt 0.976090 0.838084
vt 0.962402 0.863810
vt 0.873474 0.851465
vt 0.891347 0.852099
vt 0.879696 0.822729
vt 0.898296 0.823636
vt 0.904256 0.852009
vt 0.910479 0.823281
vt 0.771796 0.003487
vt 0.773816 0.021664
vt 0.764601 0.030000
vt 0.749961 0.013839
vt 0.752931 0.051235
vt 0.733403 0.043532
vt 0.775440 0.036548
vt 0.768830 0.055915
vt 0.778576 0.027697
vt 0.721981 0.481012
vt 0.723920 0.488881
vt 0.724756 0.509893
vt 0.720362 0.490484
vt 0.733727 0.492057
vt 0.730654 0.490348
vt 0.734296 0.482842
vt 0.727401 0.488402
vt 0.730412 0.480394
vt 0.726475 0.479036
vt 0.826631 0.059667
vt 0.809480 0.063245
vt 0.798332 0.037401
vt 0.820894 0.026562
vt 0.789720 0.023107
vt 0.806135 0.006965
vt 0.788893 0.039833
vt 0.786792 0.027789
vt 0.791936 0.062730
vt 0.782843 0.022241
vt 0.789656 0.000324
vt 0.782371 0.027241
vt 0.103793 0.454793
vt 0.092883 0.430327
vt 0.113164 0.417138
vt 0.121714 0.437844
vt 0.130725 0.406150
vt 0.139429 0.424470
vt 0.067056 0.445303
vt 0.035324 0.459878
vt 0.079719 0.473646
vt 0.049896 0.491865
vt 0.267393 0.344186
vt 0.243703 0.349555
vt 0.269264 0.361012
vt 0.246548 0.366198
vt 0.222694 0.357827
vt 0.203209 0.368078
vt 0.225759 0.374495
vt 0.206765 0.385638
vt 0.185665 0.379443
vt 0.167931 0.390063
vt 0.189351 0.398896
vt 0.167610 0.411668
vt 0.130048 0.456892
vt 0.112201 0.476870
vt 0.133746 0.476040
vt 0.117572 0.496754
vt 0.141802 0.437305
vt 0.138235 0.461959
vt 0.090471 0.497261
vt 0.063733 0.516467
vt 0.098238 0.516744
vt 0.074716 0.534428
vt 0.269840 0.376348
vt 0.247750 0.382113
vt 0.270022 0.390598
vt 0.248519 0.396606
vt 0.228064 0.390716
vt 0.210033 0.401949
vt 0.230211 0.405022
vt 0.213169 0.415554
vt 0.192241 0.415308
vt 0.171871 0.425745
vt 0.194570 0.428551
vt 0.165406 0.442758
vt 0.147337 0.553464
vt 0.163702 0.539895
vt 0.173433 0.561134
vt 0.161064 0.586624
vt 0.182945 0.577563
vt 0.177705 0.604068
vt 0.182909 0.535236
vt 0.187407 0.551317
vt 0.172259 0.515984
vt 0.119890 0.599792
vt 0.131752 0.587180
vt 0.148507 0.606072
vt 0.135650 0.619660
vt 0.163890 0.619617
vt 0.150993 0.639295
vt 0.273483 0.456155
vt 0.273137 0.439117
vt 0.256089 0.457363
vt 0.255373 0.441198
vt 0.274330 0.472609
vt 0.257402 0.473106
vt 0.226440 0.453534
vt 0.240487 0.445979
vt 0.240855 0.461336
vt 0.226141 0.468241
vt 0.241321 0.476660
vt 0.225414 0.483324
vt 0.197707 0.478824
vt 0.211654 0.464155
vt 0.211775 0.478350
vt 0.199303 0.493035
vt 0.211039 0.493246
vt 0.199597 0.507668
vt 0.200672 0.581088
vt 0.217469 0.598784
vt 0.216583 0.617903
vt 0.199943 0.602938
vt 0.211423 0.638153
vt 0.195295 0.623413
vt 0.235376 0.627757
vt 0.233005 0.652485
vt 0.197316 0.658255
vt 0.185872 0.643950
vt 0.178410 0.674007
vt 0.169679 0.661718
vt 0.212044 0.672958
vt 0.190005 0.691309
vt 0.251576 0.527066
vt 0.247020 0.505280
vt 0.239108 0.534873
vt 0.230982 0.512132
vt 0.206494 0.537383
vt 0.217074 0.522434
vt 0.228217 0.545456
vt 0.219995 0.560250
vt 0.251360 0.627653
vt 0.253123 0.644412
vt 0.218619 0.744063
vt 0.219118 0.745680
vt 0.219322 0.746769
vt 0.217872 0.747235
vt 0.219500 0.747768
vt 0.216808 0.748685
vt 0.219778 0.746456
vt 0.220667 0.746042
vt 0.220214 0.744207
vt 0.134894 0.491977
vt 0.118602 0.513371
vt 0.144402 0.500495
vt 0.128070 0.525163
vt 0.152144 0.474896
vt 0.158284 0.487614
vt 0.102113 0.533290
vt 0.083049 0.548642
vt 0.107518 0.549219
vt 0.092349 0.563310
vt 0.251838 0.416548
vt 0.249939 0.407222
vt 0.270695 0.402187
vt 0.271624 0.412824
vt 0.232542 0.414807
vt 0.216238 0.424682
vt 0.235284 0.423132
vt 0.219752 0.432356
vt 0.154018 0.454927
vt 0.165296 0.461647
vt 0.171726 0.471810
vt 0.180343 0.450135
vt 0.186268 0.457875
vt 0.278115 0.589389
vt 0.144281 0.355924
vt 0.144620 0.376574
vt 0.253831 0.139195
vt 0.266392 0.137125
vt 0.279202 0.134976
vt 0.182263 0.304464
vt 0.208464 0.137460
vt 0.192229 0.154157
vt 0.179355 0.174841
vt 0.169865 0.197323
vt 0.163199 0.219212
vt 0.158359 0.241177
vt 0.154708 0.264051
vt 0.148830 0.397686
vt 0.149312 0.414053
vt 0.186707 0.497483
vt 0.190167 0.512460
vt 0.191865 0.527295
vt 0.201363 0.558006
vt 0.217042 0.579108
vt 0.208084 0.452970
vt 0.223843 0.441660
vt 0.202874 0.444287
vt 0.192714 0.467222
vt 0.852237 0.532712
vt 0.855627 0.536187
vt 0.854324 0.550797
vt 0.861375 0.537426
vt 0.855625 0.529117
vt 0.858830 0.530169
vt 0.853283 0.528728
vt 0.117613 0.567850
vt 0.104900 0.580693
vt 0.133717 0.545475
vt 0.253853 0.427530
vt 0.272495 0.424706
vt 0.238370 0.433226
vt 0.179778 0.483498
vt 0.167201 0.497435
vt 0.198427 0.437122
vt 0.921896 0.494776
vt 0.908636 0.492096
vt 0.855250 0.506528
vt 0.842913 0.504245
vt 0.897212 0.493080
vt 0.887138 0.496062
vt 0.874985 0.498843
vt 0.592790 0.865520
vt 0.594349 0.872655
vt 0.594477 0.890154
vt 0.591337 0.873540
vt 0.602135 0.875065
vt 0.599689 0.874069
vt 0.603232 0.867654
vt 0.596972 0.872527
vt 0.599324 0.865581
vt 0.596889 0.864796
vt 0.689270 0.547983
vt 0.668957 0.564901
vt 0.665240 0.537521
vt 0.680972 0.527310
vt 0.655422 0.529937
vt 0.666565 0.515437
vt 0.654368 0.543312
vt 0.652701 0.536419
vt 0.652660 0.569000
vt 0.648031 0.528641
vt 0.651001 0.510541
vt 0.640732 0.529467
vt 0.636264 0.510815
vt 0.647238 0.536445
vt 0.641872 0.535513
vt 0.630311 0.533675
vt 0.620184 0.517480
vt 0.618681 0.558602
vt 0.600994 0.538438
vt 0.637885 0.541228
vt 0.630688 0.566233
vt 0.136488 0.771535
vt 0.167904 0.773904
vt 0.175929 0.773682
vt 0.184354 0.773871
vt 0.129144 0.771301
vt 0.196121 0.774424
vt 0.206392 0.776303
vt 0.148074 0.756856
vt 0.159225 0.760665
vt 0.133463 0.749333
vt 0.168701 0.761349
vt 0.175779 0.760148
vt 0.184962 0.757759
vt 0.202672 0.753210
vt 0.125407 0.752095
vt 0.214110 0.757724
vt 0.868874 0.535073
vt 0.881899 0.527190
vt 0.863026 0.526024
vt 0.871544 0.515428
vt 0.856347 0.523435
vt 0.858272 0.510541
vt 0.851444 0.524602
vt 0.847228 0.511125
vt 0.845890 0.529192
vt 0.835635 0.517633
vt 0.818009 0.808069
vt 0.819257 0.805023
vt 0.819933 0.810325
vt 0.819071 0.816172
vt 0.822286 0.806955
vt 0.822383 0.809960
vt 0.821964 0.798149
vt 0.823691 0.797646
vt 0.820981 0.795722
vt 0.812150 0.570877
vt 0.811361 0.542385
vt 0.899087 0.551533
vt 0.892389 0.580275
vt 0.852114 0.572224
vt 0.814838 0.790494
vt 0.812294 0.795197
vt 0.833498 0.798483
vt 0.831859 0.795532
vt 0.830291 0.788345
vt 0.828025 0.779541
vt 0.825516 0.775600
vt 0.822639 0.776624
vt 0.818529 0.783496
vt 0.210559 0.687172
vt 0.221995 0.681636
vt 0.237638 0.672640
vt 0.270505 0.695287
vt 0.274418 0.682446
vt 0.274130 0.666796
vt 0.269426 0.659105
vt 0.262146 0.657205
vt 0.250300 0.662328
vt 0.221199 0.734862
vt 0.219570 0.735745
vt 0.218167 0.736219
vt 0.217123 0.746564
vt 0.216716 0.745302
vt 0.226621 0.739672
vt 0.225503 0.739329
vt 0.224749 0.737923
vt 0.220353 0.748171
vt 0.221917 0.747010
vt 0.224277 0.736543
vt 0.223866 0.735078
vt 0.222578 0.734759
vt 0.190501 0.589797
vt 0.189001 0.608984
vt 0.192128 0.565416
vt 0.964492 0.248843
vt 0.959898 0.247781
vt 0.955521 0.248171
vt 0.960593 0.253432
vt 0.957329 0.252897
vt 0.963709 0.253463
vt 0.260346 0.487109
vt 0.276395 0.486296
vt 0.243715 0.490373
vt 0.226952 0.496827
vt 0.212450 0.506625
vt 0.201576 0.520950
vt 0.194914 0.541060
vt 0.532331 0.753786
vt 0.538061 0.749959
vt 0.175878 0.641922
vt 0.184943 0.634892
vt 0.190096 0.624166
vt 0.525442 0.756791
vt 0.188309 0.616662
vt 0.182079 0.615428
vt 0.520405 0.757566
vt 0.516366 0.756413
vt 0.173627 0.622444
vt 0.167869 0.632834
vt 0.510128 0.753138
vt 0.503473 0.749765
vt 0.169436 0.640229
vt 0.158909 0.649364
vt 0.542112 0.749333
vt 0.498713 0.750026
vt 0.532323 0.879309
vt 0.526884 0.876958
vt 0.539339 0.883543
vt 0.521656 0.876636
vt 0.517039 0.877261
vt 0.512026 0.879163
vt 0.501658 0.888314
vt 0.546364 0.888314
vt 0.495001 0.888290
vt 0.950601 0.253089
vt 0.946316 0.262768
vt 0.955678 0.258316
vt 0.954281 0.265708
vt 0.961334 0.259457
vt 0.961436 0.265721
vt 0.966144 0.258093
vt 0.967778 0.265006
vt 0.970074 0.253240
vt 0.974868 0.262265
vt 0.935138 0.011765
vt 0.934151 0.008491
vt 0.932400 0.000324
vt 0.934876 0.007993
vt 0.931287 0.008326
vt 0.932305 0.008531
vt 0.931849 0.011862
vt 0.933108 0.008828
vt 0.933082 0.012275
vt 0.934068 0.012248
vt 0.938544 0.029870
vt 0.939298 0.029221
vt 0.931305 0.030070
vt 0.932331 0.030317
vt 0.933468 0.030012
vt 0.934518 0.030438
vt 0.935314 0.030113
vt 0.936388 0.030333
vt 0.937508 0.029786
vt 0.781571 0.038760
vt 0.779697 0.059811
vt 0.731966 0.094029
vt 0.715428 0.095328
vt 0.714658 0.054117
vt 0.842265 0.070615
vt 0.832988 0.110149
vt 0.817630 0.106755
vt 0.818920 0.161131
vt 0.805763 0.157139
vt 0.730643 0.148404
vt 0.716321 0.148445
vt 0.803999 0.105239
vt 0.790348 0.102857
vt 0.794824 0.154324
vt 0.782832 0.151692
vt 0.775293 0.099009
vt 0.761565 0.095579
vt 0.769105 0.148969
vt 0.756335 0.147352
vt 0.747848 0.094213
vt 0.743896 0.147643
vt 0.728855 0.202707
vt 0.716734 0.202254
vt 0.804988 0.212925
vt 0.793937 0.208872
vt 0.792238 0.264910
vt 0.782817 0.261653
vt 0.726382 0.256138
vt 0.716168 0.255853
vt 0.784574 0.205821
vt 0.773998 0.203341
vt 0.774458 0.258865
vt 0.765141 0.256411
vt 0.762179 0.201388
vt 0.751280 0.200739
vt 0.755254 0.254480
vt 0.746168 0.253903
vt 0.740322 0.201721
vt 0.736458 0.254982
vt 0.723757 0.310870
vt 0.715005 0.311184
vt 0.780107 0.318847
vt 0.771948 0.316300
vt 0.766218 0.378647
vt 0.759661 0.376623
vt 0.721688 0.371673
vt 0.714658 0.372612
vt 0.764699 0.313647
vt 0.756727 0.310949
vt 0.753992 0.374084
vt 0.747762 0.371250
vt 0.748556 0.308708
vt 0.740952 0.307981
vt 0.741410 0.368873
vt 0.735410 0.368116
vt 0.732514 0.309238
vt 0.728640 0.369583
vt 0.720976 0.438197
vt 0.716553 0.440046
vt 0.748912 0.443771
vt 0.744998 0.441561
vt 0.741290 0.440505
vt 0.737546 0.437501
vt 0.733517 0.436588
vt 0.729760 0.435185
vt 0.725319 0.437293
vt 0.645278 0.544811
vt 0.640653 0.568972
vt 0.599550 0.593318
vt 0.586868 0.591278
vt 0.586403 0.542287
vt 0.698234 0.558700
vt 0.685547 0.605172
vt 0.675769 0.603815
vt 0.672523 0.646461
vt 0.663831 0.645854
vt 0.599060 0.636847
vt 0.588097 0.634644
vt 0.661406 0.606569
vt 0.646219 0.608947
vt 0.650737 0.647712
vt 0.637319 0.649484
vt 0.634275 0.609217
vt 0.624530 0.606355
vt 0.628468 0.649824
vt 0.621260 0.647506
vt 0.613155 0.600134
vt 0.611368 0.642304
vt 0.598549 0.662096
vt 0.588153 0.660870
vt 0.665343 0.671686
vt 0.657298 0.670999
vt 0.660329 0.695170
vt 0.653376 0.694080
vt 0.595568 0.684614
vt 0.586403 0.684928
vt 0.644765 0.670607
vt 0.632780 0.670116
vt 0.641698 0.691465
vt 0.630357 0.688742
vt 0.625616 0.669579
vt 0.619738 0.668124
vt 0.623399 0.687222
vt 0.617219 0.686441
vt 0.610523 0.665214
vt 0.607319 0.685470
vt 0.594620 0.720916
vt 0.587710 0.722185
vt 0.648894 0.730810
vt 0.643647 0.729695
vt 0.632339 0.778652
vt 0.628872 0.778022
vt 0.594696 0.771431
vt 0.590205 0.772577
vt 0.634314 0.726250
vt 0.624566 0.722436
vt 0.622399 0.775216
vt 0.615632 0.772007
vt 0.618716 0.720564
vt 0.613395 0.720109
vt 0.611793 0.770507
vt 0.608154 0.770285
vt 0.604470 0.720237
vt 0.601639 0.770618
vt 0.593407 0.828525
vt 0.590721 0.830039
vt 0.615385 0.833675
vt 0.613467 0.832648
vt 0.609569 0.831610
vt 0.605798 0.828822
vt 0.603438 0.828569
vt 0.601353 0.827683
vt 0.597399 0.828682
s 1
usemtl wire_115115115
f 1/1/1 251/2/2 734/3/3 250/4/4
f 251/2/2 2/5/5 252/6/6 734/3/3
f 734/3/3 252/6/6 3/7/7 253/8/8
f 250/4/4 734/3/3 253/8/8 4/9/9
f 5/10/10 255/11/11 735/12/12 254/13/13
f 255/14/11 6/15/14 256/16/15 735/17/12
f 735/17/12 256/16/15 7/18/16 257/19/17
f 254/13/13 735/12/12 257/20/17 8/21/18
f 6/15/14 258/22/19 736/23/20 256/16/15
f 258/22/19 9/24/21 259/25/22 736/23/20
f 736/23/20 259/25/22 10/26/23 260/27/24
f 256/16/15 736/23/20 260/27/24 7/18/16
f 9/24/21 261/28/25 737/29/26 259/25/22
f 261/28/25 11/30/27 262/31/28 737/29/26
f 737/29/26 262/31/28 12/32/29 263/33/30
f 259/25/22 737/29/26 263/33/30 10/26/23
f 11/30/27 264/34/31 738/35/32 262/31/28
f 264/34/31 5/10/10 254/13/13 738/35/32
f 738/35/32 254/13/13 8/21/18 265/36/33
f 262/31/28 738/35/32 265/36/33 12/32/29
f 7/18/16 260/27/24 739/37/34 266/38/35
f 260/27/24 10/26/23 267/39/36 739/37/34
f 739/37/34 267/39/36 13/40/37 268/41/38
f 266/38/35 739/37/34 268/41/38 14/42/39
f 12/32/29 265/36/33 740/43/40 269/44/41
f 265/36/33 8/21/18 270/45/42 740/43/40
f 740/43/40 270/45/42 15/46/43 271/47/44
f 269/44/41 740/43/40 271/47/44 16/48/45
f 17/49/46 273/50/47 741/51/48 272/52/49
f 273/50/47 18/53/50 274/54/51 741/51/48
f 741/51/48 274/54/51 19/55/52 275/56/53
f 272/52/49 741/51/48 275/56/53 20/57/54
f 21/58/55 277/59/56 742/60/57 276/61/58
f 277/59/56 22/62/59 278/63/60 742/60/57
f 742/60/57 747/64/61 291/65/62 276/61/58
f 743/66/63 748/67/64 292/68/65 278/63/60
f 22/62/59 279/69/66 743/66/63 278/63/60
f 279/69/66 23/70/67 280/71/68 743/66/63
f 744/72/69 749/73/70 293/74/71 280/71/68
f 280/71/68 293/74/71 748/67/64 743/66/63
f 23/70/67 281/75/72 744/72/69 280/71/68
f 281/75/72 24/76/73 282/77/74 744/72/69
f 276/61/58 291/65/62 750/78/75 745/79/76
f 282/77/74 294/80/77 749/73/70 744/72/69
f 24/76/73 283/81/78 745/82/76 282/77/74
f 283/83/78 21/58/55 276/61/58 745/79/76
f 745/82/76 750/84/75 294/80/77 282/77/74
f 292/68/65 660/85/79 923/86/80 747/64/61
f 25/87/81 284/88/82 971/89/83 969/90/84
f 284/88/82 26/91/85 285/92/86 971/89/83
f 971/89/83 285/92/86 27/93/87 286/94/88
f 969/90/84 971/89/83 286/94/88 28/95/89
f 29/96/90 288/97/91 746/98/92 287/99/93
f 288/97/91 30/100/94 289/101/95 746/98/92
f 746/98/92 289/101/95 31/102/96 290/103/97
f 287/99/93 746/98/92 290/103/97 32/104/98
f 747/64/61 923/86/80 659/105/99 291/65/62
f 748/67/64 924/106/100 660/85/79 292/68/65
f 749/73/70 925/107/101 662/108/102 293/74/71
f 293/74/71 662/108/102 924/106/100 748/67/64
f 291/65/62 659/105/99 926/109/103 750/78/75
f 294/80/77 664/110/104 925/107/101 749/73/70
f 750/84/75 926/111/103 664/110/104 294/80/77
f 338/112/105 615/113/106 887/114/107 766/115/108
f 33/116/109 296/117/110 751/118/111 295/119/112
f 296/120/110 34/121/113 297/122/114 751/123/111
f 751/123/111 297/122/114 35/124/115 298/125/116
f 295/119/112 751/118/111 298/126/116 36/127/117
f 34/121/113 299/128/118 752/129/119 297/122/114
f 299/128/118 37/130/120 300/131/121 752/129/119
f 752/129/119 300/131/121 38/132/122 301/133/123
f 297/122/114 752/129/119 301/133/123 35/124/115
f 37/130/120 302/134/124 753/135/125 300/131/121
f 302/134/124 39/136/126 303/137/127 753/135/125
f 753/135/125 303/137/127 40/138/128 304/139/129
f 300/131/121 753/135/125 304/139/129 38/132/122
f 39/136/126 305/140/130 754/141/131 303/137/127
f 305/140/130 33/116/109 295/119/112 754/141/131
f 754/141/131 295/119/112 36/127/117 306/142/132
f 303/137/127 754/141/131 306/142/132 40/138/128
f 36/127/117 298/126/116 755/143/133 307/144/134
f 298/125/116 35/124/115 308/145/135 755/146/133
f 755/146/133 308/145/135 41/147/136 309/148/137
f 307/144/134 755/143/133 309/149/137 42/150/138
f 35/124/115 301/133/123 756/151/139 308/145/135
f 301/133/123 38/132/122 310/152/140 756/151/139
f 756/151/139 310/152/140 43/153/141 311/154/142
f 308/145/135 756/151/139 311/154/142 41/147/136
f 38/132/122 304/139/129 757/155/143 310/152/140
f 304/139/129 40/138/128 312/156/144 757/155/143
f 757/155/143 312/156/144 44/157/145 313/158/146
f 310/152/140 757/155/143 313/158/146 43/153/141
f 40/138/128 306/142/132 758/159/147 312/156/144
f 306/142/132 36/127/117 307/144/134 758/159/147
f 758/159/147 307/144/134 42/150/138 314/160/148
f 312/156/144 758/159/147 314/160/148 44/157/145
f 45/161/149 316/162/150 759/163/151 315/164/152
f 316/162/150 46/165/153 317/166/154 759/163/151
f 759/163/151 317/166/154 47/167/155 318/168/156
f 315/164/152 759/163/151 318/168/156 48/169/157
f 46/170/153 319/171/158 760/172/159 317/173/154
f 319/171/158 49/174/160 320/175/161 760/172/159
f 760/172/159 320/175/161 50/176/162 321/177/163
f 317/173/154 760/172/159 321/177/163 47/178/155
f 49/174/160 322/179/164 761/180/165 320/175/161
f 322/179/164 51/181/166 323/182/167 761/180/165
f 761/180/165 323/182/167 52/183/168 324/184/169
f 320/175/161 761/180/165 324/184/169 50/176/162
f 51/181/166 325/185/170 762/186/171 323/182/167
f 325/185/170 45/161/149 315/164/152 762/186/171
f 762/186/171 315/164/152 48/169/157 326/187/172
f 323/182/167 762/186/171 326/187/172 52/183/168
f 18/53/50 327/188/173 763/189/174 274/54/51
f 327/188/173 53/190/175 328/191/176 763/189/174
f 763/189/174 328/191/176 54/192/177 329/193/178
f 274/54/51 763/189/174 329/193/178 19/55/52
f 55/194/179 331/195/180 764/196/181 330/197/182
f 331/195/180 56/198/183 332/199/184 764/196/181
f 764/196/181 332/199/184 54/192/177 328/191/176
f 330/197/182 764/196/181 328/191/176 53/190/175
f 57/200/185 334/201/186 765/202/187 333/203/188
f 334/201/186 58/204/189 335/205/190 765/202/187
f 765/202/187 335/205/190 56/198/191 331/195/180
f 333/203/188 765/202/187 331/195/180 55/194/179
f 59/206/192 337/207/193 766/115/108 336/208/194
f 337/207/193 60/209/195 338/112/105 766/115/108
f 766/115/108 887/114/107 614/210/196 336/208/194
f 767/211/197 888/212/198 615/113/106 338/112/105
f 60/209/195 339/213/199 767/211/197 338/112/105
f 339/213/199 61/214/200 340/215/201 767/211/197
f 768/216/202 889/217/203 616/218/204 340/215/201
f 340/215/201 616/218/204 888/212/198 767/211/197
f 61/214/200 341/219/205 768/216/202 340/215/201
f 341/219/205 62/220/206 342/221/207 768/216/202
f 336/208/194 614/210/196 890/222/208 769/223/209
f 342/221/207 617/224/210 889/217/203 768/216/202
f 62/220/206 343/225/211 769/226/209 342/221/207
f 343/227/211 59/206/192 336/208/194 769/223/209
f 769/226/209 890/228/208 617/224/210 342/221/207
f 615/113/106 619/229/212 891/230/213 887/114/107
f 63/231/214 345/232/215 770/233/216 344/234/217
f 345/232/215 64/235/218 346/236/219 770/233/216
f 770/233/216 346/236/219 9/24/21 258/22/19
f 344/234/217 770/233/216 258/22/19 6/15/14
f 65/237/220 348/238/221 771/239/222 347/240/223
f 348/238/221 66/241/224 349/242/225 771/239/222
f 771/239/222 349/242/225 5/10/10 264/34/31
f 347/240/223 771/239/222 264/34/31 11/30/27
f 8/21/18 257/20/17 772/243/226 270/45/42
f 257/19/17 7/18/16 266/38/35 772/244/226
f 772/244/226 266/38/35 14/42/39 350/245/227
f 270/45/42 772/243/226 350/246/227 15/46/43
f 10/26/23 263/33/30 773/247/228 267/39/36
f 263/33/30 12/32/29 269/44/41 773/247/228
f 773/247/228 269/44/41 16/48/45 351/248/229
f 267/39/36 773/247/228 351/248/229 13/40/37
f 67/249/230 353/250/231 774/251/232 352/252/233
f 353/253/231 68/254/234 354/255/235 774/256/232
f 774/256/232 354/255/235 69/257/236 355/258/237
f 352/252/233 774/251/232 355/259/237 70/260/238
f 68/254/234 356/261/239 775/262/240 354/255/235
f 356/261/239 71/263/241 357/264/242 775/262/240
f 775/262/240 357/264/242 72/265/243 358/266/244
f 354/255/235 775/262/240 358/266/244 69/257/236
f 71/263/241 359/267/245 776/268/246 357/264/242
f 359/267/245 73/269/247 360/270/248 776/268/246
f 776/268/246 360/270/248 74/271/249 361/272/250
f 357/264/242 776/268/246 361/272/250 72/265/243
f 73/269/247 362/273/251 777/274/252 360/270/248
f 362/273/251 67/249/230 352/252/233 777/274/252
f 777/274/252 352/252/233 70/260/238 363/275/253
f 360/270/248 777/274/252 363/275/253 74/271/249
f 72/265/243 77/276/254 365/277/255 358/266/244
f 355/259/237 364/278/256 76/279/257 70/260/238
f 74/271/249 78/280/258 366/281/259 361/272/250
f 358/266/244 365/277/255 75/282/260 69/257/236
f 70/260/238 76/279/257 367/283/261 363/275/253
f 361/272/250 366/281/259 77/276/254 72/265/243
f 75/282/260 200/284/262 599/285/263 364/286/256
f 363/275/253 367/283/261 78/280/258 74/271/249
f 79/287/264 369/288/265 778/289/266 368/290/267
f 369/288/265 80/291/268 370/292/269 778/289/266
f 778/289/266 370/292/269 18/53/50 273/50/47
f 368/290/267 778/289/266 273/50/47 17/49/46
f 81/293/270 372/294/271 779/295/272 371/296/273
f 372/294/271 82/297/274 373/298/275 779/295/272
f 779/295/272 373/298/275 56/198/191 335/205/190
f 371/296/273 779/295/272 335/205/190 58/204/189
f 20/57/54 275/56/53 780/299/276 374/300/277
f 275/56/53 19/55/52 329/193/178 780/299/276
f 780/299/276 329/193/178 54/192/177 375/301/278
f 374/300/277 780/299/276 375/301/278 83/302/279
f 84/303/280 377/304/281 781/305/282 376/306/283
f 377/304/281 85/307/284 378/308/285 781/305/282
f 781/305/282 378/308/285 86/309/286 379/310/287
f 376/306/283 781/305/282 379/310/287 87/311/288
f 85/307/284 380/312/289 782/313/290 378/308/285
f 380/312/289 88/314/291 381/315/292 782/313/290
f 782/313/290 381/315/292 89/316/293 382/317/294
f 378/308/285 782/313/290 382/317/294 86/309/286
f 30/100/94 383/318/295 783/319/296 289/101/95
f 383/318/295 90/320/297 384/321/298 783/319/296
f 783/319/296 384/321/298 91/322/299 385/323/300
f 289/101/95 783/319/296 385/323/300 31/102/96
f 92/324/301 387/325/302 784/326/303 386/327/304
f 387/325/302 93/328/305 388/329/306 784/326/303
f 784/326/303 388/329/306 91/322/299 384/321/298
f 386/327/304 784/326/303 384/321/298 90/320/297
f 26/91/85 389/330/307 972/331/308 285/92/86
f 389/330/307 94/332/309 970/333/310 972/331/308
f 972/331/308 970/333/310 95/334/311 390/335/312
f 285/92/86 972/331/308 390/335/312 27/93/87
f 94/332/309 391/336/313 785/337/314 970/333/310
f 391/338/313 96/339/315 392/340/316 785/341/314
f 785/341/314 392/340/316 97/342/317 393/343/318
f 970/333/310 785/337/314 393/344/318 95/334/311
f 96/339/315 394/345/319 973/346/320 392/340/316
f 394/345/319 25/87/81 969/90/84 973/346/320
f 973/346/320 969/90/84 28/95/89 395/347/321
f 392/340/316 973/346/320 395/347/321 97/342/317
f 98/348/322 397/349/323 786/350/324 396/351/325
f 397/349/323 99/352/326 398/353/327 786/350/324
f 786/350/324 398/353/327 100/354/328 399/355/329
f 396/351/325 786/350/324 399/355/329 101/356/330
f 101/356/330 399/355/329 787/357/331 400/358/332
f 399/355/329 100/354/328 401/359/333 787/357/331
f 787/357/331 401/359/333 102/360/334 402/361/335
f 400/358/332 787/357/331 402/361/335 103/362/336
f 104/363/337 404/364/338 788/365/339 403/366/340
f 404/364/338 105/367/341 405/368/342 788/365/339
f 788/365/339 405/368/342 100/354/328 398/353/327
f 403/366/340 788/365/339 398/353/327 99/352/326
f 105/367/341 406/369/343 789/370/344 405/368/342
f 406/369/343 106/371/345 407/372/346 789/370/344
f 789/370/344 407/372/346 102/360/334 401/359/333
f 405/368/342 789/370/344 401/359/333 100/354/328
f 107/373/347 409/374/348 790/375/349 408/376/350
f 409/374/348 108/377/351 410/378/352 790/375/349
f 790/375/349 410/378/352 109/379/353 411/380/354
f 408/376/350 790/375/349 411/380/354 110/381/355
f 110/381/355 411/380/354 791/382/356 412/383/357
f 411/380/354 109/379/353 413/384/358 791/382/356
f 791/382/356 413/384/358 111/385/359 414/386/360
f 412/383/357 791/382/356 414/386/360 112/387/361
f 108/377/351 415/388/362 792/389/363 410/378/352
f 415/388/362 113/390/364 416/391/365 792/389/363
f 792/389/363 416/391/365 114/392/366 417/393/367
f 410/378/352 792/389/363 417/393/367 109/379/353
f 109/379/353 417/393/367 793/394/368 413/384/358
f 417/393/367 114/392/366 418/395/369 793/394/368
f 793/394/368 418/395/369 115/396/370 419/397/371
f 413/384/358 793/394/368 419/397/371 111/385/359
f 116/398/372 421/399/373 794/400/374 420/401/375
f 421/399/373 85/307/376 377/304/377 794/400/374
f 794/400/374 377/304/377 84/303/378 422/402/379
f 420/401/375 794/400/374 422/402/379 117/403/380
f 118/404/381 424/405/382 795/406/383 423/407/384
f 424/405/382 119/408/385 425/409/386 795/406/383
f 795/406/383 425/409/386 81/293/270 371/296/273
f 423/407/384 795/406/383 371/296/273 58/204/189
f 117/403/380 422/402/379 796/410/387 426/411/388
f 422/402/379 84/303/378 427/412/389 796/410/387
f 796/410/387 427/412/389 92/324/390 428/413/391
f 426/411/388 796/410/387 428/413/391 120/414/392
f 121/415/393 430/416/394 797/417/395 429/418/396
f 430/416/394 90/320/397 383/318/398 797/417/395
f 797/417/395 383/318/398 30/100/399 431/419/400
f 429/418/396 797/417/395 431/419/400 122/420/401
f 122/420/401 431/419/400 798/421/402 432/422/403
f 431/419/400 30/100/399 433/423/404 798/421/402
f 798/421/402 433/423/404 123/424/405 434/425/406
f 432/422/403 798/421/402 434/425/406 124/426/407
f 30/100/399 288/97/408 799/427/409 433/423/404
f 288/97/408 29/96/410 435/428/411 799/427/409
f 799/427/409 435/428/411 125/429/412 436/430/413
f 433/423/404 799/427/409 436/430/413 123/424/405
f 98/348/322 396/431/325 800/432/414 437/433/415
f 396/431/325 101/434/330 438/435/416 800/432/414
f 800/432/414 438/435/416 126/436/417 439/437/418
f 437/433/415 800/432/414 439/437/418 127/438/419
f 101/434/330 400/439/332 801/440/420 438/435/416
f 400/439/332 103/441/336 440/442/421 801/440/420
f 801/440/420 440/442/421 128/443/422 441/444/423
f 438/435/416 801/440/420 441/444/423 126/436/417
f 127/438/419 439/437/418 802/445/424 442/446/425
f 439/437/418 126/436/417 443/447/426 802/445/424
f 802/445/424 443/447/426 1/1/1 444/448/427
f 442/446/425 802/445/424 444/448/427 129/449/428
f 126/436/417 441/444/423 803/450/429 443/447/426
f 441/444/423 128/443/422 445/451/430 803/450/429
f 803/450/429 445/451/430 2/5/5 251/2/2
f 443/447/426 803/450/429 251/2/2 1/1/1
f 129/449/428 444/448/427 804/452/431 446/453/432
f 444/448/427 1/1/1 250/4/4 804/452/431
f 804/452/431 250/4/4 4/9/9 447/454/433
f 446/453/432 804/452/431 447/454/433 130/455/434
f 130/455/434 447/454/433 805/456/435 448/457/436
f 447/454/433 4/9/9 449/458/437 805/456/435
f 805/456/435 449/458/437 85/307/376 421/399/373
f 448/457/436 805/456/435 421/399/373 116/398/372
f 4/9/9 253/8/8 806/459/438 449/458/437
f 253/8/8 3/7/7 450/460/439 806/459/438
f 806/459/438 450/460/439 88/314/440 380/312/441
f 449/458/437 806/459/438 380/312/441 85/307/376
f 115/396/370 418/395/369 807/461/442 451/462/443
f 418/395/369 114/392/366 452/463/444 807/461/442
f 807/461/442 452/463/444 131/464/445 453/465/446
f 451/462/443 807/461/442 453/465/446 132/466/447
f 114/392/366 416/391/365 808/467/448 452/463/444
f 416/391/365 113/390/364 454/468/449 808/467/448
f 808/467/448 454/468/449 133/469/450 455/470/451
f 452/463/444 808/467/448 455/470/451 131/464/445
f 132/466/447 453/465/446 809/471/452 456/472/453
f 453/465/446 131/464/445 457/473/454 809/471/452
f 809/471/452 457/473/454 134/474/455 458/475/456
f 456/472/453 809/471/452 458/475/456 135/476/457
f 131/464/445 455/470/451 810/477/458 457/473/454
f 455/470/451 133/469/450 459/478/459 810/477/458
f 810/477/458 459/478/459 136/479/460 460/480/461
f 457/473/454 810/477/458 460/480/461 134/474/455
f 135/476/457 458/475/456 811/481/462 461/482/463
f 458/475/456 134/474/455 462/483/464 811/481/462
f 811/481/462 462/483/464 137/484/465 463/485/466
f 461/482/463 811/481/462 463/485/466 138/486/467
f 134/474/455 460/480/461 812/487/468 462/483/464
f 460/480/461 136/479/460 464/488/469 812/487/468
f 812/487/468 464/488/469 139/489/470 465/490/471
f 462/483/464 812/487/468 465/490/471 137/484/465
f 138/486/467 463/485/466 813/491/472 466/492/473
f 463/485/466 137/484/465 467/493/474 813/491/472
f 813/491/472 467/493/474 123/424/405 436/430/413
f 466/492/473 813/491/472 436/430/413 125/429/412
f 137/484/465 465/490/471 814/494/475 467/493/474
f 465/490/471 139/489/470 468/495/476 814/494/475
f 814/494/475 468/495/476 124/426/407 434/425/406
f 467/493/474 814/494/475 434/425/406 123/424/405
f 113/390/364 415/388/362 815/496/477 454/468/449
f 415/388/362 108/377/351 469/497/478 815/496/477
f 815/496/477 469/497/478 140/498/479 470/499/480
f 454/468/449 815/496/477 470/499/480 133/469/450
f 108/377/351 409/374/348 816/500/481 469/497/478
f 409/374/348 107/373/347 471/501/482 816/500/481
f 816/500/481 471/501/482 141/502/483 472/503/484
f 469/497/478 816/500/481 472/503/484 140/498/479
f 104/363/337 474/504/485 817/505/486 473/506/487
f 474/504/485 142/507/488 475/508/489 817/505/486
f 817/505/486 475/508/489 141/502/483 471/501/482
f 473/506/487 817/505/486 471/501/482 107/373/347
f 99/352/326 397/349/323 818/509/490 476/510/491
f 397/349/323 98/348/322 437/433/415 818/509/490
f 818/509/490 437/433/415 127/438/419 477/511/492
f 476/510/491 818/509/490 477/511/492 143/512/493
f 133/469/450 470/499/480 819/513/494 459/478/459
f 470/499/480 140/498/479 478/514/495 819/513/494
f 819/513/494 478/514/495 26/515/85 479/516/496
f 459/478/459 819/513/494 479/516/496 136/479/460
f 140/498/479 472/503/484 820/517/497 478/514/495
f 472/503/484 141/502/483 480/518/498 820/517/497
f 820/517/497 480/518/498 94/519/309 389/520/307
f 478/514/495 820/517/497 389/520/307 26/515/85
f 141/502/483 475/508/489 821/521/499 480/518/498
f 475/508/489 142/507/488 481/522/500 821/521/499
f 821/521/499 481/522/500 144/523/501 482/524/502
f 480/518/498 821/521/499 482/524/502 94/519/309
f 143/512/493 477/511/492 822/525/503 483/526/504
f 477/511/492 127/438/419 442/446/425 822/525/503
f 822/525/503 442/446/425 129/449/428 484/527/505
f 483/526/504 822/525/503 484/527/505 145/528/506
f 136/479/460 479/516/496 823/529/507 464/488/469
f 479/516/496 26/515/85 284/530/82 823/529/507
f 823/529/507 284/530/82 25/531/81 485/532/508
f 464/488/469 823/529/507 485/532/508 139/489/470
f 94/519/309 482/524/502 824/533/509 391/534/313
f 482/524/502 144/523/501 486/535/510 824/533/509
f 824/533/509 486/535/510 146/536/511 487/537/512
f 391/534/313 824/533/509 487/537/512 96/538/315
f 145/528/506 484/527/505 825/539/513 488/540/514
f 484/527/505 129/449/428 446/453/432 825/539/513
f 825/539/513 446/453/432 130/455/434 489/541/515
f 488/540/514 825/539/513 489/541/515 147/542/516
f 139/489/470 485/532/508 826/543/517 468/495/476
f 485/532/508 25/531/81 490/544/518 826/543/517
f 826/543/517 490/544/518 122/420/401 432/422/403
f 468/495/476 826/543/517 432/422/403 124/426/407
f 25/531/81 394/545/319 827/546/519 490/544/518
f 394/545/319 96/538/315 491/547/520 827/546/519
f 827/546/519 491/547/520 121/415/393 429/418/396
f 490/544/518 827/546/519 429/418/396 122/420/401
f 96/538/315 487/537/512 828/548/521 491/547/520
f 487/537/512 146/536/511 492/549/522 828/548/521
f 828/548/521 492/549/522 120/414/392 493/550/523
f 491/547/520 828/548/521 493/550/523 121/415/393
f 147/542/516 489/541/515 829/551/524 494/552/525
f 489/541/515 130/455/434 448/457/436 829/551/524
f 829/551/524 448/457/436 116/398/372 420/401/375
f 494/552/525 829/551/524 420/401/375 117/403/380
f 27/93/87 390/335/312 830/553/526 495/554/527
f 390/335/312 95/334/311 496/555/528 830/553/526
f 830/553/526 496/555/528 148/556/529 497/557/530
f 495/554/527 830/553/526 497/557/530 149/558/531
f 150/559/532 499/560/533 831/561/534 498/562/535
f 499/563/533 148/556/529 496/555/528 831/564/534
f 831/564/534 496/555/528 95/334/311 393/344/318
f 498/562/535 831/561/534 393/343/318 97/342/317
f 97/342/317 395/347/321 832/565/536 498/562/535
f 395/347/321 28/95/89 500/566/537 832/565/536
f 832/565/536 500/566/537 151/567/538 501/568/539
f 498/562/535 832/565/536 501/568/539 150/559/532
f 28/95/89 286/94/88 833/569/540 500/566/537
f 286/94/88 27/93/87 495/554/527 833/569/540
f 833/569/540 495/554/527 149/558/531 502/570/541
f 500/566/537 833/569/540 502/570/541 151/567/538
f 149/571/542 497/572/543 834/573/544 503/574/545
f 497/572/543 148/575/546 504/576/547 834/573/544
f 834/573/544 504/576/547 152/577/548 505/578/549
f 503/574/545 834/573/544 505/578/549 153/579/550
f 154/580/551 507/581/552 835/582/553 506/583/554
f 507/584/552 155/585/555 508/586/556 835/582/553
f 835/582/553 508/586/556 156/587/557 509/588/558
f 506/583/554 835/582/553 509/588/558 157/589/559
f 150/590/560 501/591/561 836/592/562 510/593/563
f 501/591/561 151/594/564 511/595/565 836/592/562
f 836/592/562 511/595/565 158/596/566 512/597/567
f 510/593/563 836/592/562 512/597/567 159/598/568
f 151/594/564 502/599/569 837/600/570 511/595/565
f 502/599/569 149/571/542 503/574/545 837/600/570
f 837/600/570 503/574/545 153/579/550 513/601/571
f 511/595/565 837/600/570 513/601/571 158/596/566
f 160/602/572 515/603/573 838/604/574 514/605/575
f 515/603/573 67/606/230 516/607/576 838/604/574
f 838/604/574 516/607/576 87/311/288 379/310/287
f 514/605/575 838/604/574 379/310/287 86/309/286
f 86/309/286 382/317/294 839/608/577 514/605/575
f 382/317/294 89/316/293 517/609/578 839/608/577
f 839/608/577 517/609/578 161/610/579 518/611/580
f 514/605/575 839/608/577 518/611/580 160/602/572
f 31/102/96 519/612/581 840/613/582 290/103/97
f 519/612/581 162/614/583 520/615/584 840/613/582
f 840/613/582 520/615/584 163/616/585 521/617/586
f 290/103/97 840/613/582 521/617/586 32/104/98
f 31/102/96 385/323/300 841/618/587 519/612/581
f 385/323/300 91/322/299 522/619/588 841/618/587
f 841/618/587 522/619/588 164/620/589 523/621/590
f 519/612/581 841/618/587 523/621/590 162/614/583
f 93/328/305 524/622/591 842/623/592 388/329/306
f 524/622/591 73/624/247 525/625/593 842/623/592
f 842/623/592 525/625/593 164/620/589 522/619/588
f 388/329/306 842/623/592 522/619/588 91/322/299
f 160/602/572 526/626/594 843/627/595 515/603/573
f 526/626/594 165/628/596 527/629/597 843/627/595
f 843/627/595 527/629/597 68/630/234 353/631/231
f 515/603/573 843/627/595 353/631/231 67/606/230
f 161/610/579 528/632/598 844/633/599 518/611/580
f 528/632/598 166/634/600 529/635/601 844/633/599
f 844/633/599 529/635/601 165/628/596 526/626/594
f 518/611/580 844/633/599 526/626/594 160/602/572
f 163/616/602 520/615/603 845/636/604 530/637/605
f 520/615/603 162/614/606 531/638/607 845/636/604
f 845/636/604 531/638/607 167/639/608 532/640/609
f 530/637/605 845/636/604 532/640/609 168/641/610
f 164/620/611 533/642/612 846/643/613 523/621/614
f 533/642/612 169/644/615 534/645/616 846/643/613
f 846/643/613 534/645/616 167/639/608 531/638/607
f 523/621/614 846/643/613 531/638/607 162/614/606
f 73/624/617 359/646/618 847/647/619 525/625/620
f 359/646/618 71/648/621 535/649/622 847/647/619
f 847/647/619 535/649/622 169/644/615 533/642/612
f 525/625/620 847/647/619 533/642/612 164/620/611
f 59/650/192 536/651/623 848/652/624 337/653/193
f 536/651/623 170/654/625 537/655/626 848/652/624
f 848/652/624 537/655/626 171/656/627 538/657/628
f 337/653/193 848/652/624 538/657/628 60/658/195
f 172/659/629 540/660/630 849/661/631 539/662/632
f 540/660/630 173/663/633 541/664/634 849/661/631
f 849/661/631 541/664/634 170/654/625 536/651/623
f 539/662/632 849/661/631 536/651/623 59/650/192
f 174/665/635 543/666/636 850/667/637 542/668/638
f 543/666/636 175/669/639 544/670/640 850/667/637
f 850/667/637 544/670/640 176/671/641 545/672/642
f 542/668/638 850/667/637 545/672/642 177/673/643
f 178/674/644 547/675/645 851/676/646 546/677/647
f 547/675/645 179/678/648 548/679/649 851/676/646
f 851/676/646 548/679/649 176/671/641 544/670/640
f 546/677/647 851/676/646 544/670/640 175/669/639
f 180/680/650 550/681/651 852/682/652 549/683/653
f 550/681/651 181/684/654 551/685/655 852/682/652
f 852/682/652 551/685/655 179/678/648 547/675/645
f 549/683/653 852/682/652 547/675/645 178/674/644
f 182/686/656 553/687/657 853/688/658 552/689/659
f 553/687/657 183/690/660 554/691/661 853/688/658
f 853/688/658 554/691/661 184/692/662 555/693/663
f 552/689/659 853/688/658 555/693/663 57/200/185
f 183/690/660 556/694/664 854/695/665 554/691/661
f 556/694/664 185/696/666 557/697/667 854/695/665
f 854/695/665 557/697/667 186/698/668 558/699/669
f 554/691/661 854/695/665 558/699/669 184/692/662
f 80/291/268 559/700/670 855/701/671 370/292/269
f 559/700/670 187/702/672 560/703/673 855/701/671
f 855/701/671 560/703/673 53/190/175 327/188/173
f 370/292/269 855/701/671 327/188/173 18/53/50
f 188/704/674 562/705/675 856/706/676 561/707/677
f 562/705/675 55/194/179 330/197/182 856/706/676
f 856/706/676 330/197/182 53/190/175 560/703/673
f 561/707/677 856/706/676 560/703/673 187/702/672
f 57/200/185 555/693/663 857/708/678 334/201/186
f 555/693/663 184/692/662 563/709/679 857/708/678
f 857/708/678 563/709/679 118/404/381 423/407/384
f 334/201/186 857/708/678 423/407/384 58/204/189
f 189/710/680 565/711/681 858/712/682 564/713/683
f 565/711/681 190/714/684 566/715/685 858/712/682
f 858/712/682 566/715/685 191/716/686 567/717/687
f 564/713/683 858/712/682 567/717/687 192/718/688
f 165/628/689 568/719/690 859/720/691 527/629/692
f 568/719/690 62/721/206 341/722/205 859/720/691
f 859/720/691 341/722/205 61/723/200 569/724/693
f 527/629/692 859/720/691 569/724/693 68/630/694
f 166/634/695 570/725/696 860/726/697 529/635/698
f 570/725/696 193/727/699 571/728/700 860/726/697
f 860/726/697 571/728/700 62/721/206 568/719/690
f 529/635/698 860/726/697 568/719/690 165/628/689
f 194/729/701 573/730/702 861/731/703 572/732/704
f 573/730/702 195/733/705 574/734/706 861/731/703
f 861/731/703 574/734/706 168/641/610 532/640/609
f 572/732/704 861/731/703 532/640/609 167/639/608
f 169/644/615 575/735/707 862/736/708 534/645/616
f 575/735/707 196/737/709 576/738/710 862/736/708
f 862/736/708 576/738/710 194/729/701 572/732/704
f 534/645/616 862/736/708 572/732/704 167/639/608
f 68/630/694 569/724/693 863/739/711 356/740/712
f 569/724/693 61/723/200 577/741/713 863/739/711
f 863/739/711 577/741/713 197/742/714 578/743/715
f 356/740/712 863/739/711 578/743/715 71/648/621
f 83/302/279 375/301/278 864/744/716 579/745/717
f 375/301/278 54/192/177 332/199/184 864/744/716
f 864/744/716 332/199/184 56/198/183 373/298/275
f 579/745/717 864/744/716 373/298/275 82/297/274
f 84/303/280 376/306/283 865/746/718 427/412/719
f 376/306/283 87/311/288 580/747/720 865/746/718
f 865/746/718 580/747/720 93/328/305 387/325/302
f 427/412/719 865/746/718 387/325/302 92/324/301
f 107/373/347 408/376/350 866/748/721 473/506/487
f 408/376/350 110/381/355 581/749/722 866/748/721
f 866/748/721 581/749/722 105/367/341 404/364/338
f 473/506/487 866/748/721 404/364/338 104/363/337
f 110/381/355 412/383/357 867/750/723 581/749/722
f 412/383/357 112/387/361 582/751/724 867/750/723
f 867/750/723 582/751/724 106/371/345 406/369/343
f 581/749/722 867/750/723 406/369/343 105/367/341
f 92/324/390 386/327/725 868/752/726 428/413/391
f 386/327/725 90/320/397 430/416/394 868/752/726
f 868/752/726 430/416/394 121/415/393 493/550/523
f 428/413/391 868/752/726 493/550/523 120/414/392
f 99/352/326 476/510/491 869/753/727 403/366/340
f 476/510/491 143/512/493 583/754/728 869/753/727
f 869/753/727 583/754/728 142/507/488 474/504/485
f 403/366/340 869/753/727 474/504/485 104/363/337
f 142/507/488 583/754/728 870/755/729 481/522/500
f 583/754/728 143/512/493 483/526/504 870/755/729
f 870/755/729 483/526/504 145/528/506 584/756/730
f 481/522/500 870/755/729 584/756/730 144/523/501
f 144/523/501 584/756/730 871/757/731 486/535/510
f 584/756/730 145/528/506 488/540/514 871/757/731
f 871/757/731 488/540/514 147/542/516 585/758/732
f 486/535/510 871/757/731 585/758/732 146/536/511
f 146/536/511 585/758/732 872/759/733 492/549/522
f 585/758/732 147/542/516 494/552/525 872/759/733
f 872/759/733 494/552/525 117/403/380 426/411/388
f 492/549/522 872/759/733 426/411/388 120/414/392
f 87/311/288 516/607/576 873/760/734 580/747/720
f 516/607/576 67/606/230 362/761/251 873/760/734
f 873/760/734 362/761/251 73/624/247 524/622/591
f 580/747/720 873/760/734 524/622/591 93/328/305
f 60/658/195 538/657/628 874/762/735 586/763/736
f 538/657/628 171/656/627 587/764/737 874/762/735
f 874/762/735 587/764/737 181/684/654 550/681/651
f 586/763/736 874/762/735 550/681/651 180/680/650
f 182/686/656 552/689/659 875/765/738 588/766/739
f 552/689/659 57/200/185 333/203/188 875/765/738
f 875/765/738 333/203/188 55/194/179 562/705/675
f 588/766/739 875/765/738 562/705/675 188/704/674
f 178/674/644 589/767/740 876/768/741 549/683/653
f 589/767/740 196/737/709 590/769/742 876/768/741
f 876/768/741 590/769/742 197/742/714 591/770/743
f 549/683/653 876/768/741 591/770/743 180/680/650
f 65/237/220 593/771/744 877/772/745 592/773/746
f 593/771/744 64/235/218 594/774/747 877/772/745
f 877/772/745 594/774/747 198/775/748 595/776/749
f 592/773/746 877/772/745 595/776/749 199/777/750
f 193/727/699 596/778/751 878/779/752 571/728/700
f 596/778/751 172/659/629 539/662/632 878/779/752
f 878/779/752 539/662/632 59/650/192 343/780/211
f 571/728/700 878/779/752 343/780/211 62/721/206
f 175/669/639 543/666/636 879/781/753 597/782/754
f 543/666/636 174/665/635 598/783/755 879/781/753
f 879/781/753 598/783/755 195/733/705 573/730/702
f 597/782/754 879/781/753 573/730/702 194/729/701
f 196/737/709 589/767/740 880/784/756 576/738/710
f 589/767/740 178/674/644 546/677/647 880/784/756
f 880/784/756 546/677/647 175/669/639 597/782/754
f 576/738/710 880/784/756 597/782/754 194/729/701
f 61/723/200 339/785/199 881/786/757 577/741/713
f 339/785/199 60/658/195 586/763/736 881/786/757
f 881/786/757 586/763/736 180/680/650 591/770/743
f 577/741/713 881/786/757 591/770/743 197/742/714
f 196/737/709 575/735/707 882/787/758 590/769/742
f 575/735/707 169/644/615 535/649/622 882/787/758
f 882/787/758 535/649/622 71/648/621 578/743/715
f 590/769/742 882/787/758 578/743/715 197/742/714
f 77/276/254 202/788/759 600/789/760 365/277/255
f 364/278/256 599/790/263 201/791/761 76/279/257
f 78/280/258 203/792/762 601/793/763 366/281/259
f 365/277/255 600/789/760 200/284/262 75/282/260
f 76/279/257 201/791/761 602/794/764 367/283/261
f 366/281/259 601/793/763 202/788/759 77/276/254
f 367/283/261 602/794/764 203/792/762 78/280/258
f 204/795/765 604/796/766 883/797/767 603/798/768
f 604/799/766 205/800/769 605/801/770 883/797/767
f 883/797/767 605/801/770 206/802/771 606/803/772
f 603/798/768 883/797/767 606/803/772 207/804/773
f 200/805/774 600/806/775 884/807/776 607/808/777
f 600/806/775 202/809/778 608/810/779 884/807/776
f 884/807/776 608/810/779 208/811/780 609/812/781
f 607/808/777 884/807/776 609/812/781 209/813/782
f 202/809/778 601/814/783 885/815/784 608/810/779
f 601/814/783 203/816/785 610/817/786 885/815/784
f 885/815/784 610/817/786 210/818/787 611/819/788
f 608/810/779 885/815/784 611/819/788 208/811/780
f 203/816/785 602/820/789 886/821/790 610/817/786
f 602/820/789 201/822/791 612/823/792 886/821/790
f 886/821/790 612/823/792 211/824/793 613/825/794
f 610/817/786 886/821/790 613/825/794 210/818/787
f 887/114/107 891/230/213 618/826/795 614/210/196
f 888/212/198 892/827/796 619/229/212 615/113/106
f 889/217/203 893/828/797 621/829/798 616/218/204
f 616/218/204 621/829/798 892/827/796 888/212/198
f 614/210/196 618/826/795 894/830/799 890/222/208
f 617/224/210 623/831/800 893/828/797 889/217/203
f 890/228/208 894/832/799 623/831/800 617/224/210
f 891/230/213 619/229/212 212/833/801 620/834/802
f 618/826/795 891/230/213 620/834/802 63/835/803
f 892/827/796 621/829/798 213/836/804 622/837/805
f 619/229/212 892/827/796 622/837/805 212/833/801
f 893/828/797 623/831/800 66/838/806 624/839/807
f 621/829/798 893/828/797 624/839/807 213/836/804
f 894/830/799 618/826/795 63/835/803 625/840/808
f 623/831/800 894/832/799 625/841/808 66/838/806
f 63/231/214 620/842/809 895/843/810 345/232/215
f 620/842/809 212/844/811 626/845/812 895/843/810
f 895/843/810 626/845/812 198/775/748 594/774/747
f 345/232/215 895/843/810 594/774/747 64/235/218
f 212/844/811 622/846/813 896/847/814 626/845/812
f 622/846/813 213/848/815 627/849/816 896/847/814
f 896/847/814 627/849/816 199/777/750 595/776/749
f 626/845/812 896/847/814 595/776/749 198/775/748
f 213/848/815 624/850/817 897/851/818 627/849/816
f 624/850/817 66/241/224 348/238/221 897/851/818
f 897/851/818 348/238/221 65/237/220 592/773/746
f 627/849/816 897/851/818 592/773/746 199/777/750
f 214/852/819 629/853/820 898/854/821 628/855/822
f 629/853/820 215/856/823 630/857/824 898/854/821
f 898/854/821 630/857/824 216/858/825 631/859/826
f 628/855/822 898/854/821 631/859/826 217/860/827
f 66/241/224 625/861/828 899/862/829 349/242/225
f 625/863/828 63/231/214 344/234/217 899/864/829
f 899/864/829 344/234/217 6/15/14 255/14/11
f 349/242/225 899/862/829 255/11/11 5/10/10
f 64/235/218 593/771/744 900/865/830 346/236/219
f 593/771/744 65/237/220 347/240/223 900/865/830
f 900/865/830 347/240/223 11/30/27 261/28/25
f 346/236/219 900/865/830 261/28/25 9/24/21
f 15/46/43 350/246/227 901/866/831 632/867/832
f 350/245/227 14/42/39 633/868/833 901/869/831
f 901/869/831 633/868/833 215/856/823 629/853/820
f 632/867/832 901/866/831 629/853/820 214/852/819
f 14/42/39 268/41/38 902/870/834 633/868/833
f 268/41/38 13/40/37 634/871/835 902/870/834
f 902/870/834 634/871/835 216/858/825 630/857/824
f 633/868/833 902/870/834 630/857/824 215/856/823
f 13/40/37 351/248/229 903/872/836 634/871/835
f 351/248/229 16/48/45 635/873/837 903/872/836
f 903/872/836 635/873/837 217/860/827 631/859/826
f 634/871/835 903/872/836 631/859/826 216/858/825
f 16/48/45 271/47/44 904/874/838 635/873/837
f 271/47/44 15/46/43 632/867/832 904/874/838
f 904/874/838 632/867/832 214/852/819 628/855/822
f 635/873/837 904/874/838 628/855/822 217/860/827
f 46/165/153 316/162/150 905/875/839 636/876/840
f 316/162/150 45/161/149 637/877/841 905/875/839
f 905/875/839 637/877/841 184/692/662 558/699/669
f 636/876/840 905/875/839 558/699/669 186/698/668
f 186/878/668 638/879/842 906/880/843 636/881/840
f 638/879/842 119/408/385 639/882/844 906/880/843
f 906/880/843 639/882/844 49/174/160 319/171/158
f 636/881/840 906/880/843 319/171/158 46/170/153
f 119/408/385 424/405/382 907/883/845 639/882/844
f 424/405/382 118/404/381 640/884/846 907/883/845
f 907/883/845 640/884/846 51/181/166 322/179/164
f 639/882/844 907/883/845 322/179/164 49/174/160
f 118/404/381 563/709/679 908/885/847 640/884/846
f 563/709/679 184/692/662 637/877/841 908/885/847
f 908/885/847 637/877/841 45/161/149 325/185/170
f 640/884/846 908/885/847 325/185/170 51/181/166
f 48/169/157 318/168/156 909/886/848 641/887/849
f 318/168/156 47/167/155 642/888/850 909/886/848
f 909/886/848 642/888/850 190/889/684 565/890/681
f 641/887/849 909/886/848 565/890/681 189/710/680
f 47/178/155 321/177/163 910/891/851 642/892/850
f 321/177/163 50/176/162 643/893/852 910/891/851
f 910/891/851 643/893/852 191/716/686 566/894/685
f 642/892/850 910/891/851 566/894/685 190/895/684
f 50/176/162 324/184/169 911/896/853 643/893/852
f 324/184/169 52/183/168 644/897/854 911/896/853
f 911/896/853 644/897/854 192/718/688 567/717/687
f 643/893/852 911/896/853 567/717/687 191/716/686
f 52/183/168 326/187/172 912/898/855 644/897/854
f 326/187/172 48/169/157 641/887/849 912/898/855
f 912/898/855 641/887/849 189/710/680 564/713/683
f 644/897/854 912/898/855 564/713/683 192/718/688
f 170/654/625 645/899/856 913/900/857 537/655/626
f 645/899/856 183/690/858 553/687/859 913/900/857
f 913/900/857 553/687/859 182/686/860 646/901/861
f 537/655/626 913/900/857 646/901/861 171/656/627
f 39/136/126 302/134/124 914/902/862 647/903/863
f 302/134/124 37/130/120 648/904/864 914/902/862
f 914/902/862 648/904/864 218/905/865 649/906/866
f 647/903/863 914/902/862 649/906/866 219/907/867
f 80/291/868 369/288/869 915/908/870 650/909/871
f 369/288/869 79/287/872 651/910/873 915/908/870
f 915/908/870 651/910/873 177/673/643 545/672/642
f 650/909/871 915/908/870 545/672/642 176/671/641
f 179/678/648 652/911/874 916/912/875 548/679/649
f 652/911/874 187/702/876 559/700/877 916/912/875
f 916/912/875 559/700/877 80/291/868 650/909/871
f 548/679/649 916/912/875 650/909/871 176/671/641
f 181/684/654 653/913/878 917/914/879 551/685/655
f 653/913/878 188/704/880 561/707/881 917/914/879
f 917/914/879 561/707/881 187/702/876 652/911/874
f 551/685/655 917/914/879 652/911/874 179/678/648
f 171/656/627 646/901/861 918/915/882 587/764/737
f 646/901/861 182/686/860 588/766/883 918/915/882
f 918/915/882 588/766/883 188/704/880 653/913/878
f 587/764/737 918/915/882 653/913/878 181/684/654
f 21/58/55 654/916/884 919/917/885 277/59/56
f 654/918/884 185/696/886 556/694/887 919/919/885
f 919/919/885 556/694/887 183/690/858 655/920/888
f 277/59/56 919/917/885 655/921/888 22/62/59
f 183/690/858 645/899/856 920/922/889 655/920/888
f 645/899/856 170/654/625 656/923/890 920/922/889
f 920/924/889 656/925/890 23/70/67 279/69/66
f 655/921/888 920/924/889 279/69/66 22/62/59
f 170/654/625 541/664/634 921/926/891 656/923/890
f 541/664/634 173/663/633 657/927/892 921/926/891
f 921/928/891 657/929/892 24/76/73 281/75/72
f 656/925/890 921/928/891 281/75/72 23/70/67
f 173/663/633 658/930/893 922/931/894 657/927/892
f 658/930/893 185/696/886 654/918/884 922/931/894
f 922/932/894 654/916/884 21/58/55 283/83/78
f 657/929/892 922/933/894 283/81/78 24/76/73
f 923/86/80 660/85/79 220/934/895 661/935/896
f 659/105/99 923/86/80 661/935/896 34/936/897
f 924/106/100 662/108/102 221/937/898 663/938/899
f 660/85/79 924/106/100 663/938/899 220/934/895
f 925/107/101 664/110/104 33/939/900 665/940/901
f 662/108/102 925/107/101 665/940/901 221/937/898
f 926/109/103 659/105/99 34/936/897 296/941/902
f 664/110/104 926/111/103 296/942/902 33/939/900
f 34/121/113 661/943/903 927/944/904 299/128/118
f 661/943/903 220/945/905 666/946/906 927/944/904
f 927/944/904 666/946/906 218/905/865 648/904/864
f 299/128/118 927/944/904 648/904/864 37/130/120
f 220/945/905 663/947/907 928/948/908 666/946/906
f 663/947/907 221/949/909 667/950/910 928/948/908
f 928/948/908 667/950/910 219/907/867 649/906/866
f 666/946/906 928/948/908 649/906/866 218/905/865
f 221/949/909 665/951/911 929/952/912 667/950/910
f 665/951/911 33/116/109 305/140/130 929/952/912
f 929/952/912 305/140/130 39/136/126 647/903/863
f 667/950/910 929/952/912 647/903/863 219/907/867
f 222/953/913 669/954/914 930/955/915 668/956/916
f 669/957/914 223/958/917 670/959/918 930/955/915
f 930/955/915 670/959/918 224/960/919 671/961/920
f 668/956/916 930/955/915 671/961/920 225/962/921
f 42/150/138 309/149/137 931/963/922 672/964/923
f 309/148/137 41/147/136 673/965/924 931/966/922
f 931/966/922 673/965/924 223/958/917 669/957/914
f 672/964/923 931/963/922 669/954/914 222/953/913
f 41/147/136 311/154/142 932/967/925 673/965/924
f 311/154/142 43/153/141 674/968/926 932/967/925
f 932/967/925 674/968/926 224/960/919 670/959/918
f 673/965/924 932/967/925 670/959/918 223/958/917
f 43/153/141 313/158/146 933/969/927 674/968/926
f 313/158/146 44/157/145 675/970/928 933/969/927
f 933/969/927 675/970/928 225/962/921 671/961/920
f 674/968/926 933/969/927 671/961/920 224/960/919
f 44/157/145 314/160/148 934/971/929 675/970/928
f 314/160/148 42/150/138 672/964/923 934/971/929
f 934/971/929 672/964/923 222/953/913 668/956/916
f 675/970/928 934/971/929 668/956/916 225/962/921
f 158/596/566 513/601/571 935/972/930 512/597/567
f 513/601/571 153/579/550 505/578/549 935/972/930
f 935/972/930 505/578/549 152/577/548 676/973/931
f 512/597/567 935/972/930 676/973/931 159/598/568
f 148/575/546 499/974/932 936/975/933 677/976/934
f 499/977/932 150/590/560 678/978/935 936/979/933
f 936/979/933 678/978/935 226/980/936 679/981/937
f 677/976/934 936/975/933 679/982/937 227/983/938
f 150/590/560 510/593/563 937/984/939 678/978/935
f 510/593/563 159/598/568 680/985/940 937/984/939
f 937/984/939 680/985/940 228/986/941 681/987/942
f 678/978/935 937/984/939 681/987/942 226/980/936
f 159/598/568 676/973/931 938/988/943 680/985/940
f 676/973/931 152/577/548 682/989/944 938/988/943
f 938/988/943 682/989/944 229/990/945 683/991/946
f 680/985/940 938/988/943 683/991/946 228/986/941
f 152/577/548 504/576/547 939/992/947 682/989/944
f 504/576/547 148/575/546 677/976/934 939/992/947
f 939/992/947 677/976/934 227/983/938 684/993/948
f 682/989/944 939/992/947 684/993/948 229/990/945
f 227/983/938 679/982/937 940/994/949 685/995/950
f 679/981/937 226/980/936 686/996/951 940/997/949
f 940/997/949 686/996/951 230/998/952 687/999/953
f 685/995/950 940/994/949 687/1000/953 231/1001/954
f 226/980/936 681/987/942 941/1002/955 686/996/951
f 681/987/942 228/986/941 688/1003/956 941/1002/955
f 941/1002/955 688/1003/956 232/1004/957 689/1005/958
f 686/996/951 941/1002/955 689/1005/958 230/998/952
f 228/986/941 683/991/946 942/1006/959 688/1003/956
f 683/991/946 229/990/945 690/1007/960 942/1006/959
f 942/1006/959 690/1007/960 233/1008/961 691/1009/962
f 688/1003/956 942/1006/959 691/1009/962 232/1004/957
f 229/990/945 684/993/948 943/1010/963 690/1007/960
f 684/993/948 227/983/938 685/995/950 943/1010/963
f 943/1010/963 685/995/950 231/1001/954 692/1011/964
f 690/1007/960 943/1010/963 692/1011/964 233/1008/961
f 231/1001/954 687/1000/953 944/1012/965 693/1013/966
f 687/999/953 230/998/952 694/1014/967 944/1015/965
f 944/1015/965 694/1014/967 234/1016/968 695/1017/969
f 693/1013/966 944/1012/965 695/1018/969 235/1019/970
f 230/998/952 689/1005/958 945/1020/971 694/1014/967
f 689/1005/958 232/1004/957 696/1021/972 945/1020/971
f 945/1020/971 696/1021/972 236/1022/973 697/1023/974
f 694/1014/967 945/1020/971 697/1023/974 234/1016/968
f 232/1004/957 691/1009/962 946/1024/975 696/1021/972
f 691/1009/962 233/1008/961 698/1025/976 946/1024/975
f 946/1024/975 698/1025/976 237/1026/977 699/1027/978
f 696/1021/972 946/1024/975 699/1027/978 236/1022/973
f 233/1008/961 692/1011/964 947/1028/979 698/1025/976
f 692/1011/964 231/1001/954 693/1013/966 947/1028/979
f 947/1028/979 693/1013/966 235/1019/970 700/1029/980
f 698/1025/976 947/1028/979 700/1029/980 237/1026/977
f 235/1019/970 695/1018/969 948/1030/981 701/1031/982
f 695/1017/969 234/1016/968 702/1032/983 948/1033/981
f 948/1033/981 702/1032/983 155/585/555 507/584/552
f 701/1031/982 948/1030/981 507/581/552 154/580/551
f 234/1016/968 697/1023/974 949/1034/984 702/1032/983
f 697/1023/974 236/1022/973 703/1035/985 949/1034/984
f 949/1034/984 703/1035/985 156/587/557 508/586/556
f 702/1032/983 949/1034/984 508/586/556 155/585/555
f 236/1022/973 699/1027/978 950/1036/986 703/1035/985
f 699/1027/978 237/1026/977 704/1037/987 950/1036/986
f 950/1036/986 704/1037/987 157/589/559 509/588/558
f 703/1035/985 950/1036/986 509/588/558 156/587/557
f 237/1026/977 700/1029/980 951/1038/988 704/1037/987
f 700/1029/980 235/1019/970 701/1031/982 951/1038/988
f 951/1038/988 701/1031/982 154/580/551 506/583/554
f 704/1037/987 951/1038/988 506/583/554 157/589/559
f 208/811/780 611/819/788 952/1039/989 609/812/781
f 611/819/788 210/818/787 613/825/794 952/1039/989
f 952/1039/989 613/825/794 211/824/793 705/1040/990
f 609/812/781 952/1039/989 705/1040/990 209/813/782
f 201/822/791 599/1041/991 953/1042/992 706/1043/993
f 599/1044/991 200/805/774 707/1045/994 953/1046/992
f 953/1046/992 707/1045/994 238/1047/995 708/1048/996
f 706/1043/993 953/1042/992 708/1049/996 239/1050/997
f 200/805/774 607/808/777 954/1051/998 707/1045/994
f 607/808/777 209/813/782 709/1052/999 954/1051/998
f 954/1051/998 709/1052/999 240/1053/1000 710/1054/1001
f 707/1045/994 954/1051/998 710/1054/1001 238/1047/995
f 209/813/782 705/1040/990 955/1055/1002 709/1052/999
f 705/1040/990 211/824/793 711/1056/1003 955/1055/1002
f 955/1055/1002 711/1056/1003 241/1057/1004 712/1058/1005
f 709/1052/999 955/1055/1002 712/1058/1005 240/1053/1000
f 211/824/793 612/823/792 956/1059/1006 711/1056/1003
f 612/823/792 201/822/791 706/1043/993 956/1059/1006
f 956/1059/1006 706/1043/993 239/1050/997 713/1060/1007
f 711/1056/1003 956/1059/1006 713/1060/1007 241/1057/1004
f 239/1050/997 708/1049/996 957/1061/1008 714/1062/1009
f 708/1048/996 238/1047/995 715/1063/1010 957/1064/1008
f 957/1064/1008 715/1063/1010 242/1065/1011 716/1066/1012
f 714/1062/1009 957/1061/1008 716/1067/1012 243/1068/1013
f 238/1047/995 710/1054/1001 958/1069/1014 715/1063/1010
f 710/1054/1001 240/1053/1000 717/1070/1015 958/1069/1014
f 958/1069/1014 717/1070/1015 244/1071/1016 718/1072/1017
f 715/1063/1010 958/1069/1014 718/1072/1017 242/1065/1011
f 240/1053/1000 712/1058/1005 959/1073/1018 717/1070/1015
f 712/1058/1005 241/1057/1004 719/1074/1019 959/1073/1018
f 959/1073/1018 719/1074/1019 245/1075/1020 720/1076/1021
f 717/1070/1015 959/1073/1018 720/1076/1021 244/1071/1016
f 241/1057/1004 713/1060/1007 960/1077/1022 719/1074/1019
f 713/1060/1007 239/1050/997 714/1062/1009 960/1077/1022
f 960/1077/1022 714/1062/1009 243/1068/1013 721/1078/1023
f 719/1074/1019 960/1077/1022 721/1078/1023 245/1075/1020
f 243/1068/1013 716/1067/1012 961/1079/1024 722/1080/1025
f 716/1066/1012 242/1065/1011 723/1081/1026 961/1082/1024
f 961/1082/1024 723/1081/1026 246/1083/1027 724/1084/1028
f 722/1080/1025 961/1079/1024 724/1085/1028 247/1086/1029
f 242/1065/1011 718/1072/1017 962/1087/1030 723/1081/1026
f 718/1072/1017 244/1071/1016 725/1088/1031 962/1087/1030
f 962/1087/1030 725/1088/1031 248/1089/1032 726/1090/1033
f 723/1081/1026 962/1087/1030 726/1090/1033 246/1083/1027
f 244/1071/1016 720/1076/1021 963/1091/1034 725/1088/1031
f 720/1076/1021 245/1075/1020 727/1092/1035 963/1091/1034
f 963/1091/1034 727/1092/1035 249/1093/1036 728/1094/1037
f 725/1088/1031 963/1091/1034 728/1094/1037 248/1089/1032
f 245/1075/1020 721/1078/1023 964/1095/1038 727/1092/1035
f 721/1078/1023 243/1068/1013 722/1080/1025 964/1095/1038
f 964/1095/1038 722/1080/1025 247/1086/1029 729/1096/1039
f 727/1092/1035 964/1095/1038 729/1096/1039 249/1093/1036
f 247/1086/1029 724/1085/1028 965/1097/1040 730/1098/1041
f 724/1084/1028 246/1083/1027 731/1099/1042 965/1100/1040
f 965/1100/1040 731/1099/1042 205/800/769 604/799/766
f 730/1098/1041 965/1097/1040 604/796/766 204/795/765
f 246/1083/1027 726/1090/1033 966/1101/1043 731/1099/1042
f 726/1090/1033 248/1089/1032 732/1102/1044 966/1101/1043
f 966/1101/1043 732/1102/1044 206/802/771 605/801/770
f 731/1099/1042 966/1101/1043 605/801/770 205/800/769
f 248/1089/1032 728/1094/1037 967/1103/1045 732/1102/1044
f 728/1094/1037 249/1093/1036 733/1104/1046 967/1103/1045
f 967/1103/1045 733/1104/1046 207/804/773 606/803/772
f 732/1102/1044 967/1103/1045 606/803/772 206/802/771
f 249/1093/1036 729/1096/1039 968/1105/1047 733/1104/1046
f 729/1096/1039 247/1086/1029 730/1098/1041 968/1105/1047
f 968/1105/1047 730/1098/1041 204/795/765 603/798/768
f 733/1104/1046 968/1105/1047 603/798/768 207/804/773
f 69/257/236 75/282/260 364/286/256 355/258/237
f 278/63/60 292/68/65 747/64/61 742/60/57
f 974/1106/1048 1187/1107/1049 1635/1108/1050 1188/1109/1051
f 1188/1109/1051 1635/1108/1050 252/1110/6 2/1111/5
f 1635/1108/1050 1189/1112/1052 3/1113/7 252/1110/6
f 1187/1107/1049 975/1114/1053 1189/1112/1052 1635/1108/1050
f 976/1115/1054 1190/1116/1055 1636/1117/1056 1191/1118/1057
f 1191/1119/1057 1636/1120/1056 1192/1121/1058 977/1122/1059
f 1636/1120/1056 1193/1123/1060 978/1124/1061 1192/1121/1058
f 1190/1116/1055 979/1125/1062 1193/1126/1060 1636/1117/1056
f 977/1122/1059 1192/1121/1058 1637/1127/1063 1194/1128/1064
f 1194/1128/1064 1637/1127/1063 1195/1129/1065 980/1130/1066
f 1637/1127/1063 1196/1131/1067 981/1132/1068 1195/1129/1065
f 1192/1121/1058 978/1124/1061 1196/1131/1067 1637/1127/1063
f 980/1130/1066 1195/1129/1065 1638/1133/1069 1197/1134/1070
f 1197/1134/1070 1638/1133/1069 1198/1135/1071 982/1136/1072
f 1638/1133/1069 1199/1137/1073 983/1138/1074 1198/1135/1071
f 1195/1129/1065 981/1132/1068 1199/1137/1073 1638/1133/1069
f 982/1136/1072 1198/1135/1071 1639/1139/1075 1200/1140/1076
f 1200/1140/1076 1639/1139/1075 1190/1116/1055 976/1115/1054
f 1639/1139/1075 1201/1141/1077 979/1125/1062 1190/1116/1055
f 1198/1135/1071 983/1138/1074 1201/1141/1077 1639/1139/1075
f 978/1124/1061 1202/1142/1078 1640/1143/1079 1196/1131/1067
f 1196/1131/1067 1640/1143/1079 1203/1144/1080 981/1132/1068
f 1640/1143/1079 1204/1145/1081 984/1146/1082 1203/1144/1080
f 1202/1142/1078 985/1147/1083 1204/1145/1081 1640/1143/1079
f 983/1138/1074 1205/1148/1084 1641/1149/1085 1201/1141/1077
f 1201/1141/1077 1641/1149/1085 1206/1150/1086 979/1125/1062
f 1641/1149/1085 1207/1151/1087 986/1152/1088 1206/1150/1086
f 1205/1148/1084 987/1153/1089 1207/1151/1087 1641/1149/1085
f 17/49/46 272/52/49 1642/1154/1090 1208/1155/1091
f 1208/1155/1091 1642/1154/1090 1209/1156/1092 988/1157/1093
f 1642/1154/1090 1210/1158/1094 989/1159/1095 1209/1156/1092
f 272/52/49 20/57/54 1210/1158/1094 1642/1154/1090
f 990/1160/1096 1211/1161/1097 1643/1162/1098 1212/1163/1099
f 1212/1163/1099 1643/1162/1098 1213/1164/1100 991/1165/1101
f 1643/1162/1098 1211/1161/1097 1225/1166/1102 1648/1167/1103
f 1644/1168/1104 1213/1164/1100 1226/1169/1105 1649/1170/1106
f 991/1165/1101 1213/1164/1100 1644/1168/1104 1214/1171/1107
f 1214/1171/1107 1644/1168/1104 1215/1172/1108 992/1173/1109
f 1645/1174/1110 1215/1172/1108 1227/1175/1111 1650/1176/1112
f 1215/1172/1108 1644/1168/1104 1649/1170/1106 1227/1175/1111
f 992/1173/1109 1215/1172/1108 1645/1174/1110 1216/1177/1113
f 1216/1177/1113 1645/1174/1110 1217/1178/1114 993/1179/1115
f 1211/1161/1097 1646/1180/1116 1651/1181/1117 1225/1166/1102
f 1217/1178/1114 1645/1174/1110 1650/1176/1112 1228/1182/1118
f 993/1179/1115 1217/1178/1114 1646/1183/1116 1218/1184/1119
f 1218/1185/1119 1646/1180/1116 1211/1161/1097 990/1160/1096
f 1646/1183/1116 1217/1178/1114 1228/1182/1118 1651/1186/1117
f 1226/1169/1105 1648/1167/1103 1824/1187/1120 1561/1188/1121
f 994/1189/1122 1870/1190/1123 1872/1191/1124 1219/1192/1125
f 1219/1192/1125 1872/1191/1124 1220/1193/1126 995/1194/1127
f 1872/1191/1124 1221/1195/1128 996/1196/1129 1220/1193/1126
f 1870/1190/1123 997/1197/1130 1221/1195/1128 1872/1191/1124
f 29/96/90 287/99/93 1647/1198/1131 1222/1199/1132
f 1222/1199/1132 1647/1198/1131 1223/1200/1133 998/1201/1134
f 1647/1198/1131 1224/1202/1135 999/1203/1136 1223/1200/1133
f 287/99/93 32/104/98 1224/1202/1135 1647/1198/1131
f 1648/1167/1103 1225/1166/1102 1560/1204/1137 1824/1187/1120
f 1649/1170/1106 1226/1169/1105 1561/1188/1121 1825/1205/1138
f 1650/1176/1112 1227/1175/1111 1563/1206/1139 1826/1207/1140
f 1227/1175/1111 1649/1170/1106 1825/1205/1138 1563/1206/1139
f 1225/1166/1102 1651/1181/1117 1827/1208/1141 1560/1204/1137
f 1228/1182/1118 1650/1176/1112 1826/1207/1140 1565/1209/1142
f 1651/1186/1117 1228/1182/1118 1565/1209/1142 1827/1210/1141
f 1272/1211/1143 1667/1212/1144 1788/1213/1145 1519/1214/1146
f 1000/1215/1147 1229/1216/1148 1652/1217/1149 1230/1218/1150
f 1230/1219/1150 1652/1220/1149 1231/1221/1151 1001/1222/1152
f 1652/1220/1149 1232/1223/1153 1002/1224/1154 1231/1221/1151
f 1229/1216/1148 1003/1225/1155 1232/1226/1153 1652/1217/1149
f 1001/1222/1152 1231/1221/1151 1653/1227/1156 1233/1228/1157
f 1233/1228/1157 1653/1227/1156 1234/1229/1158 1004/1230/1159
f 1653/1227/1156 1235/1231/1160 1005/1232/1161 1234/1229/1158
f 1231/1221/1151 1002/1224/1154 1235/1231/1160 1653/1227/1156
f 1004/1230/1159 1234/1229/1158 1654/1233/1162 1236/1234/1163
f 1236/1234/1163 1654/1233/1162 1237/1235/1164 1006/1236/1165
f 1654/1233/1162 1238/1237/1166 1007/1238/1167 1237/1235/1164
f 1234/1229/1158 1005/1232/1161 1238/1237/1166 1654/1233/1162
f 1006/1236/1165 1237/1235/1164 1655/1239/1168 1239/1240/1169
f 1239/1240/1169 1655/1239/1168 1229/1216/1148 1000/1215/1147
f 1655/1239/1168 1240/1241/1170 1003/1225/1155 1229/1216/1148
f 1237/1235/1164 1007/1238/1167 1240/1241/1170 1655/1239/1168
f 1003/1225/1155 1241/1242/1171 1656/1243/1172 1232/1226/1153
f 1232/1223/1153 1656/1244/1172 1242/1245/1173 1002/1224/1154
f 1656/1244/1172 1243/1246/1174 1008/1247/1175 1242/1245/1173
f 1241/1242/1171 1009/1248/1176 1243/1249/1174 1656/1243/1172
f 1002/1224/1154 1242/1245/1173 1657/1250/1177 1235/1231/1160
f 1235/1231/1160 1657/1250/1177 1244/1251/1178 1005/1232/1161
f 1657/1250/1177 1245/1252/1179 1010/1253/1180 1244/1251/1178
f 1242/1245/1173 1008/1247/1175 1245/1252/1179 1657/1250/1177
f 1005/1232/1161 1244/1251/1178 1658/1254/1181 1238/1237/1166
f 1238/1237/1166 1658/1254/1181 1246/1255/1182 1007/1238/1167
f 1658/1254/1181 1247/1256/1183 1011/1257/1184 1246/1255/1182
f 1244/1251/1178 1010/1253/1180 1247/1256/1183 1658/1254/1181
f 1007/1238/1167 1246/1255/1182 1659/1258/1185 1240/1241/1170
f 1240/1241/1170 1659/1258/1185 1241/1242/1171 1003/1225/1155
f 1659/1258/1185 1248/1259/1186 1009/1248/1176 1241/1242/1171
f 1246/1255/1182 1011/1257/1184 1248/1259/1186 1659/1258/1185
f 1012/1260/1187 1249/1261/1188 1660/1262/1189 1250/1263/1190
f 1250/1263/1190 1660/1262/1189 1251/1264/1191 1013/1265/1192
f 1660/1262/1189 1252/1266/1193 1014/1267/1194 1251/1264/1191
f 1249/1261/1188 1015/1268/1195 1252/1266/1193 1660/1262/1189
f 1013/1269/1192 1251/1270/1191 1661/1271/1196 1253/1272/1197
f 1253/1272/1197 1661/1271/1196 1254/1273/1198 1016/1274/1199
f 1661/1271/1196 1255/1275/1200 1017/1276/1201 1254/1273/1198
f 1251/1270/1191 1014/1277/1194 1255/1275/1200 1661/1271/1196
f 1016/1274/1199 1254/1273/1198 1662/1278/1202 1256/1279/1203
f 1256/1279/1203 1662/1278/1202 1257/1280/1204 1018/1281/1205
f 1662/1278/1202 1258/1282/1206 1019/1283/1207 1257/1280/1204
f 1254/1273/1198 1017/1276/1201 1258/1282/1206 1662/1278/1202
f 1018/1281/1205 1257/1280/1204 1663/1284/1208 1259/1285/1209
f 1259/1285/1209 1663/1284/1208 1249/1261/1188 1012/1260/1187
f 1663/1284/1208 1260/1286/1210 1015/1268/1195 1249/1261/1188
f 1257/1280/1204 1019/1283/1207 1260/1286/1210 1663/1284/1208
f 988/1157/1093 1209/1156/1092 1664/1287/1211 1261/1288/1212
f 1261/1288/1212 1664/1287/1211 1262/1289/1213 1020/1290/1214
f 1664/1287/1211 1263/1291/1215 1021/1292/1216 1262/1289/1213
f 1209/1156/1092 989/1159/1095 1263/1291/1215 1664/1287/1211
f 1022/1293/1217 1264/1294/1218 1665/1295/1219 1265/1296/1220
f 1265/1296/1220 1665/1295/1219 1266/1297/1221 1023/1298/1222
f 1665/1295/1219 1262/1289/1213 1021/1292/1216 1266/1297/1221
f 1264/1294/1218 1020/1290/1214 1262/1289/1213 1665/1295/1219
f 1024/1299/1223 1267/1300/1224 1666/1301/1225 1268/1302/1226
f 1268/1302/1226 1666/1301/1225 1269/1303/1227 1025/1304/1228
f 1666/1301/1225 1265/1296/1220 1023/1298/1229 1269/1303/1227
f 1267/1300/1224 1022/1293/1217 1265/1296/1220 1666/1301/1225
f 1026/1305/1230 1270/1306/1231 1667/1212/1144 1271/1307/1232
f 1271/1307/1232 1667/1212/1144 1272/1211/1143 1027/1308/1233
f 1667/1212/1144 1270/1306/1231 1518/1309/1234 1788/1213/1145
f 1668/1310/1235 1272/1211/1143 1519/1214/1146 1789/1311/1236
f 1027/1308/1233 1272/1211/1143 1668/1310/1235 1273/1312/1237
f 1273/1312/1237 1668/1310/1235 1274/1313/1238 1028/1314/1239
f 1669/1315/1240 1274/1313/1238 1520/1316/1241 1790/1317/1242
f 1274/1313/1238 1668/1310/1235 1789/1311/1236 1520/1316/1241
f 1028/1314/1239 1274/1313/1238 1669/1315/1240 1275/1318/1243
f 1275/1318/1243 1669/1315/1240 1276/1319/1244 1029/1320/1245
f 1270/1306/1231 1670/1321/1246 1791/1322/1247 1518/1309/1234
f 1276/1319/1244 1669/1315/1240 1790/1317/1242 1521/1323/1248
f 1029/1320/1245 1276/1319/1244 1670/1324/1246 1277/1325/1249
f 1277/1326/1249 1670/1321/1246 1270/1306/1231 1026/1305/1230
f 1670/1324/1246 1276/1319/1244 1521/1323/1248 1791/1327/1247
f 1519/1214/1146 1788/1213/1145 1792/1328/1250 1523/1329/1251
f 1030/1330/1252 1278/1331/1253 1671/1332/1254 1279/1333/1255
f 1279/1333/1255 1671/1332/1254 1280/1334/1256 1031/1335/1257
f 1671/1332/1254 1194/1128/1064 980/1130/1066 1280/1334/1256
f 1278/1331/1253 977/1122/1059 1194/1128/1064 1671/1332/1254
f 1032/1336/1258 1281/1337/1259 1672/1338/1260 1282/1339/1261
f 1282/1339/1261 1672/1338/1260 1283/1340/1262 1033/1341/1263
f 1672/1338/1260 1200/1140/1076 976/1115/1054 1283/1340/1262
f 1281/1337/1259 982/1136/1072 1200/1140/1076 1672/1338/1260
f 979/1125/1062 1206/1150/1086 1673/1342/1264 1193/1126/1060
f 1193/1123/1060 1673/1343/1264 1202/1142/1078 978/1124/1061
f 1673/1343/1264 1284/1344/1265 985/1147/1083 1202/1142/1078
f 1206/1150/1086 986/1152/1088 1284/1345/1265 1673/1342/1264
f 981/1132/1068 1203/1144/1080 1674/1346/1266 1199/1137/1073
f 1199/1137/1073 1674/1346/1266 1205/1148/1084 983/1138/1074
f 1674/1346/1266 1285/1347/1267 987/1153/1089 1205/1148/1084
f 1203/1144/1080 984/1146/1082 1285/1347/1267 1674/1346/1266
f 1034/1348/1268 1286/1349/1269 1675/1350/1270 1287/1351/1271
f 1287/1352/1271 1675/1353/1270 1288/1354/1272 1035/1355/1273
f 1675/1353/1270 1289/1356/1274 1036/1357/1275 1288/1354/1272
f 1286/1349/1269 1037/1358/1276 1289/1359/1274 1675/1350/1270
f 1035/1355/1273 1288/1354/1272 1676/1360/1277 1290/1361/1278
f 1290/1361/1278 1676/1360/1277 1291/1362/1279 1038/1363/1280
f 1676/1360/1277 1292/1364/1281 1039/1365/1282 1291/1362/1279
f 1288/1354/1272 1036/1357/1275 1292/1364/1281 1676/1360/1277
f 1038/1363/1280 1291/1362/1279 1677/1366/1283 1293/1367/1284
f 1293/1367/1284 1677/1366/1283 1294/1368/1285 1040/1369/1286
f 1677/1366/1283 1295/1370/1287 1041/1371/1288 1294/1368/1285
f 1291/1362/1279 1039/1365/1282 1295/1370/1287 1677/1366/1283
f 1040/1369/1286 1294/1368/1285 1678/1372/1289 1296/1373/1290
f 1296/1373/1290 1678/1372/1289 1286/1349/1269 1034/1348/1268
f 1678/1372/1289 1297/1374/1291 1037/1358/1276 1286/1349/1269
f 1294/1368/1285 1041/1371/1288 1297/1374/1291 1678/1372/1289
f 1039/1365/1282 1292/1364/1281 1299/1375/1292 1044/1376/1293
f 1289/1359/1274 1037/1358/1276 1043/1377/1294 1298/1378/1295
f 1041/1371/1288 1295/1370/1287 1300/1379/1296 1045/1380/1297
f 1292/1364/1281 1036/1357/1275 1042/1381/1298 1299/1375/1292
f 1037/1358/1276 1297/1374/1291 1301/1382/1299 1043/1377/1294
f 1295/1370/1287 1039/1365/1282 1044/1376/1293 1300/1379/1296
f 1042/1381/1298 1298/1383/1295 1503/1384/1300 1137/1385/1301
f 1297/1374/1291 1041/1371/1288 1045/1380/1297 1301/1382/1299
f 79/287/264 368/290/267 1679/1386/1302 1302/1387/1303
f 1302/1387/1303 1679/1386/1302 1303/1388/1304 1046/1389/1305
f 1679/1386/1302 1208/1155/1091 988/1157/1093 1303/1388/1304
f 368/290/267 17/49/46 1208/1155/1091 1679/1386/1302
f 81/293/270 1304/1390/1306 1680/1391/1307 372/294/271
f 372/294/271 1680/1391/1307 1305/1392/1308 82/297/274
f 1680/1391/1307 1269/1303/1227 1023/1298/1229 1305/1392/1308
f 1304/1390/1306 1025/1304/1228 1269/1303/1227 1680/1391/1307
f 20/57/54 374/300/277 1681/1393/1309 1210/1158/1094
f 1210/1158/1094 1681/1393/1309 1263/1291/1215 989/1159/1095
f 1681/1393/1309 1306/1394/1310 1021/1292/1216 1263/1291/1215
f 374/300/277 83/302/279 1306/1394/1310 1681/1393/1309
f 1047/1395/1311 1307/1396/1312 1682/1397/1313 1308/1398/1314
f 1308/1398/1314 1682/1397/1313 1309/1399/1315 1048/1400/1316
f 1682/1397/1313 1310/1401/1317 1049/1402/1318 1309/1399/1315
f 1307/1396/1312 1050/1403/1319 1310/1401/1317 1682/1397/1313
f 1048/1400/1316 1309/1399/1315 1683/1404/1320 1311/1405/1321
f 1311/1405/1321 1683/1404/1320 381/1406/292 88/1407/291
f 1683/1404/1320 1312/1408/1322 89/1409/293 381/1406/292
f 1309/1399/1315 1049/1402/1318 1312/1408/1322 1683/1404/1320
f 998/1201/1134 1223/1200/1133 1684/1410/1323 1313/1411/1324
f 1313/1411/1324 1684/1410/1323 1314/1412/1325 1051/1413/1326
f 1684/1410/1323 1315/1414/1327 1052/1415/1328 1314/1412/1325
f 1223/1200/1133 999/1203/1136 1315/1414/1327 1684/1410/1323
f 1053/1416/1329 1316/1417/1330 1685/1418/1331 1317/1419/1332
f 1317/1419/1332 1685/1418/1331 1318/1420/1333 1054/1421/1334
f 1685/1418/1331 1314/1412/1325 1052/1415/1328 1318/1420/1333
f 1316/1417/1330 1051/1413/1326 1314/1412/1325 1685/1418/1331
f 995/1194/1127 1220/1193/1126 1873/1422/1335 1319/1423/1336
f 1319/1423/1336 1873/1422/1335 1871/1424/1337 1055/1425/1338
f 1873/1422/1335 1320/1426/1339 1056/1427/1340 1871/1424/1337
f 1220/1193/1126 996/1196/1129 1320/1426/1339 1873/1422/1335
f 1055/1425/1338 1871/1424/1337 1686/1428/1341 1321/1429/1342
f 1321/1430/1342 1686/1431/1341 1322/1432/1343 1057/1433/1344
f 1686/1431/1341 1323/1434/1345 1058/1435/1346 1322/1432/1343
f 1871/1424/1337 1056/1427/1340 1323/1436/1345 1686/1428/1341
f 1057/1433/1344 1322/1432/1343 1874/1437/1347 1324/1438/1348
f 1324/1438/1348 1874/1437/1347 1870/1190/1123 994/1189/1122
f 1874/1437/1347 1325/1439/1349 997/1197/1130 1870/1190/1123
f 1322/1432/1343 1058/1435/1346 1325/1439/1349 1874/1437/1347
f 1059/1440/1350 1326/1441/1351 1687/1442/1352 1327/1443/1353
f 1327/1443/1353 1687/1442/1352 1328/1444/1354 1060/1445/1355
f 1687/1442/1352 1329/1446/1356 1061/1447/1357 1328/1444/1354
f 1326/1441/1351 1062/1448/1358 1329/1446/1356 1687/1442/1352
f 1062/1448/1358 1330/1449/1359 1688/1450/1360 1329/1446/1356
f 1329/1446/1356 1688/1450/1360 1331/1451/1361 1061/1447/1357
f 1688/1450/1360 402/361/335 102/360/334 1331/1451/1361
f 1330/1449/1359 103/362/336 402/361/335 1688/1450/1360
f 1063/1452/1362 1332/1453/1363 1689/1454/1364 1333/1455/1365
f 1333/1455/1365 1689/1454/1364 1334/1456/1366 1064/1457/1367
f 1689/1454/1364 1328/1444/1354 1061/1447/1357 1334/1456/1366
f 1332/1453/1363 1060/1445/1355 1328/1444/1354 1689/1454/1364
f 1064/1457/1367 1334/1456/1366 1690/1458/1368 1335/1459/1369
f 1335/1459/1369 1690/1458/1368 407/372/346 106/371/345
f 1690/1458/1368 1331/1451/1361 102/360/334 407/372/346
f 1334/1456/1366 1061/1447/1357 1331/1451/1361 1690/1458/1368
f 1065/1460/1370 1336/1461/1371 1691/1462/1372 1337/1463/1373
f 1337/1463/1373 1691/1462/1372 1338/1464/1374 1066/1465/1375
f 1691/1462/1372 1339/1466/1376 1067/1467/1377 1338/1464/1374
f 1336/1461/1371 1068/1468/1378 1339/1466/1376 1691/1462/1372
f 1068/1468/1378 1340/1469/1379 1692/1470/1380 1339/1466/1376
f 1339/1466/1376 1692/1470/1380 1341/1471/1381 1067/1467/1377
f 1692/1470/1380 414/386/360 111/385/359 1341/1471/1381
f 1340/1469/1379 112/387/361 414/386/360 1692/1470/1380
f 1066/1465/1375 1338/1464/1374 1693/1472/1382 1342/1473/1383
f 1342/1473/1383 1693/1472/1382 1343/1474/1384 1069/1475/1385
f 1693/1472/1382 1344/1476/1386 1070/1477/1387 1343/1474/1384
f 1338/1464/1374 1067/1467/1377 1344/1476/1386 1693/1472/1382
f 1067/1467/1377 1341/1471/1381 1694/1478/1388 1344/1476/1386
f 1344/1476/1386 1694/1478/1388 1345/1479/1389 1070/1477/1387
f 1694/1478/1388 419/397/371 115/396/370 1345/1479/1389
f 1341/1471/1381 111/385/359 419/397/371 1694/1478/1388
f 1071/1480/1390 1346/1481/1391 1695/1482/1392 1347/1483/1393
f 1347/1483/1393 1695/1482/1392 1308/1398/1394 1048/1400/1395
f 1695/1482/1392 1348/1484/1396 1047/1395/1397 1308/1398/1394
f 1346/1481/1391 1072/1485/1398 1348/1484/1396 1695/1482/1392
f 1073/1486/1399 1349/1487/1400 1696/1488/1401 1350/1489/1402
f 1350/1489/1402 1696/1488/1401 425/409/386 119/408/385
f 1696/1488/1401 1304/1390/1306 81/293/270 425/409/386
f 1349/1487/1400 1025/1304/1228 1304/1390/1306 1696/1488/1401
f 1072/1485/1398 1351/1490/1403 1697/1491/1404 1348/1484/1396
f 1348/1484/1396 1697/1491/1404 1352/1492/1405 1047/1395/1397
f 1697/1491/1404 1353/1493/1406 1053/1416/1407 1352/1492/1405
f 1351/1490/1403 1074/1494/1408 1353/1493/1406 1697/1491/1404
f 1075/1495/1409 1354/1496/1410 1698/1497/1411 1355/1498/1412
f 1355/1498/1412 1698/1497/1411 1313/1411/1413 1051/1413/1414
f 1698/1497/1411 1356/1499/1415 998/1201/1416 1313/1411/1413
f 1354/1496/1410 1076/1500/1417 1356/1499/1415 1698/1497/1411
f 1076/1500/1417 1357/1501/1418 1699/1502/1419 1356/1499/1415
f 1356/1499/1415 1699/1502/1419 1358/1503/1420 998/1201/1416
f 1699/1502/1419 1359/1504/1421 1077/1505/1422 1358/1503/1420
f 1357/1501/1418 1078/1506/1423 1359/1504/1421 1699/1502/1419
f 998/1201/1416 1358/1503/1420 1700/1507/1424 1222/1199/1425
f 1222/1199/1425 1700/1507/1424 435/428/411 29/96/410
f 1700/1507/1424 1360/1508/1426 125/429/412 435/428/411
f 1358/1503/1420 1077/1505/1422 1360/1508/1426 1700/1507/1424
f 1059/1440/1350 1361/1509/1427 1701/1510/1428 1326/1511/1351
f 1326/1511/1351 1701/1510/1428 1362/1512/1429 1062/1513/1358
f 1701/1510/1428 1363/1514/1430 1079/1515/1431 1362/1512/1429
f 1361/1509/1427 1080/1516/1432 1363/1514/1430 1701/1510/1428
f 1062/1513/1358 1362/1512/1429 1702/1517/1433 1330/1518/1359
f 1330/1518/1359 1702/1517/1433 440/1519/421 103/1520/336
f 1702/1517/1433 1364/1521/1434 128/1522/422 440/1519/421
f 1362/1512/1429 1079/1515/1431 1364/1521/1434 1702/1517/1433
f 1080/1516/1432 1365/1523/1435 1703/1524/1436 1363/1514/1430
f 1363/1514/1430 1703/1524/1436 1366/1525/1437 1079/1515/1431
f 1703/1524/1436 1367/1526/1438 974/1106/1048 1366/1525/1437
f 1365/1523/1435 1081/1527/1439 1367/1526/1438 1703/1524/1436
f 1079/1515/1431 1366/1525/1437 1704/1528/1440 1364/1521/1434
f 1364/1521/1434 1704/1528/1440 445/1529/430 128/1522/422
f 1704/1528/1440 1188/1109/1051 2/1111/5 445/1529/430
f 1366/1525/1437 974/1106/1048 1188/1109/1051 1704/1528/1440
f 1081/1527/1439 1368/1530/1441 1705/1531/1442 1367/1526/1438
f 1367/1526/1438 1705/1531/1442 1187/1107/1049 974/1106/1048
f 1705/1531/1442 1369/1532/1443 975/1114/1053 1187/1107/1049
f 1368/1530/1441 1082/1533/1444 1369/1532/1443 1705/1531/1442
f 1082/1533/1444 1370/1534/1445 1706/1535/1446 1369/1532/1443
f 1369/1532/1443 1706/1535/1446 1371/1536/1447 975/1114/1053
f 1706/1535/1446 1347/1483/1393 1048/1400/1395 1371/1536/1447
f 1370/1534/1445 1071/1480/1390 1347/1483/1393 1706/1535/1446
f 975/1114/1053 1371/1536/1447 1707/1537/1448 1189/1112/1052
f 1189/1112/1052 1707/1537/1448 450/1538/439 3/1113/7
f 1707/1537/1448 1311/1405/1449 88/1407/440 450/1538/439
f 1371/1536/1447 1048/1400/1395 1311/1405/1449 1707/1537/1448
f 115/396/370 451/462/443 1708/1539/1450 1345/1479/1389
f 1345/1479/1389 1708/1539/1450 1372/1540/1451 1070/1477/1387
f 1708/1539/1450 1373/1541/1452 1083/1542/1453 1372/1540/1451
f 451/462/443 132/466/447 1373/1541/1452 1708/1539/1450
f 1070/1477/1387 1372/1540/1451 1709/1543/1454 1343/1474/1384
f 1343/1474/1384 1709/1543/1454 1374/1544/1455 1069/1475/1385
f 1709/1543/1454 1375/1545/1456 1084/1546/1457 1374/1544/1455
f 1372/1540/1451 1083/1542/1453 1375/1545/1456 1709/1543/1454
f 132/466/447 456/472/453 1710/1547/1458 1373/1541/1452
f 1373/1541/1452 1710/1547/1458 1376/1548/1459 1083/1542/1453
f 1710/1547/1458 1377/1549/1460 1085/1550/1461 1376/1548/1459
f 456/472/453 135/476/457 1377/1549/1460 1710/1547/1458
f 1083/1542/1453 1376/1548/1459 1711/1551/1462 1375/1545/1456
f 1375/1545/1456 1711/1551/1462 1378/1552/1463 1084/1546/1457
f 1711/1551/1462 1379/1553/1464 1086/1554/1465 1378/1552/1463
f 1376/1548/1459 1085/1550/1461 1379/1553/1464 1711/1551/1462
f 135/476/457 461/482/463 1712/1555/1466 1377/1549/1460
f 1377/1549/1460 1712/1555/1466 1380/1556/1467 1085/1550/1461
f 1712/1555/1466 1381/1557/1468 1087/1558/1469 1380/1556/1467
f 461/482/463 138/486/467 1381/1557/1468 1712/1555/1466
f 1085/1550/1461 1380/1556/1467 1713/1559/1470 1379/1553/1464
f 1379/1553/1464 1713/1559/1470 1382/1560/1471 1086/1554/1465
f 1713/1559/1470 1383/1561/1472 1088/1562/1473 1382/1560/1471
f 1380/1556/1467 1087/1558/1469 1383/1561/1472 1713/1559/1470
f 138/486/467 466/492/473 1714/1563/1474 1381/1557/1468
f 1381/1557/1468 1714/1563/1474 1384/1564/1475 1087/1558/1469
f 1714/1563/1474 1360/1508/1426 1077/1505/1422 1384/1564/1475
f 466/492/473 125/429/412 1360/1508/1426 1714/1563/1474
f 1087/1558/1469 1384/1564/1475 1715/1565/1476 1383/1561/1472
f 1383/1561/1472 1715/1565/1476 1385/1566/1477 1088/1562/1473
f 1715/1565/1476 1359/1504/1421 1078/1506/1423 1385/1566/1477
f 1384/1564/1475 1077/1505/1422 1359/1504/1421 1715/1565/1476
f 1069/1475/1385 1374/1544/1455 1716/1567/1478 1342/1473/1383
f 1342/1473/1383 1716/1567/1478 1386/1568/1479 1066/1465/1375
f 1716/1567/1478 1387/1569/1480 1089/1570/1481 1386/1568/1479
f 1374/1544/1455 1084/1546/1457 1387/1569/1480 1716/1567/1478
f 1066/1465/1375 1386/1568/1479 1717/1571/1482 1337/1463/1373
f 1337/1463/1373 1717/1571/1482 1388/1572/1483 1065/1460/1370
f 1717/1571/1482 1389/1573/1484 1090/1574/1485 1388/1572/1483
f 1386/1568/1479 1089/1570/1481 1389/1573/1484 1717/1571/1482
f 1063/1452/1362 1390/1575/1486 1718/1576/1487 1391/1577/1488
f 1391/1577/1488 1718/1576/1487 1392/1578/1489 1091/1579/1490
f 1718/1576/1487 1388/1572/1483 1090/1574/1485 1392/1578/1489
f 1390/1575/1486 1065/1460/1370 1388/1572/1483 1718/1576/1487
f 1060/1445/1355 1393/1580/1491 1719/1581/1492 1327/1443/1353
f 1327/1443/1353 1719/1581/1492 1361/1509/1427 1059/1440/1350
f 1719/1581/1492 1394/1582/1493 1080/1516/1432 1361/1509/1427
f 1393/1580/1491 1092/1583/1494 1394/1582/1493 1719/1581/1492
f 1084/1546/1457 1378/1552/1463 1720/1584/1495 1387/1569/1480
f 1387/1569/1480 1720/1584/1495 1395/1585/1496 1089/1570/1481
f 1720/1584/1495 1396/1586/1497 995/1587/1127 1395/1585/1496
f 1378/1552/1463 1086/1554/1465 1396/1586/1497 1720/1584/1495
f 1089/1570/1481 1395/1585/1496 1721/1588/1498 1389/1573/1484
f 1389/1573/1484 1721/1588/1498 1397/1589/1499 1090/1574/1485
f 1721/1588/1498 1319/1590/1336 1055/1591/1338 1397/1589/1499
f 1395/1585/1496 995/1587/1127 1319/1590/1336 1721/1588/1498
f 1090/1574/1485 1397/1589/1499 1722/1592/1500 1392/1578/1489
f 1392/1578/1489 1722/1592/1500 1398/1593/1501 1091/1579/1490
f 1722/1592/1500 1399/1594/1502 1093/1595/1503 1398/1593/1501
f 1397/1589/1499 1055/1591/1338 1399/1594/1502 1722/1592/1500
f 1092/1583/1494 1400/1596/1504 1723/1597/1505 1394/1582/1493
f 1394/1582/1493 1723/1597/1505 1365/1523/1435 1080/1516/1432
f 1723/1597/1505 1401/1598/1506 1081/1527/1439 1365/1523/1435
f 1400/1596/1504 1094/1599/1507 1401/1598/1506 1723/1597/1505
f 1086/1554/1465 1382/1560/1471 1724/1600/1508 1396/1586/1497
f 1396/1586/1497 1724/1600/1508 1219/1601/1125 995/1587/1127
f 1724/1600/1508 1402/1602/1509 994/1603/1122 1219/1601/1125
f 1382/1560/1471 1088/1562/1473 1402/1602/1509 1724/1600/1508
f 1055/1591/1338 1321/1604/1342 1725/1605/1510 1399/1594/1502
f 1399/1594/1502 1725/1605/1510 1403/1606/1511 1093/1595/1503
f 1725/1605/1510 1404/1607/1512 1095/1608/1513 1403/1606/1511
f 1321/1604/1342 1057/1609/1344 1404/1607/1512 1725/1605/1510
f 1094/1599/1507 1405/1610/1514 1726/1611/1515 1401/1598/1506
f 1401/1598/1506 1726/1611/1515 1368/1530/1441 1081/1527/1439
f 1726/1611/1515 1406/1612/1516 1082/1533/1444 1368/1530/1441
f 1405/1610/1514 1096/1613/1517 1406/1612/1516 1726/1611/1515
f 1088/1562/1473 1385/1566/1477 1727/1614/1518 1402/1602/1509
f 1402/1602/1509 1727/1614/1518 1407/1615/1519 994/1603/1122
f 1727/1614/1518 1357/1501/1418 1076/1500/1417 1407/1615/1519
f 1385/1566/1477 1078/1506/1423 1357/1501/1418 1727/1614/1518
f 994/1603/1122 1407/1615/1519 1728/1616/1520 1324/1617/1348
f 1324/1617/1348 1728/1616/1520 1408/1618/1521 1057/1609/1344
f 1728/1616/1520 1354/1496/1410 1075/1495/1409 1408/1618/1521
f 1407/1615/1519 1076/1500/1417 1354/1496/1410 1728/1616/1520
f 1057/1609/1344 1408/1618/1521 1729/1619/1522 1404/1607/1512
f 1404/1607/1512 1729/1619/1522 1409/1620/1523 1095/1608/1513
f 1729/1619/1522 1410/1621/1524 1074/1494/1408 1409/1620/1523
f 1408/1618/1521 1075/1495/1409 1410/1621/1524 1729/1619/1522
f 1096/1613/1517 1411/1622/1525 1730/1623/1526 1406/1612/1516
f 1406/1612/1516 1730/1623/1526 1370/1534/1445 1082/1533/1444
f 1730/1623/1526 1346/1481/1391 1071/1480/1390 1370/1534/1445
f 1411/1622/1525 1072/1485/1398 1346/1481/1391 1730/1623/1526
f 996/1196/1129 1412/1624/1527 1731/1625/1528 1320/1426/1339
f 1320/1426/1339 1731/1625/1528 1413/1626/1529 1056/1427/1340
f 1731/1625/1528 1414/1627/1530 1097/1628/1531 1413/1626/1529
f 1412/1624/1527 1098/1629/1532 1414/1627/1530 1731/1625/1528
f 1099/1630/1533 1415/1631/1534 1732/1632/1535 1416/1633/1536
f 1416/1634/1536 1732/1635/1535 1413/1626/1529 1097/1628/1531
f 1732/1635/1535 1323/1436/1345 1056/1427/1340 1413/1626/1529
f 1415/1631/1534 1058/1435/1346 1323/1434/1345 1732/1632/1535
f 1058/1435/1346 1415/1631/1534 1733/1636/1537 1325/1439/1349
f 1325/1439/1349 1733/1636/1537 1417/1637/1538 997/1197/1130
f 1733/1636/1537 1418/1638/1539 1100/1639/1540 1417/1637/1538
f 1415/1631/1534 1099/1630/1533 1418/1638/1539 1733/1636/1537
f 997/1197/1130 1417/1637/1538 1734/1640/1541 1221/1195/1128
f 1221/1195/1128 1734/1640/1541 1412/1624/1527 996/1196/1129
f 1734/1640/1541 1419/1641/1542 1098/1629/1532 1412/1624/1527
f 1417/1637/1538 1100/1639/1540 1419/1641/1542 1734/1640/1541
f 1098/1642/1543 1420/1643/1544 1735/1644/1545 1414/1645/1546
f 1414/1645/1546 1735/1644/1545 1421/1646/1547 1097/1647/1548
f 1735/1644/1545 1422/1648/1549 1101/1649/1550 1421/1646/1547
f 1420/1643/1544 1102/1650/1551 1422/1648/1549 1735/1644/1545
f 1103/1651/1552 1423/1652/1553 1736/1653/1554 1424/1654/1555
f 1424/1655/1555 1736/1653/1554 1425/1656/1556 1104/1657/1557
f 1736/1653/1554 1426/1658/1558 1105/1659/1559 1425/1656/1556
f 1423/1652/1553 1106/1660/1560 1426/1658/1558 1736/1653/1554
f 1099/1661/1561 1427/1662/1562 1737/1663/1563 1418/1664/1564
f 1418/1664/1564 1737/1663/1563 1428/1665/1565 1100/1666/1566
f 1737/1663/1563 1429/1667/1567 1107/1668/1568 1428/1665/1565
f 1427/1662/1562 1108/1669/1569 1429/1667/1567 1737/1663/1563
f 1100/1666/1566 1428/1665/1565 1738/1670/1570 1419/1671/1571
f 1419/1671/1571 1738/1670/1570 1420/1643/1544 1098/1642/1543
f 1738/1670/1570 1430/1672/1572 1102/1650/1551 1420/1643/1544
f 1428/1665/1565 1107/1668/1568 1430/1672/1572 1738/1670/1570
f 1109/1673/1573 1431/1674/1574 1739/1675/1575 1432/1676/1576
f 1432/1676/1576 1739/1675/1575 1433/1677/1577 1034/1678/1268
f 1739/1675/1575 1310/1401/1317 1050/1403/1319 1433/1677/1577
f 1431/1674/1574 1049/1402/1318 1310/1401/1317 1739/1675/1575
f 1049/1402/1318 1431/1674/1574 1740/1679/1578 1312/1408/1322
f 1312/1408/1322 1740/1679/1578 517/1680/578 89/1409/293
f 1740/1679/1578 1434/1681/1579 161/1682/579 517/1680/578
f 1431/1674/1574 1109/1673/1573 1434/1681/1579 1740/1679/1578
f 999/1203/1136 1224/1202/1135 1741/1683/1580 1435/1684/1581
f 1435/1684/1581 1741/1683/1580 1436/1685/1582 1110/1686/1583
f 1741/1683/1580 521/617/586 163/616/585 1436/1685/1582
f 1224/1202/1135 32/104/98 521/617/586 1741/1683/1580
f 999/1203/1136 1435/1684/1581 1742/1687/1584 1315/1414/1327
f 1315/1414/1327 1742/1687/1584 1437/1688/1585 1052/1415/1328
f 1742/1687/1584 1438/1689/1586 1111/1690/1587 1437/1688/1585
f 1435/1684/1581 1110/1686/1583 1438/1689/1586 1742/1687/1584
f 1054/1421/1334 1318/1420/1333 1743/1691/1588 1439/1692/1589
f 1439/1692/1589 1743/1691/1588 1440/1693/1590 1040/1694/1286
f 1743/1691/1588 1437/1688/1585 1111/1690/1587 1440/1693/1590
f 1318/1420/1333 1052/1415/1328 1437/1688/1585 1743/1691/1588
f 1109/1673/1573 1432/1676/1576 1744/1695/1591 1441/1696/1592
f 1441/1696/1592 1744/1695/1591 1442/1697/1593 1112/1698/1594
f 1744/1695/1591 1287/1699/1271 1035/1700/1273 1442/1697/1593
f 1432/1676/1576 1034/1678/1268 1287/1699/1271 1744/1695/1591
f 161/1682/579 1434/1681/1579 1745/1701/1595 528/1702/598
f 528/1702/598 1745/1701/1595 1443/1703/1596 166/1704/600
f 1745/1701/1595 1441/1696/1592 1112/1698/1594 1443/1703/1596
f 1434/1681/1579 1109/1673/1573 1441/1696/1592 1745/1701/1595
f 163/616/602 530/637/605 1746/1705/1597 1436/1685/1598
f 1436/1685/1598 1746/1705/1597 1444/1706/1599 1110/1686/1600
f 1746/1705/1597 1445/1707/1601 1113/1708/1602 1444/1706/1599
f 530/637/605 168/641/610 1445/1707/1601 1746/1705/1597
f 1111/1690/1603 1438/1689/1604 1747/1709/1605 1446/1710/1606
f 1446/1710/1606 1747/1709/1605 1447/1711/1607 1114/1712/1608
f 1747/1709/1605 1444/1706/1599 1113/1708/1602 1447/1711/1607
f 1438/1689/1604 1110/1686/1600 1444/1706/1599 1747/1709/1605
f 1040/1694/1609 1440/1693/1610 1748/1713/1611 1293/1714/1612
f 1293/1714/1612 1748/1713/1611 1448/1715/1613 1038/1716/1614
f 1748/1713/1611 1446/1710/1606 1114/1712/1608 1448/1715/1613
f 1440/1693/1610 1111/1690/1603 1446/1710/1606 1748/1713/1611
f 1026/1717/1230 1271/1718/1232 1749/1719/1615 1449/1720/1616
f 1449/1720/1616 1749/1719/1615 1450/1721/1617 1115/1722/1618
f 1749/1719/1615 1451/1723/1619 1116/1724/1620 1450/1721/1617
f 1271/1718/1232 1027/1725/1233 1451/1723/1619 1749/1719/1615
f 172/1726/629 1452/1727/1621 1750/1728/1622 540/1729/630
f 540/1729/630 1750/1728/1622 1453/1730/1623 173/1731/633
f 1750/1728/1622 1449/1720/1616 1115/1722/1618 1453/1730/1623
f 1452/1727/1621 1026/1717/1230 1449/1720/1616 1750/1728/1622
f 174/665/635 542/668/638 1751/1732/1624 1454/1733/1625
f 1454/1733/1625 1751/1732/1624 1455/1734/1626 1117/1735/1627
f 1751/1732/1624 1456/1736/1628 1118/1737/1629 1455/1734/1626
f 542/668/638 177/673/643 1456/1736/1628 1751/1732/1624
f 1119/1738/1630 1457/1739/1631 1752/1740/1632 1458/1741/1633
f 1458/1741/1633 1752/1740/1632 1459/1742/1634 1120/1743/1635
f 1752/1740/1632 1455/1734/1626 1118/1737/1629 1459/1742/1634
f 1457/1739/1631 1117/1735/1627 1455/1734/1626 1752/1740/1632
f 1121/1744/1636 1460/1745/1637 1753/1746/1638 1461/1747/1639
f 1461/1747/1639 1753/1746/1638 1462/1748/1640 1122/1749/1641
f 1753/1746/1638 1458/1741/1633 1120/1743/1635 1462/1748/1640
f 1460/1745/1637 1119/1738/1630 1458/1741/1633 1753/1746/1638
f 1123/1750/1642 1463/1751/1643 1754/1752/1644 1464/1753/1645
f 1464/1753/1645 1754/1752/1644 1465/1754/1646 1124/1755/1647
f 1754/1752/1644 1466/1756/1648 1125/1757/1649 1465/1754/1646
f 1463/1751/1643 1024/1299/1223 1466/1756/1648 1754/1752/1644
f 1124/1755/1647 1465/1754/1646 1755/1758/1650 1467/1759/1651
f 1467/1759/1651 1755/1758/1650 557/1760/667 185/1761/666
f 1755/1758/1650 1468/1762/1652 186/1763/668 557/1760/667
f 1465/1754/1646 1125/1757/1649 1468/1762/1652 1755/1758/1650
f 1046/1389/1305 1303/1388/1304 1756/1764/1653 1469/1765/1654
f 1469/1765/1654 1756/1764/1653 1470/1766/1655 1126/1767/1656
f 1756/1764/1653 1261/1288/1212 1020/1290/1214 1470/1766/1655
f 1303/1388/1304 988/1157/1093 1261/1288/1212 1756/1764/1653
f 1127/1768/1657 1471/1769/1658 1757/1770/1659 1472/1771/1660
f 1472/1771/1660 1757/1770/1659 1264/1294/1218 1022/1293/1217
f 1757/1770/1659 1470/1766/1655 1020/1290/1214 1264/1294/1218
f 1471/1769/1658 1126/1767/1656 1470/1766/1655 1757/1770/1659
f 1024/1299/1223 1268/1302/1226 1758/1772/1661 1466/1756/1648
f 1466/1756/1648 1758/1772/1661 1473/1773/1662 1125/1757/1649
f 1758/1772/1661 1349/1487/1400 1073/1486/1399 1473/1773/1662
f 1268/1302/1226 1025/1304/1228 1349/1487/1400 1758/1772/1661
f 1128/1774/1663 1474/1775/1664 1759/1776/1665 1475/1777/1666
f 1475/1777/1666 1759/1776/1665 1476/1778/1667 1129/1779/1668
f 1759/1776/1665 1477/1780/1669 1130/1781/1670 1476/1778/1667
f 1474/1775/1664 1131/1782/1671 1477/1780/1669 1759/1776/1665
f 1112/1698/1672 1442/1697/1673 1760/1783/1674 1478/1784/1675
f 1478/1784/1675 1760/1783/1674 1275/1785/1243 1029/1786/1245
f 1760/1783/1674 1479/1787/1676 1028/1788/1239 1275/1785/1243
f 1442/1697/1673 1035/1700/1677 1479/1787/1676 1760/1783/1674
f 166/1704/695 1443/1703/1678 1761/1789/1679 570/1790/696
f 570/1790/696 1761/1789/1679 1480/1791/1680 193/1792/699
f 1761/1789/1679 1478/1784/1675 1029/1786/1245 1480/1791/1680
f 1443/1703/1678 1112/1698/1672 1478/1784/1675 1761/1789/1679
f 1132/1793/1681 1481/1794/1682 1762/1795/1683 1482/1796/1684
f 1482/1796/1684 1762/1795/1683 574/734/706 195/733/705
f 1762/1795/1683 1445/1707/1601 168/641/610 574/734/706
f 1481/1794/1682 1113/1708/1602 1445/1707/1601 1762/1795/1683
f 1114/1712/1608 1447/1711/1607 1763/1797/1685 1483/1798/1686
f 1483/1798/1686 1763/1797/1685 1484/1799/1687 1133/1800/1688
f 1763/1797/1685 1481/1794/1682 1132/1793/1681 1484/1799/1687
f 1447/1711/1607 1113/1708/1602 1481/1794/1682 1763/1797/1685
f 1035/1700/1677 1290/1801/1689 1764/1802/1690 1479/1787/1676
f 1479/1787/1676 1764/1802/1690 1485/1803/1691 1028/1788/1239
f 1764/1802/1690 1486/1804/1692 1134/1805/1693 1485/1803/1691
f 1290/1801/1689 1038/1716/1614 1486/1804/1692 1764/1802/1690
f 83/302/279 579/745/717 1765/1806/1694 1306/1394/1310
f 1306/1394/1310 1765/1806/1694 1266/1297/1221 1021/1292/1216
f 1765/1806/1694 1305/1392/1308 1023/1298/1222 1266/1297/1221
f 579/745/717 82/297/274 1305/1392/1308 1765/1806/1694
f 1047/1395/1311 1352/1492/1695 1766/1807/1696 1307/1396/1312
f 1307/1396/1312 1766/1807/1696 1487/1808/1697 1050/1403/1319
f 1766/1807/1696 1317/1419/1332 1054/1421/1334 1487/1808/1697
f 1352/1492/1695 1053/1416/1329 1317/1419/1332 1766/1807/1696
f 1065/1460/1370 1390/1575/1486 1767/1809/1698 1336/1461/1371
f 1336/1461/1371 1767/1809/1698 1488/1810/1699 1068/1468/1378
f 1767/1809/1698 1333/1455/1365 1064/1457/1367 1488/1810/1699
f 1390/1575/1486 1063/1452/1362 1333/1455/1365 1767/1809/1698
f 1068/1468/1378 1488/1810/1699 1768/1811/1700 1340/1469/1379
f 1340/1469/1379 1768/1811/1700 582/751/724 112/387/361
f 1768/1811/1700 1335/1459/1369 106/371/345 582/751/724
f 1488/1810/1699 1064/1457/1367 1335/1459/1369 1768/1811/1700
f 1053/1416/1407 1353/1493/1406 1769/1812/1701 1316/1417/1702
f 1316/1417/1702 1769/1812/1701 1355/1498/1412 1051/1413/1414
f 1769/1812/1701 1410/1621/1524 1075/1495/1409 1355/1498/1412
f 1353/1493/1406 1074/1494/1408 1410/1621/1524 1769/1812/1701
f 1060/1445/1355 1332/1453/1363 1770/1813/1703 1393/1580/1491
f 1393/1580/1491 1770/1813/1703 1489/1814/1704 1092/1583/1494
f 1770/1813/1703 1391/1577/1488 1091/1579/1490 1489/1814/1704
f 1332/1453/1363 1063/1452/1362 1391/1577/1488 1770/1813/1703
f 1091/1579/1490 1398/1593/1501 1771/1815/1705 1489/1814/1704
f 1489/1814/1704 1771/1815/1705 1400/1596/1504 1092/1583/1494
f 1771/1815/1705 1490/1816/1706 1094/1599/1507 1400/1596/1504
f 1398/1593/1501 1093/1595/1503 1490/1816/1706 1771/1815/1705
f 1093/1595/1503 1403/1606/1511 1772/1817/1707 1490/1816/1706
f 1490/1816/1706 1772/1817/1707 1405/1610/1514 1094/1599/1507
f 1772/1817/1707 1491/1818/1708 1096/1613/1517 1405/1610/1514
f 1403/1606/1511 1095/1608/1513 1491/1818/1708 1772/1817/1707
f 1095/1608/1513 1409/1620/1523 1773/1819/1709 1491/1818/1708
f 1491/1818/1708 1773/1819/1709 1411/1622/1525 1096/1613/1517
f 1773/1819/1709 1351/1490/1403 1072/1485/1398 1411/1622/1525
f 1409/1620/1523 1074/1494/1408 1351/1490/1403 1773/1819/1709
f 1050/1403/1319 1487/1808/1697 1774/1820/1710 1433/1677/1577
f 1433/1677/1577 1774/1820/1710 1296/1821/1290 1034/1678/1268
f 1774/1820/1710 1439/1692/1589 1040/1694/1286 1296/1821/1290
f 1487/1808/1697 1054/1421/1334 1439/1692/1589 1774/1820/1710
f 1027/1725/1233 1492/1822/1711 1775/1823/1712 1451/1723/1619
f 1451/1723/1619 1775/1823/1712 1493/1824/1713 1116/1724/1620
f 1775/1823/1712 1461/1747/1639 1122/1749/1641 1493/1824/1713
f 1492/1822/1711 1121/1744/1636 1461/1747/1639 1775/1823/1712
f 1123/1750/1642 1494/1825/1714 1776/1826/1715 1463/1751/1643
f 1463/1751/1643 1776/1826/1715 1267/1300/1224 1024/1299/1223
f 1776/1826/1715 1472/1771/1660 1022/1293/1217 1267/1300/1224
f 1494/1825/1714 1127/1768/1657 1472/1771/1660 1776/1826/1715
f 1119/1738/1630 1460/1745/1637 1777/1827/1716 1495/1828/1717
f 1495/1828/1717 1777/1827/1716 1496/1829/1718 1133/1800/1688
f 1777/1827/1716 1497/1830/1719 1134/1805/1693 1496/1829/1718
f 1460/1745/1637 1121/1744/1636 1497/1830/1719 1777/1827/1716
f 1032/1336/1258 1498/1831/1720 1778/1832/1721 1499/1833/1722
f 1499/1833/1722 1778/1832/1721 1500/1834/1723 1031/1335/1257
f 1778/1832/1721 1501/1835/1724 1135/1836/1725 1500/1834/1723
f 1498/1831/1720 1136/1837/1726 1501/1835/1724 1778/1832/1721
f 193/1792/699 1480/1791/1680 1779/1838/1727 596/1839/751
f 596/1839/751 1779/1838/1727 1452/1727/1621 172/1726/629
f 1779/1838/1727 1277/1840/1249 1026/1717/1230 1452/1727/1621
f 1480/1791/1680 1029/1786/1245 1277/1840/1249 1779/1838/1727
f 1117/1735/1627 1502/1841/1728 1780/1842/1729 1454/1733/1625
f 1454/1733/1625 1780/1842/1729 598/783/755 174/665/635
f 1780/1842/1729 1482/1796/1684 195/733/705 598/783/755
f 1502/1841/1728 1132/1793/1681 1482/1796/1684 1780/1842/1729
f 1133/1800/1688 1484/1799/1687 1781/1843/1730 1495/1828/1717
f 1495/1828/1717 1781/1843/1730 1457/1739/1631 1119/1738/1630
f 1781/1843/1730 1502/1841/1728 1117/1735/1627 1457/1739/1631
f 1484/1799/1687 1132/1793/1681 1502/1841/1728 1781/1843/1730
f 1028/1788/1239 1485/1803/1691 1782/1844/1731 1273/1845/1237
f 1273/1845/1237 1782/1844/1731 1492/1822/1711 1027/1725/1233
f 1782/1844/1731 1497/1830/1719 1121/1744/1636 1492/1822/1711
f 1485/1803/1691 1134/1805/1693 1497/1830/1719 1782/1844/1731
f 1133/1800/1688 1496/1829/1718 1783/1846/1732 1483/1798/1686
f 1483/1798/1686 1783/1846/1732 1448/1715/1613 1114/1712/1608
f 1783/1846/1732 1486/1804/1692 1038/1716/1614 1448/1715/1613
f 1496/1829/1718 1134/1805/1693 1486/1804/1692 1783/1846/1732
f 1044/1376/1293 1299/1375/1292 1504/1847/1733 1139/1848/1734
f 1298/1378/1295 1043/1377/1294 1138/1849/1735 1503/1850/1300
f 1045/1380/1297 1300/1379/1296 1505/1851/1736 1140/1852/1737
f 1299/1375/1292 1042/1381/1298 1137/1385/1301 1504/1847/1733
f 1043/1377/1294 1301/1382/1299 1506/1853/1738 1138/1849/1735
f 1300/1379/1296 1044/1376/1293 1139/1848/1734 1505/1851/1736
f 1301/1382/1299 1045/1380/1297 1140/1852/1737 1506/1853/1738
f 1141/1854/1739 1507/1855/1740 1784/1856/1741 1508/1857/1742
f 1508/1858/1742 1784/1856/1741 1509/1859/1743 1142/1860/1744
f 1784/1856/1741 1510/1861/1745 1143/1862/1746 1509/1859/1743
f 1507/1855/1740 1144/1863/1747 1510/1861/1745 1784/1856/1741
f 1137/1864/1748 1511/1865/1749 1785/1866/1750 1504/1867/1751
f 1504/1867/1751 1785/1866/1750 1512/1868/1752 1139/1869/1753
f 1785/1866/1750 1513/1870/1754 1145/1871/1755 1512/1868/1752
f 1511/1865/1749 1146/1872/1756 1513/1870/1754 1785/1866/1750
f 1139/1869/1753 1512/1868/1752 1786/1873/1757 1505/1874/1758
f 1505/1874/1758 1786/1873/1757 1514/1875/1759 1140/1876/1760
f 1786/1873/1757 1515/1877/1761 1147/1878/1762 1514/1875/1759
f 1512/1868/1752 1145/1871/1755 1515/1877/1761 1786/1873/1757
f 1140/1876/1760 1514/1875/1759 1787/1879/1763 1506/1880/1764
f 1506/1880/1764 1787/1879/1763 1516/1881/1765 1138/1882/1766
f 1787/1879/1763 1517/1883/1767 1148/1884/1768 1516/1881/1765
f 1514/1875/1759 1147/1878/1762 1517/1883/1767 1787/1879/1763
f 1788/1213/1145 1518/1309/1234 1522/1885/1769 1792/1328/1250
f 1789/1311/1236 1519/1214/1146 1523/1329/1251 1793/1886/1770
f 1790/1317/1242 1520/1316/1241 1525/1887/1771 1794/1888/1772
f 1520/1316/1241 1789/1311/1236 1793/1886/1770 1525/1887/1771
f 1518/1309/1234 1791/1322/1247 1795/1889/1773 1522/1885/1769
f 1521/1323/1248 1790/1317/1242 1794/1888/1772 1527/1890/1774
f 1791/1327/1247 1521/1323/1248 1527/1890/1774 1795/1891/1773
f 1792/1328/1250 1524/1892/1775 1149/1893/1776 1523/1329/1251
f 1522/1885/1769 1030/1894/1777 1524/1892/1775 1792/1328/1250
f 1793/1886/1770 1526/1895/1778 1150/1896/1779 1525/1887/1771
f 1523/1329/1251 1149/1893/1776 1526/1895/1778 1793/1886/1770
f 1794/1888/1772 1528/1897/1780 1033/1898/1781 1527/1890/1774
f 1525/1887/1771 1150/1896/1779 1528/1897/1780 1794/1888/1772
f 1795/1889/1773 1529/1899/1782 1030/1894/1777 1522/1885/1769
f 1527/1890/1774 1033/1898/1781 1529/1900/1782 1795/1891/1773
f 1030/1330/1252 1279/1333/1255 1796/1901/1783 1524/1902/1784
f 1524/1902/1784 1796/1901/1783 1530/1903/1785 1149/1904/1786
f 1796/1901/1783 1500/1834/1723 1135/1836/1725 1530/1903/1785
f 1279/1333/1255 1031/1335/1257 1500/1834/1723 1796/1901/1783
f 1149/1904/1786 1530/1903/1785 1797/1905/1787 1526/1906/1788
f 1526/1906/1788 1797/1905/1787 1531/1907/1789 1150/1908/1790
f 1797/1905/1787 1501/1835/1724 1136/1837/1726 1531/1907/1789
f 1530/1903/1785 1135/1836/1725 1501/1835/1724 1797/1905/1787
f 1150/1908/1790 1531/1907/1789 1798/1909/1791 1528/1910/1792
f 1528/1910/1792 1798/1909/1791 1282/1339/1261 1033/1341/1263
f 1798/1909/1791 1498/1831/1720 1032/1336/1258 1282/1339/1261
f 1531/1907/1789 1136/1837/1726 1498/1831/1720 1798/1909/1791
f 1151/1911/1793 1532/1912/1794 1799/1913/1795 1533/1914/1796
f 1533/1914/1796 1799/1913/1795 1534/1915/1797 1152/1916/1798
f 1799/1913/1795 1535/1917/1799 1153/1918/1800 1534/1915/1797
f 1532/1912/1794 1154/1919/1801 1535/1917/1799 1799/1913/1795
f 1033/1341/1263 1283/1340/1262 1800/1920/1802 1529/1921/1803
f 1529/1922/1803 1800/1923/1802 1278/1331/1253 1030/1330/1252
f 1800/1923/1802 1191/1119/1057 977/1122/1059 1278/1331/1253
f 1283/1340/1262 976/1115/1054 1191/1118/1057 1800/1920/1802
f 1031/1335/1257 1280/1334/1256 1801/1924/1804 1499/1833/1722
f 1499/1833/1722 1801/1924/1804 1281/1337/1259 1032/1336/1258
f 1801/1924/1804 1197/1134/1070 982/1136/1072 1281/1337/1259
f 1280/1334/1256 980/1130/1066 1197/1134/1070 1801/1924/1804
f 986/1152/1088 1536/1925/1805 1802/1926/1806 1284/1345/1265
f 1284/1344/1265 1802/1927/1806 1537/1928/1807 985/1147/1083
f 1802/1927/1806 1533/1914/1796 1152/1916/1798 1537/1928/1807
f 1536/1925/1805 1151/1911/1793 1533/1914/1796 1802/1926/1806
f 985/1147/1083 1537/1928/1807 1803/1929/1808 1204/1145/1081
f 1204/1145/1081 1803/1929/1808 1538/1930/1809 984/1146/1082
f 1803/1929/1808 1534/1915/1797 1153/1918/1800 1538/1930/1809
f 1537/1928/1807 1152/1916/1798 1534/1915/1797 1803/1929/1808
f 984/1146/1082 1538/1930/1809 1804/1931/1810 1285/1347/1267
f 1285/1347/1267 1804/1931/1810 1539/1932/1811 987/1153/1089
f 1804/1931/1810 1535/1917/1799 1154/1919/1801 1539/1932/1811
f 1538/1930/1809 1153/1918/1800 1535/1917/1799 1804/1931/1810
f 987/1153/1089 1539/1932/1811 1805/1933/1812 1207/1151/1087
f 1207/1151/1087 1805/1933/1812 1536/1925/1805 986/1152/1088
f 1805/1933/1812 1532/1912/1794 1151/1911/1793 1536/1925/1805
f 1539/1932/1811 1154/1919/1801 1532/1912/1794 1805/1933/1812
f 1013/1265/1192 1540/1934/1813 1806/1935/1814 1250/1263/1190
f 1250/1263/1190 1806/1935/1814 1541/1936/1815 1012/1260/1187
f 1806/1935/1814 1468/1762/1652 1125/1757/1649 1541/1936/1815
f 1540/1934/1813 186/1763/668 1468/1762/1652 1806/1935/1814
f 186/878/668 1540/1937/1813 1807/1938/1816 638/879/842
f 638/879/842 1807/1938/1816 1542/1939/1817 119/408/385
f 1807/1938/1816 1253/1272/1197 1016/1274/1199 1542/1939/1817
f 1540/1937/1813 1013/1269/1192 1253/1272/1197 1807/1938/1816
f 119/408/385 1542/1939/1817 1808/1940/1818 1350/1489/1402
f 1350/1489/1402 1808/1940/1818 1543/1941/1819 1073/1486/1399
f 1808/1940/1818 1256/1279/1203 1018/1281/1205 1543/1941/1819
f 1542/1939/1817 1016/1274/1199 1256/1279/1203 1808/1940/1818
f 1073/1486/1399 1543/1941/1819 1809/1942/1820 1473/1773/1662
f 1473/1773/1662 1809/1942/1820 1541/1936/1815 1125/1757/1649
f 1809/1942/1820 1259/1285/1209 1012/1260/1187 1541/1936/1815
f 1543/1941/1819 1018/1281/1205 1259/1285/1209 1809/1942/1820
f 1015/1268/1195 1544/1943/1821 1810/1944/1822 1252/1266/1193
f 1252/1266/1193 1810/1944/1822 1545/1945/1823 1014/1267/1194
f 1810/1944/1822 1475/1946/1666 1129/1947/1668 1545/1945/1823
f 1544/1943/1821 1128/1774/1663 1475/1946/1666 1810/1944/1822
f 1014/1277/1194 1545/1948/1823 1811/1949/1824 1255/1275/1200
f 1255/1275/1200 1811/1949/1824 1546/1950/1825 1017/1276/1201
f 1811/1949/1824 1476/1951/1667 1130/1781/1670 1546/1950/1825
f 1545/1948/1823 1129/1952/1668 1476/1951/1667 1811/1949/1824
f 1017/1276/1201 1546/1950/1825 1812/1953/1826 1258/1282/1206
f 1258/1282/1206 1812/1953/1826 1547/1954/1827 1019/1283/1207
f 1812/1953/1826 1477/1780/1669 1131/1782/1671 1547/1954/1827
f 1546/1950/1825 1130/1781/1670 1477/1780/1669 1812/1953/1826
f 1019/1283/1207 1547/1954/1827 1813/1955/1828 1260/1286/1210
f 1260/1286/1210 1813/1955/1828 1544/1943/1821 1015/1268/1195
f 1813/1955/1828 1474/1775/1664 1128/1774/1663 1544/1943/1821
f 1547/1954/1827 1131/1782/1671 1474/1775/1664 1813/1955/1828
f 1115/1722/1618 1450/1721/1617 1814/1956/1829 1548/1957/1830
f 1548/1957/1830 1814/1956/1829 1464/1753/1831 1124/1755/1832
f 1814/1956/1829 1549/1958/1833 1123/1750/1834 1464/1753/1831
f 1450/1721/1617 1116/1724/1620 1549/1958/1833 1814/1956/1829
f 1006/1236/1165 1550/1959/1835 1815/1960/1836 1236/1234/1163
f 1236/1234/1163 1815/1960/1836 1551/1961/1837 1004/1230/1159
f 1815/1960/1836 1552/1962/1838 1155/1963/1839 1551/1961/1837
f 1550/1959/1835 1156/1964/1840 1552/1962/1838 1815/1960/1836
f 1046/1389/1841 1553/1965/1842 1816/1966/1843 1302/1387/1844
f 1302/1387/1844 1816/1966/1843 651/910/873 79/287/872
f 1816/1966/1843 1456/1736/1628 177/673/643 651/910/873
f 1553/1965/1842 1118/1737/1629 1456/1736/1628 1816/1966/1843
f 1120/1743/1635 1459/1742/1634 1817/1967/1845 1554/1968/1846
f 1554/1968/1846 1817/1967/1845 1469/1765/1847 1126/1767/1848
f 1817/1967/1845 1553/1965/1842 1046/1389/1841 1469/1765/1847
f 1459/1742/1634 1118/1737/1629 1553/1965/1842 1817/1967/1845
f 1122/1749/1641 1462/1748/1640 1818/1969/1849 1555/1970/1850
f 1555/1970/1850 1818/1969/1849 1471/1769/1851 1127/1768/1852
f 1818/1969/1849 1554/1968/1846 1126/1767/1848 1471/1769/1851
f 1462/1748/1640 1120/1743/1635 1554/1968/1846 1818/1969/1849
f 1116/1724/1620 1493/1824/1713 1819/1971/1853 1549/1958/1833
f 1549/1958/1833 1819/1971/1853 1494/1825/1854 1123/1750/1834
f 1819/1971/1853 1555/1970/1850 1127/1768/1852 1494/1825/1854
f 1493/1824/1713 1122/1749/1641 1555/1970/1850 1819/1971/1853
f 990/1160/1096 1212/1163/1099 1820/1972/1855 1556/1973/1856
f 1556/1974/1856 1820/1975/1855 1467/1759/1857 185/1761/886
f 1820/1975/1855 1557/1976/1858 1124/1755/1832 1467/1759/1857
f 1212/1163/1099 991/1165/1101 1557/1977/1858 1820/1972/1855
f 1124/1755/1832 1557/1976/1858 1821/1978/1859 1548/1957/1830
f 1548/1957/1830 1821/1978/1859 1558/1979/1860 1115/1722/1618
f 1821/1980/1859 1214/1171/1107 992/1173/1109 1558/1981/1860
f 1557/1977/1858 991/1165/1101 1214/1171/1107 1821/1980/1859
f 1115/1722/1618 1558/1979/1860 1822/1982/1861 1453/1730/1623
f 1453/1730/1623 1822/1982/1861 1559/1983/1862 173/1731/633
f 1822/1984/1861 1216/1177/1113 993/1179/1115 1559/1985/1862
f 1558/1981/1860 992/1173/1109 1216/1177/1113 1822/1984/1861
f 173/1731/633 1559/1983/1862 1823/1986/1863 658/1987/893
f 658/1987/893 1823/1986/1863 1556/1974/1856 185/1761/886
f 1823/1988/1863 1218/1185/1119 990/1160/1096 1556/1973/1856
f 1559/1985/1862 993/1179/1115 1218/1184/1119 1823/1989/1863
f 1824/1187/1120 1562/1990/1864 1157/1991/1865 1561/1188/1121
f 1560/1204/1137 1001/1992/1866 1562/1990/1864 1824/1187/1120
f 1825/1205/1138 1564/1993/1867 1158/1994/1868 1563/1206/1139
f 1561/1188/1121 1157/1991/1865 1564/1993/1867 1825/1205/1138
f 1826/1207/1140 1566/1995/1869 1000/1996/1870 1565/1209/1142
f 1563/1206/1139 1158/1994/1868 1566/1995/1869 1826/1207/1140
f 1827/1208/1141 1230/1997/1871 1001/1992/1866 1560/1204/1137
f 1565/1209/1142 1000/1996/1870 1230/1998/1871 1827/1210/1141
f 1001/1222/1152 1233/1228/1157 1828/1999/1872 1562/2000/1873
f 1562/2000/1873 1828/1999/1872 1567/2001/1874 1157/2002/1875
f 1828/1999/1872 1551/1961/1837 1155/1963/1839 1567/2001/1874
f 1233/1228/1157 1004/1230/1159 1551/1961/1837 1828/1999/1872
f 1157/2002/1875 1567/2001/1874 1829/2003/1876 1564/2004/1877
f 1564/2004/1877 1829/2003/1876 1568/2005/1878 1158/2006/1879
f 1829/2003/1876 1552/1962/1838 1156/1964/1840 1568/2005/1878
f 1567/2001/1874 1155/1963/1839 1552/1962/1838 1829/2003/1876
f 1158/2006/1879 1568/2005/1878 1830/2007/1880 1566/2008/1881
f 1566/2008/1881 1830/2007/1880 1239/1240/1169 1000/1215/1147
f 1830/2007/1880 1550/1959/1835 1006/1236/1165 1239/1240/1169
f 1568/2005/1878 1156/1964/1840 1550/1959/1835 1830/2007/1880
f 1159/2009/1882 1569/2010/1883 1831/2011/1884 1570/2012/1885
f 1570/2013/1885 1831/2011/1884 1571/2014/1886 1160/2015/1887
f 1831/2011/1884 1572/2016/1888 1161/2017/1889 1571/2014/1886
f 1569/2010/1883 1162/2018/1890 1572/2016/1888 1831/2011/1884
f 1009/1248/1176 1573/2019/1891 1832/2020/1892 1243/1249/1174
f 1243/1246/1174 1832/2021/1892 1574/2022/1893 1008/1247/1175
f 1832/2021/1892 1570/2013/1885 1160/2015/1887 1574/2022/1893
f 1573/2019/1891 1159/2009/1882 1570/2012/1885 1832/2020/1892
f 1008/1247/1175 1574/2022/1893 1833/2023/1894 1245/1252/1179
f 1245/1252/1179 1833/2023/1894 1575/2024/1895 1010/1253/1180
f 1833/2023/1894 1571/2014/1886 1161/2017/1889 1575/2024/1895
f 1574/2022/1893 1160/2015/1887 1571/2014/1886 1833/2023/1894
f 1010/1253/1180 1575/2024/1895 1834/2025/1896 1247/1256/1183
f 1247/1256/1183 1834/2025/1896 1576/2026/1897 1011/1257/1184
f 1834/2025/1896 1572/2016/1888 1162/2018/1890 1576/2026/1897
f 1575/2024/1895 1161/2017/1889 1572/2016/1888 1834/2025/1896
f 1011/1257/1184 1576/2026/1897 1835/2027/1898 1248/1259/1186
f 1248/1259/1186 1835/2027/1898 1573/2019/1891 1009/1248/1176
f 1835/2027/1898 1569/2010/1883 1159/2009/1882 1573/2019/1891
f 1576/2026/1897 1162/2018/1890 1569/2010/1883 1835/2027/1898
f 1107/1668/1568 1429/1667/1567 1836/2028/1899 1430/1672/1572
f 1430/1672/1572 1836/2028/1899 1422/1648/1549 1102/1650/1551
f 1836/2028/1899 1577/2029/1900 1101/1649/1550 1422/1648/1549
f 1429/1667/1567 1108/1669/1569 1577/2029/1900 1836/2028/1899
f 1097/1647/1548 1578/2030/1901 1837/2031/1902 1416/2032/1903
f 1416/2033/1903 1837/2034/1902 1579/2035/1904 1099/1661/1561
f 1837/2034/1902 1580/2036/1905 1163/2037/1906 1579/2035/1904
f 1578/2030/1901 1164/2038/1907 1580/2039/1905 1837/2031/1902
f 1099/1661/1561 1579/2035/1904 1838/2040/1908 1427/1662/1562
f 1427/1662/1562 1838/2040/1908 1581/2041/1909 1108/1669/1569
f 1838/2040/1908 1582/2042/1910 1165/2043/1911 1581/2041/1909
f 1579/2035/1904 1163/2037/1906 1582/2042/1910 1838/2040/1908
f 1108/1669/1569 1581/2041/1909 1839/2044/1912 1577/2029/1900
f 1577/2029/1900 1839/2044/1912 1583/2045/1913 1101/1649/1550
f 1839/2044/1912 1584/2046/1914 1166/2047/1915 1583/2045/1913
f 1581/2041/1909 1165/2043/1911 1584/2046/1914 1839/2044/1912
f 1101/1649/1550 1583/2045/1913 1840/2048/1916 1421/1646/1547
f 1421/1646/1547 1840/2048/1916 1578/2030/1901 1097/1647/1548
f 1840/2048/1916 1585/2049/1917 1164/2038/1907 1578/2030/1901
f 1583/2045/1913 1166/2047/1915 1585/2049/1917 1840/2048/1916
f 1164/2038/1907 1586/2050/1918 1841/2051/1919 1580/2039/1905
f 1580/2036/1905 1841/2052/1919 1587/2053/1920 1163/2037/1906
f 1841/2052/1919 1588/2054/1921 1167/2055/1922 1587/2053/1920
f 1586/2050/1918 1168/2056/1923 1588/2057/1921 1841/2051/1919
f 1163/2037/1906 1587/2053/1920 1842/2058/1924 1582/2042/1910
f 1582/2042/1910 1842/2058/1924 1589/2059/1925 1165/2043/1911
f 1842/2058/1924 1590/2060/1926 1169/2061/1927 1589/2059/1925
f 1587/2053/1920 1167/2055/1922 1590/2060/1926 1842/2058/1924
f 1165/2043/1911 1589/2059/1925 1843/2062/1928 1584/2046/1914
f 1584/2046/1914 1843/2062/1928 1591/2063/1929 1166/2047/1915
f 1843/2062/1928 1592/2064/1930 1170/2065/1931 1591/2063/1929
f 1589/2059/1925 1169/2061/1927 1592/2064/1930 1843/2062/1928
f 1166/2047/1915 1591/2063/1929 1844/2066/1932 1585/2049/1917
f 1585/2049/1917 1844/2066/1932 1586/2050/1918 1164/2038/1907
f 1844/2066/1932 1593/2067/1933 1168/2056/1923 1586/2050/1918
f 1591/2063/1929 1170/2065/1931 1593/2067/1933 1844/2066/1932
f 1168/2056/1923 1594/2068/1934 1845/2069/1935 1588/2057/1921
f 1588/2054/1921 1845/2070/1935 1595/2071/1936 1167/2055/1922
f 1845/2070/1935 1596/2072/1937 1171/2073/1938 1595/2071/1936
f 1594/2068/1934 1172/2074/1939 1596/2075/1937 1845/2069/1935
f 1167/2055/1922 1595/2071/1936 1846/2076/1940 1590/2060/1926
f 1590/2060/1926 1846/2076/1940 1597/2077/1941 1169/2061/1927
f 1846/2076/1940 1598/2078/1942 1173/2079/1943 1597/2077/1941
f 1595/2071/1936 1171/2073/1938 1598/2078/1942 1846/2076/1940
f 1169/2061/1927 1597/2077/1941 1847/2080/1944 1592/2064/1930
f 1592/2064/1930 1847/2080/1944 1599/2081/1945 1170/2065/1931
f 1847/2080/1944 1600/2082/1946 1174/2083/1947 1599/2081/1945
f 1597/2077/1941 1173/2079/1943 1600/2082/1946 1847/2080/1944
f 1170/2065/1931 1599/2081/1945 1848/2084/1948 1593/2067/1933
f 1593/2067/1933 1848/2084/1948 1594/2068/1934 1168/2056/1923
f 1848/2084/1948 1601/2085/1949 1172/2074/1939 1594/2068/1934
f 1599/2081/1945 1174/2083/1947 1601/2085/1949 1848/2084/1948
f 1172/2074/1939 1602/2086/1950 1849/2087/1951 1596/2075/1937
f 1596/2072/1937 1849/2088/1951 1603/2089/1952 1171/2073/1938
f 1849/2088/1951 1424/1655/1555 1104/1657/1557 1603/2089/1952
f 1602/2086/1950 1103/1651/1552 1424/1654/1555 1849/2087/1951
f 1171/2073/1938 1603/2089/1952 1850/2090/1953 1598/2078/1942
f 1598/2078/1942 1850/2090/1953 1604/2091/1954 1173/2079/1943
f 1850/2090/1953 1425/1656/1556 1105/1659/1559 1604/2091/1954
f 1603/2089/1952 1104/1657/1557 1425/1656/1556 1850/2090/1953
f 1173/2079/1943 1604/2091/1954 1851/2092/1955 1600/2082/1946
f 1600/2082/1946 1851/2092/1955 1605/2093/1956 1174/2083/1947
f 1851/2092/1955 1426/1658/1558 1106/1660/1560 1605/2093/1956
f 1604/2091/1954 1105/1659/1559 1426/1658/1558 1851/2092/1955
f 1174/2083/1947 1605/2093/1956 1852/2094/1957 1601/2085/1949
f 1601/2085/1949 1852/2094/1957 1602/2086/1950 1172/2074/1939
f 1852/2094/1957 1423/1652/1553 1103/1651/1552 1602/2086/1950
f 1605/2093/1956 1106/1660/1560 1423/1652/1553 1852/2094/1957
f 1145/1871/1755 1513/1870/1754 1853/2095/1958 1515/1877/1761
f 1515/1877/1761 1853/2095/1958 1517/1883/1767 1147/1878/1762
f 1853/2095/1958 1606/2096/1959 1148/1884/1768 1517/1883/1767
f 1513/1870/1754 1146/1872/1756 1606/2096/1959 1853/2095/1958
f 1138/1882/1766 1607/2097/1960 1854/2098/1961 1503/2099/1962
f 1503/2100/1962 1854/2101/1961 1608/2102/1963 1137/1864/1748
f 1854/2101/1961 1609/2103/1964 1175/2104/1965 1608/2102/1963
f 1607/2097/1960 1176/2105/1966 1609/2106/1964 1854/2098/1961
f 1137/1864/1748 1608/2102/1963 1855/2107/1967 1511/1865/1749
f 1511/1865/1749 1855/2107/1967 1610/2108/1968 1146/1872/1756
f 1855/2107/1967 1611/2109/1969 1177/2110/1970 1610/2108/1968
f 1608/2102/1963 1175/2104/1965 1611/2109/1969 1855/2107/1967
f 1146/1872/1756 1610/2108/1968 1856/2111/1971 1606/2096/1959
f 1606/2096/1959 1856/2111/1971 1612/2112/1972 1148/1884/1768
f 1856/2111/1971 1613/2113/1973 1178/2114/1974 1612/2112/1972
f 1610/2108/1968 1177/2110/1970 1613/2113/1973 1856/2111/1971
f 1148/1884/1768 1612/2112/1972 1857/2115/1975 1516/1881/1765
f 1516/1881/1765 1857/2115/1975 1607/2097/1960 1138/1882/1766
f 1857/2115/1975 1614/2116/1976 1176/2105/1966 1607/2097/1960
f 1612/2112/1972 1178/2114/1974 1614/2116/1976 1857/2115/1975
f 1176/2105/1966 1615/2117/1977 1858/2118/1978 1609/2106/1964
f 1609/2103/1964 1858/2119/1978 1616/2120/1979 1175/2104/1965
f 1858/2119/1978 1617/2121/1980 1179/2122/1981 1616/2120/1979
f 1615/2117/1977 1180/2123/1982 1617/2124/1980 1858/2118/1978
f 1175/2104/1965 1616/2120/1979 1859/2125/1983 1611/2109/1969
f 1611/2109/1969 1859/2125/1983 1618/2126/1984 1177/2110/1970
f 1859/2125/1983 1619/2127/1985 1181/2128/1986 1618/2126/1984
f 1616/2120/1979 1179/2122/1981 1619/2127/1985 1859/2125/1983
f 1177/2110/1970 1618/2126/1984 1860/2129/1987 1613/2113/1973
f 1613/2113/1973 1860/2129/1987 1620/2130/1988 1178/2114/1974
f 1860/2129/1987 1621/2131/1989 1182/2132/1990 1620/2130/1988
f 1618/2126/1984 1181/2128/1986 1621/2131/1989 1860/2129/1987
f 1178/2114/1974 1620/2130/1988 1861/2133/1991 1614/2116/1976
f 1614/2116/1976 1861/2133/1991 1615/2117/1977 1176/2105/1966
f 1861/2133/1991 1622/2134/1992 1180/2123/1982 1615/2117/1977
f 1620/2130/1988 1182/2132/1990 1622/2134/1992 1861/2133/1991
f 1180/2123/1982 1623/2135/1993 1862/2136/1994 1617/2124/1980
f 1617/2121/1980 1862/2137/1994 1624/2138/1995 1179/2122/1981
f 1862/2137/1994 1625/2139/1996 1183/2140/1997 1624/2138/1995
f 1623/2135/1993 1184/2141/1998 1625/2142/1996 1862/2136/1994
f 1179/2122/1981 1624/2138/1995 1863/2143/1999 1619/2127/1985
f 1619/2127/1985 1863/2143/1999 1626/2144/2000 1181/2128/1986
f 1863/2143/1999 1627/2145/2001 1185/2146/2002 1626/2144/2000
f 1624/2138/1995 1183/2140/1997 1627/2145/2001 1863/2143/1999
f 1181/2128/1986 1626/2144/2000 1864/2147/2003 1621/2131/1989
f 1621/2131/1989 1864/2147/2003 1628/2148/2004 1182/2132/1990
f 1864/2147/2003 1629/2149/2005 1186/2150/2006 1628/2148/2004
f 1626/2144/2000 1185/2146/2002 1629/2149/2005 1864/2147/2003
f 1182/2132/1990 1628/2148/2004 1865/2151/2007 1622/2134/1992
f 1622/2134/1992 1865/2151/2007 1623/2135/1993 1180/2123/1982
f 1865/2151/2007 1630/2152/2008 1184/2141/1998 1623/2135/1993
f 1628/2148/2004 1186/2150/2006 1630/2152/2008 1865/2151/2007
f 1184/2141/1998 1631/2153/2009 1866/2154/2010 1625/2142/1996
f 1625/2139/1996 1866/2155/2010 1632/2156/2011 1183/2140/1997
f 1866/2155/2010 1508/1858/1742 1142/1860/1744 1632/2156/2011
f 1631/2153/2009 1141/1854/1739 1508/1857/1742 1866/2154/2010
f 1183/2140/1997 1632/2156/2011 1867/2157/2012 1627/2145/2001
f 1627/2145/2001 1867/2157/2012 1633/2158/2013 1185/2146/2002
f 1867/2157/2012 1509/1859/1743 1143/1862/1746 1633/2158/2013
f 1632/2156/2011 1142/1860/1744 1509/1859/1743 1867/2157/2012
f 1185/2146/2002 1633/2158/2013 1868/2159/2014 1629/2149/2005
f 1629/2149/2005 1868/2159/2014 1634/2160/2015 1186/2150/2006
f 1868/2159/2014 1510/1861/1745 1144/1863/1747 1634/2160/2015
f 1633/2158/2013 1143/1862/1746 1510/1861/1745 1868/2159/2014
f 1186/2150/2006 1634/2160/2015 1869/2161/2016 1630/2152/2008
f 1630/2152/2008 1869/2161/2016 1631/2153/2009 1184/2141/1998
f 1869/2161/2016 1507/1855/1740 1141/1854/1739 1631/2153/2009
f 1634/2160/2015 1144/1863/1747 1507/1855/1740 1869/2161/2016
f 1036/1357/1275 1289/1356/1274 1298/1383/1295 1042/1381/1298
f 1213/1164/1100 1643/1162/1098 1648/1167/1103 1226/1169/1105
